ISO-10303-21;
HEADER;
FILE_DESCRIPTION (( 'STEP AP203' ),
    '1' );
FILE_NAME ('EN02-PROXIMAL_PHALANX-1.STEP',
    '2025-11-16T04:25:39',
    ( '' ),
    ( '' ),
    'SwSTEP 2.0',
    'SolidWorks 2024',
    '' );
FILE_SCHEMA (( 'CONFIG_CONTROL_DESIGN' ));
ENDSEC;

DATA;
#1 = DIRECTION ( 'NONE',  ( 0.000000000000000000, 0.000000000000000000, -1.000000000000000000 ) ) ;
#2 = DIRECTION ( 'NONE',  ( -1.000000000000000000, 0.000000000000000000, -0.000000000000000000 ) ) ;
#3 = AXIS2_PLACEMENT_3D ( 'NONE', #2991, #602, #1544 ) ;
#4 = CARTESIAN_POINT ( 'NONE',  ( -22.90432286037506060, -19.52344874961587351, 5.757232699071738402 ) ) ;
#5 = DIRECTION ( 'NONE',  ( 0.000000000000000000, 0.000000000000000000, -1.000000000000000000 ) ) ;
#6 = VECTOR ( 'NONE', #2976, 1000.000000000000000 ) ;
#7 = CARTESIAN_POINT ( 'NONE',  ( -14.10000000000000320, -22.61142305432801081, 6.668729583928930893 ) ) ;
#8 = VERTEX_POINT ( 'NONE', #686 ) ;
#10 = ORIENTED_EDGE ( 'NONE', *, *, #517, .T. ) ;
#9 = CARTESIAN_POINT ( 'NONE',  ( -23.23200000000000287, -34.47739303901801122, 0.3163296403102587306 ) ) ;
#11 = EDGE_CURVE ( 'NONE', #1489, #2552, #312, .T. ) ;
#12 = CIRCLE ( 'NONE', #838, 8.000000000000000000 ) ;
#13 = ORIENTED_EDGE ( 'NONE', *, *, #2248, .F. ) ;
#14 = DIRECTION ( 'NONE',  ( 0.000000000000000000, 0.000000000000000000, 1.000000000000000000 ) ) ;
#15 = DATE_AND_TIME ( #256, #1012 ) ;
#16 = VECTOR ( 'NONE', #714, 1000.000000000000000 ) ;
#17 = ORIENTED_EDGE ( 'NONE', *, *, #2512, .F. ) ;
#18 = CIRCLE ( 'NONE', #278, 0.7499999999999885647 ) ;
#19 = DIRECTION ( 'NONE',  ( -1.000000000000000000, 0.000000000000000000, -0.000000000000000000 ) ) ;
#20 = CARTESIAN_POINT ( 'NONE',  ( -14.97440441990574733, 4.717755003082197085, 5.700000000000000178 ) ) ;
#21 = AXIS2_PLACEMENT_3D ( 'NONE', #1546, #1115, #1782 ) ;
#22 = DIRECTION ( 'NONE',  ( -0.3004939492409040569, -0.9537837210131052679, -7.175743678379502258E-16 ) ) ;
#23 = EDGE_CURVE ( 'NONE', #2136, #358, #1181, .T. ) ;
#24 = VECTOR ( 'NONE', #2849, 1000.000000000000000 ) ;
#25 = CARTESIAN_POINT ( 'NONE',  ( -18.60000000000000142, -27.49999999999999645, 8.871126182265935967 ) ) ;
#26 = CARTESIAN_POINT ( 'NONE',  ( -24.03200000000000358, -37.41898099794851618, 0.6159573907341293619 ) ) ;
#27 = EDGE_LOOP ( 'NONE', ( #292, #1921, #2997, #2467, #2207, #860, #2394 ) ) ;
#28 = FACE_OUTER_BOUND ( 'NONE', #2399, .T. ) ;
#29 = ORIENTED_EDGE ( 'NONE', *, *, #1219, .T. ) ;
#30 = PLANE ( 'NONE',  #1236 ) ;
#31 = COORDINATED_UNIVERSAL_TIME_OFFSET ( 8, 0, .AHEAD. ) ;
#32 = EDGE_CURVE ( 'NONE', #2020, #2855, #156, .T. ) ;
#33 = ORIENTED_EDGE ( 'NONE', *, *, #2114, .T. ) ;
#34 = DIRECTION ( 'NONE',  ( 0.000000000000000000, 0.000000000000000000, -1.000000000000000000 ) ) ;
#35 = DIRECTION ( 'NONE',  ( 0.9537837210131052679, -0.3004939492409041124, 0.000000000000000000 ) ) ;
#36 = DIRECTION ( 'NONE',  ( 0.000000000000000000, 0.000000000000000000, 1.000000000000000000 ) ) ;
#37 = CARTESIAN_POINT ( 'NONE',  ( -23.23200000073198979, -23.46823060907134817, 6.925014913528164229 ) ) ;
#38 = EDGE_CURVE ( 'NONE', #385, #907, #2576, .T. ) ;
#39 = VERTEX_POINT ( 'NONE', #1590 ) ;
#40 = CARTESIAN_POINT ( 'NONE',  ( 0.000000000000000000, -22.69999999999999929, 0.2999999999999999889 ) ) ;
#41 = EDGE_LOOP ( 'NONE', ( #2759, #3125, #603, #1262 ) ) ;
#42 = CARTESIAN_POINT ( 'NONE',  ( 0.000000000000000000, 0.000000000000000000, 0.000000000000000000 ) ) ;
#43 = ORIENTED_EDGE ( 'NONE', *, *, #1940, .F. ) ;
#44 = CARTESIAN_POINT ( 'NONE',  ( 0.000000000000000000, -13.49999999999999822, 2.500000000000000000 ) ) ;
#45 = DIRECTION ( 'NONE',  ( -1.000000000000000000, -0.000000000000000000, -0.000000000000000000 ) ) ;
#46 = CARTESIAN_POINT ( 'NONE',  ( -23.23200000000000287, -36.93208776333745647, -59.93368673985678896 ) ) ;
#47 = DIRECTION ( 'NONE',  ( 1.000000000000000000, 0.000000000000000000, 0.000000000000000000 ) ) ;
#48 = LINE ( 'NONE', #2646, #3090 ) ;
#49 = ADVANCED_FACE ( 'NONE', ( #377 ), #2834, .F. ) ;
#50 = AXIS2_PLACEMENT_3D ( 'NONE', #1210, #2, #700 ) ;
#51 = ORIENTED_EDGE ( 'NONE', *, *, #1626, .T. ) ;
#53 = ORIENTED_EDGE ( 'NONE', *, *, #1608, .F. ) ;
#52 = DIRECTION ( 'NONE',  ( 0.000000000000000000, 0.9925208628228697760, 0.1220751279390940303 ) ) ;
#54 = AXIS2_PLACEMENT_3D ( 'NONE', #3068, #2829, #2338 ) ;
#55 = VERTEX_POINT ( 'NONE', #1611 ) ;
#56 = VECTOR ( 'NONE', #2423, 1000.000000000000000 ) ;
#57 = CARTESIAN_POINT ( 'NONE',  ( -2.700859472198531730, 10.62461462387979871, -6.938893903907228378E-15 ) ) ;
#58 = ADVANCED_FACE ( 'NONE', ( #1625 ), #2131, .F. ) ;
#59 = EDGE_LOOP ( 'NONE', ( #2304, #1160, #2219 ) ) ;
#60 = CIRCLE ( 'NONE', #477, 0.2999999999999999889 ) ;
#61 = DIRECTION ( 'NONE',  ( -1.000000000000000000, -0.000000000000000000, -0.000000000000000000 ) ) ;
#62 = CARTESIAN_POINT ( 'NONE',  ( -22.60767442026211782, -18.51229233088727710, 5.705762078613921595 ) ) ;
#63 = CIRCLE ( 'NONE', #169, 11.00419601084493948 ) ;
#64 = CARTESIAN_POINT ( 'NONE',  ( -23.44795865403676771, -29.01458325763146107, 11.65293212736034079 ) ) ;
#65 = CARTESIAN_POINT ( 'NONE',  ( -24.03200000000000358, -46.00000000000000000, 11.00000000000000000 ) ) ;
#66 = CARTESIAN_POINT ( 'NONE',  ( -24.03200000000000358, -40.00000000000002132, 17.00000000000000000 ) ) ;
#67 = FACE_OUTER_BOUND ( 'NONE', #3152, .T. ) ;
#68 = VECTOR ( 'NONE', #2952, 1000.000000000000000 ) ;
#69 = EDGE_CURVE ( 'NONE', #2452, #1603, #727, .T. ) ;
#70 = AXIS2_PLACEMENT_3D ( 'NONE', #1399, #2386, #3117 ) ;
#71 = ORIENTED_EDGE ( 'NONE', *, *, #2715, .T. ) ;
#72 = DIRECTION ( 'NONE',  ( -1.000000000000000000, -0.000000000000000000, -0.000000000000000000 ) ) ;
#73 = AXIS2_PLACEMENT_3D ( 'NONE', #3114, #648, #1171 ) ;
#74 = ORIENTED_EDGE ( 'NONE', *, *, #1578, .F. ) ;
#75 = CARTESIAN_POINT ( 'NONE',  ( -23.44695071207042503, -38.39694082219361349, 0.1045994614211524093 ) ) ;
#76 = EDGE_CURVE ( 'NONE', #806, #3011, #977, .T. ) ;
#77 = EDGE_LOOP ( 'NONE', ( #2585, #2716, #1000, #2372 ) ) ;
#78 = CARTESIAN_POINT ( 'NONE',  ( -14.10000000000000320, -22.69999999999999929, 0.2999999999999999889 ) ) ;
#79 = DIRECTION ( 'NONE',  ( 0.000000000000000000, 0.000000000000000000, -1.000000000000000000 ) ) ;
#80 = ORIENTED_EDGE ( 'NONE', *, *, #1009, .T. ) ;
#81 = LINE ( 'NONE', #2291, #521 ) ;
#82 = DIRECTION ( 'NONE',  ( 1.000000000000000000, 0.000000000000000000, 0.000000000000000000 ) ) ;
#83 = FACE_BOUND ( 'NONE', #2655, .T. ) ;
#84 = EDGE_LOOP ( 'NONE', ( #171, #1143, #2105, #302, #1372 ) ) ;
#85 = CARTESIAN_POINT ( 'NONE',  ( -11.34961462387978592, 4.400859472198558109, 5.500000000000000000 ) ) ;
#86 = ORIENTED_EDGE ( 'NONE', *, *, #2616, .F. ) ;
#87 = CARTESIAN_POINT ( 'NONE',  ( -23.58944096471635277, -36.78977011440299805, 0.4748673789006155888 ) ) ;
#88 = VERTEX_POINT ( 'NONE', #1670 ) ;
#89 = B_SPLINE_CURVE_WITH_KNOTS ( 'NONE', 3,
 ( #2030, #569, #310, #1586 ),
 .UNSPECIFIED., .F., .F.,
 ( 4, 4 ),
 ( 0.000000000000000000, 0.0002853240390610581475 ),
 .UNSPECIFIED. ) ;
#90 = DIRECTION ( 'NONE',  ( 1.000000000000000000, -0.000000000000000000, -0.000000000000000000 ) ) ;
#91 = CARTESIAN_POINT ( 'NONE',  ( -24.03200000000000358, -34.00000000000000000, 13.09999999999999787 ) ) ;
#92 = ADVANCED_FACE ( 'NONE', ( #1944 ), #2525, .T. ) ;
#93 = VERTEX_POINT ( 'NONE', #283 ) ;
#94 = CARTESIAN_POINT ( 'NONE',  ( -23.73200000000000287, -36.38929476581419920, 0.9187070570279469717 ) ) ;
#95 = CARTESIAN_POINT ( 'NONE',  ( -23.73200000000012011, -37.34661597919940590, 0.3248160091659278992 ) ) ;
#96 = CARTESIAN_POINT ( 'NONE',  ( -23.53200000000000358, -36.93208776333745647, -59.93368673985678896 ) ) ;
#97 = ORIENTED_EDGE ( 'NONE', *, *, #1566, .T. ) ;
#98 = CARTESIAN_POINT ( 'NONE',  ( -14.10000000000000320, -23.00000000000000000, 0.2999999999999999889 ) ) ;
#99 = AXIS2_PLACEMENT_3D ( 'NONE', #309, #328, #1572 ) ;
#100 = ORIENTED_EDGE ( 'NONE', *, *, #361, .F. ) ;
#101 = DIRECTION ( 'NONE',  ( 0.000000000000000000, 0.000000000000000000, -1.000000000000000000 ) ) ;
#102 = AXIS2_PLACEMENT_3D ( 'NONE', #2021, #516, #1990 ) ;
#103 = EDGE_CURVE ( 'NONE', #675, #937, #1896, .T. ) ;
#104 = EDGE_CURVE ( 'NONE', #703, #675, #522, .T. ) ;
#105 = TOROIDAL_SURFACE ( 'NONE', #2010, 10.69999999999999929, 0.2999999999999999889 ) ;
#106 = ORIENTED_EDGE ( 'NONE', *, *, #1420, .T. ) ;
#107 = DIRECTION ( 'NONE',  ( 1.000000000000000000, -0.000000000000000000, 0.000000000000000000 ) ) ;
#108 = CARTESIAN_POINT ( 'NONE',  ( -23.23200000000000287, -33.67544467966323651, 19.99999999999999645 ) ) ;
#109 = VECTOR ( 'NONE', #2853, 1000.000000000000000 ) ;
#110 = ORIENTED_EDGE ( 'NONE', *, *, #843, .T. ) ;
#111 = AXIS2_PLACEMENT_3D ( 'NONE', #2054, #2302, #2041 ) ;
#112 = CARTESIAN_POINT ( 'NONE',  ( 0.000000000000000000, 0.000000000000000000, 0.000000000000000000 ) ) ;
#113 = ORIENTED_EDGE ( 'NONE', *, *, #2763, .T. ) ;
#114 = DIRECTION ( 'NONE',  ( 1.000000000000000000, -0.000000000000000000, -0.000000000000000000 ) ) ;
#115 = CARTESIAN_POINT ( 'NONE',  ( -31.81017459305202166, -40.00000000000000000, 11.00000000000000000 ) ) ;
#116 = AXIS2_PLACEMENT_3D ( 'NONE', #2892, #1442, #1716 ) ;
#117 = ORIENTED_EDGE ( 'NONE', *, *, #3035, .F. ) ;
#118 = AXIS2_PLACEMENT_3D ( 'NONE', #2535, #876, #1841 ) ;
#119 = DIRECTION ( 'NONE',  ( 1.000000000000000000, -0.000000000000000000, -0.000000000000000000 ) ) ;
#120 = AXIS2_PLACEMENT_3D ( 'NONE', #2340, #114, #1795 ) ;
#121 =( BOUNDED_SURFACE ( )  B_SPLINE_SURFACE ( 3, 2, ( 
 ( #3063, #1536, #2283 ),
 ( #1324, #2524, #1340 ),
 ( #1597, #87, #837 ),
 ( #1804, #2544, #610 ),
 ( #2794, #2809, #596 ),
 ( #884, #75, #868 ),
 ( #1565, #2560, #1580 ),
 ( #2083, #350, #1090 ) ),
 .UNSPECIFIED., .F., .F., .T. ) 
 B_SPLINE_SURFACE_WITH_KNOTS ( ( 4, 2, 2, 4 ),
 ( 3, 3 ),
 ( 0.000000000000000000, 0.0008645806907801473771, 0.001729161381560294754, 0.003458322763120589508 ),
 ( 0.000000000000000000, 1.000000000000000000 ),
 .UNSPECIFIED. ) 
 GEOMETRIC_REPRESENTATION_ITEM ( )  RATIONAL_B_SPLINE_SURFACE ( (
 ( 1.000000000000000000, 0.7071067811865552333, 1.000000000000000000),
 ( 1.000000000000000000, 0.7627657926872295491, 1.000000000000000000),
 ( 1.000000000000000000, 0.8071651561692470001, 1.000000000000000000),
 ( 1.000000000000000000, 0.8809119265676856880, 1.000000000000000000),
 ( 1.000000000000000000, 0.9101609295966246460, 1.000000000000000000),
 ( 1.000000000000000000, 0.9787810634800484522, 1.000000000000000000),
 ( 1.000000000000000000, 0.9997042942188016923, 1.000000000000000000),
 ( 1.000000000000000000, 1.000000000000000000, 1.000000000000000000) ) ) 
 REPRESENTATION_ITEM ( '' )  SURFACE ( )  );
#122 = ORIENTED_EDGE ( 'NONE', *, *, #1382, .F. ) ;
#123 = FACE_OUTER_BOUND ( 'NONE', #2645, .T. ) ;
#124 = CIRCLE ( 'NONE', #2285, 19.70000000000000284 ) ;
#125 = ORIENTED_EDGE ( 'NONE', *, *, #1566, .F. ) ;
#126 = CARTESIAN_POINT ( 'NONE',  ( -10.62461462387981115, -4.400859472198537681, -6.938893903907228378E-15 ) ) ;
#127 = DIRECTION ( 'NONE',  ( 0.000000000000000000, 0.000000000000000000, 1.000000000000000000 ) ) ;
#128 = EDGE_CURVE ( 'NONE', #2813, #486, #1133, .T. ) ;
#129 = ORIENTED_EDGE ( 'NONE', *, *, #3106, .F. ) ;
#130 = DIRECTION ( 'NONE',  ( -0.000000000000000000, -0.000000000000000000, 1.000000000000000000 ) ) ;
#131 = DIRECTION ( 'NONE',  ( 0.000000000000000000, 0.000000000000000000, 1.000000000000000000 ) ) ;
#132 = CARTESIAN_POINT ( 'NONE',  ( -23.83200000000000429, -36.18981364674953483, 0.3617445060995101436 ) ) ;
#133 = ORIENTED_EDGE ( 'NONE', *, *, #1951, .T. ) ;
#134 = DIRECTION ( 'NONE',  ( 0.000000000000000000, 0.000000000000000000, -1.000000000000000000 ) ) ;
#135 = EDGE_CURVE ( 'NONE', #1785, #2793, #1964, .T. ) ;
#136 = DIRECTION ( 'NONE',  ( 0.000000000000000000, -0.9981980042564325695, 0.06000620216673367008 ) ) ;
#137 = EDGE_LOOP ( 'NONE', ( #2143, #2413, #1109, #2513, #1170, #749, #1464, #919, #2147, #2261 ) ) ;
#138 = CARTESIAN_POINT ( 'NONE',  ( -24.03200000000000358, -34.00000000000000000, 11.00000000000000000 ) ) ;
#139 = VERTEX_POINT ( 'NONE', #1930 ) ;
#140 = CARTESIAN_POINT ( 'NONE',  ( 0.000000000000000000, 0.000000000000000000, 22.00000000000000000 ) ) ;
#141 = DIRECTION ( 'NONE',  ( 1.000000000000000000, -0.000000000000000000, -0.000000000000000000 ) ) ;
#142 = ORIENTED_EDGE ( 'NONE', *, *, #2093, .F. ) ;
#143 = EDGE_CURVE ( 'NONE', #937, #2955, #1542, .T. ) ;
#144 = FACE_OUTER_BOUND ( 'NONE', #59, .T. ) ;
#145 = DIRECTION ( 'NONE',  ( 0.000000000000000000, 1.000000000000000000, -1.224646799147353207E-16 ) ) ;
#146 = CARTESIAN_POINT ( 'NONE',  ( -8.924614623879813635, -4.400859472198537681, 5.500000000000000000 ) ) ;
#147 = EDGE_CURVE ( 'NONE', #290, #2589, #1950, .T. ) ;
#148 = DIRECTION ( 'NONE',  ( 1.000000000000000000, 0.000000000000000000, 0.000000000000000000 ) ) ;
#149 = EDGE_CURVE ( 'NONE', #2523, #1368, #881, .T. ) ;
#150 = DIRECTION ( 'NONE',  ( -0.9537837210131043797, 0.3004939492409066659, 0.000000000000000000 ) ) ;
#151 = FACE_OUTER_BOUND ( 'NONE', #137, .T. ) ;
#152 = ORIENTED_EDGE ( 'NONE', *, *, #2858, .T. ) ;
#153 = DIRECTION ( 'NONE',  ( 1.000000000000000000, -0.000000000000000000, 0.000000000000000000 ) ) ;
#154 = ORIENTED_EDGE ( 'NONE', *, *, #191, .T. ) ;
#155 = EDGE_CURVE ( 'NONE', #703, #139, #2627, .T. ) ;
#156 = CIRCLE ( 'NONE', #2314, 1.699999999999998401 ) ;
#157 = CARTESIAN_POINT ( 'NONE',  ( -2.100000000000000089, -13.49999999999999822, 2.500000000000000000 ) ) ;
#158 = CARTESIAN_POINT ( 'NONE',  ( 0.000000000000000000, 0.000000000000000000, 5.500000000000000000 ) ) ;
#159 = AXIS2_PLACEMENT_3D ( 'NONE', #1781, #1070, #827 ) ;
#160 = ORIENTED_EDGE ( 'NONE', *, *, #2520, .F. ) ;
#161 = CIRCLE ( 'NONE', #1390, 11.30000000000000071 ) ;
#162 = FACE_OUTER_BOUND ( 'NONE', #2047, .T. ) ;
#163 = DIRECTION ( 'NONE',  ( 1.000000000000000000, 0.000000000000000000, 0.000000000000000000 ) ) ;
#164 = AXIS2_PLACEMENT_3D ( 'NONE', #2998, #574, #1104 ) ;
#165 = EDGE_LOOP ( 'NONE', ( #1217, #1833, #984, #1952 ) ) ;
#166 = DIRECTION ( 'NONE',  ( 0.000000000000000000, 0.000000000000000000, 1.000000000000000000 ) ) ;
#167 = VECTOR ( 'NONE', #2341, 1000.000000000000000 ) ;
#168 = EDGE_CURVE ( 'NONE', #1862, #3036, #2925, .T. ) ;
#169 = AXIS2_PLACEMENT_3D ( 'NONE', #669, #2161, #1832 ) ;
#170 = CARTESIAN_POINT ( 'NONE',  ( -23.83200000000000074, -28.72036255190231202, 10.32192991551589678 ) ) ;
#171 = ORIENTED_EDGE ( 'NONE', *, *, #2243, .F. ) ;
#172 = CARTESIAN_POINT ( 'NONE',  ( 0.000000000000000000, 13.49999999999999822, 2.500000000000000000 ) ) ;
#173 = CIRCLE ( 'NONE', #120, 0.7499999999999988898 ) ;
#174 = ORIENTED_EDGE ( 'NONE', *, *, #2498, .T. ) ;
#175 = AXIS2_PLACEMENT_3D ( 'NONE', #2778, #553, #1066 ) ;
#176 = APPLICATION_CONTEXT ( 'configuration controlled 3d designs of mechanical parts and assemblies' ) ;
#177 = LINE ( 'NONE', #649, #3092 ) ;
#178 = CC_DESIGN_APPROVAL ( #1768, ( #752 ) ) ;
#179 = EDGE_CURVE ( 'NONE', #1678, #93, #1436, .T. ) ;
#180 = EDGE_LOOP ( 'NONE', ( #74, #274, #2908, #1726, #3000 ) ) ;
#181 = LINE ( 'NONE', #1668, #24 ) ;
#182 = DIRECTION ( 'NONE',  ( -0.000000000000000000, -0.000000000000000000, -1.000000000000000000 ) ) ;
#183 = ORIENTED_EDGE ( 'NONE', *, *, #2447, .F. ) ;
#184 = CARTESIAN_POINT ( 'NONE',  ( -23.23200000000000287, -33.67544467966323651, -3.469446951953614189E-15 ) ) ;
#185 = DIRECTION ( 'NONE',  ( 0.000000000000000000, 1.000000000000000000, -1.224646799147352961E-16 ) ) ;
#186 = ORIENTED_EDGE ( 'NONE', *, *, #155, .F. ) ;
#187 = CYLINDRICAL_SURFACE ( 'NONE', #1444, 0.7499999999999937828 ) ;
#188 = VERTEX_POINT ( 'NONE', #1468 ) ;
#189 = ORIENTED_EDGE ( 'NONE', *, *, #2484, .F. ) ;
#190 = DIRECTION ( 'NONE',  ( 0.000000000000000000, 0.000000000000000000, -1.000000000000000000 ) ) ;
#191 = EDGE_CURVE ( 'NONE', #424, #576, #1386, .T. ) ;
#192 = CARTESIAN_POINT ( 'NONE',  ( -18.31235476732618750, -24.98996305979948218, 7.619963066527668083 ) ) ;
#193 = EDGE_LOOP ( 'NONE', ( #2331, #2082, #2254, #349 ) ) ;
#194 = ORIENTED_EDGE ( 'NONE', *, *, #2512, .T. ) ;
#195 = DIRECTION ( 'NONE',  ( 0.000000000000000000, 0.000000000000000000, -1.000000000000000000 ) ) ;
#196 = CARTESIAN_POINT ( 'NONE',  ( -12.32461462387981044, -4.400859472198537681, -6.938893903907228378E-15 ) ) ;
#197 = DIRECTION ( 'NONE',  ( 0.000000000000000000, 0.000000000000000000, -1.000000000000000000 ) ) ;
#198 = CARTESIAN_POINT ( 'NONE',  ( -24.03200000000000713, -29.05781506804584780, 10.34221571434442488 ) ) ;
#199 = UNCERTAINTY_MEASURE_WITH_UNIT (LENGTH_MEASURE( 1.000000000000000082E-05 ), #1730, 'distance_accuracy_value', 'NONE');
#200 = CARTESIAN_POINT ( 'NONE',  ( -18.89999999999999858, -40.00000000000000000, 21.69999999999999574 ) ) ;
#201 = ORIENTED_EDGE ( 'NONE', *, *, #1717, .F. ) ;
#202 = CARTESIAN_POINT ( 'NONE',  ( -23.53200000000000358, -28.72036255190231557, 10.32192991551589678 ) ) ;
#203 = ORIENTED_EDGE ( 'NONE', *, *, #1424, .F. ) ;
#204 = CARTESIAN_POINT ( 'NONE',  ( -18.90000000000000213, -27.30866035065098174, 9.102187080271194830 ) ) ;
#205 = DATE_TIME_ROLE ( 'creation_date' ) ;
#206 = CARTESIAN_POINT ( 'NONE',  ( -14.10000000000000320, -23.00000000000000000, 6.382104175607509866 ) ) ;
#207 = EDGE_CURVE ( 'NONE', #2360, #809, #454, .T. ) ;
#208 = AXIS2_PLACEMENT_3D ( 'NONE', #2357, #3136, #878 ) ;
#209 = VERTEX_POINT ( 'NONE', #995 ) ;
#210 = CARTESIAN_POINT ( 'NONE',  ( -23.47978871421376112, -37.36355224559240895, 0.1846400343523543763 ) ) ;
#211 = CARTESIAN_POINT ( 'NONE',  ( -24.03200000000000358, -36.38929476581418498, 0.9187070570279508575 ) ) ;
#212 = AXIS2_PLACEMENT_3D ( 'NONE', #112, #1825, #953 ) ;
#213 = AXIS2_PLACEMENT_3D ( 'NONE', #478, #2251, #1971 ) ;
#214 = CARTESIAN_POINT ( 'NONE',  ( -18.89999999999999858, -33.67544467966323651, 0.000000000000000000 ) ) ;
#215 = CARTESIAN_POINT ( 'NONE',  ( -23.28200000000000358, -40.00000000000000000, 11.00000000000000000 ) ) ;
#216 = AXIS2_PLACEMENT_3D ( 'NONE', #593, #1291, #359 ) ;
#217 = CARTESIAN_POINT ( 'NONE',  ( -23.48367419613114038, -28.85365018884827037, 10.96626684143126695 ) ) ;
#218 = ORIENTED_EDGE ( 'NONE', *, *, #2248, .T. ) ;
#219 = AXIS2_PLACEMENT_3D ( 'NONE', #115, #3022, #1307 ) ;
#220 = CARTESIAN_POINT ( 'NONE',  ( -23.45377130039901203, -28.89351362262295098, 11.16615655550814346 ) ) ;
#221 = VECTOR ( 'NONE', #2652, 1000.000000000000000 ) ;
#222 = ORIENTED_EDGE ( 'NONE', *, *, #2464, .F. ) ;
#223 = DIRECTION ( 'NONE',  ( -1.000000000000000000, -0.000000000000000000, -0.000000000000000000 ) ) ;
#224 = AXIS2_PLACEMENT_3D ( 'NONE', #1672, #456, #1433 ) ;
#225 = DIRECTION ( 'NONE',  ( 1.000000000000000000, 0.000000000000000000, 0.000000000000000000 ) ) ;
#226 = LINE ( 'NONE', #2939, #2888 ) ;
#227 = CIRCLE ( 'NONE', #2022, 1.099999999999996758 ) ;
#228 = ORIENTED_EDGE ( 'NONE', *, *, #128, .F. ) ;
#229 = EDGE_CURVE ( 'NONE', #1368, #2523, #1843, .T. ) ;
#230 = CARTESIAN_POINT ( 'NONE',  ( -21.39999999999999858, -40.00000000000000000, 13.74999999999999822 ) ) ;
#231 = DIRECTION ( 'NONE',  ( -0.000000000000000000, 0.000000000000000000, 1.000000000000000000 ) ) ;
#232 = APPROVAL_PERSON_ORGANIZATION ( #3181, #2969, #954 ) ;
#233 = DIRECTION ( 'NONE',  ( 0.000000000000000000, 0.000000000000000000, 1.000000000000000000 ) ) ;
#234 = DIRECTION ( 'NONE',  ( 1.000000000000000000, 0.000000000000000000, 0.000000000000000000 ) ) ;
#235 = CARTESIAN_POINT ( 'NONE',  ( -19.10000000000000497, -40.00000000000000000, 19.04999999999999716 ) ) ;
#236 = CARTESIAN_POINT ( 'NONE',  ( -23.23200000000000287, -29.08227050894842947, 12.34282640733002978 ) ) ;
#237 = ORIENTED_EDGE ( 'NONE', *, *, #1122, .F. ) ;
#238 = CARTESIAN_POINT ( 'NONE',  ( -24.03200000000000358, -39.99999999999993605, 7.099999999999998757 ) ) ;
#239 = ADVANCED_FACE ( 'NONE', ( #1685 ), #1450, .F. ) ;
#240 = VERTEX_POINT ( 'NONE', #753 ) ;
#241 = DIRECTION ( 'NONE',  ( 1.000000000000000000, 0.000000000000000000, 0.000000000000000000 ) ) ;
#242 = CALENDAR_DATE ( 2025, 16, 11 ) ;
#243 = DIRECTION ( 'NONE',  ( -1.000000000000000000, -0.000000000000000000, -0.000000000000000000 ) ) ;
#244 = ORIENTED_EDGE ( 'NONE', *, *, #2986, .F. ) ;
#245 = CYLINDRICAL_SURFACE ( 'NONE', #641, 1.099999999999999867 ) ;
#246 = LINE ( 'NONE', #280, #16 ) ;
#247 = DIRECTION ( 'NONE',  ( -0.000000000000000000, -0.000000000000000000, 1.000000000000000000 ) ) ;
#248 = EDGE_CURVE ( 'NONE', #476, #438, #1281, .T. ) ;
#249 = CARTESIAN_POINT ( 'NONE',  ( -14.72184704702883096, -23.03261315952864408, 6.392730387445459073 ) ) ;
#250 = CARTESIAN_POINT ( 'NONE',  ( -18.60000000000000142, -40.00000000000000000, 11.00000000000000000 ) ) ;
#251 = CARTESIAN_POINT ( 'NONE',  ( -22.32153930395818620, -18.59420787360207683, 6.005649096680314436 ) ) ;
#252 = EDGE_LOOP ( 'NONE', ( #1004, #663, #186, #1788 ) ) ;
#253 = DIRECTION ( 'NONE',  ( 1.000000000000000000, 0.000000000000000000, 0.000000000000000000 ) ) ;
#254 = ORIENTED_EDGE ( 'NONE', *, *, #446, .F. ) ;
#255 = CARTESIAN_POINT ( 'NONE',  ( -24.03200000000000358, -39.99999999999993605, 2.900000000000003464 ) ) ;
#256 = CALENDAR_DATE ( 2025, 16, 11 ) ;
#257 = CARTESIAN_POINT ( 'NONE',  ( -14.75777864935005645, -22.64494682159434902, 6.678971411461259500 ) ) ;
#258 = ADVANCED_FACE ( 'NONE', ( #2517 ), #360, .T. ) ;
#259 = ORIENTED_EDGE ( 'NONE', *, *, #1756, .T. ) ;
#260 = DIRECTION ( 'NONE',  ( 0.000000000000000000, 0.000000000000000000, 1.000000000000000000 ) ) ;
#261 = CARTESIAN_POINT ( 'NONE',  ( -23.78200000000000003, -36.28955420628186346, 0.6402257815637306670 ) ) ;
#262 = PRODUCT_RELATED_PRODUCT_CATEGORY ( 'detail', '', ( #2297 ) ) ;
#263 = AXIS2_PLACEMENT_3D ( 'NONE', #2417, #264, #1429 ) ;
#264 = DIRECTION ( 'NONE',  ( -1.000000000000000000, 0.000000000000000000, -0.000000000000000000 ) ) ;
#265 = CARTESIAN_POINT ( 'NONE',  ( -22.76644497978629644, -19.01623850162663487, 5.719389131694378570 ) ) ;
#266 = CARTESIAN_POINT ( 'NONE',  ( -23.45383174601226628, -22.48968662184664069, 6.595814510841945477 ) ) ;
#267 = CIRCLE ( 'NONE', #2057, 0.2999999999999999889 ) ;
#268 = ORIENTED_EDGE ( 'NONE', *, *, #1176, .F. ) ;
#269 = ADVANCED_FACE ( 'NONE', ( #2056 ), #355, .T. ) ;
#271 = VERTEX_POINT ( 'NONE', #3038 ) ;
#270 = CARTESIAN_POINT ( 'NONE',  ( -23.32605725429379717, -29.05598056457328937, 12.12907837597185612 ) ) ;
#272 = AXIS2_PLACEMENT_3D ( 'NONE', #1031, #2446, #52 ) ;
#273 = AXIS2_PLACEMENT_3D ( 'NONE', #560, #2048, #2063 ) ;
#274 = ORIENTED_EDGE ( 'NONE', *, *, #3174, .T. ) ;
#275 = CARTESIAN_POINT ( 'NONE',  ( -18.60000000000000142, -24.11966619483408181, 12.95320204702549916 ) ) ;
#276 = AXIS2_PLACEMENT_3D ( 'NONE', #507, #1496, #1428 ) ;
#277 = VERTEX_POINT ( 'NONE', #1529 ) ;
#278 = AXIS2_PLACEMENT_3D ( 'NONE', #935, #696, #1665 ) ;
#279 = DIRECTION ( 'NONE',  ( 0.000000000000000000, 0.000000000000000000, -1.000000000000000000 ) ) ;
#280 = CARTESIAN_POINT ( 'NONE',  ( -14.10000000000000142, -23.00000000000000000, 6.382104175607510754 ) ) ;
#281 = EDGE_CURVE ( 'NONE', #55, #1065, #1331, .T. ) ;
#282 = AXIS2_PLACEMENT_3D ( 'NONE', #2696, #1226, #1966 ) ;
#283 = CARTESIAN_POINT ( 'NONE',  ( -24.03200000000000358, -29.30003396165210461, 11.02695882422016638 ) ) ;
#284 = DIRECTION ( 'NONE',  ( -0.000000000000000000, -0.000000000000000000, 1.000000000000000000 ) ) ;
#285 = FACE_OUTER_BOUND ( 'NONE', #1140, .T. ) ;
#286 = AXIS2_PLACEMENT_3D ( 'NONE', #1279, #858, #2268 ) ;
#287 = ORIENTED_EDGE ( 'NONE', *, *, #2303, .T. ) ;
#289 = ORIENTED_EDGE ( 'NONE', *, *, #1443, .F. ) ;
#288 = CYLINDRICAL_SURFACE ( 'NONE', #3084, 1.100000000000000311 ) ;
#290 = VERTEX_POINT ( 'NONE', #781 ) ;
#291 = FACE_OUTER_BOUND ( 'NONE', #41, .T. ) ;
#292 = ORIENTED_EDGE ( 'NONE', *, *, #1248, .T. ) ;
#293 = ADVANCED_FACE ( 'NONE', ( #1040 ), #2566, .T. ) ;
#294 = DIRECTION ( 'NONE',  ( -1.000000000000000000, -0.000000000000000000, -0.000000000000000000 ) ) ;
#295 = LINE ( 'NONE', #2316, #2735 ) ;
#296 = CARTESIAN_POINT ( 'NONE',  ( -23.53200000000000358, -24.52217131570533937, 7.075218912811924277 ) ) ;
#297 = CARTESIAN_POINT ( 'NONE',  ( -23.03200000000000358, -46.00000000000000000, 11.00000000000000000 ) ) ;
#298 = CARTESIAN_POINT ( 'NONE',  ( -23.16376465465363310, -22.51353955334939627, 6.604076266982877641 ) ) ;
#299 = EDGE_CURVE ( 'NONE', #1407, #3036, #988, .T. ) ;
#300 = EDGE_LOOP ( 'NONE', ( #910, #1614, #863, #2771 ) ) ;
#301 = DIRECTION ( 'NONE',  ( 3.487036023988128791E-16, 0.9704712718940089466, 0.2412167291636815869 ) ) ;
#302 = ORIENTED_EDGE ( 'NONE', *, *, #1130, .F. ) ;
#303 = DIRECTION ( 'NONE',  ( 0.000000000000000000, 1.156482317317871607E-14, 1.000000000000000000 ) ) ;
#304 = ORIENTED_EDGE ( 'NONE', *, *, #2498, .F. ) ;
#305 = DIRECTION ( 'NONE',  ( 0.000000000000000000, -0.4143526499984784284, -0.9101164109273265357 ) ) ;
#306 = DIRECTION ( 'NONE',  ( 1.000000000000000000, -0.000000000000000000, -0.000000000000000000 ) ) ;
#307 = ADVANCED_FACE ( 'NONE', ( #1304 ), #2753, .F. ) ;
#308 = CARTESIAN_POINT ( 'NONE',  ( -22.27745555233896368, -18.45702732059238471, 6.001883150433431346 ) ) ;
#309 = CARTESIAN_POINT ( 'NONE',  ( -24.03200000000000358, -39.99999999999993605, 5.000000000000000888 ) ) ;
#310 = CARTESIAN_POINT ( 'NONE',  ( -18.60000000000000853, -27.42871784186282724, 8.808162795508339471 ) ) ;
#311 = CARTESIAN_POINT ( 'NONE',  ( -23.23200000000000642, -23.46753989787714545, 6.924700450443808109 ) ) ;
#312 = CIRCLE ( 'NONE', #2110, 1.100000000000000311 ) ;
#313 = EDGE_LOOP ( 'NONE', ( #2880, #2749, #1148, #1511 ) ) ;
#314 = DIRECTION ( 'NONE',  ( 0.000000000000000000, 0.000000000000000000, 1.000000000000000000 ) ) ;
#315 = CIRCLE ( 'NONE', #2006, 0.2999999999999999889 ) ;
#316 = EDGE_CURVE ( 'NONE', #2941, #2729, #415, .T. ) ;
#317 = ORIENTED_EDGE ( 'NONE', *, *, #3143, .F. ) ;
#318 = CIRCLE ( 'NONE', #2879, 0.3000000000000003220 ) ;
#319 = DIRECTION ( 'NONE',  ( 0.000000000000000000, -1.842184222276255301E-15, 1.000000000000000000 ) ) ;
#320 = AXIS2_PLACEMENT_3D ( 'NONE', #2631, #901, #2602 ) ;
#321 = ORIENTED_EDGE ( 'NONE', *, *, #69, .T. ) ;
#322 = CIRCLE ( 'NONE', #111, 5.000000000000000888 ) ;
#323 = CARTESIAN_POINT ( 'NONE',  ( -21.39999999999999858, -40.00000000000000000, 11.00000000000000000 ) ) ;
#324 = CARTESIAN_POINT ( 'NONE',  ( -23.53200000000000358, -39.52468965347481600, 0.01027388537429632653 ) ) ;
#325 = AXIS2_PLACEMENT_3D ( 'NONE', #3101, #1111, #1583 ) ;
#326 = EDGE_CURVE ( 'NONE', #2308, #1678, #1233, .T. ) ;
#327 = CARTESIAN_POINT ( 'NONE',  ( -14.10000000000000320, -22.69999999999999929, 0.000000000000000000 ) ) ;
#328 = DIRECTION ( 'NONE',  ( -1.000000000000000000, -0.000000000000000000, -0.000000000000000000 ) ) ;
#329 = CARTESIAN_POINT ( 'NONE',  ( -10.62461462387981115, -4.400859472198537681, 5.500000000000000000 ) ) ;
#330 = CARTESIAN_POINT ( 'NONE',  ( 0.000000000000000000, 0.000000000000000000, -6.938893903907228378E-15 ) ) ;
#331 = VECTOR ( 'NONE', #567, 1000.000000000000000 ) ;
#332 = ORIENTED_EDGE ( 'NONE', *, *, #3013, .T. ) ;
#333 = B_SPLINE_CURVE_WITH_KNOTS ( 'NONE', 3,
 ( #2831, #2894, #1427, #2414, #210, #1189 ),
 .UNSPECIFIED., .F., .F.,
 ( 4, 2, 4 ),
 ( -1.961050389027229487E-05, 0.001289416906729593361, 0.002598444317349459312 ),
 .UNSPECIFIED. ) ;
#334 = DIRECTION ( 'NONE',  ( 0.000000000000000000, 0.000000000000000000, -1.000000000000000000 ) ) ;
#335 = CIRCLE ( 'NONE', #286, 0.3000000000000003220 ) ;
#336 = ORIENTED_EDGE ( 'NONE', *, *, #1525, .T. ) ;
#337 = DIRECTION ( 'NONE',  ( 1.000000000000000000, 0.000000000000000000, 0.000000000000000000 ) ) ;
#338 = EDGE_CURVE ( 'NONE', #2840, #1445, #1086, .T. ) ;
#339 = ORIENTED_EDGE ( 'NONE', *, *, #1811, .T. ) ;
#340 = FACE_BOUND ( 'NONE', #2597, .T. ) ;
#341 = LINE ( 'NONE', #2779, #1341 ) ;
#342 = EDGE_LOOP ( 'NONE', ( #1097, #351, #2295, #2931 ) ) ;
#343 = DIRECTION ( 'NONE',  ( 0.7071067811865479058, 0.000000000000000000, 0.7071067811865470176 ) ) ;
#344 = DIRECTION ( 'NONE',  ( 1.000000000000000000, 0.000000000000000000, 0.000000000000000000 ) ) ;
#345 = CARTESIAN_POINT ( 'NONE',  ( -23.53200000000000358, -40.00000000000000000, 11.00000000000000000 ) ) ;
#346 = EDGE_CURVE ( 'NONE', #1397, #3145, #81, .T. ) ;
#347 = ORIENTED_EDGE ( 'NONE', *, *, #880, .F. ) ;
#348 = CARTESIAN_POINT ( 'NONE',  ( -23.03200000000000358, -40.00000000000002132, 18.09999999999999787 ) ) ;
#349 = ORIENTED_EDGE ( 'NONE', *, *, #1550, .F. ) ;
#350 = CARTESIAN_POINT ( 'NONE',  ( -23.23200000000000287, -39.52468965347481600, 0.01027388537431036739 ) ) ;
#351 = ORIENTED_EDGE ( 'NONE', *, *, #1325, .F. ) ;
#352 = CARTESIAN_POINT ( 'NONE',  ( -23.03200000000000358, -39.99999999999993605, 5.000000000000000888 ) ) ;
#353 = PLANE ( 'NONE',  #371 ) ;
#354 = EDGE_LOOP ( 'NONE', ( #2422, #1298, #1872, #2037 ) ) ;
#355 = CYLINDRICAL_SURFACE ( 'NONE', #1690, 20.00000000000000000 ) ;
#356 = CARTESIAN_POINT ( 'NONE',  ( 25.00000000000000000, -22.69999999999999929, 6.382104175607510754 ) ) ;
#357 = DIRECTION ( 'NONE',  ( -0.000000000000000000, -0.000000000000000000, 1.000000000000000000 ) ) ;
#358 = VERTEX_POINT ( 'NONE', #296 ) ;
#359 = DIRECTION ( 'NONE',  ( 0.000000000000000000, 0.000000000000000000, -1.000000000000000000 ) ) ;
#360 = TOROIDAL_SURFACE ( 'NONE', #572, 60.29999999999999716, 0.2999999999999999889 ) ;
#361 = EDGE_CURVE ( 'NONE', #1571, #833, #2160, .T. ) ;
#362 = EDGE_LOOP ( 'NONE', ( #1934, #552, #1222, #2549 ) ) ;
#363 = CARTESIAN_POINT ( 'NONE',  ( 0.000000000000000000, 0.000000000000000000, 5.500000000000000000 ) ) ;
#364 = VECTOR ( 'NONE', #2480, 1000.000000000000000 ) ;
#365 = TOROIDAL_SURFACE ( 'NONE', #2830, 5.299999999999999822, 0.2999999999999999889 ) ;
#366 = VERTEX_POINT ( 'NONE', #1270 ) ;
#367 = CARTESIAN_POINT ( 'NONE',  ( 0.000000000000000000, 0.000000000000000000, 5.500000000000000000 ) ) ;
#368 = DIRECTION ( 'NONE',  ( -0.03919017717068203066, -0.8040616160722666717, 0.5932529372641871523 ) ) ;
#369 = CIRCLE ( 'NONE', #790, 1.699999999999999289 ) ;
#370 = EDGE_LOOP ( 'NONE', ( #237, #1936, #1201, #647 ) ) ;
#371 = AXIS2_PLACEMENT_3D ( 'NONE', #1809, #3005, #2289 ) ;
#372 = DIRECTION ( 'NONE',  ( 0.000000000000000000, 0.000000000000000000, -1.000000000000000000 ) ) ;
#373 = DIRECTION ( 'NONE',  ( 0.000000000000000000, 0.000000000000000000, -1.000000000000000000 ) ) ;
#374 = CARTESIAN_POINT ( 'NONE',  ( -22.51949307742654582, -18.23240007513268068, 5.700000000000510880 ) ) ;
#375 = EDGE_CURVE ( 'NONE', #3130, #1599, #2776, .T. ) ;
#376 = AXIS2_PLACEMENT_3D ( 'NONE', #797, #1763, #2751 ) ;
#377 = FACE_OUTER_BOUND ( 'NONE', #712, .T. ) ;
#378 = TOROIDAL_SURFACE ( 'NONE', #590, 10.69999999999999929, 0.2999999999999999889 ) ;
#379 = CYLINDRICAL_SURFACE ( 'NONE', #1046, 15.50000000000000000 ) ;
#380 = CIRCLE ( 'NONE', #543, 0.3000000000000016542 ) ;
#381 = CARTESIAN_POINT ( 'NONE',  ( -23.53200000000000358, -27.26632411961000102, 8.688399131949010368 ) ) ;
#382 = VERTEX_POINT ( 'NONE', #799 ) ;
#383 = AXIS2_PLACEMENT_3D ( 'NONE', #1526, #1093, #2514 ) ;
#384 = EDGE_CURVE ( 'NONE', #2426, #2311, #1793, .T. ) ;
#385 = VERTEX_POINT ( 'NONE', #555 ) ;
#386 = EDGE_CURVE ( 'NONE', #2855, #277, #2784, .T. ) ;
#387 = DIRECTION ( 'NONE',  ( 1.000000000000000000, 0.000000000000000000, 0.000000000000000000 ) ) ;
#388 = ADVANCED_FACE ( 'NONE', ( #2274 ), #523, .F. ) ;
#389 = VERTEX_POINT ( 'NONE', #2553 ) ;
#390 = CARTESIAN_POINT ( 'NONE',  ( 1.463452924981084508E-15, -13.49999999999999822, 2.500000000000000000 ) ) ;
#391 = FACE_OUTER_BOUND ( 'NONE', #2539, .T. ) ;
#392 = CARTESIAN_POINT ( 'NONE',  ( -18.60000000000000142, -29.38002676779529310, 12.30620386894830176 ) ) ;
#393 = EDGE_LOOP ( 'NONE', ( #1576, #1731, #1818, #527 ) ) ;
#394 = CARTESIAN_POINT ( 'NONE',  ( -18.75548226085782488, -26.03494351686800101, 8.205065152224376490 ) ) ;
#395 = EDGE_CURVE ( 'NONE', #1856, #573, #1570, .T. ) ;
#396 = DIRECTION ( 'NONE',  ( -1.000000000000000000, -0.000000000000000000, -0.000000000000000000 ) ) ;
#397 = ORIENTED_EDGE ( 'NONE', *, *, #38, .F. ) ;
#398 = CARTESIAN_POINT ( 'NONE',  ( -23.23200000000000287, -29.08227050894843302, 12.34282640733002978 ) ) ;
#399 = EDGE_LOOP ( 'NONE', ( #2349, #419, #1103, #989 ) ) ;
#400 = DIRECTION ( 'NONE',  ( -1.000000000000000000, 0.000000000000000000, 0.000000000000000000 ) ) ;
#401 = CARTESIAN_POINT ( 'NONE',  ( -18.89430866579572665, -27.08821140688683471, 8.929803070538245180 ) ) ;
#402 = ORIENTED_EDGE ( 'NONE', *, *, #69, .F. ) ;
#403 = ADVANCED_FACE ( 'NONE', ( #1318 ), #1349, .T. ) ;
#404 = CARTESIAN_POINT ( 'NONE',  ( -21.39999999999999858, -34.00000000000000000, 9.899999999999998579 ) ) ;
#405 = ORIENTED_EDGE ( 'NONE', *, *, #1894, .T. ) ;
#406 = FACE_OUTER_BOUND ( 'NONE', #758, .T. ) ;
#407 = PLANE ( 'NONE',  #1802 ) ;
#408 = EDGE_LOOP ( 'NONE', ( #2162, #615, #893 ) ) ;
#409 = CARTESIAN_POINT ( 'NONE',  ( -14.10000000000000320, -27.49999999999999645, 0.2999999999999999889 ) ) ;
#410 = DIRECTION ( 'NONE',  ( 0.000000000000000000, 0.000000000000000000, -1.000000000000000000 ) ) ;
#411 = ORIENTED_EDGE ( 'NONE', *, *, #1209, .F. ) ;
#412 = DIRECTION ( 'NONE',  ( 0.000000000000000000, 0.000000000000000000, -1.000000000000000000 ) ) ;
#413 = EDGE_CURVE ( 'NONE', #631, #968, #2982, .T. ) ;
#414 = ORIENTED_EDGE ( 'NONE', *, *, #1734, .F. ) ;
#415 = CIRCLE ( 'NONE', #830, 0.3000000000000004885 ) ;
#416 = LINE ( 'NONE', #1393, #1610 ) ;
#417 = DIRECTION ( 'NONE',  ( 0.000000000000000000, -0.5937090424105631037, -0.8046797952974412693 ) ) ;
#418 = AXIS2_PLACEMENT_3D ( 'NONE', #2848, #130, #2167 ) ;
#419 = ORIENTED_EDGE ( 'NONE', *, *, #1266, .T. ) ;
#420 = CONICAL_SURFACE ( 'NONE', #2270, 3.100000000000000533, 0.7853981633974489451 ) ;
#421 = DIRECTION ( 'NONE',  ( -0.000000000000000000, -0.000000000000000000, 1.000000000000000000 ) ) ;
#422 = CARTESIAN_POINT ( 'NONE',  ( -22.56196622351595948, -18.36721209188930359, 6.000236594058320883 ) ) ;
#423 = VECTOR ( 'NONE', #1417, 1000.000000000000000 ) ;
#424 = VERTEX_POINT ( 'NONE', #875 ) ;
#425 = CARTESIAN_POINT ( 'NONE',  ( -24.03200000000000358, -29.29749660922551158, 10.58046859687022057 ) ) ;
#426 = AXIS2_PLACEMENT_3D ( 'NONE', #1381, #163, #1893 ) ;
#427 = VECTOR ( 'NONE', #1779, 1000.000000000000000 ) ;
#428 = EDGE_CURVE ( 'NONE', #139, #1089, #1438, .T. ) ;
#429 = ORIENTED_EDGE ( 'NONE', *, *, #1575, .F. ) ;
#430 = CYLINDRICAL_SURFACE ( 'NONE', #470, 16.00000000000000000 ) ;
#431 = AXIS2_PLACEMENT_3D ( 'NONE', #1641, #1871, #2820 ) ;
#432 = EDGE_CURVE ( 'NONE', #2955, #1567, #1589, .T. ) ;
#433 = ORIENTED_EDGE ( 'NONE', *, *, #1163, .F. ) ;
#434 = CIRCLE ( 'NONE', #484, 8.000000000000000000 ) ;
#435 = CYLINDRICAL_SURFACE ( 'NONE', #3050, 15.50000000000000000 ) ;
#436 = CARTESIAN_POINT ( 'NONE',  ( -18.41161241811052918, -26.09877750797579310, 8.247115267846355735 ) ) ;
#437 = CIRCLE ( 'NONE', #2023, 15.50000000000000000 ) ;
#438 = VERTEX_POINT ( 'NONE', #204 ) ;
#439 = CARTESIAN_POINT ( 'NONE',  ( -23.78200000000000358, -36.28955420628187056, 0.6402257815637277805 ) ) ;
#440 = FACE_BOUND ( 'NONE', #658, .T. ) ;
#441 = CARTESIAN_POINT ( 'NONE',  ( -10.62461462387981115, -4.400859472198537681, 4.099999999999999645 ) ) ;
#442 = CARTESIAN_POINT ( 'NONE',  ( -16.55556867066705706, -23.27079263345752835, 6.889135560559262572 ) ) ;
#443 = EDGE_CURVE ( 'NONE', #2972, #277, #2827, .T. ) ;
#444 = FACE_OUTER_BOUND ( 'NONE', #342, .T. ) ;
#445 = VERTEX_POINT ( 'NONE', #651 ) ;
#446 = EDGE_CURVE ( 'NONE', #1856, #2648, #315, .T. ) ;
#447 = FACE_OUTER_BOUND ( 'NONE', #2462, .T. ) ;
#448 = ORIENTED_EDGE ( 'NONE', *, *, #395, .F. ) ;
#449 = DIRECTION ( 'NONE',  ( 1.000000000000000000, 0.000000000000000000, 0.000000000000000000 ) ) ;
#450 = DIRECTION ( 'NONE',  ( -0.000000000000000000, 0.000000000000000000, 1.000000000000000000 ) ) ;
#451 = ORIENTED_EDGE ( 'NONE', *, *, #880, .T. ) ;
#452 = FACE_OUTER_BOUND ( 'NONE', #929, .T. ) ;
#453 = CARTESIAN_POINT ( 'NONE',  ( -23.73200000000000287, -40.00000000000000000, 11.00000000000000000 ) ) ;
#454 = LINE ( 'NONE', #1193, #465 ) ;
#455 = CARTESIAN_POINT ( 'NONE',  ( -16.27524118816441856, -23.11944876214581512, 6.835476318031466825 ) ) ;
#456 = DIRECTION ( 'NONE',  ( 1.000000000000000000, -0.000000000000000000, -0.000000000000000000 ) ) ;
#457 = VERTEX_POINT ( 'NONE', #404 ) ;
#458 = B_SPLINE_CURVE_WITH_KNOTS ( 'NONE', 3,
 ( #736, #2212, #1723, #26 ),
 .UNSPECIFIED., .F., .F.,
 ( 4, 4 ),
 ( 0.000000000000000000, 0.001073271213201946106 ),
 .UNSPECIFIED. ) ;
#459 = CARTESIAN_POINT ( 'NONE',  ( -23.73200000000012011, -37.34661597919940590, 0.3248160091659278992 ) ) ;
#460 = ADVANCED_FACE ( 'NONE', ( #144 ), #624, .F. ) ;
#461 = ORIENTED_EDGE ( 'NONE', *, *, #2323, .F. ) ;
#462 = DIRECTION ( 'NONE',  ( 1.000000000000000000, 0.000000000000000000, 0.000000000000000000 ) ) ;
#463 = DATE_AND_TIME ( #986, #2951 ) ;
#464 = CYLINDRICAL_SURFACE ( 'NONE', #2121, 8.049999999999998934 ) ;
#465 = VECTOR ( 'NONE', #3171, 1000.000000000000000 ) ;
#466 = ORIENTED_EDGE ( 'NONE', *, *, #2986, .T. ) ;
#467 = CARTESIAN_POINT ( 'NONE',  ( -23.73200000000000287, -40.00000000000000000, 11.00000000000000000 ) ) ;
#468 = FACE_OUTER_BOUND ( 'NONE', #2579, .T. ) ;
#469 = AXIS2_PLACEMENT_3D ( 'NONE', #861, #223, #1924 ) ;
#470 = AXIS2_PLACEMENT_3D ( 'NONE', #1675, #1408, #918 ) ;
#471 = ADVANCED_FACE ( 'NONE', ( #3164 ), #1622, .F. ) ;
#472 = DIRECTION ( 'NONE',  ( 0.000000000000000000, -6.484947573745073600E-16, -1.000000000000000000 ) ) ;
#473 = DIRECTION ( 'NONE',  ( 1.000000000000000000, -0.000000000000000000, -0.000000000000000000 ) ) ;
#474 = AXIS2_PLACEMENT_3D ( 'NONE', #409, #1671, #3073 ) ;
#475 = DIRECTION ( 'NONE',  ( 0.000000000000000000, 0.000000000000000000, 1.000000000000000000 ) ) ;
#476 = VERTEX_POINT ( 'NONE', #969 ) ;
#477 = AXIS2_PLACEMENT_3D ( 'NONE', #132, #2877, #925 ) ;
#478 = CARTESIAN_POINT ( 'NONE',  ( -23.73200000000000287, -40.00000000000000000, 11.00000000000000000 ) ) ;
#479 = AXIS2_PLACEMENT_3D ( 'NONE', #108, #2765, #3018 ) ;
#480 = ORIENTED_EDGE ( 'NONE', *, *, #2432, .F. ) ;
#481 = DIRECTION ( 'NONE',  ( 0.5150380749100549327, 0.000000000000000000, -0.8571673007021118895 ) ) ;
#482 = AXIS2_PLACEMENT_3D ( 'NONE', #978, #2992, #783 ) ;
#483 = CARTESIAN_POINT ( 'NONE',  ( -15.31317972255887483, -23.15592501349619070, 6.434378092981671848 ) ) ;
#484 = AXIS2_PLACEMENT_3D ( 'NONE', #1268, #1238, #1682 ) ;
#485 = EDGE_CURVE ( 'NONE', #2689, #3014, #2526, .T. ) ;
#486 = VERTEX_POINT ( 'NONE', #1114 ) ;
#487 = DIRECTION ( 'NONE',  ( 1.000000000000000000, -0.000000000000000000, -0.000000000000000000 ) ) ;
#488 = CARTESIAN_POINT ( 'NONE',  ( -24.03200000000000358, -37.41898099794880039, 0.6159573907340032406 ) ) ;
#489 = CIRCLE ( 'NONE', #2286, 0.2999999999999999334 ) ;
#490 = EDGE_CURVE ( 'NONE', #1507, #504, #2611, .T. ) ;
#491 = DIRECTION ( 'NONE',  ( -1.000000000000000000, -0.000000000000000000, -0.000000000000000000 ) ) ;
#492 = CARTESIAN_POINT ( 'NONE',  ( -23.13932569136544970, -20.54386771592027827, 5.884262564061236489 ) ) ;
#493 = CARTESIAN_POINT ( 'NONE',  ( -21.39999999999999858, -34.00000000000000000, 12.09999999999999964 ) ) ;
#494 = DIRECTION ( 'NONE',  ( -0.3004939492409034463, -0.9537837210131056009, 0.000000000000000000 ) ) ;
#495 = ORIENTED_EDGE ( 'NONE', *, *, #517, .F. ) ;
#496 = DIRECTION ( 'NONE',  ( -0.000000000000000000, -0.000000000000000000, 1.000000000000000000 ) ) ;
#497 = ADVANCED_FACE ( 'NONE', ( #2670 ), #1183, .F. ) ;
#498 = ORIENTED_EDGE ( 'NONE', *, *, #1835, .T. ) ;
#499 = CC_DESIGN_PERSON_AND_ORGANIZATION_ASSIGNMENT ( #2168, #2186, ( #976 ) ) ;
#501 = ORIENTED_EDGE ( 'NONE', *, *, #2024, .T. ) ;
#500 = DIRECTION ( 'NONE',  ( 0.000000000000000000, -1.000000000000000000, 0.000000000000000000 ) ) ;
#502 = PERSON_AND_ORGANIZATION ( #2085, #3102 ) ;
#503 = CARTESIAN_POINT ( 'NONE',  ( -2.100000000000000089, -13.49999999999999822, 3.249999999999999112 ) ) ;
#504 = VERTEX_POINT ( 'NONE', #3083 ) ;
#505 = B_SPLINE_CURVE_WITH_KNOTS ( 'NONE', 3,
 ( #459, #2619, #3162, #948 ),
 .UNSPECIFIED., .F., .F.,
 ( 4, 4 ),
 ( 7.222975704331988530E-18, 0.001104827315971561915 ),
 .UNSPECIFIED. ) ;
#506 = DIRECTION ( 'NONE',  ( 1.000000000000000000, 0.000000000000000000, 0.000000000000000000 ) ) ;
#507 = CARTESIAN_POINT ( 'NONE',  ( -24.07384378028451266, -34.00000000000000000, 11.00000000000000000 ) ) ;
#508 = EDGE_CURVE ( 'NONE', #1445, #2840, #2420, .T. ) ;
#509 = CARTESIAN_POINT ( 'NONE',  ( 0.000000000000000000, 13.49999999999999822, 1.750000000000006217 ) ) ;
#510 = DIRECTION ( 'NONE',  ( 0.000000000000000000, -0.000000000000000000, -1.000000000000000000 ) ) ;
#511 = CARTESIAN_POINT ( 'NONE',  ( -22.89755076827025349, -19.49804055787920731, 6.049052901351371858 ) ) ;
#512 = CARTESIAN_POINT ( 'NONE',  ( -23.58503168784539383, -29.00425365477881456, 10.64595742275774626 ) ) ;
#513 = ORIENTED_EDGE ( 'NONE', *, *, #1503, .F. ) ;
#514 = DIRECTION ( 'NONE',  ( 1.000000000000000000, -0.000000000000000000, -0.000000000000000000 ) ) ;
#515 = ORIENTED_EDGE ( 'NONE', *, *, #972, .F. ) ;
#516 = DIRECTION ( 'NONE',  ( -0.000000000000000000, -0.000000000000000000, 1.000000000000000000 ) ) ;
#517 = EDGE_CURVE ( 'NONE', #1603, #366, #2266, .T. ) ;
#518 = VERTEX_POINT ( 'NONE', #3146 ) ;
#519 = CARTESIAN_POINT ( 'NONE',  ( -18.60000000000000142, -40.00000000000000000, 11.00000000000000000 ) ) ;
#520 = CARTESIAN_POINT ( 'NONE',  ( -24.03200000000000358, -40.00000000000000000, 21.69999999999999574 ) ) ;
#521 = VECTOR ( 'NONE', #1027, 1000.000000000000114 ) ;
#522 = LINE ( 'NONE', #214, #1334 ) ;
#523 = CONICAL_SURFACE ( 'NONE', #1794, 2.099999999999997868, 0.7853981633974482790 ) ;
#524 = DIRECTION ( 'NONE',  ( -1.000000000000000000, -0.000000000000000000, -0.000000000000000000 ) ) ;
#525 = CARTESIAN_POINT ( 'NONE',  ( -22.60533419168709912, -18.50486432135850023, 6.003196394691054927 ) ) ;
#526 = AXIS2_PLACEMENT_3D ( 'NONE', #771, #741, #253 ) ;
#527 = ORIENTED_EDGE ( 'NONE', *, *, #2484, .T. ) ;
#528 = DIRECTION ( 'NONE',  ( 0.000000000000000000, -0.2412167291636808930, 0.9704712718940088356 ) ) ;
#529 = AXIS2_PLACEMENT_3D ( 'NONE', #2507, #816, #3040 ) ;
#530 = EDGE_CURVE ( 'NONE', #2706, #2452, #885, .T. ) ;
#531 = VECTOR ( 'NONE', #2662, 999.9999999999998863 ) ;
#532 = ORIENTED_EDGE ( 'NONE', *, *, #103, .T. ) ;
#533 = LINE ( 'NONE', #255, #2728 ) ;
#534 = DATE_AND_TIME ( #1021, #645 ) ;
#535 = AXIS2_PLACEMENT_3D ( 'NONE', #2657, #450, #1926 ) ;
#536 = EDGE_LOOP ( 'NONE', ( #1117, #2562, #1905, #2328 ) ) ;
#537 = AXIS2_PLACEMENT_3D ( 'NONE', #767, #524, #1469 ) ;
#538 = DIRECTION ( 'NONE',  ( 0.000000000000000000, -1.000000000000000000, 0.000000000000000000 ) ) ;
#539 = DIRECTION ( 'NONE',  ( 0.000000000000000000, 0.000000000000000000, -1.000000000000000000 ) ) ;
#540 = EDGE_CURVE ( 'NONE', #2485, #609, #3029, .T. ) ;
#541 = CONICAL_SURFACE ( 'NONE', #70, 3.100000000000000533, 0.7853981633974485010 ) ;
#542 = DIRECTION ( 'NONE',  ( 1.000000000000000000, 0.000000000000000000, 0.000000000000000000 ) ) ;
#543 = AXIS2_PLACEMENT_3D ( 'NONE', #2155, #145, #939 ) ;
#544 = DIRECTION ( 'NONE',  ( 1.000000000000000000, 0.000000000000000000, 0.000000000000000000 ) ) ;
#545 = CARTESIAN_POINT ( 'NONE',  ( -23.46282527796637396, -22.57198154206650287, 6.316489121989508959 ) ) ;
#546 = CIRCLE ( 'NONE', #2443, 1.099999999999996758 ) ;
#547 = ORIENTED_EDGE ( 'NONE', *, *, #3165, .F. ) ;
#548 = CARTESIAN_POINT ( 'NONE',  ( -23.73199999999928167, -29.00003491384804022, 11.02771467910484304 ) ) ;
#549 = EDGE_CURVE ( 'NONE', #3130, #486, #1365, .T. ) ;
#550 = ORIENTED_EDGE ( 'NONE', *, *, #702, .F. ) ;
#551 = LINE ( 'NONE', #1476, #1743 ) ;
#552 = ORIENTED_EDGE ( 'NONE', *, *, #191, .F. ) ;
#553 = DIRECTION ( 'NONE',  ( 0.000000000000000000, -0.000000000000000000, -1.000000000000000000 ) ) ;
#554 = LINE ( 'NONE', #324, #3141 ) ;
#555 = CARTESIAN_POINT ( 'NONE',  ( -21.39999999999999858, -46.00000000000000000, 9.899999999999998579 ) ) ;
#556 = CARTESIAN_POINT ( 'NONE',  ( -16.56192703947274936, -23.73023963335416298, 6.645620507213972239 ) ) ;
#557 = DIRECTION ( 'NONE',  ( 0.000000000000000000, 0.000000000000000000, -1.000000000000000000 ) ) ;
#558 = EDGE_CURVE ( 'NONE', #1875, #926, #2629, .T. ) ;
#559 = ORIENTED_EDGE ( 'NONE', *, *, #938, .T. ) ;
#560 = CARTESIAN_POINT ( 'NONE',  ( -18.60000000000000142, -40.00000000000000000, -6.938893903907228378E-15 ) ) ;
#561 = EDGE_LOOP ( 'NONE', ( #2804, #86, #2610, #1757 ) ) ;
#562 = CARTESIAN_POINT ( 'NONE',  ( 0.000000000000000000, 0.000000000000000000, 5.500000000000000000 ) ) ;
#563 = EDGE_CURVE ( 'NONE', #819, #2648, #992, .T. ) ;
#564 = ORIENTED_EDGE ( 'NONE', *, *, #1985, .T. ) ;
#565 = DIRECTION ( 'NONE',  ( 1.000000000000000000, 0.000000000000000000, 0.000000000000000000 ) ) ;
#566 = CARTESIAN_POINT ( 'NONE',  ( -15.26053953620968251, 4.807903187854469351, 5.699999999999998401 ) ) ;
#567 = DIRECTION ( 'NONE',  ( -0.000000000000000000, -0.000000000000000000, -1.000000000000000000 ) ) ;
#568 = DIRECTION ( 'NONE',  ( 0.000000000000000000, -1.000000000000000000, 0.000000000000000000 ) ) ;
#569 = CARTESIAN_POINT ( 'NONE',  ( -18.59830446343383059, -27.35561227151333696, 8.747175591985863363 ) ) ;
#570 = CARTESIAN_POINT ( 'NONE',  ( -23.23200000000000287, -24.39786552070579617, 7.348253836090123059 ) ) ;
#571 = EDGE_CURVE ( 'NONE', #476, #1642, #3133, .T. ) ;
#572 = AXIS2_PLACEMENT_3D ( 'NONE', #46, #3008, #3020 ) ;
#573 = VERTEX_POINT ( 'NONE', #2003 ) ;
#574 = DIRECTION ( 'NONE',  ( -1.000000000000000000, -0.000000000000000000, -0.000000000000000000 ) ) ;
#575 = VECTOR ( 'NONE', #481, 1000.000000000000000 ) ;
#576 = VERTEX_POINT ( 'NONE', #2957 ) ;
#577 = VECTOR ( 'NONE', #644, 1000.000000000000000 ) ;
#578 = DIRECTION ( 'NONE',  ( 0.000000000000000000, 1.000000000000000000, 0.000000000000000000 ) ) ;
#579 = APPROVAL_DATE_TIME ( #15, #1261 ) ;
#580 = AXIS2_PLACEMENT_3D ( 'NONE', #3045, #1549, #3025 ) ;
#581 = ORIENTED_EDGE ( 'NONE', *, *, #530, .T. ) ;
#582 = CARTESIAN_POINT ( 'NONE',  ( 1.463452924981084508E-15, 13.49999999999999822, 1.750000000000011546 ) ) ;
#583 = FACE_OUTER_BOUND ( 'NONE', #180, .T. ) ;
#584 = EDGE_CURVE ( 'NONE', #88, #385, #1774, .T. ) ;
#585 = VECTOR ( 'NONE', #2393, 1000.000000000000114 ) ;
#586 = EDGE_LOOP ( 'NONE', ( #2797, #1338, #2366, #2112 ) ) ;
#587 = CARTESIAN_POINT ( 'NONE',  ( 0.000000000000000000, 0.000000000000000000, 6.000000000000000000 ) ) ;
#588 = CARTESIAN_POINT ( 'NONE',  ( -18.05945139869412941, -25.29395622549787603, 7.363088312051513817 ) ) ;
#589 = CYLINDRICAL_SURFACE ( 'NONE', #1652, 11.00000000000000000 ) ;
#590 = AXIS2_PLACEMENT_3D ( 'NONE', #2568, #2815, #373 ) ;
#591 = AXIS2_PLACEMENT_3D ( 'NONE', #634, #1623, #911 ) ;
#592 = ORIENTED_EDGE ( 'NONE', *, *, #2142, .F. ) ;
#593 = CARTESIAN_POINT ( 'NONE',  ( -21.39999999999999858, -34.00000000000000000, 11.00000000000000000 ) ) ;
#594 = CC_DESIGN_APPROVAL ( #1261, ( #2076 ) ) ;
#595 = ORIENTED_EDGE ( 'NONE', *, *, #1881, .T. ) ;
#596 = CARTESIAN_POINT ( 'NONE',  ( -23.45785016314593108, -37.56850379088428582, 0.1625592528766368616 ) ) ;
#597 = EDGE_CURVE ( 'NONE', #675, #1567, #1693, .T. ) ;
#598 = ORIENTED_EDGE ( 'NONE', *, *, #3042, .F. ) ;
#599 = FACE_OUTER_BOUND ( 'NONE', #2869, .T. ) ;
#600 = CARTESIAN_POINT ( 'NONE',  ( -23.73200000000000287, -40.00000000000000000, 0.2999999999999999334 ) ) ;
#601 = ORIENTED_EDGE ( 'NONE', *, *, #2867, .F. ) ;
#602 = DIRECTION ( 'NONE',  ( 1.000000000000000000, 0.000000000000000000, 0.000000000000000000 ) ) ;
#603 = ORIENTED_EDGE ( 'NONE', *, *, #2114, .F. ) ;
#604 = CARTESIAN_POINT ( 'NONE',  ( -18.59466437418349471, -27.28092886213437751, 8.688399131949008591 ) ) ;
#605 = DIRECTION ( 'NONE',  ( -0.000000000000000000, -0.000000000000000000, 1.000000000000000000 ) ) ;
#606 = ADVANCED_FACE ( 'NONE', ( #1758, #2240 ), #30, .F. ) ;
#607 = ORIENTED_EDGE ( 'NONE', *, *, #2537, .T. ) ;
#608 = DIRECTION ( 'NONE',  ( 0.000000000000000000, 0.000000000000000000, 1.000000000000000000 ) ) ;
#609 = VERTEX_POINT ( 'NONE', #2985 ) ;
#610 = CARTESIAN_POINT ( 'NONE',  ( -23.48289743322877143, -37.28924432631745134, 0.1961615269763716252 ) ) ;
#611 = EDGE_CURVE ( 'NONE', #968, #631, #1640, .T. ) ;
#612 = ORIENTED_EDGE ( 'NONE', *, *, #508, .F. ) ;
#613 = CARTESIAN_POINT ( 'NONE',  ( 0.000000000000000000, -23.00000000000000000, 0.2999999999999999889 ) ) ;
#614 = CARTESIAN_POINT ( 'NONE',  ( -23.53200000000000358, -40.00000000000000000, 0.000000000000000000 ) ) ;
#615 = ORIENTED_EDGE ( 'NONE', *, *, #446, .T. ) ;
#616 = DIRECTION ( 'NONE',  ( 1.000000000000000000, 0.000000000000000000, 0.000000000000000000 ) ) ;
#617 = CARTESIAN_POINT ( 'NONE',  ( -18.60000000000000142, -40.00000000000000000, 11.00000000000000000 ) ) ;
#618 = FACE_OUTER_BOUND ( 'NONE', #1360, .T. ) ;
#619 = DIRECTION ( 'NONE',  ( 1.000000000000000000, 0.000000000000000000, 0.000000000000000000 ) ) ;
#620 = CARTESIAN_POINT ( 'NONE',  ( 25.00000000000000000, -27.08821140688683826, 8.929803070538241627 ) ) ;
#621 = CARTESIAN_POINT ( 'NONE',  ( -19.10000000000000497, -40.00000000000000000, 11.00000000000000000 ) ) ;
#622 = ORIENTED_EDGE ( 'NONE', *, *, #2780, .T. ) ;
#623 = CARTESIAN_POINT ( 'NONE',  ( -2.550645464270670182, 13.49999999999999822, 2.500000000000000000 ) ) ;
#624 = CONICAL_SURFACE ( 'NONE', #1953, 0.7499999999999988898, 1.029744258676653645 ) ;
#625 = ADVANCED_FACE ( 'NONE', ( #1005 ), #1899, .T. ) ;
#626 = AXIS2_PLACEMENT_3D ( 'NONE', #789, #301, #528 ) ;
#627 = ORIENTED_EDGE ( 'NONE', *, *, #1424, .T. ) ;
#628 = CARTESIAN_POINT ( 'NONE',  ( -14.10000000000000320, -22.69999999999999929, 6.382104175607510754 ) ) ;
#629 = CARTESIAN_POINT ( 'NONE',  ( -23.28200000000000358, -40.00000000000000000, 11.00000000000000000 ) ) ;
#630 = AXIS2_PLACEMENT_3D ( 'NONE', #2558, #72, #608 ) ;
#631 = VERTEX_POINT ( 'NONE', #57 ) ;
#632 = VECTOR ( 'NONE', #1208, 1000.000000000000114 ) ;
#633 = DIRECTION ( 'NONE',  ( -0.000000000000000000, -0.000000000000000000, 1.000000000000000000 ) ) ;
#634 = CARTESIAN_POINT ( 'NONE',  ( -24.07384378028451266, -46.00000000000000000, 11.00000000000000000 ) ) ;
#635 = DIRECTION ( 'NONE',  ( 1.000000000000000000, 0.000000000000000000, 0.000000000000000000 ) ) ;
#636 = EDGE_CURVE ( 'NONE', #2342, #2706, #551, .T. ) ;
#637 = AXIS2_PLACEMENT_3D ( 'NONE', #1850, #1178, #2838 ) ;
#638 = DIRECTION ( 'NONE',  ( 1.000000000000000000, -0.000000000000000000, -0.000000000000000000 ) ) ;
#639 = CONICAL_SURFACE ( 'NONE', #1299, 2.099999999999997868, 0.7853981633974482790 ) ;
#640 = FACE_OUTER_BOUND ( 'NONE', #2033, .T. ) ;
#641 = AXIS2_PLACEMENT_3D ( 'NONE', #2811, #107, #2315 ) ;
#642 = CARTESIAN_POINT ( 'NONE',  ( -23.23200000000000287, -36.93208776333745647, -59.93368673985678896 ) ) ;
#643 = ORIENTED_EDGE ( 'NONE', *, *, #2430, .T. ) ;
#644 = DIRECTION ( 'NONE',  ( -0.000000000000000000, -0.000000000000000000, 1.000000000000000000 ) ) ;
#645 = LOCAL_TIME ( 12, 25, 39.00000000000000000, #31 ) ;
#646 = ADVANCED_FACE ( 'NONE', ( #2937 ), #744, .T. ) ;
#647 = ORIENTED_EDGE ( 'NONE', *, *, #1443, .T. ) ;
#648 = DIRECTION ( 'NONE',  ( 1.000000000000000000, -0.000000000000000000, 0.000000000000000000 ) ) ;
#649 = CARTESIAN_POINT ( 'NONE',  ( -24.07384378028451266, -34.00000000000000000, 12.09999999999999964 ) ) ;
#650 = ORIENTED_EDGE ( 'NONE', *, *, #3119, .T. ) ;
#651 = CARTESIAN_POINT ( 'NONE',  ( -1.300859472198530042, 10.62461462387979871, 5.500000000000000000 ) ) ;
#652 = DIRECTION ( 'NONE',  ( 0.000000000000000000, 0.000000000000000000, 1.000000000000000000 ) ) ;
#653 = CARTESIAN_POINT ( 'NONE',  ( -22.47539410076020872, -18.09242758595629752, 5.700000000000001954 ) ) ;
#654 = EDGE_CURVE ( 'NONE', #1692, #1718, #1741, .T. ) ;
#655 = DIRECTION ( 'NONE',  ( 0.000000000000000000, 0.000000000000000000, -1.000000000000000000 ) ) ;
#656 = FACE_OUTER_BOUND ( 'NONE', #1052, .T. ) ;
#657 = CARTESIAN_POINT ( 'NONE',  ( -14.97440441990575088, 4.717755003082198861, 6.000000000000000000 ) ) ;
#658 = EDGE_LOOP ( 'NONE', ( #3126, #1475 ) ) ;
#659 = FACE_OUTER_BOUND ( 'NONE', #2960, .T. ) ;
#660 = ORIENTED_EDGE ( 'NONE', *, *, #1578, .T. ) ;
#661 = LINE ( 'NONE', #1631, #1662 ) ;
#662 = DIRECTION ( 'NONE',  ( -0.000000000000000000, -0.000000000000000000, 1.000000000000000000 ) ) ;
#663 = ORIENTED_EDGE ( 'NONE', *, *, #428, .F. ) ;
#664 = DIRECTION ( 'NONE',  ( -0.000000000000000000, -0.000000000000000000, 1.000000000000000000 ) ) ;
#665 = FACE_BOUND ( 'NONE', #690, .T. ) ;
#666 = CARTESIAN_POINT ( 'NONE',  ( 0.000000000000000000, 13.49999999999999822, 2.500000000000000000 ) ) ;
#667 = CARTESIAN_POINT ( 'NONE',  ( -24.07384378028451266, -40.00000000000002132, 15.90000000000000036 ) ) ;
#668 = ADVANCED_FACE ( 'NONE', ( #1251 ), #2449, .T. ) ;
#669 = CARTESIAN_POINT ( 'NONE',  ( -23.78199999999998937, -40.00000000000000000, 11.00000000000000000 ) ) ;
#670 = ORIENTED_EDGE ( 'NONE', *, *, #3006, .T. ) ;
#671 = CARTESIAN_POINT ( 'NONE',  ( -23.23200000000000287, -39.52468965347481600, 0.01027388537429632653 ) ) ;
#672 = AXIS2_PLACEMENT_3D ( 'NONE', #2456, #247, #2947 ) ;
#673 = ORIENTED_EDGE ( 'NONE', *, *, #1894, .F. ) ;
#674 = AXIS2_PLACEMENT_3D ( 'NONE', #793, #2760, #985 ) ;
#675 = VERTEX_POINT ( 'NONE', #2253 ) ;
#676 = DIRECTION ( 'NONE',  ( 0.000000000000000000, 0.000000000000000000, -1.000000000000000000 ) ) ;
#677 = DIRECTION ( 'NONE',  ( 1.000000000000000000, -0.000000000000000000, -0.000000000000000000 ) ) ;
#678 = CIRCLE ( 'NONE', #1592, 10.69999999999999929 ) ;
#679 = ORIENTED_EDGE ( 'NONE', *, *, #326, .T. ) ;
#680 = AXIS2_PLACEMENT_3D ( 'NONE', #215, #2710, #1243 ) ;
#681 = FACE_OUTER_BOUND ( 'NONE', #2363, .T. ) ;
#682 = CARTESIAN_POINT ( 'NONE',  ( -23.28200000000000358, -40.00000000000000000, 13.74999999999999822 ) ) ;
#683 = EDGE_CURVE ( 'NONE', #1065, #2904, #2203, .T. ) ;
#684 = CIRCLE ( 'NONE', #680, 2.749999999999999112 ) ;
#685 = EDGE_CURVE ( 'NONE', #2311, #703, #782, .T. ) ;
#686 = CARTESIAN_POINT ( 'NONE',  ( -18.60000000000000142, -40.00000000000000000, 21.69999999999999574 ) ) ;
#687 = CARTESIAN_POINT ( 'NONE',  ( -14.75080212528576951, -22.64420583258260322, 6.678746641138936901 ) ) ;
#688 = CIRCLE ( 'NONE', #2538, 10.70839202169003812 ) ;
#689 = CIRCLE ( 'NONE', #1344, 0.3000000000000004885 ) ;
#690 = EDGE_LOOP ( 'NONE', ( #1633, #643 ) ) ;
#691 = CARTESIAN_POINT ( 'NONE',  ( -18.60000000000000142, -40.00000000000000000, 2.449999999999997513 ) ) ;
#692 = CIRCLE ( 'NONE', #2994, 8.049999999999998934 ) ;
#693 = ORIENTED_EDGE ( 'NONE', *, *, #3134, .F. ) ;
#694 = CIRCLE ( 'NONE', #2546, 0.2999999999999999889 ) ;
#695 = DIRECTION ( 'NONE',  ( -1.000000000000000000, -0.000000000000000000, -0.000000000000000000 ) ) ;
#696 = DIRECTION ( 'NONE',  ( 1.000000000000000000, -0.000000000000000000, -0.000000000000000000 ) ) ;
#697 = LOCAL_TIME ( 12, 25, 39.00000000000000000, #2450 ) ;
#698 = EDGE_LOOP ( 'NONE', ( #1173, #1023, #1616, #1321 ) ) ;
#699 = CARTESIAN_POINT ( 'NONE',  ( -6.100859472198529865, 10.62461462387979871, 4.099999999999999645 ) ) ;
#700 = DIRECTION ( 'NONE',  ( 0.000000000000000000, 0.000000000000000000, -1.000000000000000000 ) ) ;
#701 = CARTESIAN_POINT ( 'NONE',  ( -23.73200000000091237, -29.00003491384803667, 11.02771467910383585 ) ) ;
#702 = EDGE_CURVE ( 'NONE', #1078, #1445, #533, .T. ) ;
#703 = VERTEX_POINT ( 'NONE', #1508 ) ;
#704 = DIRECTION ( 'NONE',  ( -0.000000000000000000, 0.000000000000000000, 1.000000000000000000 ) ) ;
#705 = EDGE_LOOP ( 'NONE', ( #1558, #3088, #160, #203 ) ) ;
#706 = FACE_OUTER_BOUND ( 'NONE', #2474, .T. ) ;
#707 = EDGE_LOOP ( 'NONE', ( #598, #228 ) ) ;
#708 = DIRECTION ( 'NONE',  ( 0.000000000000000000, 0.000000000000000000, -1.000000000000000000 ) ) ;
#709 = APPLICATION_PROTOCOL_DEFINITION ( 'international standard', 'config_control_design', 1994, #3153 ) ;
#710 = CARTESIAN_POINT ( 'NONE',  ( -14.71666748393454682, -23.03205710176888132, 6.392550839240612959 ) ) ;
#711 = ADVANCED_FACE ( 'NONE', ( #291 ), #1265, .T. ) ;
#712 = EDGE_LOOP ( 'NONE', ( #2980, #728, #2570, #1413 ) ) ;
#713 = FACE_OUTER_BOUND ( 'NONE', #1923, .T. ) ;
#714 = DIRECTION ( 'NONE',  ( -1.000000000000000000, -0.000000000000000000, -0.000000000000000000 ) ) ;
#715 = CARTESIAN_POINT ( 'NONE',  ( -24.03200000000000358, -46.00000000000000000, 11.00000000000000000 ) ) ;
#716 = CARTESIAN_POINT ( 'NONE',  ( -24.03200000000000358, -29.29749786845074766, 10.58044747846110845 ) ) ;
#717 = LINE ( 'NONE', #1933, #68 ) ;
#718 = ORIENTED_EDGE ( 'NONE', *, *, #1430, .F. ) ;
#719 = EDGE_CURVE ( 'NONE', #88, #1368, #2841, .T. ) ;
#720 = DIRECTION ( 'NONE',  ( 0.000000000000000000, 0.000000000000000000, 1.000000000000000000 ) ) ;
#721 = ADVANCED_FACE ( 'NONE', ( #123 ), #121, .F. ) ;
#722 = ORIENTED_EDGE ( 'NONE', *, *, #2574, .T. ) ;
#723 = DIRECTION ( 'NONE',  ( 1.000000000000000000, -0.000000000000000000, 0.000000000000000000 ) ) ;
#724 = CARTESIAN_POINT ( 'NONE',  ( -23.73199999999928167, -29.00003491384804022, 11.02771467910484304 ) ) ;
#725 = EDGE_CURVE ( 'NONE', #438, #3051, #1791, .T. ) ;
#726 = CARTESIAN_POINT ( 'NONE',  ( -14.42749996797698486, -22.61142305537329023, 6.668729584251958720 ) ) ;
#727 = CIRCLE ( 'NONE', #2418, 0.3000000000000000444 ) ;
#728 = ORIENTED_EDGE ( 'NONE', *, *, #2034, .T. ) ;
#729 = CARTESIAN_POINT ( 'NONE',  ( 0.000000000000000000, 0.000000000000000000, 6.000000000000000000 ) ) ;
#730 = CARTESIAN_POINT ( 'NONE',  ( -15.50000000000000000, 0.000000000000000000, 22.00000000000000000 ) ) ;
#731 = AXIS2_PLACEMENT_3D ( 'NONE', #2075, #633, #462 ) ;
#732 = CONICAL_SURFACE ( 'NONE', #2424, 2.099999999999997868, 0.7853981633974482790 ) ;
#733 = DIRECTION ( 'NONE',  ( 0.000000000000000000, 0.000000000000000000, 1.000000000000000000 ) ) ;
#734 = EDGE_CURVE ( 'NONE', #1785, #806, #1240, .T. ) ;
#735 = CARTESIAN_POINT ( 'NONE',  ( -18.89430866579572665, -27.08821140688683471, 8.929803070538246956 ) ) ;
#736 = CARTESIAN_POINT ( 'NONE',  ( -24.03200000000000358, -36.38929476581419920, 0.9187070570279469717 ) ) ;
#737 = CIRCLE ( 'NONE', #891, 1.099999999999999867 ) ;
#738 = EDGE_CURVE ( 'NONE', #1628, #576, #2348, .T. ) ;
#739 = CARTESIAN_POINT ( 'NONE',  ( -22.18925898445627709, -18.18257577072857245, 5.700000000000000178 ) ) ;
#740 = ORIENTED_EDGE ( 'NONE', *, *, #76, .T. ) ;
#741 = DIRECTION ( 'NONE',  ( -0.000000000000000000, -0.000000000000000000, 1.000000000000000000 ) ) ;
#742 = AXIS2_PLACEMENT_3D ( 'NONE', #2406, #2883, #410 ) ;
#743 = ORIENTED_EDGE ( 'NONE', *, *, #316, .T. ) ;
#744 = CYLINDRICAL_SURFACE ( 'NONE', #2878, 0.3000000000000003220 ) ;
#745 = CIRCLE ( 'NONE', #2281, 1.099999999999996758 ) ;
#746 = SECURITY_CLASSIFICATION_LEVEL ( 'unclassified' ) ;
#747 = LINE ( 'NONE', #503, #1707 ) ;
#748 = EDGE_CURVE ( 'NONE', #2773, #188, #2984, .T. ) ;
#749 = ORIENTED_EDGE ( 'NONE', *, *, #2915, .T. ) ;
#750 = DIRECTION ( 'NONE',  ( 1.000000000000000000, -0.000000000000000000, -0.000000000000000000 ) ) ;
#751 = DIRECTION ( 'NONE',  ( 1.000000000000000000, 0.000000000000000000, 0.000000000000000000 ) ) ;
#752 = PRODUCT_DEFINITION_FORMATION_WITH_SPECIFIED_SOURCE ( 'ANY', '', #2297, .NOT_KNOWN. ) ;
#753 = CARTESIAN_POINT ( 'NONE',  ( -23.23200000000000287, -24.39786552070579617, 7.348253836090123059 ) ) ;
#754 = CARTESIAN_POINT ( 'NONE',  ( -21.39999999999999858, -40.00000000000002132, 17.00000000000000000 ) ) ;
#755 = CARTESIAN_POINT ( 'NONE',  ( -22.76660941095061830, -19.01676041485703550, 5.719403244288455923 ) ) ;
#756 = EDGE_CURVE ( 'NONE', #1069, #1803, #2299, .T. ) ;
#757 = CARTESIAN_POINT ( 'NONE',  ( -2.100000000000000089, -13.49999999999999822, 2.500000000000000000 ) ) ;
#758 = EDGE_LOOP ( 'NONE', ( #3031, #1502, #405, #3027, #601, #2572, #3082 ) ) ;
#759 = DIRECTION ( 'NONE',  ( -0.7071067811865474617, 0.000000000000000000, 0.7071067811865474617 ) ) ;
#760 = EDGE_LOOP ( 'NONE', ( #194, #2510, #2953, #2242, #1538, #1564, #2300, #1562 ) ) ;
#761 = DIRECTION ( 'NONE',  ( -1.000000000000000000, 0.000000000000000000, 0.000000000000000000 ) ) ;
#762 = PERSON_AND_ORGANIZATION ( #2085, #3102 ) ;
#763 = ORIENTED_EDGE ( 'NONE', *, *, #734, .T. ) ;
#764 = LINE ( 'NONE', #729, #1007 ) ;
#765 = DIRECTION ( 'NONE',  ( 1.000000000000000000, 0.000000000000000000, 0.000000000000000000 ) ) ;
#766 = DIRECTION ( 'NONE',  ( 0.000000000000000000, -0.04070803854593537524, -0.9991710842482095511 ) ) ;
#767 = CARTESIAN_POINT ( 'NONE',  ( -24.03200000000000358, -34.00000000000000000, 11.00000000000000000 ) ) ;
#768 = CARTESIAN_POINT ( 'NONE',  ( -24.07384378028451266, -39.99999999999993605, 5.000000000000000888 ) ) ;
#769 = EDGE_CURVE ( 'NONE', #2904, #1087, #2050, .T. ) ;
#770 = VERTEX_POINT ( 'NONE', #1064 ) ;
#771 = CARTESIAN_POINT ( 'NONE',  ( -4.400859472198530575, 10.62461462387979871, 5.500000000000000000 ) ) ;
#772 = EDGE_CURVE ( 'NONE', #573, #3103, #161, .T. ) ;
#773 = B_SPLINE_CURVE_WITH_KNOTS ( 'NONE', 3,
 ( #398, #1421, #2667, #220, #1902, #1168, #1873, #202 ),
 .UNSPECIFIED., .F., .F.,
 ( 4, 2, 2, 4 ),
 ( -1.203344526117797478E-05, 0.001026976262869125313, 0.001546481116934279474, 0.002065985970999433853 ),
 .UNSPECIFIED. ) ;
#774 = ORIENTED_EDGE ( 'NONE', *, *, #1059, .T. ) ;
#775 = DIRECTION ( 'NONE',  ( 0.000000000000000000, 0.000000000000000000, -1.000000000000000000 ) ) ;
#776 = DIRECTION ( 'NONE',  ( 0.000000000000000000, 0.000000000000000000, 1.000000000000000000 ) ) ;
#777 = ORIENTED_EDGE ( 'NONE', *, *, #386, .T. ) ;
#778 = CYLINDRICAL_SURFACE ( 'NONE', #3049, 11.00000000000000000 ) ;
#779 = CARTESIAN_POINT ( 'NONE',  ( -18.60000000000000142, -40.00000000000000000, 11.00000000000000000 ) ) ;
#780 = AXIS2_PLACEMENT_3D ( 'NONE', #2029, #1749, #2305 ) ;
#781 = CARTESIAN_POINT ( 'NONE',  ( -24.03200000000000358, -29.31090445515350140, 10.35743006346581652 ) ) ;
#782 = CIRCLE ( 'NONE', #933, 4.800000000000000711 ) ;
#783 = DIRECTION ( 'NONE',  ( 0.000000000000000000, -1.963837897332234886E-15, 1.000000000000000000 ) ) ;
#784 = FACE_OUTER_BOUND ( 'NONE', #2874, .T. ) ;
#785 = ADVANCED_FACE ( 'NONE', ( #2590 ), #732, .F. ) ;
#786 = AXIS2_PLACEMENT_3D ( 'NONE', #1155, #1615, #412 ) ;
#787 = ORIENTED_EDGE ( 'NONE', *, *, #1039, .F. ) ;
#788 =( BOUNDED_SURFACE ( )  B_SPLINE_SURFACE ( 3, 2, ( 
 ( #2403, #198, #2615 ),
 ( #425, #927, #2358 ),
 ( #1118, #2835, #2096 ),
 ( #943, #2899, #701 ) ),
 .UNSPECIFIED., .F., .F., .F. ) 
 B_SPLINE_SURFACE_WITH_KNOTS ( ( 4, 4 ),
 ( 3, 3 ),
 ( 0.000000000000000000, 0.0006696170018050150771 ),
 ( 0.000000000000000000, 1.000000000000000000 ),
 .UNSPECIFIED. ) 
 GEOMETRIC_REPRESENTATION_ITEM ( )  RATIONAL_B_SPLINE_SURFACE ( (
 ( 1.000000000000000000, 0.7637626158259746001, 1.000000000000000000),
 ( 1.000000000000000000, 0.7633597143039149158, 1.000000000000000000),
 ( 1.000000000000000000, 0.7399570904276245864, 1.000000000000000000),
 ( 1.000000000000000000, 0.7071067811876229348, 1.000000000000000000) ) ) 
 REPRESENTATION_ITEM ( '' )  SURFACE ( )  );
#789 = CARTESIAN_POINT ( 'NONE',  ( -23.73200000000000287, -37.41898099794851618, 0.6159573907341289178 ) ) ;
#790 = AXIS2_PLACEMENT_3D ( 'NONE', #1815, #605, #862 ) ;
#791 = CIRCLE ( 'NONE', #1702, 0.3000000000000000444 ) ;
#792 = ORIENTED_EDGE ( 'NONE', *, *, #1756, .F. ) ;
#793 = CARTESIAN_POINT ( 'NONE',  ( -23.73200000000000287, -40.00000000000000000, 11.00000000000000000 ) ) ;
#794 = CIRCLE ( 'NONE', #2587, 8.049999999999998934 ) ;
#795 = VERTEX_POINT ( 'NONE', #623 ) ;
#796 = DIRECTION ( 'NONE',  ( -1.197978782142596721E-15, -0.9101164109273267577, 0.4143526499984785394 ) ) ;
#797 = CARTESIAN_POINT ( 'NONE',  ( -2.100000000000000089, 13.49999999999999822, 2.500000000000000000 ) ) ;
#798 = TOROIDAL_SURFACE ( 'NONE', #1557, 10.70839202169003812, 0.2999999999999999889 ) ;
#799 = CARTESIAN_POINT ( 'NONE',  ( -21.39999999999999858, -40.00000000000000000, 2.950000000000001066 ) ) ;
#800 = VECTOR ( 'NONE', #1110, 1000.000000000000114 ) ;
#801 = CYLINDRICAL_SURFACE ( 'NONE', #282, 15.00000000000000355 ) ;
#802 = DIRECTION ( 'NONE',  ( 0.000000000000000000, 0.000000000000000000, -1.000000000000000000 ) ) ;
#803 = VERTEX_POINT ( 'NONE', #3015 ) ;
#804 = ADVANCED_FACE ( 'NONE', ( #820 ), #105, .T. ) ;
#806 = VERTEX_POINT ( 'NONE', #2774 ) ;
#805 = FACE_OUTER_BOUND ( 'NONE', #1909, .T. ) ;
#807 = VERTEX_POINT ( 'NONE', #2408 ) ;
#808 = DIRECTION ( 'NONE',  ( 0.000000000000000000, 0.000000000000000000, 1.000000000000000000 ) ) ;
#809 = VERTEX_POINT ( 'NONE', #2903 ) ;
#810 = CARTESIAN_POINT ( 'NONE',  ( -31.81017459305202166, -40.00000000000000000, 13.74999999999999822 ) ) ;
#811 = DIRECTION ( 'NONE',  ( 0.000000000000000000, 0.000000000000000000, -1.000000000000000000 ) ) ;
#812 = EDGE_CURVE ( 'NONE', #1419, #1044, #2163, .T. ) ;
#813 = DIRECTION ( 'NONE',  ( 0.000000000000000000, -0.9999968260138157872, -0.002519516281810721750 ) ) ;
#814 = CARTESIAN_POINT ( 'NONE',  ( -24.03200000000000358, -40.00000000000000000, 11.00000000000000000 ) ) ;
#815 = CARTESIAN_POINT ( 'NONE',  ( -23.78200000000000358, -29.01563350352790494, 10.33967998949085576 ) ) ;
#816 = DIRECTION ( 'NONE',  ( 1.000000000000000000, -0.000000000000000000, 0.000000000000000000 ) ) ;
#817 = ORIENTED_EDGE ( 'NONE', *, *, #1384, .T. ) ;
#818 = DIRECTION ( 'NONE',  ( 1.000000000000000000, 0.000000000000000000, 0.000000000000000000 ) ) ;
#819 = VERTEX_POINT ( 'NONE', #671 ) ;
#820 = FACE_OUTER_BOUND ( 'NONE', #698, .T. ) ;
#821 = ADVANCED_FACE ( 'NONE', ( #447 ), #3142, .F. ) ;
#822 = EDGE_LOOP ( 'NONE', ( #2431, #2680, #3019, #2747 ) ) ;
#823 = EDGE_CURVE ( 'NONE', #1974, #3103, #773, .T. ) ;
#824 = CARTESIAN_POINT ( 'NONE',  ( -22.32153930395818620, -18.60244051565954848, 0.000000000000000000 ) ) ;
#825 = LINE ( 'NONE', #1790, #844 ) ;
#826 = ORIENTED_EDGE ( 'NONE', *, *, #428, .T. ) ;
#827 = DIRECTION ( 'NONE',  ( 0.000000000000000000, 0.000000000000000000, 1.000000000000000000 ) ) ;
#828 = CARTESIAN_POINT ( 'NONE',  ( -18.47008677361884921, -26.29740858780626667, 7.965000036194144428 ) ) ;
#829 = DIRECTION ( 'NONE',  ( -0.000000000000000000, -0.000000000000000000, 1.000000000000000000 ) ) ;
#830 = AXIS2_PLACEMENT_3D ( 'NONE', #94, #2319, #2534 ) ;
#831 = EDGE_CURVE ( 'NONE', #1078, #1862, #1138, .T. ) ;
#832 = VECTOR ( 'NONE', #2490, 1000.000000000000000 ) ;
#833 = VERTEX_POINT ( 'NONE', #1629 ) ;
#834 = CARTESIAN_POINT ( 'NONE',  ( 0.000000000000000000, 15.50000000000000000, 5.999999999999998224 ) ) ;
#835 = AXIS2_PLACEMENT_3D ( 'NONE', #2580, #1677, #616 ) ;
#836 = ORIENTED_EDGE ( 'NONE', *, *, #3006, .F. ) ;
#837 = CARTESIAN_POINT ( 'NONE',  ( -23.51980899332648178, -36.73611203102667844, 0.2721688844387241124 ) ) ;
#838 = AXIS2_PLACEMENT_3D ( 'NONE', #963, #1452, #2442 ) ;
#839 = ORIENTED_EDGE ( 'NONE', *, *, #719, .F. ) ;
#840 = VECTOR ( 'NONE', #1624, 1000.000000000000000 ) ;
#841 = DIRECTION ( 'NONE',  ( 0.000000000000000000, 0.000000000000000000, -1.000000000000000000 ) ) ;
#842 = DIRECTION ( 'NONE',  ( -0.7071067811865474617, 0.000000000000000000, 0.7071067811865474617 ) ) ;
#843 = EDGE_CURVE ( 'NONE', #2557, #2729, #505, .T. ) ;
#844 = VECTOR ( 'NONE', #1823, 1000.000000000000000 ) ;
#845 = EDGE_LOOP ( 'NONE', ( #2149, #612 ) ) ;
#846 = CARTESIAN_POINT ( 'NONE',  ( -18.89999999999999858, -40.00000000000000000, 0.2999999999999999889 ) ) ;
#847 = CARTESIAN_POINT ( 'NONE',  ( -2.100000000000000089, 13.49999999999999822, 3.249999999999999112 ) ) ;
#848 = CARTESIAN_POINT ( 'NONE',  ( -22.32153930395818620, -18.59420787360207683, 6.005649096680314436 ) ) ;
#849 = AXIS2_PLACEMENT_3D ( 'NONE', #2180, #2913, #475 ) ;
#850 = AXIS2_PLACEMENT_3D ( 'NONE', #329, #2292, #82 ) ;
#851 = VERTEX_POINT ( 'NONE', #1435 ) ;
#852 = CARTESIAN_POINT ( 'NONE',  ( -23.73199999999928167, -29.00003491384804022, 11.02771467910484304 ) ) ;
#853 = CIRCLE ( 'NONE', #1202, 2.749999999999999112 ) ;
#854 = EDGE_CURVE ( 'NONE', #2360, #1927, #2781, .T. ) ;
#855 = ORIENTED_EDGE ( 'NONE', *, *, #32, .T. ) ;
#856 = CARTESIAN_POINT ( 'NONE',  ( -23.23200000000000287, -40.00000000000000000, 0.2999999999999999889 ) ) ;
#857 = ORIENTED_EDGE ( 'NONE', *, *, #2016, .T. ) ;
#858 = DIRECTION ( 'NONE',  ( -0.3004939492409066659, -0.9537837210131044907, -0.000000000000000000 ) ) ;
#859 = CARTESIAN_POINT ( 'NONE',  ( -17.74868871004428783, -24.80108368059489621, 7.112006064931314597 ) ) ;
#860 = ORIENTED_EDGE ( 'NONE', *, *, #2447, .T. ) ;
#861 = CARTESIAN_POINT ( 'NONE',  ( -24.03200000000000358, -39.99999999999993605, 5.000000000000000888 ) ) ;
#862 = DIRECTION ( 'NONE',  ( 1.000000000000000000, 0.000000000000000000, 0.000000000000000000 ) ) ;
#863 = ORIENTED_EDGE ( 'NONE', *, *, #248, .F. ) ;
#864 = ADVANCED_FACE ( 'NONE', ( #706 ), #187, .F. ) ;
#865 = CARTESIAN_POINT ( 'NONE',  ( -6.100859472198528977, 10.62461462387979871, 5.500000000000000000 ) ) ;
#866 = FACE_BOUND ( 'NONE', #1326, .T. ) ;
#867 = EDGE_LOOP ( 'NONE', ( #1437, #2402, #3116, #244 ) ) ;
#868 = CARTESIAN_POINT ( 'NONE',  ( -23.37268372197893385, -38.40402849209635150, 0.07536346572762631091 ) ) ;
#869 = B_SPLINE_CURVE_WITH_KNOTS ( 'NONE', 3,
 ( #1259, #2927, #249, #996, #2554, #2045, #1814, #2785, #556, #2091, #1286, #3058, #588, #828, #1560, #604 ),
 .UNSPECIFIED., .F., .F.,
 ( 4, 2, 2, 2, 2, 2, 2, 4 ),
 ( 0.000000000000000000, 0.0009299781715150327865, 0.001859956343030065573, 0.002324945428787575461, 0.002789934514545085349, 0.003719912686060119003, 0.005579869029090193250, 0.007439825372120265762 ),
 .UNSPECIFIED. ) ;
#870 = ORIENTED_EDGE ( 'NONE', *, *, #1951, .F. ) ;
#871 = ADVANCED_FACE ( 'NONE', ( #2637 ), #430, .T. ) ;
#872 = DIRECTION ( 'NONE',  ( 0.000000000000000000, 0.000000000000000000, 1.000000000000000000 ) ) ;
#873 = FACE_OUTER_BOUND ( 'NONE', #1388, .T. ) ;
#874 = ORIENTED_EDGE ( 'NONE', *, *, #2676, .F. ) ;
#875 = CARTESIAN_POINT ( 'NONE',  ( -18.89999999999999858, -40.00000000000000000, 0.000000000000000000 ) ) ;
#876 = DIRECTION ( 'NONE',  ( -0.000000000000000000, 0.000000000000000000, 1.000000000000000000 ) ) ;
#877 = CARTESIAN_POINT ( 'NONE',  ( -22.60767442026212493, -18.51229233088729842, 5.705762078613920707 ) ) ;
#878 = DIRECTION ( 'NONE',  ( 0.000000000000000000, 0.000000000000000000, 1.000000000000000000 ) ) ;
#879 = CARTESIAN_POINT ( 'NONE',  ( -17.31999603841500601, -23.81380416159574764, 7.095081292241058435 ) ) ;
#880 = EDGE_CURVE ( 'NONE', #1595, #2020, #2148, .T. ) ;
#881 = CIRCLE ( 'NONE', #2005, 2.099999999999997868 ) ;
#882 = CARTESIAN_POINT ( 'NONE',  ( -23.53200000000000358, -36.93208776333745647, -59.93368673985678896 ) ) ;
#883 = ORIENTED_EDGE ( 'NONE', *, *, #563, .T. ) ;
#884 = CARTESIAN_POINT ( 'NONE',  ( -23.51336744600216377, -38.44027378307007581, 0.09728198732013861039 ) ) ;
#885 = CIRCLE ( 'NONE', #835, 16.00000000000000000 ) ;
#886 = B_SPLINE_CURVE_WITH_KNOTS ( 'NONE', 3,
 ( #1247, #2727, #983, #1263 ),
 .UNSPECIFIED., .F., .F.,
 ( 4, 4 ),
 ( 0.001107406348329311807, 0.003369546387230666108 ),
 .UNSPECIFIED. ) ;
#887 = AXIS2_PLACEMENT_3D ( 'NONE', #1018, #2200, #1689 ) ;
#888 = EDGE_LOOP ( 'NONE', ( #33, #1206, #787, #1073 ) ) ;
#889 = DIRECTION ( 'NONE',  ( 1.000000000000000000, 0.000000000000000000, 0.000000000000000000 ) ) ;
#890 = CARTESIAN_POINT ( 'NONE',  ( 25.00000000000000000, -22.69999999999999929, 6.682104175607510577 ) ) ;
#891 = AXIS2_PLACEMENT_3D ( 'NONE', #3173, #1212, #1946 ) ;
#892 = ADVANCED_FACE ( 'NONE', ( #1198 ), #365, .T. ) ;
#893 = ORIENTED_EDGE ( 'NONE', *, *, #563, .F. ) ;
#894 = CARTESIAN_POINT ( 'NONE',  ( -18.60000000000000142, -33.67544467966323651, 19.99999999999999645 ) ) ;
#895 = VERTEX_POINT ( 'NONE', #967 ) ;
#896 = CARTESIAN_POINT ( 'NONE',  ( -44.26883835420682090, -40.00000000000000000, 11.00000000000000000 ) ) ;
#897 = DIRECTION ( 'NONE',  ( 1.000000000000000000, 0.000000000000000000, 0.000000000000000000 ) ) ;
#898 = VECTOR ( 'NONE', #1858, 1000.000000000000000 ) ;
#899 = VERTEX_POINT ( 'NONE', #691 ) ;
#900 = CIRCLE ( 'NONE', #431, 11.00000000000000000 ) ;
#901 = DIRECTION ( 'NONE',  ( -1.000000000000000000, -0.000000000000000000, -0.000000000000000000 ) ) ;
#902 = AXIS2_PLACEMENT_3D ( 'NONE', #467, #1447, #1 ) ;
#903 = DIRECTION ( 'NONE',  ( 0.000000000000000000, 0.000000000000000000, 1.000000000000000000 ) ) ;
#904 = ADVANCED_FACE ( 'NONE', ( #1661 ), #1935, .F. ) ;
#905 = ORIENTED_EDGE ( 'NONE', *, *, #738, .F. ) ;
#906 = CYLINDRICAL_SURFACE ( 'NONE', #3034, 0.7499999999999937828 ) ;
#907 = VERTEX_POINT ( 'NONE', #3095 ) ;
#908 = DIRECTION ( 'NONE',  ( -1.000000000000000000, 0.000000000000000000, 0.000000000000000000 ) ) ;
#909 = CARTESIAN_POINT ( 'NONE',  ( -16.91132674617939102, -23.97376228136930720, 6.743181823059111402 ) ) ;
#910 = ORIENTED_EDGE ( 'NONE', *, *, #2004, .T. ) ;
#911 = DIRECTION ( 'NONE',  ( 0.000000000000000000, 0.000000000000000000, -1.000000000000000000 ) ) ;
#912 = CARTESIAN_POINT ( 'NONE',  ( -10.62461462387978628, 4.400859472198558109, 5.500000000000000000 ) ) ;
#913 = ADVANCED_FACE ( 'NONE', ( #659 ), #906, .F. ) ;
#914 = EDGE_LOOP ( 'NONE', ( #1970, #3055 ) ) ;
#915 = CARTESIAN_POINT ( 'NONE',  ( -15.50000000000000000, 0.000000000000000000, 5.999999999999998224 ) ) ;
#916 = DIRECTION ( 'NONE',  ( -1.000000000000000000, -0.000000000000000000, -0.000000000000000000 ) ) ;
#917 = ORIENTED_EDGE ( 'NONE', *, *, #1382, .T. ) ;
#918 = DIRECTION ( 'NONE',  ( -1.000000000000000000, 0.000000000000000000, 0.000000000000000000 ) ) ;
#919 = ORIENTED_EDGE ( 'NONE', *, *, #920, .T. ) ;
#920 = EDGE_CURVE ( 'NONE', #2956, #2426, #2374, .T. ) ;
#921 = DIRECTION ( 'NONE',  ( -0.000000000000000000, -0.000000000000000000, 1.000000000000000000 ) ) ;
#922 = CARTESIAN_POINT ( 'NONE',  ( -18.58574591537705345, -27.09794958215942984, 8.936988093387961740 ) ) ;
#923 = VERTEX_POINT ( 'NONE', #2216 ) ;
#924 = CARTESIAN_POINT ( 'NONE',  ( 0.000000000000000000, 16.00000000000000000, 0.2999999999999999334 ) ) ;
#925 = DIRECTION ( 'NONE',  ( 0.000000000000000000, -0.3371846330310161455, 0.9414385392832285149 ) ) ;
#926 = VERTEX_POINT ( 'NONE', #1755 ) ;
#927 = CARTESIAN_POINT ( 'NONE',  ( -24.03200000000000713, -29.04374035123845132, 10.57634711251894011 ) ) ;
#928 = LINE ( 'NONE', #1134, #2789 ) ;
#929 = EDGE_LOOP ( 'NONE', ( #1792, #289, #1035, #1821 ) ) ;
#930 = DIRECTION ( 'NONE',  ( 1.000000000000000000, -0.000000000000000000, 0.000000000000000000 ) ) ;
#931 = AXIS2_PLACEMENT_3D ( 'NONE', #1735, #1498, #2694 ) ;
#932 = ORIENTED_EDGE ( 'NONE', *, *, #719, .T. ) ;
#933 = AXIS2_PLACEMENT_3D ( 'NONE', #1954, #1715, #2463 ) ;
#934 = FACE_OUTER_BOUND ( 'NONE', #84, .T. ) ;
#935 = CARTESIAN_POINT ( 'NONE',  ( 1.463452924981084508E-15, 13.49999999999999822, 2.500000000000000000 ) ) ;
#936 = AXIS2_PLACEMENT_3D ( 'NONE', #40, #514, #1711 ) ;
#937 = VERTEX_POINT ( 'NONE', #1488 ) ;
#938 = EDGE_CURVE ( 'NONE', #1179, #1628, #1646, .T. ) ;
#939 = DIRECTION ( 'NONE',  ( 0.000000000000000000, 0.000000000000000000, 1.000000000000000000 ) ) ;
#940 = DIRECTION ( 'NONE',  ( 1.000000000000000000, 0.000000000000000000, 0.000000000000000000 ) ) ;
#941 = AXIS2_PLACEMENT_3D ( 'NONE', #1101, #3059, #1796 ) ;
#942 = DIRECTION ( 'NONE',  ( -0.000000000000000000, -0.000000000000000000, 1.000000000000000000 ) ) ;
#943 = CARTESIAN_POINT ( 'NONE',  ( -24.03200000000000358, -29.30003396165218632, 11.02695882422016815 ) ) ;
#944 = TOROIDAL_SURFACE ( 'NONE', #116, 10.69999999999999929, 0.2999999999999999889 ) ;
#945 = VECTOR ( 'NONE', #2802, 1000.000000000000000 ) ;
#946 = CARTESIAN_POINT ( 'NONE',  ( -23.68542505046825752, -29.00058202750614456, 11.20132996202269027 ) ) ;
#947 = ORIENTED_EDGE ( 'NONE', *, *, #2640, .F. ) ;
#948 = CARTESIAN_POINT ( 'NONE',  ( -23.78200000000000358, -36.28955420628187056, 0.6402257815637277805 ) ) ;
#949 = EDGE_CURVE ( 'NONE', #240, #923, #994, .T. ) ;
#950 = CIRCLE ( 'NONE', #2695, 15.00000000000000355 ) ;
#951 = EDGE_LOOP ( 'NONE', ( #2701, #917, #3024, #1250 ) ) ;
#952 = CIRCLE ( 'NONE', #2647, 60.00000000000000000 ) ;
#953 = DIRECTION ( 'NONE',  ( 1.000000000000000000, 0.000000000000000000, 0.000000000000000000 ) ) ;
#954 = APPROVAL_ROLE ( '' ) ;
#955 = CARTESIAN_POINT ( 'NONE',  ( -16.70917209658593450, -23.36433959611943934, 6.923130603868631994 ) ) ;
#956 = TOROIDAL_SURFACE ( 'NONE', #2179, 19.69999999999999929, 0.2999999999999999889 ) ;
#957 = EDGE_LOOP ( 'NONE', ( #1457, #2252, #17, #317 ) ) ;
#958 = DIRECTION ( 'NONE',  ( 1.000000000000000000, 0.000000000000000000, 0.000000000000000000 ) ) ;
#959 = DIRECTION ( 'NONE',  ( 0.000000000000000000, 0.000000000000000000, 1.000000000000000000 ) ) ;
#960 = EDGE_CURVE ( 'NONE', #2557, #819, #886, .T. ) ;
#961 = DIRECTION ( 'NONE',  ( 1.000000000000000000, 0.000000000000000000, 0.000000000000000000 ) ) ;
#962 = EDGE_CURVE ( 'NONE', #2557, #803, #1848, .T. ) ;
#963 = CARTESIAN_POINT ( 'NONE',  ( 0.000000000000000000, 0.000000000000000000, -6.938893903907228378E-15 ) ) ;
#964 = CARTESIAN_POINT ( 'NONE',  ( -23.37307281006861359, -29.04283924577936915, 12.02223406388168669 ) ) ;
#965 = EDGE_CURVE ( 'NONE', #1642, #8, #678, .T. ) ;
#966 = ORIENTED_EDGE ( 'NONE', *, *, #1325, .T. ) ;
#967 = CARTESIAN_POINT ( 'NONE',  ( -24.03200000000000358, -34.00000000000000000, 8.900000000000002132 ) ) ;
#968 = VERTEX_POINT ( 'NONE', #2702 ) ;
#969 = CARTESIAN_POINT ( 'NONE',  ( -18.60000000000000142, -27.49999999999999645, 8.871126182265935967 ) ) ;
#970 = PERSON_AND_ORGANIZATION_ROLE ( 'design_supplier' ) ;
#971 = CARTESIAN_POINT ( 'NONE',  ( -24.03200000000000358, -40.00000000000002132, 17.00000000000000000 ) ) ;
#972 = EDGE_CURVE ( 'NONE', #1974, #1179, #2145, .T. ) ;
#973 = EDGE_LOOP ( 'NONE', ( #2788, #1816 ) ) ;
#974 = LINE ( 'NONE', #1928, #1759 ) ;
#975 = DIRECTION ( 'NONE',  ( -0.3004939492409034463, -0.9537837210131056009, 0.000000000000000000 ) ) ;
#976 = PRODUCT_DEFINITION ( 'UNKNOWN', '', #752, #2650 ) ;
#977 = LINE ( 'NONE', #509, #2218 ) ;
#978 = CARTESIAN_POINT ( 'NONE',  ( -23.53200000000000358, -24.11966619483408181, 12.95320204702549916 ) ) ;
#979 = CARTESIAN_POINT ( 'NONE',  ( -22.90459004130075726, -19.52444141525991839, 5.757309914907922099 ) ) ;
#980 = CARTESIAN_POINT ( 'NONE',  ( -24.03200000000000358, -39.99999999999993605, 5.000000000000000888 ) ) ;
#981 = ORIENTED_EDGE ( 'NONE', *, *, #143, .F. ) ;
#982 = ADVANCED_FACE ( 'NONE', ( #2236 ), #288, .F. ) ;
#983 = CARTESIAN_POINT ( 'NONE',  ( -23.42047366731554803, -38.79525894128077823, 0.04182207510740240664 ) ) ;
#984 = ORIENTED_EDGE ( 'NONE', *, *, #128, .T. ) ;
#985 = DIRECTION ( 'NONE',  ( 0.000000000000000000, 0.000000000000000000, -1.000000000000000000 ) ) ;
#986 = CALENDAR_DATE ( 2025, 16, 11 ) ;
#987 = CARTESIAN_POINT ( 'NONE',  ( -14.10000000000000320, -22.61142305432801081, 6.668729583928930893 ) ) ;
#988 = CIRCLE ( 'NONE', #3, 1.099999999999999867 ) ;
#989 = ORIENTED_EDGE ( 'NONE', *, *, #2924, .F. ) ;
#990 = DIRECTION ( 'NONE',  ( 0.000000000000000000, 0.000000000000000000, 1.000000000000000000 ) ) ;
#991 = LINE ( 'NONE', #1190, #531 ) ;
#992 = CIRCLE ( 'NONE', #1335, 60.00000000000000000 ) ;
#993 = EDGE_CURVE ( 'NONE', #2871, #2955, #2730, .T. ) ;
#994 = CIRCLE ( 'NONE', #2632, 15.00000000000000355 ) ;
#995 = CARTESIAN_POINT ( 'NONE',  ( -19.10000000000000497, -40.00000000000000000, 2.950000000000001066 ) ) ;
#996 = CARTESIAN_POINT ( 'NONE',  ( -15.32278012684802526, -23.15845100295980785, 6.435239482766155206 ) ) ;
#997 = CARTESIAN_POINT ( 'NONE',  ( -22.32153930395818264, -18.59420787360207683, 6.005649096680311771 ) ) ;
#998 = CIRCLE ( 'NONE', #580, 0.2999999999999999334 ) ;
#999 = DIRECTION ( 'NONE',  ( 0.9537837210131043797, -0.3004939492409066659, 0.000000000000000000 ) ) ;
#1000 = ORIENTED_EDGE ( 'NONE', *, *, #962, .F. ) ;
#1001 = AXIS2_PLACEMENT_3D ( 'NONE', #2675, #2436, #2708 ) ;
#1003 = EDGE_LOOP ( 'NONE', ( #2250, #1076 ) ) ;
#1002 = CARTESIAN_POINT ( 'NONE',  ( -22.32153930395818620, -18.60244051565954848, 5.705762078613921595 ) ) ;
#1004 = ORIENTED_EDGE ( 'NONE', *, *, #2907, .T. ) ;
#1005 = FACE_OUTER_BOUND ( 'NONE', #2166, .T. ) ;
#1006 = AXIS2_PLACEMENT_3D ( 'NONE', #2977, #510, #2457 ) ;
#1007 = VECTOR ( 'NONE', #538, 1000.000000000000000 ) ;
#1008 = ORIENTED_EDGE ( 'NONE', *, *, #443, .T. ) ;
#1009 = EDGE_CURVE ( 'NONE', #1479, #1642, #1903, .T. ) ;
#1010 = DIRECTION ( 'NONE',  ( 0.000000000000000000, 0.000000000000000000, -1.000000000000000000 ) ) ;
#1011 = DIRECTION ( 'NONE',  ( 1.000000000000000000, 0.000000000000000000, 0.000000000000000000 ) ) ;
#1012 = LOCAL_TIME ( 12, 25, 39.00000000000000000, #2465 ) ;
#1013 = ADVANCED_FACE ( 'NONE', ( #28 ), #420, .F. ) ;
#1014 = DIRECTION ( 'NONE',  ( 1.000000000000000000, -0.000000000000000000, -0.000000000000000000 ) ) ;
#1015 = CARTESIAN_POINT ( 'NONE',  ( -18.59694642440160095, -27.23923359050937520, 9.044695345937110886 ) ) ;
#1016 = FACE_OUTER_BOUND ( 'NONE', #2614, .T. ) ;
#1017 = ORIENTED_EDGE ( 'NONE', *, *, #769, .F. ) ;
#1018 = CARTESIAN_POINT ( 'NONE',  ( -18.60000000000000142, -40.00000000000000000, 11.00000000000000000 ) ) ;
#1019 = ORIENTED_EDGE ( 'NONE', *, *, #2051, .F. ) ;
#1020 = DIRECTION ( 'NONE',  ( 1.000000000000000000, -0.000000000000000000, -0.000000000000000000 ) ) ;
#1021 = CALENDAR_DATE ( 2025, 16, 11 ) ;
#1022 = EDGE_CURVE ( 'NONE', #899, #3145, #1797, .T. ) ;
#1023 = ORIENTED_EDGE ( 'NONE', *, *, #2839, .F. ) ;
#1024 = CARTESIAN_POINT ( 'NONE',  ( -23.73200000000000287, -40.00000000000000000, 11.00000000000000000 ) ) ;
#1025 = CARTESIAN_POINT ( 'NONE',  ( -24.03200000000000358, -36.30380285764361048, 0.6800088209157612029 ) ) ;
#1026 = EDGE_CURVE ( 'NONE', #1862, #2840, #1230, .T. ) ;
#1027 = DIRECTION ( 'NONE',  ( 0.7071067811865474617, 8.659560562354932858E-17, 0.7071067811865474617 ) ) ;
#1028 = CARTESIAN_POINT ( 'NONE',  ( -18.60000000000000142, -27.30866035065098174, 9.102187080271196606 ) ) ;
#1029 = CARTESIAN_POINT ( 'NONE',  ( -22.60767442026211427, -18.51229233088727710, 5.705762078613918042 ) ) ;
#1030 = ORIENTED_EDGE ( 'NONE', *, *, #1742, .F. ) ;
#1031 = CARTESIAN_POINT ( 'NONE',  ( -18.89999999999999858, -29.38002676779529310, 12.30620386894830176 ) ) ;
#1032 = EDGE_LOOP ( 'NONE', ( #1667, #122 ) ) ;
#1033 = CC_DESIGN_PERSON_AND_ORGANIZATION_ASSIGNMENT ( #762, #2938, ( #752 ) ) ;
#1034 = DIRECTION ( 'NONE',  ( 0.000000000000000000, 0.000000000000000000, -1.000000000000000000 ) ) ;
#1035 = ORIENTED_EDGE ( 'NONE', *, *, #1742, .T. ) ;
#1036 = CARTESIAN_POINT ( 'NONE',  ( 0.000000000000000000, 15.50000000000000000, 5.500000000000000000 ) ) ;
#1037 = DIRECTION ( 'NONE',  ( 0.000000000000000000, 0.000000000000000000, 1.000000000000000000 ) ) ;
#1038 = VECTOR ( 'NONE', #2470, 1000.000000000000000 ) ;
#1039 = EDGE_CURVE ( 'NONE', #39, #2139, #267, .T. ) ;
#1040 = FACE_OUTER_BOUND ( 'NONE', #536, .T. ) ;
#1041 = AXIS2_PLACEMENT_3D ( 'NONE', #1937, #1439, #1461 ) ;
#1042 = DIRECTION ( 'NONE',  ( 0.000000000000000000, 0.000000000000000000, -1.000000000000000000 ) ) ;
#1043 = FACE_OUTER_BOUND ( 'NONE', #165, .T. ) ;
#1044 = VERTEX_POINT ( 'NONE', #2932 ) ;
#1045 = CARTESIAN_POINT ( 'NONE',  ( -10.62461462387981115, -4.400859472198537681, 5.500000000000000000 ) ) ;
#1046 = AXIS2_PLACEMENT_3D ( 'NONE', #1577, #2818, #2326 ) ;
#1047 = CIRCLE ( 'NONE', #2885, 11.00000000000000000 ) ;
#1048 = ORIENTED_EDGE ( 'NONE', *, *, #2497, .T. ) ;
#1049 = CARTESIAN_POINT ( 'NONE',  ( -23.23200000000000287, -36.93208776333745647, -59.93368673985678896 ) ) ;
#1050 = ADVANCED_FACE ( 'NONE', ( #1987 ), #1697, .F. ) ;
#1051 = CIRCLE ( 'NONE', #535, 20.00000000000000000 ) ;
#1052 = EDGE_LOOP ( 'NONE', ( #1885, #3113, #1177, #2055 ) ) ;
#1053 = PLANE ( 'NONE',  #383 ) ;
#1054 = CARTESIAN_POINT ( 'NONE',  ( -23.83200000000000074, -29.01982195317924251, 10.33993177616591552 ) ) ;
#1055 = DIRECTION ( 'NONE',  ( -1.000000000000000000, -0.000000000000000000, -0.000000000000000000 ) ) ;
#1056 = AXIS2_PLACEMENT_3D ( 'NONE', #2102, #695, #872 ) ;
#1057 = FACE_OUTER_BOUND ( 'NONE', #2347, .T. ) ;
#1058 = CARTESIAN_POINT ( 'NONE',  ( -24.03200000000000358, -39.99999999999993605, 2.900000000000003464 ) ) ;
#1059 = EDGE_CURVE ( 'NONE', #1986, #1882, #318, .T. ) ;
#1060 = ORIENTED_EDGE ( 'NONE', *, *, #1169, .T. ) ;
#1061 = DIRECTION ( 'NONE',  ( -0.000000000000000000, -0.000000000000000000, 1.000000000000000000 ) ) ;
#1062 = ADVANCED_FACE ( 'NONE', ( #2713 ), #2967, .F. ) ;
#1063 = VERTEX_POINT ( 'NONE', #348 ) ;
#1064 = CARTESIAN_POINT ( 'NONE',  ( -23.03200000000000358, -40.00000000000002132, 15.90000000000000391 ) ) ;
#1065 = VERTEX_POINT ( 'NONE', #834 ) ;
#1066 = DIRECTION ( 'NONE',  ( 1.000000000000000000, 0.000000000000000000, 0.000000000000000000 ) ) ;
#1067 = DIRECTION ( 'NONE',  ( 0.000000000000000000, -1.000000000000000000, 0.000000000000000000 ) ) ;
#1068 = ADVANCED_FACE ( 'NONE', ( #1322 ), #379, .F. ) ;
#1069 = VERTEX_POINT ( 'NONE', #2806 ) ;
#1070 = DIRECTION ( 'NONE',  ( -1.000000000000000000, 0.000000000000000000, 0.000000000000000000 ) ) ;
#1071 = DIRECTION ( 'NONE',  ( 1.000000000000000000, -0.000000000000000000, 0.000000000000000000 ) ) ;
#1072 = CARTESIAN_POINT ( 'NONE',  ( 0.000000000000000000, -18.18257577072857245, 6.000000000000001776 ) ) ;
#1073 = ORIENTED_EDGE ( 'NONE', *, *, #2770, .F. ) ;
#1074 = FACE_OUTER_BOUND ( 'NONE', #2376, .T. ) ;
#1075 = ADVANCED_FACE ( 'NONE', ( #1355 ), #3012, .F. ) ;
#1076 = ORIENTED_EDGE ( 'NONE', *, *, #229, .F. ) ;
#1077 = DIRECTION ( 'NONE',  ( 0.3004939492409032797, 0.9537837210131053789, 0.000000000000000000 ) ) ;
#1078 = VERTEX_POINT ( 'NONE', #1337 ) ;
#1079 = PLANE ( 'NONE',  #2746 ) ;
#1080 = CARTESIAN_POINT ( 'NONE',  ( -24.03200000000000358, -34.00000000000000000, 13.09999999999999787 ) ) ;
#1081 = ORIENTED_EDGE ( 'NONE', *, *, #1674, .F. ) ;
#1082 = DIRECTION ( 'NONE',  ( 0.000000000000000000, 0.000000000000000000, -1.000000000000000000 ) ) ;
#1083 = DIRECTION ( 'NONE',  ( 0.000000000000000000, 0.000000000000000000, 1.000000000000000000 ) ) ;
#1084 = FACE_BOUND ( 'NONE', #3178, .T. ) ;
#1085 = EDGE_CURVE ( 'NONE', #1336, #457, #2935, .T. ) ;
#1086 = CIRCLE ( 'NONE', #99, 2.099999999999997868 ) ;
#1087 = VERTEX_POINT ( 'NONE', #1534 ) ;
#1088 = CYLINDRICAL_SURFACE ( 'NONE', #630, 20.00000000000000355 ) ;
#1089 = VERTEX_POINT ( 'NONE', #98 ) ;
#1090 = CARTESIAN_POINT ( 'NONE',  ( -23.23200000000000287, -39.52468965347481600, 0.01027388537431036739 ) ) ;
#1091 = EDGE_LOOP ( 'NONE', ( #2620, #1824, #2385, #1729 ) ) ;
#1092 = VECTOR ( 'NONE', #2944, 1000.000000000000114 ) ;
#1093 = DIRECTION ( 'NONE',  ( 0.000000000000000000, -1.000000000000000000, 0.000000000000000000 ) ) ;
#1094 = CARTESIAN_POINT ( 'NONE',  ( 0.000000000000000000, -22.61142305432801081, 6.668729583928930893 ) ) ;
#1095 = CIRCLE ( 'NONE', #1911, 2.099999999999997868 ) ;
#1096 = EDGE_CURVE ( 'NONE', #88, #2527, #1292, .T. ) ;
#1097 = ORIENTED_EDGE ( 'NONE', *, *, #1266, .F. ) ;
#1098 = CARTESIAN_POINT ( 'NONE',  ( -23.53200000000000358, -40.00000000000000000, -6.938893903907228378E-15 ) ) ;
#1099 = ORIENTED_EDGE ( 'NONE', *, *, #2173, .T. ) ;
#1100 = CARTESIAN_POINT ( 'NONE',  ( -23.03200000000000358, -46.00000000000000000, 12.09999999999999609 ) ) ;
#1101 = CARTESIAN_POINT ( 'NONE',  ( 1.463452924981084508E-15, 13.49999999999999822, 2.500000000000000000 ) ) ;
#1102 = VECTOR ( 'NONE', #1128, 1000.000000000000114 ) ;
#1103 = ORIENTED_EDGE ( 'NONE', *, *, #2051, .T. ) ;
#1104 = DIRECTION ( 'NONE',  ( 0.000000000000000000, 0.000000000000000000, 1.000000000000000000 ) ) ;
#1105 = AXIS2_PLACEMENT_3D ( 'NONE', #1441, #776, #225 ) ;
#1106 = EDGE_CURVE ( 'NONE', #2139, #1294, #3138, .T. ) ;
#1107 = EDGE_LOOP ( 'NONE', ( #1314, #2808, #1830, #1890 ) ) ;
#1108 = DIRECTION ( 'NONE',  ( 1.000000000000000000, -0.000000000000000000, -0.000000000000000000 ) ) ;
#1109 = ORIENTED_EDGE ( 'NONE', *, *, #2867, .T. ) ;
#1110 = DIRECTION ( 'NONE',  ( 0.7071067811865474617, 0.000000000000000000, -0.7071067811865474617 ) ) ;
#1111 = DIRECTION ( 'NONE',  ( 0.000000000000000000, -0.000000000000000000, -1.000000000000000000 ) ) ;
#1112 = VERTEX_POINT ( 'NONE', #3061 ) ;
#1113 = ADVANCED_FACE ( 'NONE', ( #1074 ), #1088, .T. ) ;
#1114 = CARTESIAN_POINT ( 'NONE',  ( -21.39999999999999858, -40.00000000000000000, 8.250000000000000000 ) ) ;
#1115 = DIRECTION ( 'NONE',  ( -1.000000000000000000, -0.000000000000000000, -0.000000000000000000 ) ) ;
#1116 = CARTESIAN_POINT ( 'NONE',  ( -21.39999999999999858, -40.00000000000000000, 11.00000000000000000 ) ) ;
#1117 = ORIENTED_EDGE ( 'NONE', *, *, #155, .T. ) ;
#1118 = CARTESIAN_POINT ( 'NONE',  ( -24.03200000000000358, -29.29947142236946789, 10.80369623474393315 ) ) ;
#1119 = CARTESIAN_POINT ( 'NONE',  ( -22.60767442026211782, -18.51229233088727710, -6.938893903907228378E-15 ) ) ;
#1120 = ORIENTED_EDGE ( 'NONE', *, *, #229, .T. ) ;
#1121 = CARTESIAN_POINT ( 'NONE',  ( -23.53200000000000358, -40.00000000000000000, 22.00000000000000000 ) ) ;
#1122 = EDGE_CURVE ( 'NONE', #968, #1738, #2757, .T. ) ;
#1123 = ORIENTED_EDGE ( 'NONE', *, *, #636, .F. ) ;
#1124 = DIRECTION ( 'NONE',  ( 1.000000000000000000, -0.000000000000000000, -0.000000000000000000 ) ) ;
#1125 = PLANE ( 'NONE',  #2279 ) ;
#1126 = ORIENTED_EDGE ( 'NONE', *, *, #1404, .T. ) ;
#1127 = DIRECTION ( 'NONE',  ( -1.000000000000000000, -0.000000000000000000, -0.000000000000000000 ) ) ;
#1128 = DIRECTION ( 'NONE',  ( -0.7071067811865474617, 8.659560562354932858E-17, -0.7071067811865474617 ) ) ;
#1129 = CARTESIAN_POINT ( 'NONE',  ( 0.000000000000000000, -15.50000000000000000, 5.999999999999998224 ) ) ;
#1130 = EDGE_CURVE ( 'NONE', #923, #3051, #2541, .T. ) ;
#1131 = ORIENTED_EDGE ( 'NONE', *, *, #2336, .T. ) ;
#1132 = LINE ( 'NONE', #2113, #2117 ) ;
#1133 = CIRCLE ( 'NONE', #2926, 2.749999999999999112 ) ;
#1134 = CARTESIAN_POINT ( 'NONE',  ( -23.53200000000000358, -29.08227050894843302, 12.34282640733002978 ) ) ;
#1135 = ORIENTED_EDGE ( 'NONE', *, *, #843, .F. ) ;
#1136 = DIRECTION ( 'NONE',  ( 0.000000000000000000, 0.000000000000000000, 1.000000000000000000 ) ) ;
#1137 = AXIS2_PLACEMENT_3D ( 'NONE', #2367, #1127, #2427 ) ;
#1138 = CIRCLE ( 'NONE', #1958, 1.099999999999996758 ) ;
#1139 = ADVANCED_FACE ( 'NONE', ( #2280 ), #2060, .T. ) ;
#1140 = EDGE_LOOP ( 'NONE', ( #774, #480, #2107, #718 ) ) ;
#1141 = DIRECTION ( 'NONE',  ( 1.000000000000000000, -0.000000000000000000, -0.000000000000000000 ) ) ;
#1142 = CARTESIAN_POINT ( 'NONE',  ( -22.32153930395818620, -18.59420787360207683, 6.005649096680314436 ) ) ;
#1143 = ORIENTED_EDGE ( 'NONE', *, *, #1784, .T. ) ;
#1144 = CONICAL_SURFACE ( 'NONE', #2940, 8.550000000000002487, 0.7853981633974482790 ) ;
#1145 = CARTESIAN_POINT ( 'NONE',  ( -23.23200000000000287, -36.93208776333745647, 0.06631326014321092810 ) ) ;
#1146 = DIRECTION ( 'NONE',  ( -0.000000000000000000, -0.000000000000000000, 1.000000000000000000 ) ) ;
#1147 = VECTOR ( 'NONE', #1613, 1000.000000000000000 ) ;
#1148 = ORIENTED_EDGE ( 'NONE', *, *, #2024, .F. ) ;
#1149 = AXIS2_PLACEMENT_3D ( 'NONE', #1271, #2259, #47 ) ;
#1150 = CARTESIAN_POINT ( 'NONE',  ( -24.03200000000000358, -40.00000000000002132, 14.90000000000000391 ) ) ;
#1151 = AXIS2_PLACEMENT_3D ( 'NONE', #1822, #1327, #2333 ) ;
#1152 = ADVANCED_FACE ( 'NONE', ( #1591, #805 ), #2035, .T. ) ;
#1153 = DIRECTION ( 'NONE',  ( 0.000000000000000000, 0.000000000000000000, 1.000000000000000000 ) ) ;
#1154 = ORIENTED_EDGE ( 'NONE', *, *, #1674, .T. ) ;
#1155 = CARTESIAN_POINT ( 'NONE',  ( -23.23200000000000642, -24.52217131570533937, 0.2999999999999999889 ) ) ;
#1156 = APPROVAL_PERSON_ORGANIZATION ( #2685, #1768, #3148 ) ;
#1157 = ORIENTED_EDGE ( 'NONE', *, *, #1503, .T. ) ;
#1158 = CARTESIAN_POINT ( 'NONE',  ( -23.78200000000000358, -29.01563350352790494, 10.33967998949085576 ) ) ;
#1159 = FACE_BOUND ( 'NONE', #1197, .T. ) ;
#1160 = ORIENTED_EDGE ( 'NONE', *, *, #3165, .T. ) ;
#1161 = LINE ( 'NONE', #2661, #1102 ) ;
#1162 = DIRECTION ( 'NONE',  ( 1.000000000000000000, -0.000000000000000000, -0.000000000000000000 ) ) ;
#1163 = EDGE_CURVE ( 'NONE', #366, #2706, #998, .T. ) ;
#1164 = ORIENTED_EDGE ( 'NONE', *, *, #2858, .F. ) ;
#1165 = DIRECTION ( 'NONE',  ( -0.000000000000000000, -0.000000000000000000, -1.000000000000000000 ) ) ;
#1166 = FACE_OUTER_BOUND ( 'NONE', #2410, .T. ) ;
#1167 = ORIENTED_EDGE ( 'NONE', *, *, #2497, .F. ) ;
#1168 = CARTESIAN_POINT ( 'NONE',  ( -23.51829423736746705, -28.79101009479218121, 10.66088821398213682 ) ) ;
#1169 = EDGE_CURVE ( 'NONE', #277, #2972, #2425, .T. ) ;
#1170 = ORIENTED_EDGE ( 'NONE', *, *, #558, .T. ) ;
#1171 = DIRECTION ( 'NONE',  ( 0.000000000000000000, 0.000000000000000000, -1.000000000000000000 ) ) ;
#1172 = CARTESIAN_POINT ( 'NONE',  ( -14.39845740418752129, -23.00000000094366470, 6.788813003259655865 ) ) ;
#1173 = ORIENTED_EDGE ( 'NONE', *, *, #2807, .F. ) ;
#1174 = CARTESIAN_POINT ( 'NONE',  ( -4.400859472198530575, 10.62461462387979871, 5.500000000000000000 ) ) ;
#1175 = CARTESIAN_POINT ( 'NONE',  ( -10.62461462387981115, -4.400859472198537681, 5.500000000000000000 ) ) ;
#1176 = EDGE_CURVE ( 'NONE', #1595, #1724, #2533, .T. ) ;
#1177 = ORIENTED_EDGE ( 'NONE', *, *, #2303, .F. ) ;
#1178 = DIRECTION ( 'NONE',  ( -1.000000000000000000, 0.000000000000000000, 0.000000000000000000 ) ) ;
#1179 = VERTEX_POINT ( 'NONE', #852 ) ;
#1180 = CARTESIAN_POINT ( 'NONE',  ( -23.03200000000000358, -39.99999999999993605, 5.000000000000000888 ) ) ;
#1181 = CIRCLE ( 'NONE', #208, 15.29999999999999716 ) ;
#1182 = ORIENTED_EDGE ( 'NONE', *, *, #1772, .T. ) ;
#1183 = TOROIDAL_SURFACE ( 'NONE', #1137, 11.29999999999999893, 0.2999999999999999889 ) ;
#1184 = CARTESIAN_POINT ( 'NONE',  ( -2.100000000000000089, 13.49999999999999822, 2.500000000000000000 ) ) ;
#1185 = APPROVAL_STATUS ( 'not_yet_approved' ) ;
#1186 = DIRECTION ( 'NONE',  ( 1.000000000000000000, -0.000000000000000000, -0.000000000000000000 ) ) ;
#1187 = VERTEX_POINT ( 'NONE', #85 ) ;
#1188 = AXIS2_PLACEMENT_3D ( 'NONE', #1287, #357, #1547 ) ;
#1189 = CARTESIAN_POINT ( 'NONE',  ( -23.50654275509858238, -36.93208776333745647, 0.2453741199822156993 ) ) ;
#1190 = CARTESIAN_POINT ( 'NONE',  ( -1.300859472198530042, 10.62461462387979871, 5.500000000000000000 ) ) ;
#1191 = EDGE_CURVE ( 'NONE', #923, #1974, #2833, .T. ) ;
#1192 = AXIS2_PLACEMENT_3D ( 'NONE', #2923, #231, #751 ) ;
#1193 = CARTESIAN_POINT ( 'NONE',  ( -23.53200000000000358, -33.67544467966323651, 0.2999999999999999889 ) ) ;
#1194 = CARTESIAN_POINT ( 'NONE',  ( -23.03200000000000358, -40.00000000000002132, 17.00000000000000000 ) ) ;
#1195 = VECTOR ( 'NONE', #1186, 1000.000000000000000 ) ;
#1196 = CONICAL_SURFACE ( 'NONE', #21, 2.099999999999997868, 0.7853981633974482790 ) ;
#1197 = EDGE_LOOP ( 'NONE', ( #874, #870 ) ) ;
#1198 = FACE_OUTER_BOUND ( 'NONE', #2214, .T. ) ;
#1199 = EDGE_CURVE ( 'NONE', #770, #1489, #2159, .T. ) ;
#1200 = CIRCLE ( 'NONE', #1510, 11.00000000000000000 ) ;
#1201 = ORIENTED_EDGE ( 'NONE', *, *, #2271, .T. ) ;
#1202 = AXIS2_PLACEMENT_3D ( 'NONE', #1808, #889, #676 ) ;
#1203 = DIRECTION ( 'NONE',  ( 0.000000000000000000, 0.000000000000000000, -1.000000000000000000 ) ) ;
#1204 = APPROVAL_DATE_TIME ( #534, #2969 ) ;
#1205 = CARTESIAN_POINT ( 'NONE',  ( -16.15610314130205438, -23.49436048388341547, 6.555365861628333235 ) ) ;
#1206 = ORIENTED_EDGE ( 'NONE', *, *, #1106, .F. ) ;
#1207 = LINE ( 'NONE', #2468, #3099 ) ;
#1208 = DIRECTION ( 'NONE',  ( -0.7071067811865479058, 8.659560562354937789E-17, 0.7071067811865470176 ) ) ;
#1209 = EDGE_CURVE ( 'NONE', #3051, #2313, #2032, .T. ) ;
#1210 = CARTESIAN_POINT ( 'NONE',  ( -18.89999999999999858, -40.00000000000000000, 11.00000000000000000 ) ) ;
#1211 = FACE_OUTER_BOUND ( 'NONE', #300, .T. ) ;
#1212 = DIRECTION ( 'NONE',  ( 1.000000000000000000, 0.000000000000000000, 0.000000000000000000 ) ) ;
#1213 =( BOUNDED_SURFACE ( )  B_SPLINE_SURFACE ( 3, 2, ( 
 ( #653, #2369, #1636 ),
 ( #374, #2864, #1351 ),
 ( #2626, #422, #2092 ),
 ( #877, #1842, #2599 ) ),
 .UNSPECIFIED., .F., .F., .T. ) 
 B_SPLINE_SURFACE_WITH_KNOTS ( ( 4, 4 ),
 ( 3, 3 ),
 ( 4.712388980384689674, 4.739834566057588461 ),
 ( 0.000000000000000000, 1.000000000000000000 ),
 .UNSPECIFIED. ) 
 GEOMETRIC_REPRESENTATION_ITEM ( )  RATIONAL_B_SPLINE_SURFACE ( (
 ( 1.000000000000000000, 0.7071067811865523467, 1.000000000000000000),
 ( 1.000000000000000000, 0.7080787269487237579, 1.000000000000000000),
 ( 1.000000000000000000, 0.7090486681822771864, 1.000000000000000000),
 ( 1.000000000000000000, 0.7100162663917589656, 1.000000000000000000) ) ) 
 REPRESENTATION_ITEM ( '' )  SURFACE ( )  );
#1214 = DIRECTION ( 'NONE',  ( -3.013546166177860810E-13, -0.002519516281810722184, 0.9999968260138158982 ) ) ;
#1215 = ORIENTED_EDGE ( 'NONE', *, *, #2761, .T. ) ;
#1216 = DIRECTION ( 'NONE',  ( 0.000000000000000000, -0.9991710842482095511, 0.04070803854593536136 ) ) ;
#1217 = ORIENTED_EDGE ( 'NONE', *, *, #375, .T. ) ;
#1218 = DIRECTION ( 'NONE',  ( 0.000000000000000000, 0.000000000000000000, -1.000000000000000000 ) ) ;
#1219 = EDGE_CURVE ( 'NONE', #1567, #139, #3108, .T. ) ;
#1220 = PERSON_AND_ORGANIZATION ( #2085, #3102 ) ;
#1221 = FACE_OUTER_BOUND ( 'NONE', #77, .T. ) ;
#1222 = ORIENTED_EDGE ( 'NONE', *, *, #2807, .T. ) ;
#1223 = DIRECTION ( 'NONE',  ( 0.000000000000000000, -1.000000000000000000, -0.000000000000000000 ) ) ;
#1224 = FACE_OUTER_BOUND ( 'NONE', #1091, .T. ) ;
#1225 = CARTESIAN_POINT ( 'NONE',  ( -21.39999999999999858, -40.00000000000000000, 11.00000000000000000 ) ) ;
#1226 = DIRECTION ( 'NONE',  ( -1.000000000000000000, -0.000000000000000000, -0.000000000000000000 ) ) ;
#1227 = FACE_OUTER_BOUND ( 'NONE', #1548, .T. ) ;
#1228 = CARTESIAN_POINT ( 'NONE',  ( -23.23200000000000287, -29.08227050894842947, 12.34282640733002978 ) ) ;
#1229 = EDGE_LOOP ( 'NONE', ( #2157, #2762 ) ) ;
#1230 = LINE ( 'NONE', #238, #2164 ) ;
#1231 = ORIENTED_EDGE ( 'NONE', *, *, #2574, .F. ) ;
#1232 = DIRECTION ( 'NONE',  ( -0.7071067811865474617, 8.659560562354932858E-17, -0.7071067811865474617 ) ) ;
#1233 = CIRCLE ( 'NONE', #2473, 10.69999999999999929 ) ;
#1234 = CALENDAR_DATE ( 2025, 16, 11 ) ;
#1235 = EDGE_CURVE ( 'NONE', #803, #2308, #1650, .T. ) ;
#1236 = AXIS2_PLACEMENT_3D ( 'NONE', #42, #761, #14 ) ;
#1237 = ORIENTED_EDGE ( 'NONE', *, *, #2345, .T. ) ;
#1238 = DIRECTION ( 'NONE',  ( 0.000000000000000000, 0.000000000000000000, 1.000000000000000000 ) ) ;
#1239 = AXIS2_PLACEMENT_3D ( 'NONE', #2970, #500, #1034 ) ;
#1240 = CIRCLE ( 'NONE', #3135, 0.7499999999999988898 ) ;
#1241 = DIRECTION ( 'NONE',  ( -1.000000000000000000, -0.000000000000000000, -0.000000000000000000 ) ) ;
#1242 = FACE_OUTER_BOUND ( 'NONE', #1673, .T. ) ;
#1243 = DIRECTION ( 'NONE',  ( 0.000000000000000000, 0.000000000000000000, -1.000000000000000000 ) ) ;
#1244 = AXIS2_PLACEMENT_3D ( 'NONE', #2458, #2697, #1500 ) ;
#1245 = ORIENTED_EDGE ( 'NONE', *, *, #1454, .F. ) ;
#1246 = CIRCLE ( 'NONE', #1293, 16.00000000000000000 ) ;
#1247 = CARTESIAN_POINT ( 'NONE',  ( -23.73200000000012011, -37.34661597919940590, 0.3248160091659278992 ) ) ;
#1248 = EDGE_CURVE ( 'NONE', #358, #2360, #1385, .T. ) ;
#1249 = CIRCLE ( 'NONE', #1553, 0.3000000000000014322 ) ;
#1250 = ORIENTED_EDGE ( 'NONE', *, *, #3042, .T. ) ;
#1251 = FACE_OUTER_BOUND ( 'NONE', #3043, .T. ) ;
#1252 = AXIS2_PLACEMENT_3D ( 'NONE', #754, #1484, #1722 ) ;
#1253 = AXIS2_PLACEMENT_3D ( 'NONE', #2140, #2598, #652 ) ;
#1254 = ORIENTED_EDGE ( 'NONE', *, *, #2416, .F. ) ;
#1255 = DIRECTION ( 'NONE',  ( -1.000000000000000000, -0.000000000000000000, -0.000000000000000000 ) ) ;
#1256 = CARTESIAN_POINT ( 'NONE',  ( -8.924614623879813635, -4.400859472198537681, -6.938893903907228378E-15 ) ) ;
#1257 = AXIS2_PLACEMENT_3D ( 'NONE', #126, #921, #2151 ) ;
#1258 = DIRECTION ( 'NONE',  ( -0.000000000000000000, -1.000000000000000000, 0.000000000000000000 ) ) ;
#1259 = CARTESIAN_POINT ( 'NONE',  ( -14.10000000000000320, -23.00000000000000000, 6.382104175607510754 ) ) ;
#1260 = CARTESIAN_POINT ( 'NONE',  ( -23.53200000000000713, -24.52217131570533937, 7.075218912811924277 ) ) ;
#1261 = APPROVAL ( #1477, 'UNSPECIFIED' ) ;
#1262 = ORIENTED_EDGE ( 'NONE', *, *, #207, .F. ) ;
#1263 = CARTESIAN_POINT ( 'NONE',  ( -23.23200000000000287, -39.52468965347481600, 0.01027388537429632653 ) ) ;
#1264 = ORIENTED_EDGE ( 'NONE', *, *, #248, .T. ) ;
#1265 = CYLINDRICAL_SURFACE ( 'NONE', #2933, 0.2999999999999999889 ) ;
#1266 = EDGE_CURVE ( 'NONE', #770, #2325, #2419, .T. ) ;
#1267 = ORIENTED_EDGE ( 'NONE', *, *, #823, .T. ) ;
#1268 = CARTESIAN_POINT ( 'NONE',  ( 0.000000000000000000, 0.000000000000000000, 5.500000000000000000 ) ) ;
#1269 = CARTESIAN_POINT ( 'NONE',  ( -24.03200000000000358, -34.00000000000000000, 11.00000000000000000 ) ) ;
#1270 = CARTESIAN_POINT ( 'NONE',  ( 0.000000000000000000, 15.69999999999999929, -2.710505431213761085E-17 ) ) ;
#1271 = CARTESIAN_POINT ( 'NONE',  ( 0.000000000000000000, 0.000000000000000000, 5.700000000000000178 ) ) ;
#1272 = DIRECTION ( 'NONE',  ( 1.000000000000000000, 0.000000000000000000, 0.000000000000000000 ) ) ;
#1273 = ADVANCED_FACE ( 'NONE', ( #656 ), #788, .T. ) ;
#1274 = VERTEX_POINT ( 'NONE', #915 ) ;
#1275 = DIRECTION ( 'NONE',  ( -1.000000000000000000, 0.000000000000000000, -0.000000000000000000 ) ) ;
#1276 = EDGE_LOOP ( 'NONE', ( #321, #414, #3094, #2079 ) ) ;
#1277 = CARTESIAN_POINT ( 'NONE',  ( -31.81017459305202166, -40.00000000000000000, 8.250000000000000000 ) ) ;
#1278 = ORIENTED_EDGE ( 'NONE', *, *, #1541, .T. ) ;
#1279 = CARTESIAN_POINT ( 'NONE',  ( -22.32153930395818620, -18.60244051565954848, 0.2999999999999999889 ) ) ;
#1280 = DIRECTION ( 'NONE',  ( 1.000000000000000000, 0.000000000000000000, 0.000000000000000000 ) ) ;
#1281 = CIRCLE ( 'NONE', #3129, 0.3000000000000004330 ) ;
#1282 = ADVANCED_FACE ( 'NONE', ( #1883 ), #3087, .T. ) ;
#1283 = CARTESIAN_POINT ( 'NONE',  ( -23.57110000689762686, -29.01138903059301200, 10.48021263177546558 ) ) ;
#1284 = CARTESIAN_POINT ( 'NONE',  ( -7.524614623879811504, -4.400859472198537681, 5.500000000000000000 ) ) ;
#1285 = AXIS2_PLACEMENT_3D ( 'NONE', #2264, #1020, #303 ) ;
#1286 = CARTESIAN_POINT ( 'NONE',  ( -17.15199312803488851, -24.18002016237209162, 6.830041922401534293 ) ) ;
#1287 = CARTESIAN_POINT ( 'NONE',  ( -10.62461462387981115, -4.400859472198537681, 4.099999999999999645 ) ) ;
#1288 = EDGE_CURVE ( 'NONE', #1836, #895, #1596, .T. ) ;
#1289 = VECTOR ( 'NONE', #3048, 1000.000000000000000 ) ;
#1290 = ORIENTED_EDGE ( 'NONE', *, *, #2659, .T. ) ;
#1291 = DIRECTION ( 'NONE',  ( 1.000000000000000000, 0.000000000000000000, 0.000000000000000000 ) ) ;
#1292 = CIRCLE ( 'NONE', #164, 1.099999999999996758 ) ;
#1293 = AXIS2_PLACEMENT_3D ( 'NONE', #2895, #3086, #897 ) ;
#1294 = VERTEX_POINT ( 'NONE', #184 ) ;
#1295 = CARTESIAN_POINT ( 'NONE',  ( -18.89818418660084731, -27.16322436827435993, 8.985149151965957870 ) ) ;
#1296 = ADVANCED_FACE ( 'NONE', ( #640 ), #2144, .T. ) ;
#1297 = VECTOR ( 'NONE', #1527, 1000.000000000000114 ) ;
#1298 = ORIENTED_EDGE ( 'NONE', *, *, #2780, .F. ) ;
#1299 = AXIS2_PLACEMENT_3D ( 'NONE', #980, #2197, #1471 ) ;
#1300 = DIRECTION ( 'NONE',  ( -1.000000000000000000, -0.000000000000000000, -0.000000000000000000 ) ) ;
#1301 = LINE ( 'NONE', #2564, #2836 ) ;
#1302 = CONICAL_SURFACE ( 'NONE', #850, 3.100000000000000533, 0.7853981633974489451 ) ;
#1303 = LINE ( 'NONE', #2665, #1859 ) ;
#1304 = FACE_OUTER_BOUND ( 'NONE', #951, .T. ) ;
#1305 = AXIS2_PLACEMENT_3D ( 'NONE', #157, #1141, #2122 ) ;
#1306 = CYLINDRICAL_SURFACE ( 'NONE', #1347, 0.2999999999999999334 ) ;
#1307 = DIRECTION ( 'NONE',  ( 0.000000000000000000, 0.000000000000000000, -1.000000000000000000 ) ) ;
#1308 = EDGE_CURVE ( 'NONE', #389, #2426, #1132, .T. ) ;
#1309 = ORIENTED_EDGE ( 'NONE', *, *, #2072, .F. ) ;
#1310 = CARTESIAN_POINT ( 'NONE',  ( -10.62461462387981115, -4.400859472198537681, 5.500000000000000000 ) ) ;
#1311 = EDGE_LOOP ( 'NONE', ( #1887, #2862 ) ) ;
#1312 = CARTESIAN_POINT ( 'NONE',  ( -24.03200000000000358, -46.00000000000000000, 8.900000000000002132 ) ) ;
#1313 = EDGE_CURVE ( 'NONE', #2941, #803, #458, .T. ) ;
#1314 = ORIENTED_EDGE ( 'NONE', *, *, #831, .F. ) ;
#1315 = DIRECTION ( 'NONE',  ( 0.000000000000000000, 0.000000000000000000, 1.000000000000000000 ) ) ;
#1316 = LINE ( 'NONE', #2256, #1297 ) ;
#1317 = ORIENTED_EDGE ( 'NONE', *, *, #938, .F. ) ;
#1318 = FACE_OUTER_BOUND ( 'NONE', #27, .T. ) ;
#1319 = CARTESIAN_POINT ( 'NONE',  ( -18.89999999999999858, -39.53765266292550251, 0.3099936885004656584 ) ) ;
#1320 = DIRECTION ( 'NONE',  ( 1.000000000000000000, 0.000000000000000000, 0.000000000000000000 ) ) ;
#1321 = ORIENTED_EDGE ( 'NONE', *, *, #1881, .F. ) ;
#1322 = FACE_OUTER_BOUND ( 'NONE', #867, .T. ) ;
#1323 = ORIENTED_EDGE ( 'NONE', *, *, #1734, .T. ) ;
#1324 = CARTESIAN_POINT ( 'NONE',  ( -23.83199998221902760, -36.55654971146024224, 0.5490559738619633645 ) ) ;
#1325 = EDGE_CURVE ( 'NONE', #1063, #770, #1339, .T. ) ;
#1326 = EDGE_LOOP ( 'NONE', ( #117, #2043 ) ) ;
#1327 = DIRECTION ( 'NONE',  ( 1.000000000000000000, -0.000000000000000000, -0.000000000000000000 ) ) ;
#1328 = DIRECTION ( 'NONE',  ( 0.000000000000000000, 0.000000000000000000, -1.000000000000000000 ) ) ;
#1329 = ADVANCED_FACE ( 'NONE', ( #1016 ), #2783, .F. ) ;
#1330 = ORIENTED_EDGE ( 'NONE', *, *, #2093, .T. ) ;
#1331 = LINE ( 'NONE', #587, #2370 ) ;
#1332 = DIRECTION ( 'NONE',  ( -1.000000000000000000, -0.000000000000000000, -0.000000000000000000 ) ) ;
#1333 = DIRECTION ( 'NONE',  ( -1.000000000000000000, -0.000000000000000000, -0.000000000000000000 ) ) ;
#1334 = VECTOR ( 'NONE', #1258, 1000.000000000000000 ) ;
#1335 = AXIS2_PLACEMENT_3D ( 'NONE', #1049, #2501, #808 ) ;
#1336 = VERTEX_POINT ( 'NONE', #493 ) ;
#1337 = CARTESIAN_POINT ( 'NONE',  ( -23.03200000000000358, -39.99999999999993605, 3.900000000000004352 ) ) ;
#1338 = ORIENTED_EDGE ( 'NONE', *, *, #2206, .T. ) ;
#1339 = CIRCLE ( 'NONE', #2011, 1.099999999999996758 ) ;
#1340 = CARTESIAN_POINT ( 'NONE',  ( -23.53200000000000003, -36.46201961787419776, 0.3145582916247223748 ) ) ;
#1341 = VECTOR ( 'NONE', #2529, 1000.000000000000000 ) ;
#1342 = ADVANCED_FACE ( 'NONE', ( #784 ), #2196, .F. ) ;
#1343 = ORIENTED_EDGE ( 'NONE', *, *, #2688, .T. ) ;
#1344 = AXIS2_PLACEMENT_3D ( 'NONE', #170, #1387, #136 ) ;
#1345 = FACE_BOUND ( 'NONE', #1311, .T. ) ;
#1346 = CARTESIAN_POINT ( 'NONE',  ( -18.54008988270532043, -26.58838282947433740, 8.560354642192253394 ) ) ;
#1347 = AXIS2_PLACEMENT_3D ( 'NONE', #356, #1332, #131 ) ;
#1348 = ORIENTED_EDGE ( 'NONE', *, *, #1829, .T. ) ;
#1349 = PLANE ( 'NONE',  #2220 ) ;
#1350 = DIRECTION ( 'NONE',  ( 0.000000000000000000, 0.000000000000000000, -1.000000000000000000 ) ) ;
#1351 = CARTESIAN_POINT ( 'NONE',  ( -22.23335796111987861, -18.31980370128684044, 6.000000000000001776 ) ) ;
#1352 = AXIS2_PLACEMENT_3D ( 'NONE', #896, #1863, #279 ) ;
#1353 = CIRCLE ( 'NONE', #2846, 0.7499999999999885647 ) ;
#1354 = CARTESIAN_POINT ( 'NONE',  ( -24.07384378028451266, -34.00000000000000000, 11.00000000000000000 ) ) ;
#1355 = FACE_OUTER_BOUND ( 'NONE', #1941, .T. ) ;
#1356 = CC_DESIGN_DATE_AND_TIME_ASSIGNMENT ( #2919, #1695, ( #2076 ) ) ;
#1357 = CARTESIAN_POINT ( 'NONE',  ( -7.500859472198530220, 10.62461462387979871, 5.500000000000000000 ) ) ;
#1358 = ORIENTED_EDGE ( 'NONE', *, *, #831, .T. ) ;
#1359 = CARTESIAN_POINT ( 'NONE',  ( -23.53200000000000358, -21.44615071005623719, 5.700000000000000178 ) ) ;
#1360 = EDGE_LOOP ( 'NONE', ( #905, #113, #564, #154 ) ) ;
#1361 = FACE_OUTER_BOUND ( 'NONE', #3161, .T. ) ;
#1362 = CARTESIAN_POINT ( 'NONE',  ( -17.13538686798082722, -24.16485439415630054, 6.823485455381415932 ) ) ;
#1363 = ADVANCED_FACE ( 'NONE', ( #1227 ), #1801, .F. ) ;
#1364 = EDGE_LOOP ( 'NONE', ( #106, #183, #1777, #2065 ) ) ;
#1365 = LINE ( 'NONE', #1277, #2678 ) ;
#1366 = CYLINDRICAL_SURFACE ( 'NONE', #1352, 8.049999999999998934 ) ;
#1367 = DIRECTION ( 'NONE',  ( -1.000000000000000000, -0.000000000000000000, -0.000000000000000000 ) ) ;
#1368 = VERTEX_POINT ( 'NONE', #1967 ) ;
#1369 = DIRECTION ( 'NONE',  ( 0.3004939492409032797, 0.9537837210131054899, 0.000000000000000000 ) ) ;
#1370 = ADVANCED_FACE ( 'NONE', ( #285 ), #2405, .T. ) ;
#1371 = DIRECTION ( 'NONE',  ( -1.000000000000000000, -0.000000000000000000, -0.000000000000000000 ) ) ;
#1372 = ORIENTED_EDGE ( 'NONE', *, *, #1191, .T. ) ;
#1373 = DIRECTION ( 'NONE',  ( -0.000000000000000000, -0.000000000000000000, 1.000000000000000000 ) ) ;
#1374 = ORIENTED_EDGE ( 'NONE', *, *, #1849, .T. ) ;
#1375 = DIRECTION ( 'NONE',  ( 0.000000000000000000, -1.000000000000000000, 0.000000000000000000 ) ) ;
#1376 = CARTESIAN_POINT ( 'NONE',  ( -17.05548517686006349, -24.09296901228506371, 7.208820026087798816 ) ) ;
#1377 = ORIENTED_EDGE ( 'NONE', *, *, #1985, .F. ) ;
#1378 = ORIENTED_EDGE ( 'NONE', *, *, #179, .T. ) ;
#1379 = DIRECTION ( 'NONE',  ( 0.000000000000000000, 0.000000000000000000, -1.000000000000000000 ) ) ;
#1380 = DIRECTION ( 'NONE',  ( -0.000000000000000000, 0.000000000000000000, 1.000000000000000000 ) ) ;
#1381 = CARTESIAN_POINT ( 'NONE',  ( -21.39999999999999858, -40.00000000000000000, 11.00000000000000000 ) ) ;
#1382 = EDGE_CURVE ( 'NONE', #1599, #3130, #684, .T. ) ;
#1383 = VERTEX_POINT ( 'NONE', #2178 ) ;
#1384 = EDGE_CURVE ( 'NONE', #93, #290, #2344, .T. ) ;
#1385 = LINE ( 'NONE', #1431, #2377 ) ;
#1386 = CIRCLE ( 'NONE', #50, 11.00000000000000000 ) ;
#1387 = DIRECTION ( 'NONE',  ( 6.939611173522926345E-16, 0.06000620216673367702, 0.9981980042564327915 ) ) ;
#1388 = EDGE_LOOP ( 'NONE', ( #2565, #2074, #411, #2521, #1167 ) ) ;
#1389 = CARTESIAN_POINT ( 'NONE',  ( -12.32461462387981044, -4.400859472198537681, 5.500000000000000000 ) ) ;
#1390 = AXIS2_PLACEMENT_3D ( 'NONE', #1853, #2038, #319 ) ;
#1391 = ORIENTED_EDGE ( 'NONE', *, *, #949, .F. ) ;
#1392 = EDGE_CURVE ( 'NONE', #2567, #389, #12, .T. ) ;
#1393 = CARTESIAN_POINT ( 'NONE',  ( -22.60767442026211782, -18.51229233088727710, 0.2999999999999999889 ) ) ;
#1394 = DIRECTION ( 'NONE',  ( 1.000000000000000000, 0.000000000000000000, 0.000000000000000000 ) ) ;
#1395 = VECTOR ( 'NONE', #2309, 1000.000000000000000 ) ;
#1396 = CC_DESIGN_PERSON_AND_ORGANIZATION_ASSIGNMENT ( #2241, #1679, ( #2297 ) ) ;
#1397 = VERTEX_POINT ( 'NONE', #235 ) ;
#1398 = AXIS2_PLACEMENT_3D ( 'NONE', #2191, #2454, #765 ) ;
#1399 = CARTESIAN_POINT ( 'NONE',  ( -4.400859472198530575, 10.62461462387979871, 5.500000000000000000 ) ) ;
#1400 = DIRECTION ( 'NONE',  ( -0.000000000000000000, 0.000000000000000000, 1.000000000000000000 ) ) ;
#1401 = ORIENTED_EDGE ( 'NONE', *, *, #965, .T. ) ;
#1402 = AXIS2_PLACEMENT_3D ( 'NONE', #2582, #3039, #1350 ) ;
#1403 = CARTESIAN_POINT ( 'NONE',  ( -16.12944493256943801, -23.04983066078324683, 6.811481213693924452 ) ) ;
#1404 = EDGE_CURVE ( 'NONE', #3036, #1407, #737, .T. ) ;
#1405 = AXIS2_PLACEMENT_3D ( 'NONE', #1174, #664, #2612 ) ;
#1406 = LINE ( 'NONE', #1119, #1147 ) ;
#1407 = VERTEX_POINT ( 'NONE', #2928 ) ;
#1408 = DIRECTION ( 'NONE',  ( -0.000000000000000000, -0.000000000000000000, -1.000000000000000000 ) ) ;
#1409 = ORIENTED_EDGE ( 'NONE', *, *, #685, .T. ) ;
#1410 = CARTESIAN_POINT ( 'NONE',  ( -23.53200000000000358, -24.11966619483408181, 12.95320204702549916 ) ) ;
#1411 = DIRECTION ( 'NONE',  ( 1.000000000000000000, 0.000000000000000000, 0.000000000000000000 ) ) ;
#1412 = ADVANCED_FACE ( 'NONE', ( #2769, #83, #67, #1084, #1574 ), #2755, .F. ) ;
#1413 = ORIENTED_EDGE ( 'NONE', *, *, #2089, .F. ) ;
#1414 = DIRECTION ( 'NONE',  ( 1.000000000000000000, -0.000000000000000000, 0.000000000000000000 ) ) ;
#1415 = CARTESIAN_POINT ( 'NONE',  ( -14.10000000000000320, -23.00000000000000000, 6.382104175607510754 ) ) ;
#1416 = ORIENTED_EDGE ( 'NONE', *, *, #23, .F. ) ;
#1417 = DIRECTION ( 'NONE',  ( 0.000000000000000000, 1.000000000000000000, -0.000000000000000000 ) ) ;
#1418 = DIRECTION ( 'NONE',  ( 0.000000000000000000, 0.000000000000000000, 1.000000000000000000 ) ) ;
#1419 = VERTEX_POINT ( 'NONE', #1072 ) ;
#1420 = EDGE_CURVE ( 'NONE', #923, #2136, #1904, .T. ) ;
#1421 = CARTESIAN_POINT ( 'NONE',  ( -23.29986394568889452, -29.04081103449892254, 12.00574387424155276 ) ) ;
#1422 = ORIENTED_EDGE ( 'NONE', *, *, #168, .T. ) ;
#1423 = CARTESIAN_POINT ( 'NONE',  ( -18.60000000000000142, -40.00000000000000000, 2.449999999999997513 ) ) ;
#1424 = EDGE_CURVE ( 'NONE', #937, #1647, #2324, .T. ) ;
#1425 = DIRECTION ( 'NONE',  ( 0.000000000000000000, 0.000000000000000000, 1.000000000000000000 ) ) ;
#1426 = ORIENTED_EDGE ( 'NONE', *, *, #2095, .T. ) ;
#1427 = CARTESIAN_POINT ( 'NONE',  ( -23.34040390688267053, -38.65964661673560698, 0.05760338699862281586 ) ) ;
#1428 = DIRECTION ( 'NONE',  ( 0.000000000000000000, 0.000000000000000000, -1.000000000000000000 ) ) ;
#1429 = DIRECTION ( 'NONE',  ( 0.000000000000000000, 0.000000000000000000, -1.000000000000000000 ) ) ;
#1430 = EDGE_CURVE ( 'NONE', #1986, #240, #2404, .T. ) ;
#1431 = CARTESIAN_POINT ( 'NONE',  ( -23.53200000000000358, -24.52217131570533937, -6.938893903907228378E-15 ) ) ;
#1432 =( BOUNDED_SURFACE ( )  B_SPLINE_SURFACE ( 3, 2, ( 
 ( #2608, #922, #401 ),
 ( #1889, #1346, #2643 ),
 ( #2334, #436, #1838 ),
 ( #2398, #2826, #192 ),
 ( #859, #1602, #2351 ),
 ( #1362, #1376, #2365 ),
 ( #909, #1876, #2622 ),
 ( #2187, #2205, #955 ),
 ( #1907, #1478, #2466 ),
 ( #1205, #3149, #1680 ),
 ( #2920, #2169, #3128 ),
 ( #2705, #1939, #3167 ),
 ( #483, #3182, #2428 ),
 ( #710, #1957, #257 ),
 ( #1463, #1172, #726 ),
 ( #206, #2451, #987 ) ),
 .UNSPECIFIED., .F., .F., .F. ) 
 B_SPLINE_SURFACE_WITH_KNOTS ( ( 4, 2, 2, 2, 2, 2, 2, 4 ),
 ( 3, 3 ),
 ( 0.000000000000000000, 0.001940437532668841262, 0.003880875065337682523, 0.004851093831672103479, 0.005336203214839314174, 0.005821312598006524001, 0.006791531364340944524, 0.007761750130675365046 ),
 ( 0.000000000000000000, 1.000000000000000000 ),
 .UNSPECIFIED. ) 
 GEOMETRIC_REPRESENTATION_ITEM ( )  RATIONAL_B_SPLINE_SURFACE ( (
 ( 1.000000000000000000, 0.6968130216698518176, 1.000000000000000000),
 ( 1.000000000000000000, 0.6740495894374950447, 1.000000000000000000),
 ( 1.000000000000000000, 0.6537933828263281510, 1.000000000000000000),
 ( 1.000000000000000000, 0.6213445410744603548, 1.000000000000000000),
 ( 1.000000000000000000, 0.6102919779166973147, 1.000000000000000000),
 ( 1.000000000000000000, 0.6001293823416230522, 1.000000000000000000),
 ( 1.000000000000000000, 0.5979122664465988946, 1.000000000000000000),
 ( 1.000000000000000000, 0.5956969183507844212, 1.000000000000000000),
 ( 1.000000000000000000, 0.5951444022387081256, 1.000000000000000000),
 ( 1.000000000000000000, 0.5943138960709924978, 1.000000000000000000),
 ( 1.000000000000000000, 0.5940362678514891082, 1.000000000000000000),
 ( 1.000000000000000000, 0.5934867649870601003, 1.000000000000000000),
 ( 1.000000000000000000, 0.5934731689853991465, 1.000000000000000000),
 ( 1.000000000000000000, 0.5935353574038342295, 1.000000000000000000),
 ( 1.000000000000000000, 0.5936161964090326260, 1.000000000000000000),
 ( 1.000000000000000000, 0.5936090946181269423, 1.000000000000000000) ) ) 
 REPRESENTATION_ITEM ( '' )  SURFACE ( )  );
#1433 = DIRECTION ( 'NONE',  ( 0.000000000000000000, 0.000000000000000000, -1.000000000000000000 ) ) ;
#1434 = ORIENTED_EDGE ( 'NONE', *, *, #1288, .T. ) ;
#1435 = CARTESIAN_POINT ( 'NONE',  ( -22.60767442026211782, -18.51229233088727710, 0.2999999999999999889 ) ) ;
#1436 = CIRCLE ( 'NONE', #3026, 10.69999999999999929 ) ;
#1437 = ORIENTED_EDGE ( 'NONE', *, *, #1659, .F. ) ;
#1438 = CIRCLE ( 'NONE', #1545, 4.499999999999999112 ) ;
#1440 = ORIENTED_EDGE ( 'NONE', *, *, #1525, .F. ) ;
#1439 = DIRECTION ( 'NONE',  ( -1.000000000000000000, -0.000000000000000000, -0.000000000000000000 ) ) ;
#1441 = CARTESIAN_POINT ( 'NONE',  ( 0.000000000000000000, 0.000000000000000000, 0.000000000000000000 ) ) ;
#1442 = DIRECTION ( 'NONE',  ( 1.000000000000000000, 0.000000000000000000, 0.000000000000000000 ) ) ;
#1443 = EDGE_CURVE ( 'NONE', #1383, #1738, #369, .T. ) ;
#1444 = AXIS2_PLACEMENT_3D ( 'NONE', #2856, #2605, #2182 ) ;
#1445 = VERTEX_POINT ( 'NONE', #1058 ) ;
#1446 = AXIS2_PLACEMENT_3D ( 'NONE', #1310, #1061, #818 ) ;
#1447 = DIRECTION ( 'NONE',  ( 1.000000000000000000, 0.000000000000000000, 0.000000000000000000 ) ) ;
#1448 = CARTESIAN_POINT ( 'NONE',  ( 0.000000000000000000, -15.50000000000000000, 5.500000000000000000 ) ) ;
#1449 = AXIS2_PLACEMENT_3D ( 'NONE', #453, #1011, #2209 ) ;
#1450 = CYLINDRICAL_SURFACE ( 'NONE', #672, 0.7249999999999999778 ) ;
#1451 = CARTESIAN_POINT ( 'NONE',  ( -18.58574591537705345, -27.09794958215942984, 8.936988093387965293 ) ) ;
#1452 = DIRECTION ( 'NONE',  ( 0.000000000000000000, 0.000000000000000000, 1.000000000000000000 ) ) ;
#1453 = AXIS2_PLACEMENT_3D ( 'NONE', #1619, #127, #3053 ) ;
#1454 = EDGE_CURVE ( 'NONE', #2855, #2020, #2584, .T. ) ;
#1455 = CIRCLE ( 'NONE', #1006, 19.69999999999999929 ) ;
#1456 = CARTESIAN_POINT ( 'NONE',  ( -23.73534840017166303, -28.99871628109562494, 11.03176927966451260 ) ) ;
#1457 = ORIENTED_EDGE ( 'NONE', *, *, #2016, .F. ) ;
#1458 = DIRECTION ( 'NONE',  ( 0.000000000000000000, 1.599512856787901759E-14, -1.000000000000000000 ) ) ;
#1459 = AXIS2_PLACEMENT_3D ( 'NONE', #3052, #796, #305 ) ;
#1460 = EDGE_LOOP ( 'NONE', ( #1813, #2184, #1655, #693, #2001, #1123, #259, #2604 ) ) ;
#1461 = DIRECTION ( 'NONE',  ( 0.000000000000000000, 0.000000000000000000, 1.000000000000000000 ) ) ;
#1462 = COORDINATED_UNIVERSAL_TIME_OFFSET ( 8, 0, .AHEAD. ) ;
#1463 = CARTESIAN_POINT ( 'NONE',  ( -14.40703121985239044, -23.00000000000000000, 6.382104175935173984 ) ) ;
#1464 = ORIENTED_EDGE ( 'NONE', *, *, #2640, .T. ) ;
#1465 = ADVANCED_FACE ( 'NONE', ( #2786 ), #2519, .T. ) ;
#1466 = FACE_OUTER_BOUND ( 'NONE', #2039, .T. ) ;
#1467 = CARTESIAN_POINT ( 'NONE',  ( -23.76080880093226710, -36.99405941615218296, 0.4124461569599308652 ) ) ;
#1468 = CARTESIAN_POINT ( 'NONE',  ( -11.34961462387978415, 4.400859472198558109, 0.000000000000000000 ) ) ;
#1469 = DIRECTION ( 'NONE',  ( 0.000000000000000000, 0.000000000000000000, 1.000000000000000000 ) ) ;
#1470 = DIRECTION ( 'NONE',  ( 0.000000000000000000, 0.000000000000000000, 1.000000000000000000 ) ) ;
#1471 = DIRECTION ( 'NONE',  ( 0.000000000000000000, 0.000000000000000000, 1.000000000000000000 ) ) ;
#1472 = ORIENTED_EDGE ( 'NONE', *, *, #2072, .T. ) ;
#1473 = DIRECTION ( 'NONE',  ( 0.000000000000000000, 0.000000000000000000, -1.000000000000000000 ) ) ;
#1474 = EDGE_CURVE ( 'NONE', #1692, #389, #2031, .T. ) ;
#1475 = ORIENTED_EDGE ( 'NONE', *, *, #1176, .T. ) ;
#1476 = CARTESIAN_POINT ( 'NONE',  ( 0.000000000000000000, 16.00000000000000000, 6.000000000000000000 ) ) ;
#1477 = APPROVAL_STATUS ( 'not_yet_approved' ) ;
#1478 = CARTESIAN_POINT ( 'NONE',  ( -16.35571121930464145, -23.60276927237705280, 7.009163276398721720 ) ) ;
#1479 = VERTEX_POINT ( 'NONE', #1828 ) ;
#1480 = CARTESIAN_POINT ( 'NONE',  ( 1.463452924981084508E-15, 13.49999999999999822, 3.249999999999988454 ) ) ;
#1481 = CARTESIAN_POINT ( 'NONE',  ( -24.03200000000000358, -36.72655482482706901, 0.7979143553857687143 ) ) ;
#1482 = CARTESIAN_POINT ( 'NONE',  ( -24.07384378028451266, -39.99999999999993605, 6.100000000000001421 ) ) ;
#1483 = ADVANCED_FACE ( 'NONE', ( #1043 ), #2322, .F. ) ;
#1484 = DIRECTION ( 'NONE',  ( 1.000000000000000000, 0.000000000000000000, 0.000000000000000000 ) ) ;
#1485 = CARTESIAN_POINT ( 'NONE',  ( -22.76099760160616725, -18.99826590892677558, 6.013849586202658415 ) ) ;
#1486 = ORIENTED_EDGE ( 'NONE', *, *, #432, .F. ) ;
#1487 = ORIENTED_EDGE ( 'NONE', *, *, #384, .T. ) ;
#1489 = VERTEX_POINT ( 'NONE', #2555 ) ;
#1488 = CARTESIAN_POINT ( 'NONE',  ( -18.89999999999999858, -34.48960545058179150, 0.01657831503579579313 ) ) ;
#1490 = ORIENTED_EDGE ( 'NONE', *, *, #530, .F. ) ;
#1491 = DIRECTION ( 'NONE',  ( 0.3004939492409032797, 0.9537837210131054899, 0.000000000000000000 ) ) ;
#1492 = AXIS2_PLACEMENT_3D ( 'NONE', #1916, #2963, #766 ) ;
#1493 = VECTOR ( 'NONE', #3179, 1000.000000000000000 ) ;
#1494 = ORIENTED_EDGE ( 'NONE', *, *, #386, .F. ) ;
#1495 = FACE_OUTER_BOUND ( 'NONE', #370, .T. ) ;
#1496 = DIRECTION ( 'NONE',  ( 1.000000000000000000, -0.000000000000000000, -0.000000000000000000 ) ) ;
#1497 = AXIS2_PLACEMENT_3D ( 'NONE', #2522, #2080, #314 ) ;
#1498 = DIRECTION ( 'NONE',  ( 0.000000000000000000, -1.000000000000000000, 0.000000000000000000 ) ) ;
#1499 = CARTESIAN_POINT ( 'NONE',  ( -19.10000000000000497, -40.00000000000000000, 11.00000000000000000 ) ) ;
#1500 = DIRECTION ( 'NONE',  ( 0.000000000000000000, 0.000000000000000000, -1.000000000000000000 ) ) ;
#1501 = AXIS2_PLACEMENT_3D ( 'NONE', #96, #1272, #2260 ) ;
#1502 = ORIENTED_EDGE ( 'NONE', *, *, #2545, .T. ) ;
#1503 = EDGE_CURVE ( 'NONE', #2793, #3011, #3041, .T. ) ;
#1505 = ORIENTED_EDGE ( 'NONE', *, *, #1849, .F. ) ;
#1504 = CARTESIAN_POINT ( 'NONE',  ( -23.23200000000000287, -18.18257577072857245, 21.00000000000000000 ) ) ;
#1506 = AXIS2_PLACEMENT_3D ( 'NONE', #158, #2845, #2071 ) ;
#1507 = VERTEX_POINT ( 'NONE', #1561 ) ;
#1508 = CARTESIAN_POINT ( 'NONE',  ( -18.89999999999999858, -27.49999999999999645, 0.000000000000000000 ) ) ;
#1509 = CONICAL_SURFACE ( 'NONE', #849, 2.099999999999997868, 0.7853981633974482790 ) ;
#1510 = AXIS2_PLACEMENT_3D ( 'NONE', #2453, #19, #3169 ) ;
#1511 = ORIENTED_EDGE ( 'NONE', *, *, #683, .F. ) ;
#1512 = DIRECTION ( 'NONE',  ( 1.000000000000000000, 0.000000000000000000, -0.000000000000000000 ) ) ;
#1513 = CARTESIAN_POINT ( 'NONE',  ( -23.03200000000000358, -39.99999999999993605, 6.099999999999997868 ) ) ;
#1514 = ADVANCED_FACE ( 'NONE', ( #2816 ), #1767, .F. ) ;
#1515 = CARTESIAN_POINT ( 'NONE',  ( -3.532000000000007134, -24.52217131570533937, -6.938893903907228378E-15 ) ) ;
#1516 = DIRECTION ( 'NONE',  ( 1.000000000000000000, -0.000000000000000000, -0.000000000000000000 ) ) ;
#1517 = CARTESIAN_POINT ( 'NONE',  ( -22.61400119062820124, -19.57162635211959412, 6.056186191328827739 ) ) ;
#1518 = ORIENTED_EDGE ( 'NONE', *, *, #2142, .T. ) ;
#1519 = CARTESIAN_POINT ( 'NONE',  ( -24.07384378028451266, -40.00000000000002132, 17.00000000000000000 ) ) ;
#1520 = ADVANCED_FACE ( 'NONE', ( #618 ), #589, .T. ) ;
#1521 = ORIENTED_EDGE ( 'NONE', *, *, #636, .T. ) ;
#1522 = DIRECTION ( 'NONE',  ( -0.000000000000000000, -0.000000000000000000, -1.000000000000000000 ) ) ;
#1523 = EDGE_CURVE ( 'NONE', #39, #573, #2170, .T. ) ;
#1524 = EDGE_LOOP ( 'NONE', ( #1215, #3060, #1676, #1099 ) ) ;
#1525 = EDGE_CURVE ( 'NONE', #504, #609, #48, .T. ) ;
#1526 = CARTESIAN_POINT ( 'NONE',  ( -18.60000000000000142, -23.00000000000000000, -6.938893903907228378E-15 ) ) ;
#1527 = DIRECTION ( 'NONE',  ( -0.3004939492409032797, -0.9537837210131053789, -0.000000000000000000 ) ) ;
#1528 = CARTESIAN_POINT ( 'NONE',  ( -23.30257490017224953, -29.03915479738267535, 11.99227798713247317 ) ) ;
#1529 = CARTESIAN_POINT ( 'NONE',  ( -7.524614623879811504, -4.400859472198537681, 5.500000000000000000 ) ) ;
#1530 = LINE ( 'NONE', #3021, #2945 ) ;
#1531 = CARTESIAN_POINT ( 'NONE',  ( -23.23200000000000287, -27.26632411961000102, 8.688399131949010368 ) ) ;
#1532 = ADVANCED_FACE ( 'NONE', ( #2356, #440, #2387, #665 ), #407, .F. ) ;
#1533 = ORIENTED_EDGE ( 'NONE', *, *, #2672, .T. ) ;
#1534 = CARTESIAN_POINT ( 'NONE',  ( 0.000000000000000000, 8.000000000000000000, 5.500000000000000000 ) ) ;
#1535 = ORIENTED_EDGE ( 'NONE', *, *, #1829, .F. ) ;
#1536 = CARTESIAN_POINT ( 'NONE',  ( -23.53200000000000358, -36.29096903665883644, 0.6441760678844796750 ) ) ;
#1537 =( BOUNDED_SURFACE ( )  B_SPLINE_SURFACE ( 3, 2, ( 
 ( #488, #2415, #1981 ),
 ( #2962, #3170, #1467 ),
 ( #1481, #2910, #2227 ),
 ( #211, #1025, #261 ) ),
 .UNSPECIFIED., .F., .F., .F. ) 
 B_SPLINE_SURFACE_WITH_KNOTS ( ( 4, 4 ),
 ( 3, 3 ),
 ( 0.000000000000000000, 0.001073244094279734518 ),
 ( 0.000000000000000000, 1.000000000000000000 ),
 .UNSPECIFIED. ) 
 GEOMETRIC_REPRESENTATION_ITEM ( )  RATIONAL_B_SPLINE_SURFACE ( (
 ( 1.000000000000000000, 0.7071067811872917552, 1.000000000000000000),
 ( 1.000000000000000000, 0.7407526624669668047, 1.000000000000000000),
 ( 1.000000000000000000, 0.7633438722122269926, 1.000000000000000000),
 ( 1.000000000000000000, 0.7637626158259711584, 1.000000000000000000) ) ) 
 REPRESENTATION_ITEM ( '' )  SURFACE ( )  );
#1538 = ORIENTED_EDGE ( 'NONE', *, *, #1430, .T. ) ;
#1539 = FACE_BOUND ( 'NONE', #707, .T. ) ;
#1540 = CARTESIAN_POINT ( 'NONE',  ( -23.73200000000000287, -40.00000000000000000, 11.00000000000000000 ) ) ;
#1541 = EDGE_CURVE ( 'NONE', #382, #2823, #2277, .T. ) ;
#1542 = CIRCLE ( 'NONE', #1492, 0.2999999999999999889 ) ;
#1543 = FACE_OUTER_BOUND ( 'NONE', #399, .T. ) ;
#1544 = DIRECTION ( 'NONE',  ( 0.000000000000000000, 0.000000000000000000, -1.000000000000000000 ) ) ;
#1545 = AXIS2_PLACEMENT_3D ( 'NONE', #1604, #3057, #2684 ) ;
#1546 = CARTESIAN_POINT ( 'NONE',  ( -24.03200000000000358, -46.00000000000000000, 11.00000000000000000 ) ) ;
#1547 = DIRECTION ( 'NONE',  ( 1.000000000000000000, 0.000000000000000000, 0.000000000000000000 ) ) ;
#1548 = EDGE_LOOP ( 'NONE', ( #2188, #222, #650, #3078 ) ) ;
#1549 = DIRECTION ( 'NONE',  ( 1.000000000000000000, -0.000000000000000000, -0.000000000000000000 ) ) ;
#1550 = EDGE_CURVE ( 'NONE', #290, #2941, #688, .T. ) ;
#1551 = ORIENTED_EDGE ( 'NONE', *, *, #38, .T. ) ;
#1552 = CARTESIAN_POINT ( 'NONE',  ( -2.100000000000000089, 13.49999999999999822, 2.500000000000000000 ) ) ;
#1553 = AXIS2_PLACEMENT_3D ( 'NONE', #3066, #368, #417 ) ;
#1554 = ORIENTED_EDGE ( 'NONE', *, *, #2353, .F. ) ;
#1555 = CARTESIAN_POINT ( 'NONE',  ( -23.03200000000000358, -34.00000000000000000, 12.09999999999999609 ) ) ;
#1556 = CARTESIAN_POINT ( 'NONE',  ( -23.23200000000000287, -24.52217131570533937, 0.000000000000000000 ) ) ;
#1557 = AXIS2_PLACEMENT_3D ( 'NONE', #1024, #294, #2909 ) ;
#1558 = ORIENTED_EDGE ( 'NONE', *, *, #143, .T. ) ;
#1559 = DIRECTION ( 'NONE',  ( 0.000000000000000000, 0.000000000000000000, 1.000000000000000000 ) ) ;
#1560 = CARTESIAN_POINT ( 'NONE',  ( -18.57097526273719268, -26.79490132646199640, 8.305891446978426629 ) ) ;
#1561 = CARTESIAN_POINT ( 'NONE',  ( -2.550645464270670182, -13.49999999999999822, 2.500000000000000000 ) ) ;
#1562 = ORIENTED_EDGE ( 'NONE', *, *, #1209, .T. ) ;
#1563 = CARTESIAN_POINT ( 'NONE',  ( -14.10000000000000320, -27.49999999999999645, -6.938893903907228378E-15 ) ) ;
#1564 = ORIENTED_EDGE ( 'NONE', *, *, #949, .T. ) ;
#1565 = CARTESIAN_POINT ( 'NONE',  ( -23.37279953520475573, -38.97976742875997758, 0.03384200424797239454 ) ) ;
#1566 = EDGE_CURVE ( 'NONE', #1187, #2777, #1855, .T. ) ;
#1567 = VERTEX_POINT ( 'NONE', #2109 ) ;
#1568 = DIRECTION ( 'NONE',  ( 0.000000000000000000, 0.000000000000000000, 1.000000000000000000 ) ) ;
#1569 = CARTESIAN_POINT ( 'NONE',  ( -18.60000000000000142, -40.00000000000000000, 11.00000000000000000 ) ) ;
#1570 = B_SPLINE_CURVE_WITH_KNOTS ( 'NONE', 3,
 ( #1861, #2814, #2354, #1840 ),
 .UNSPECIFIED., .F., .F.,
 ( 4, 4 ),
 ( 0.002598444317349459312, 0.003349870578281846038 ),
 .UNSPECIFIED. ) ;
#1571 = VERTEX_POINT ( 'NONE', #1415 ) ;
#1572 = DIRECTION ( 'NONE',  ( 0.000000000000000000, 0.000000000000000000, 1.000000000000000000 ) ) ;
#1573 = FACE_OUTER_BOUND ( 'NONE', #957, .T. ) ;
#1574 = FACE_BOUND ( 'NONE', #845, .T. ) ;
#1575 = EDGE_CURVE ( 'NONE', #1078, #1407, #2141, .T. ) ;
#1576 = ORIENTED_EDGE ( 'NONE', *, *, #2034, .F. ) ;
#1577 = CARTESIAN_POINT ( 'NONE',  ( 0.000000000000000000, 0.000000000000000000, 22.00000000000000000 ) ) ;
#1578 = EDGE_CURVE ( 'NONE', #2452, #1803, #1864, .T. ) ;
#1579 = ORIENTED_EDGE ( 'NONE', *, *, #597, .T. ) ;
#1580 = CARTESIAN_POINT ( 'NONE',  ( -23.30240782675994637, -38.96202852502855052, 0.03460921940798794560 ) ) ;
#1581 = EDGE_LOOP ( 'NONE', ( #2217, #1426, #2263, #1988 ) ) ;
#1582 = CARTESIAN_POINT ( 'NONE',  ( -18.60000000000000142, -34.47739303901801122, 0.3163296403102656695 ) ) ;
#1583 = DIRECTION ( 'NONE',  ( 1.000000000000000000, 0.000000000000000000, 0.000000000000000000 ) ) ;
#1584 = EDGE_LOOP ( 'NONE', ( #2983, #1533, #2007, #1505 ) ) ;
#1585 = DIRECTION ( 'NONE',  ( 1.000000000000000000, -0.000000000000000000, -0.000000000000000000 ) ) ;
#1586 = CARTESIAN_POINT ( 'NONE',  ( -18.60000000000000142, -27.49999999999999645, 8.871126182265935967 ) ) ;
#1587 = CARTESIAN_POINT ( 'NONE',  ( -23.73200000000000287, -40.00000000000000000, 22.00000000000000000 ) ) ;
#1588 = AXIS2_PLACEMENT_3D ( 'NONE', #666, #1637, #2230 ) ;
#1589 = CIRCLE ( 'NONE', #1844, 19.70000000000000284 ) ;
#1590 = CARTESIAN_POINT ( 'NONE',  ( -23.53200000000000358, -34.47739303901801122, 0.3163296403102656695 ) ) ;
#1591 = FACE_BOUND ( 'NONE', #914, .T. ) ;
#1592 = AXIS2_PLACEMENT_3D ( 'NONE', #2495, #2745, #2509 ) ;
#1593 = DIRECTION ( 'NONE',  ( 0.000000000000000000, 0.000000000000000000, -1.000000000000000000 ) ) ;
#1594 = EDGE_CURVE ( 'NONE', #2729, #573, #60, .T. ) ;
#1595 = VERTEX_POINT ( 'NONE', #196 ) ;
#1596 = CIRCLE ( 'NONE', #2225, 2.099999999999997868 ) ;
#1597 = CARTESIAN_POINT ( 'NONE',  ( -23.80761798386614814, -36.82323192755533370, 0.4650247857655760431 ) ) ;
#1598 = VECTOR ( 'NONE', #1913, 1000.000000000000000 ) ;
#1599 = VERTEX_POINT ( 'NONE', #682 ) ;
#1600 = AXIS2_PLACEMENT_3D ( 'NONE', #642, #1371, #1153 ) ;
#1601 = CARTESIAN_POINT ( 'NONE',  ( -18.60000000000000142, -40.00000000000000000, 19.55000000000000071 ) ) ;
#1602 = CARTESIAN_POINT ( 'NONE',  ( -17.66017590670361059, -24.68762175546799753, 7.475331716156358830 ) ) ;
#1603 = VERTEX_POINT ( 'NONE', #1654 ) ;
#1604 = CARTESIAN_POINT ( 'NONE',  ( -14.10000000000000320, -27.49999999999999645, 0.2999999999999999889 ) ) ;
#1605 = LINE ( 'NONE', #1892, #2129 ) ;
#1606 = DIRECTION ( 'NONE',  ( 0.000000000000000000, 0.000000000000000000, -1.000000000000000000 ) ) ;
#1607 = ORIENTED_EDGE ( 'NONE', *, *, #1085, .F. ) ;
#1608 = EDGE_CURVE ( 'NONE', #2823, #382, #2638, .T. ) ;
#1609 = CIRCLE ( 'NONE', #175, 15.50000000000000000 ) ;
#1610 = VECTOR ( 'NONE', #2382, 1000.000000000000114 ) ;
#1611 = CARTESIAN_POINT ( 'NONE',  ( 0.000000000000000000, 15.69999999999999929, 6.000000000000000000 ) ) ;
#1612 = CARTESIAN_POINT ( 'NONE',  ( -23.24586488369607196, -21.53629889482850857, 5.700000000000000178 ) ) ;
#1613 = DIRECTION ( 'NONE',  ( 0.000000000000000000, 0.000000000000000000, 1.000000000000000000 ) ) ;
#1614 = ORIENTED_EDGE ( 'NONE', *, *, #725, .F. ) ;
#1615 = DIRECTION ( 'NONE',  ( -0.000000000000000000, -1.000000000000000000, -0.000000000000000000 ) ) ;
#1616 = ORIENTED_EDGE ( 'NONE', *, *, #2520, .T. ) ;
#1617 = ADVANCED_FACE ( 'NONE', ( #2850 ), #3132, .F. ) ;
#1618 = CARTESIAN_POINT ( 'NONE',  ( -18.59466437418349471, -27.28092886213437751, 8.688399131949008591 ) ) ;
#1619 = CARTESIAN_POINT ( 'NONE',  ( 0.000000000000000000, 0.000000000000000000, 5.500000000000000000 ) ) ;
#1620 = EDGE_CURVE ( 'NONE', #1724, #2855, #1879, .T. ) ;
#1621 = VERTEX_POINT ( 'NONE', #1129 ) ;
#1622 = CYLINDRICAL_SURFACE ( 'NONE', #731, 0.7249999999999999778 ) ;
#1623 = DIRECTION ( 'NONE',  ( 1.000000000000000000, -0.000000000000000000, -0.000000000000000000 ) ) ;
#1624 = DIRECTION ( 'NONE',  ( -0.000000000000000000, -0.000000000000000000, 1.000000000000000000 ) ) ;
#1625 = FACE_OUTER_BOUND ( 'NONE', #1744, .T. ) ;
#1626 = EDGE_CURVE ( 'NONE', #1803, #2342, #1246, .T. ) ;
#1627 = CARTESIAN_POINT ( 'NONE',  ( -44.26883835420682090, -40.00000000000000000, 11.00000000000000000 ) ) ;
#1628 = VERTEX_POINT ( 'NONE', #1587 ) ;
#1629 = CARTESIAN_POINT ( 'NONE',  ( -14.10000000000000320, -22.69999999999999929, 6.682104175607510577 ) ) ;
#1630 = EDGE_LOOP ( 'NONE', ( #2126, #1472, #174 ) ) ;
#1631 = CARTESIAN_POINT ( 'NONE',  ( -2.100000000000000089, 13.49999999999999822, 1.750000000000001110 ) ) ;
#1632 = CARTESIAN_POINT ( 'NONE',  ( -23.23200000000000287, -29.08227050894843302, 12.34282640733002978 ) ) ;
#1633 = ORIENTED_EDGE ( 'NONE', *, *, #748, .T. ) ;
#1634 = ADVANCED_FACE ( 'NONE', ( #2613 ), #1213, .T. ) ;
#1635 = DIRECTION ( 'NONE',  ( 1.000000000000000000, 0.000000000000000000, 0.000000000000000000 ) ) ;
#1636 = CARTESIAN_POINT ( 'NONE',  ( -22.18925898445627709, -18.18257577072856890, 6.000000000000001776 ) ) ;
#1637 = DIRECTION ( 'NONE',  ( 1.000000000000000000, -0.000000000000000000, -0.000000000000000000 ) ) ;
#1638 = CLOSED_SHELL ( 'NONE', ( #58, #1915, #2887, #3157, #1483, #1798, #2228, #388, #2294, #982, #1075, #1342, #785, #49, #2752, #625, #1728, #3056, #2531, #1465, #258, #1013, #3054, #1050, #904, #3077, #668, #1520, #471, #606, #2194, #1956, #307, #1363, #2310, #2600, #2198, #821, #2668, #2901, #2438, #1684, #2999, #2101, #1691, #2875, #2081, #1273, #892, #804, #2392, #1139, #2042, #2725, #2592, #293, #1282, #1764, #2153, #721, #1874, #497, #711, #2257, #3091, #2628, #646, #92, #1645, #1370, #1634, #1296, #2477, #2183, #3097, #1514, #2609, #1617, #2699, #2758, #1068, #1965, #269, #1062, #2805, #2996, #403, #1854, #2409, #1113, #2651, #1532, #871, #239, #1152, #1412, #1329, #864, #460, #913 ) ) ;
#1639 = CARTESIAN_POINT ( 'NONE',  ( -14.10000000000000320, -22.61142305432801081, 6.668729583928930893 ) ) ;
#1640 = CIRCLE ( 'NONE', #102, 1.699999999999998401 ) ;
#1641 = CARTESIAN_POINT ( 'NONE',  ( -18.89999999999999858, -40.00000000000000000, 11.00000000000000000 ) ) ;
#1642 = VERTEX_POINT ( 'NONE', #392 ) ;
#1643 = CARTESIAN_POINT ( 'NONE',  ( -24.07384378028451266, -40.00000000000002132, 17.00000000000000000 ) ) ;
#1644 = VECTOR ( 'NONE', #2822, 1000.000000000000000 ) ;
#1645 = ADVANCED_FACE ( 'NONE', ( #1943 ), #2015, .T. ) ;
#1646 = CIRCLE ( 'NONE', #213, 11.00000000000000000 ) ;
#1647 = VERTEX_POINT ( 'NONE', #2692 ) ;
#1648 = CARTESIAN_POINT ( 'NONE',  ( -10.62461462387981115, -4.400859472198537681, 5.500000000000000000 ) ) ;
#1649 = CARTESIAN_POINT ( 'NONE',  ( -24.07384378028451266, -40.00000000000002132, 18.10000000000000142 ) ) ;
#1650 = CIRCLE ( 'NONE', #320, 10.69999999999999929 ) ;
#1651 = ORIENTED_EDGE ( 'NONE', *, *, #1523, .F. ) ;
#1652 = AXIS2_PLACEMENT_3D ( 'NONE', #345, #1320, #2307 ) ;
#1653 = CARTESIAN_POINT ( 'NONE',  ( -22.47539410076021227, -18.09242758595630107, 5.700000000000001954 ) ) ;
#1654 = CARTESIAN_POINT ( 'NONE',  ( -14.97440441990574911, 4.717755003082197973, 0.000000000000000000 ) ) ;
#1655 = ORIENTED_EDGE ( 'NONE', *, *, #2173, .F. ) ;
#1656 = CIRCLE ( 'NONE', #1708, 0.3000000000000003220 ) ;
#1657 = CARTESIAN_POINT ( 'NONE',  ( -18.30322180912000007, -24.97309583559375312, 7.611240750984531012 ) ) ;
#1658 = LINE ( 'NONE', #2359, #221 ) ;
#1659 = EDGE_CURVE ( 'NONE', #1274, #3163, #2720, .T. ) ;
#1660 = ORIENTED_EDGE ( 'NONE', *, *, #1039, .T. ) ;
#1661 = FACE_OUTER_BOUND ( 'NONE', #2134, .T. ) ;
#1662 = VECTOR ( 'NONE', #2621, 1000.000000000000000 ) ;
#1663 = ORIENTED_EDGE ( 'NONE', *, *, #584, .T. ) ;
#1664 = FACE_OUTER_BOUND ( 'NONE', #3064, .T. ) ;
#1665 = DIRECTION ( 'NONE',  ( 0.000000000000000000, 0.000000000000000000, -1.000000000000000000 ) ) ;
#1666 = EDGE_CURVE ( 'NONE', #2020, #2972, #2469, .T. ) ;
#1667 = ORIENTED_EDGE ( 'NONE', *, *, #375, .F. ) ;
#1668 = CARTESIAN_POINT ( 'NONE',  ( 25.00000000000000000, -34.48960545058179150, 0.01657831503579579313 ) ) ;
#1669 = CARTESIAN_POINT ( 'NONE',  ( -13.72461462387981257, -4.400859472198537681, 5.500000000000000000 ) ) ;
#1670 = CARTESIAN_POINT ( 'NONE',  ( -23.03200000000000358, -46.00000000000000000, 9.900000000000002132 ) ) ;
#1671 = DIRECTION ( 'NONE',  ( -0.000000000000000000, 0.000000000000000000, 1.000000000000000000 ) ) ;
#1672 = CARTESIAN_POINT ( 'NONE',  ( -2.100000000000000089, 13.49999999999999822, 2.500000000000000000 ) ) ;
#1673 = EDGE_LOOP ( 'NONE', ( #792, #3120, #2267, #2476 ) ) ;
#1674 = EDGE_CURVE ( 'NONE', #2777, #1187, #2429, .T. ) ;
#1675 = CARTESIAN_POINT ( 'NONE',  ( 0.000000000000000000, 0.000000000000000000, 6.000000000000000000 ) ) ;
#1676 = ORIENTED_EDGE ( 'NONE', *, *, #1392, .F. ) ;
#1678 = VERTEX_POINT ( 'NONE', #520 ) ;
#1677 = DIRECTION ( 'NONE',  ( -0.000000000000000000, 0.000000000000000000, 1.000000000000000000 ) ) ;
#1679 = PERSON_AND_ORGANIZATION_ROLE ( 'design_owner' ) ;
#1680 = CARTESIAN_POINT ( 'NONE',  ( -16.29317668370973493, -23.12840133858379588, 6.838593982418480266 ) ) ;
#1681 = ORIENTED_EDGE ( 'NONE', *, *, #3183, .T. ) ;
#1682 = DIRECTION ( 'NONE',  ( 1.000000000000000000, 0.000000000000000000, 0.000000000000000000 ) ) ;
#1683 = FACE_OUTER_BOUND ( 'NONE', #354, .T. ) ;
#1684 = ADVANCED_FACE ( 'NONE', ( #1929 ), #1701, .F. ) ;
#1685 = FACE_OUTER_BOUND ( 'NONE', #3168, .T. ) ;
#1686 = CARTESIAN_POINT ( 'NONE',  ( -24.03200000000000358, -29.31090445515350140, 10.35743006346581652 ) ) ;
#1687 = CARTESIAN_POINT ( 'NONE',  ( -23.51461260086617600, -29.01728379106394939, 11.70061588826128585 ) ) ;
#1688 = EDGE_LOOP ( 'NONE', ( #547, #1880, #763 ) ) ;
#1689 = DIRECTION ( 'NONE',  ( 0.000000000000000000, 0.000000000000000000, -1.000000000000000000 ) ) ;
#1690 = AXIS2_PLACEMENT_3D ( 'NONE', #1515, #2739, #542 ) ;
#1691 = ADVANCED_FACE ( 'NONE', ( #468 ), #1537, .T. ) ;
#1692 = VERTEX_POINT ( 'NONE', #1733 ) ;
#1693 = CIRCLE ( 'NONE', #1239, 0.2999999999999999889 ) ;
#1694 = DIRECTION ( 'NONE',  ( -1.000000000000000000, 0.000000000000000000, -0.000000000000000000 ) ) ;
#1695 = DATE_TIME_ROLE ( 'classification_date' ) ;
#1696 = DIRECTION ( 'NONE',  ( -0.000000000000000000, -0.000000000000000000, 1.000000000000000000 ) ) ;
#1697 = CONICAL_SURFACE ( 'NONE', #526, 3.100000000000000533, 0.7853981633974485010 ) ;
#1698 = ORIENTED_EDGE ( 'NONE', *, *, #2659, .F. ) ;
#1699 = AXIS2_PLACEMENT_3D ( 'NONE', #768, #1706, #2247 ) ;
#1700 = CYLINDRICAL_SURFACE ( 'NONE', #2496, 0.7499999999999937828 ) ;
#1701 = CYLINDRICAL_SURFACE ( 'NONE', #276, 1.100000000000000311 ) ;
#1702 = AXIS2_PLACEMENT_3D ( 'NONE', #20, #975, #2488 ) ;
#1703 = EDGE_CURVE ( 'NONE', #2120, #1803, #791, .T. ) ;
#1704 = CARTESIAN_POINT ( 'NONE',  ( 0.000000000000000000, 13.49999999999999822, 3.249999999999993783 ) ) ;
#1705 = CARTESIAN_POINT ( 'NONE',  ( -10.62461462387978628, 4.400859472198558109, 0.000000000000000000 ) ) ;
#1706 = DIRECTION ( 'NONE',  ( 1.000000000000000000, -0.000000000000000000, 0.000000000000000000 ) ) ;
#1707 = VECTOR ( 'NONE', #2686, 1000.000000000000000 ) ;
#1708 = AXIS2_PLACEMENT_3D ( 'NONE', #739, #494, #999 ) ;
#1709 = CARTESIAN_POINT ( 'NONE',  ( -23.45871252695658882, -28.88737915695898906, 11.13463647027262482 ) ) ;
#1710 = ORIENTED_EDGE ( 'NONE', *, *, #854, .F. ) ;
#1711 = DIRECTION ( 'NONE',  ( 0.000000000000000000, 0.000000000000000000, 1.000000000000000000 ) ) ;
#1712 = AXIS2_PLACEMENT_3D ( 'NONE', #519, #2255, #1010 ) ;
#1713 = ORIENTED_EDGE ( 'NONE', *, *, #1608, .T. ) ;
#1714 = CC_DESIGN_APPROVAL ( #2969, ( #976 ) ) ;
#1715 = DIRECTION ( 'NONE',  ( -0.000000000000000000, 0.000000000000000000, 1.000000000000000000 ) ) ;
#1716 = DIRECTION ( 'NONE',  ( 0.000000000000000000, 0.000000000000000000, -1.000000000000000000 ) ) ;
#1717 = EDGE_CURVE ( 'NONE', #271, #1571, #246, .T. ) ;
#1718 = VERTEX_POINT ( 'NONE', #1448 ) ;
#1719 = CARTESIAN_POINT ( 'NONE',  ( -9.899614623879786635, 4.400859472198558109, 0.000000000000000000 ) ) ;
#1720 = CYLINDRICAL_SURFACE ( 'NONE', #1001, 0.2999999999999999889 ) ;
#1721 = CARTESIAN_POINT ( 'NONE',  ( -18.90000000000000213, -27.49999999999999645, 8.871126182265935967 ) ) ;
#1722 = DIRECTION ( 'NONE',  ( 0.000000000000000000, 0.000000000000000000, -1.000000000000000000 ) ) ;
#1723 = CARTESIAN_POINT ( 'NONE',  ( -24.03200000000000358, -37.07147655419151988, 0.7023318025511363638 ) ) ;
#1724 = VERTEX_POINT ( 'NONE', #1256 ) ;
#1725 = CARTESIAN_POINT ( 'NONE',  ( -22.23335934455534257, -18.31980800628268113, 5.999999999999998224 ) ) ;
#1726 = ORIENTED_EDGE ( 'NONE', *, *, #2616, .T. ) ;
#1727 = DIRECTION ( 'NONE',  ( 0.9537837210131043797, -0.3004939492409066659, 0.000000000000000000 ) ) ;
#1728 = ADVANCED_FACE ( 'NONE', ( #1224 ), #2489, .T. ) ;
#1729 = ORIENTED_EDGE ( 'NONE', *, *, #2763, .F. ) ;
#1730 =( LENGTH_UNIT ( ) NAMED_UNIT ( * ) SI_UNIT ( .MILLI., .METRE. ) );
#1731 = ORIENTED_EDGE ( 'NONE', *, *, #3112, .T. ) ;
#1732 = CARTESIAN_POINT ( 'NONE',  ( -18.60000000000000142, -39.53765266292550251, 0.3099936885004535569 ) ) ;
#1733 = CARTESIAN_POINT ( 'NONE',  ( 0.000000000000000000, -8.000000000000000000, 5.500000000000000000 ) ) ;
#1734 = EDGE_CURVE ( 'NONE', #3002, #1603, #2244, .T. ) ;
#1735 = CARTESIAN_POINT ( 'NONE',  ( -18.90000000000000213, -27.49999999999999645, 0.2999999999999999889 ) ) ;
#1736 = CARTESIAN_POINT ( 'NONE',  ( -18.89818675243039081, -27.16327407021118390, 8.985185823061083710 ) ) ;
#1737 = CARTESIAN_POINT ( 'NONE',  ( -23.23637182249616373, -21.05835980462010326, 5.974077720509702871 ) ) ;
#1738 = VERTEX_POINT ( 'NONE', #699 ) ;
#1739 = CARTESIAN_POINT ( 'NONE',  ( -23.59314562986564567, -29.00821002027291939, 11.47783118462355922 ) ) ;
#1740 = EDGE_LOOP ( 'NONE', ( #592, #2499, #1753, #2448 ) ) ;
#1741 = LINE ( 'NONE', #562, #364 ) ;
#1742 = EDGE_CURVE ( 'NONE', #1383, #445, #991, .T. ) ;
#1743 = VECTOR ( 'NONE', #1522, 1000.000000000000000 ) ;
#1744 = EDGE_LOOP ( 'NONE', ( #1895, #2482, #1157, #2618 ) ) ;
#1745 = CARTESIAN_POINT ( 'NONE',  ( -9.899614623879784858, 4.400859472198558109, 5.500000000000000000 ) ) ;
#1746 = DIRECTION ( 'NONE',  ( 1.000000000000000000, -0.000000000000000000, 0.000000000000000000 ) ) ;
#1747 = VECTOR ( 'NONE', #1077, 1000.000000000000114 ) ;
#1748 = AXIS2_PLACEMENT_3D ( 'NONE', #250, #473, #5 ) ;
#1749 = DIRECTION ( 'NONE',  ( 1.000000000000000000, -0.000000000000000000, -0.000000000000000000 ) ) ;
#1750 = CARTESIAN_POINT ( 'NONE',  ( -15.26053953620968251, 4.807903187854469351, 0.2999999999999998779 ) ) ;
#1751 = CARTESIAN_POINT ( 'NONE',  ( -23.53200000000000713, -24.39786552070578907, 7.348253836090121283 ) ) ;
#1752 = VECTOR ( 'NONE', #842, 1000.000000000000114 ) ;
#1753 = ORIENTED_EDGE ( 'NONE', *, *, #1022, .F. ) ;
#1754 = CIRCLE ( 'NONE', #2837, 0.3000000000000016542 ) ;
#1755 = CARTESIAN_POINT ( 'NONE',  ( 0.000000000000000000, -22.69999999999999929, 6.682104175607510577 ) ) ;
#1756 = EDGE_CURVE ( 'NONE', #2342, #55, #2486, .T. ) ;
#1757 = ORIENTED_EDGE ( 'NONE', *, *, #2284, .F. ) ;
#1758 = FACE_BOUND ( 'NONE', #2606, .T. ) ;
#1759 = VECTOR ( 'NONE', #2961, 1000.000000000000000 ) ;
#1760 =( BOUNDED_SURFACE ( )  B_SPLINE_SURFACE ( 3, 2, ( 
 ( #2516, #2213, #1054 ),
 ( #2272, #1283, #2459 ),
 ( #2421, #512, #2028 ),
 ( #217, #3139, #1456 ),
 ( #1709, #2930, #946 ),
 ( #3007, #64, #1687 ),
 ( #1528, #2444, #964 ),
 ( #1947, #236, #1228 ) ),
 .UNSPECIFIED., .F., .F., .T. ) 
 B_SPLINE_SURFACE_WITH_KNOTS ( ( 4, 2, 2, 4 ),
 ( 3, 3 ),
 ( 0.000000000000000000, 0.0005379023175117658359, 0.001075804635023531672, 0.002151609270047063344 ),
 ( 0.000000000000000000, 1.000000000000000000 ),
 .UNSPECIFIED. ) 
 GEOMETRIC_REPRESENTATION_ITEM ( )  RATIONAL_B_SPLINE_SURFACE ( (
 ( 1.000000000000000000, 0.7071067811865475727, 1.000000000000000000),
 ( 1.000000000000000000, 0.7561670413749441710, 1.000000000000000000),
 ( 1.000000000000000000, 0.7985461074169675211, 1.000000000000000000),
 ( 1.000000000000000000, 0.8715761820739773569, 1.000000000000000000),
 ( 1.000000000000000000, 0.9022655820913942915, 1.000000000000000000),
 ( 1.000000000000000000, 0.9756126168552818889, 1.000000000000000000),
 ( 1.000000000000000000, 0.9999479855379006521, 1.000000000000000000),
 ( 1.000000000000000000, 1.000000000000000000, 1.000000000000000000) ) ) 
 REPRESENTATION_ITEM ( '' )  SURFACE ( )  );
#1761 = ORIENTED_EDGE ( 'NONE', *, *, #1978, .F. ) ;
#1762 = FACE_BOUND ( 'NONE', #2460, .T. ) ;
#1763 = DIRECTION ( 'NONE',  ( 1.000000000000000000, -0.000000000000000000, -0.000000000000000000 ) ) ;
#1764 = ADVANCED_FACE ( 'NONE', ( #1683 ), #1720, .T. ) ;
#1765 = DIRECTION ( 'NONE',  ( 0.000000000000000000, -1.000000000000000000, 0.000000000000000000 ) ) ;
#1766 = CARTESIAN_POINT ( 'NONE',  ( -23.23599933616861790, -21.05624718086061620, 5.973674558908109056 ) ) ;
#1767 = CYLINDRICAL_SURFACE ( 'NONE', #2064, 8.000000000000000000 ) ;
#1768 = APPROVAL ( #1185, 'UNSPECIFIED' ) ;
#1769 = MANIFOLD_SOLID_BREP ( '\X2\00d8\X0\1.5mm Dowel Hole1', #1638 ) ;
#1770 = ORIENTED_EDGE ( 'NONE', *, *, #2839, .T. ) ;
#1771 = DIRECTION ( 'NONE',  ( -1.000000000000000000, 0.000000000000000000, 0.000000000000000000 ) ) ;
#1772 = EDGE_CURVE ( 'NONE', #807, #2557, #1047, .T. ) ;
#1773 = ORIENTED_EDGE ( 'NONE', *, *, #2561, .F. ) ;
#1774 = LINE ( 'NONE', #2748, #3030 ) ;
#1775 = B_SPLINE_CURVE_WITH_KNOTS ( 'NONE', 3,
 ( #1158, #2137, #2411, #724 ),
 .UNSPECIFIED., .F., .F.,
 ( 4, 4 ),
 ( 0.000000000000000000, 0.0006900348528515305680 ),
 .UNSPECIFIED. ) ;
#1776 = SHAPE_DEFINITION_REPRESENTATION ( #2036, #2249 ) ;
#1777 = ORIENTED_EDGE ( 'NONE', *, *, #823, .F. ) ;
#1778 = CARTESIAN_POINT ( 'NONE',  ( -24.03200000000000358, -36.38929476581419920, 0.9187070570279469717 ) ) ;
#1779 = DIRECTION ( 'NONE',  ( -0.000000000000000000, 1.000000000000000000, -0.000000000000000000 ) ) ;
#1780 = DIRECTION ( 'NONE',  ( 0.000000000000000000, 0.000000000000000000, -1.000000000000000000 ) ) ;
#1781 = CARTESIAN_POINT ( 'NONE',  ( -14.10000000000000320, -22.69999999999999929, 6.382104175607510754 ) ) ;
#1782 = DIRECTION ( 'NONE',  ( 0.000000000000000000, 0.000000000000000000, 1.000000000000000000 ) ) ;
#1783 = CARTESIAN_POINT ( 'NONE',  ( -22.94058553512932974, -21.05166969291382983, 6.268460130760792559 ) ) ;
#1784 = EDGE_CURVE ( 'NONE', #1479, #438, #322, .T. ) ;
#1785 = VERTEX_POINT ( 'NONE', #2551 ) ;
#1786 = CARTESIAN_POINT ( 'NONE',  ( -10.62461462387981115, -4.400859472198537681, -6.938893903907228378E-15 ) ) ;
#1787 = ORIENTED_EDGE ( 'NONE', *, *, #1420, .F. ) ;
#1788 = ORIENTED_EDGE ( 'NONE', *, *, #685, .F. ) ;
#1789 = LINE ( 'NONE', #810, #2388 ) ;
#1790 = CARTESIAN_POINT ( 'NONE',  ( 0.000000000000000000, -13.49999999999999822, 3.249999999999993783 ) ) ;
#1791 = B_SPLINE_CURVE_WITH_KNOTS ( 'NONE', 3,
 ( #2573, #2066, #1295, #2312 ),
 .UNSPECIFIED., .F., .F.,
 ( 4, 4 ),
 ( 0.000000000000000000, 0.0002799042245186076803 ),
 .UNSPECIFIED. ) ;
#1792 = ORIENTED_EDGE ( 'NONE', *, *, #1811, .F. ) ;
#1793 = LINE ( 'NONE', #2044, #6 ) ;
#1794 = AXIS2_PLACEMENT_3D ( 'NONE', #65, #1055, #1559 ) ;
#1795 = DIRECTION ( 'NONE',  ( 0.000000000000000000, 0.000000000000000000, -1.000000000000000000 ) ) ;
#1796 = DIRECTION ( 'NONE',  ( 0.000000000000000000, 0.000000000000000000, -1.000000000000000000 ) ) ;
#1797 = CIRCLE ( 'NONE', #887, 8.550000000000002487 ) ;
#1798 = ADVANCED_FACE ( 'NONE', ( #2737 ), #1144, .F. ) ;
#1799 = ORIENTED_EDGE ( 'NONE', *, *, #993, .T. ) ;
#1800 = CARTESIAN_POINT ( 'NONE',  ( -23.23200000000000287, -24.11966619483408181, 12.95320204702549916 ) ) ;
#1801 = CONICAL_SURFACE ( 'NONE', #1748, 8.550000000000002487, 0.7853981633974482790 ) ;
#1802 = AXIS2_PLACEMENT_3D ( 'NONE', #3105, #1400, #2832 ) ;
#1803 = VERTEX_POINT ( 'NONE', #566 ) ;
#1804 = CARTESIAN_POINT ( 'NONE',  ( -23.73379486924434900, -37.36039882176957150, 0.3177687831370170080 ) ) ;
#1805 = CONICAL_SURFACE ( 'NONE', #376, 0.7499999999999988898, 1.029744258676653645 ) ;
#1806 = ORIENTED_EDGE ( 'NONE', *, *, #2556, .T. ) ;
#1807 = AXIS2_PLACEMENT_3D ( 'NONE', #1884, #396, #903 ) ;
#1808 = CARTESIAN_POINT ( 'NONE',  ( -21.39999999999999858, -40.00000000000000000, 11.00000000000000000 ) ) ;
#1809 = CARTESIAN_POINT ( 'NONE',  ( -23.53200000000000358, -21.44615071005623719, -6.938893903907228378E-15 ) ) ;
#1810 = TOROIDAL_SURFACE ( 'NONE', #2332, 19.70000000000000284, 0.2999999999999999889 ) ;
#1811 = EDGE_CURVE ( 'NONE', #1738, #2154, #295, .T. ) ;
#1812 = EDGE_LOOP ( 'NONE', ( #1048, #607, #1554, #826, #2396 ) ) ;
#1813 = ORIENTED_EDGE ( 'NONE', *, *, #683, .T. ) ;
#1814 = CARTESIAN_POINT ( 'NONE',  ( -16.17076909799532558, -23.50189166302356725, 6.558167927543886222 ) ) ;
#1815 = CARTESIAN_POINT ( 'NONE',  ( -4.400859472198530575, 10.62461462387979871, 4.099999999999999645 ) ) ;
#1816 = ORIENTED_EDGE ( 'NONE', *, *, #611, .T. ) ;
#1817 = CARTESIAN_POINT ( 'NONE',  ( -18.89999999999999858, -36.93208776333745647, -59.93368673985678896 ) ) ;
#1818 = ORIENTED_EDGE ( 'NONE', *, *, #2089, .T. ) ;
#1819 = DIRECTION ( 'NONE',  ( -0.000000000000000000, -0.000000000000000000, 1.000000000000000000 ) ) ;
#1820 = CC_DESIGN_PERSON_AND_ORGANIZATION_ASSIGNMENT ( #3166, #970, ( #752 ) ) ;
#1821 = ORIENTED_EDGE ( 'NONE', *, *, #2676, .T. ) ;
#1822 = CARTESIAN_POINT ( 'NONE',  ( 0.000000000000000000, -22.69999999999999929, 6.382104175607510754 ) ) ;
#1823 = DIRECTION ( 'NONE',  ( 1.000000000000000000, -0.000000000000000000, -0.000000000000000000 ) ) ;
#1824 = ORIENTED_EDGE ( 'NONE', *, *, #326, .F. ) ;
#1825 = DIRECTION ( 'NONE',  ( 0.000000000000000000, -0.000000000000000000, -1.000000000000000000 ) ) ;
#1826 = ORIENTED_EDGE ( 'NONE', *, *, #2379, .T. ) ;
#1827 = CARTESIAN_POINT ( 'NONE',  ( -21.39999999999999858, -40.00000000000002132, 18.10000000000000142 ) ) ;
#1828 = CARTESIAN_POINT ( 'NONE',  ( -18.89999999999999858, -29.08227050894843302, 12.34282640733002978 ) ) ;
#1829 = EDGE_CURVE ( 'NONE', #2773, #2777, #341, .T. ) ;
#1830 = ORIENTED_EDGE ( 'NONE', *, *, #508, .T. ) ;
#1831 = DIRECTION ( 'NONE',  ( -0.000000000000000000, -0.000000000000000000, 1.000000000000000000 ) ) ;
#1832 = DIRECTION ( 'NONE',  ( 0.000000000000000000, -1.891704009198515763E-15, 1.000000000000000000 ) ) ;
#1833 = ORIENTED_EDGE ( 'NONE', *, *, #2946, .T. ) ;
#1834 = CARTESIAN_POINT ( 'NONE',  ( -10.62461462387978628, 4.400859472198558109, 0.000000000000000000 ) ) ;
#1835 = EDGE_CURVE ( 'NONE', #819, #1647, #554, .T. ) ;
#1836 = VERTEX_POINT ( 'NONE', #91 ) ;
#1837 = DIRECTION ( 'NONE',  ( 0.000000000000000000, 0.000000000000000000, 1.000000000000000000 ) ) ;
#1838 = CARTESIAN_POINT ( 'NONE',  ( -18.75787606570788668, -26.04525908747076102, 8.211562992096650859 ) ) ;
#1839 = ORIENTED_EDGE ( 'NONE', *, *, #1575, .T. ) ;
#1840 = CARTESIAN_POINT ( 'NONE',  ( -23.53200000000000358, -36.18981364674953483, 0.3617445060995118644 ) ) ;
#1841 = DIRECTION ( 'NONE',  ( 1.000000000000000000, 0.000000000000000000, 0.000000000000000000 ) ) ;
#1842 = CARTESIAN_POINT ( 'NONE',  ( -22.60533419168711333, -18.50486432135852510, 6.003196394691055815 ) ) ;
#1843 = CIRCLE ( 'NONE', #2265, 2.099999999999997868 ) ;
#1844 = AXIS2_PLACEMENT_3D ( 'NONE', #894, #723, #1203 ) ;
#1845 = DIRECTION ( 'NONE',  ( 0.000000000000000000, 0.000000000000000000, -1.000000000000000000 ) ) ;
#1846 = DIRECTION ( 'NONE',  ( 0.000000000000000000, 0.000000000000000000, 1.000000000000000000 ) ) ;
#1847 = EDGE_CURVE ( 'NONE', #2823, #1397, #1301, .T. ) ;
#1848 = CIRCLE ( 'NONE', #626, 0.3000000000000000444 ) ;
#1849 = EDGE_CURVE ( 'NONE', #3014, #1836, #2989, .T. ) ;
#1850 = CARTESIAN_POINT ( 'NONE',  ( 0.000000000000000000, 0.000000000000000000, 0.000000000000000000 ) ) ;
#1851 = ORIENTED_EDGE ( 'NONE', *, *, #1235, .T. ) ;
#1852 = VECTOR ( 'NONE', #1918, 1000.000000000000114 ) ;
#1853 = CARTESIAN_POINT ( 'NONE',  ( -23.53200000000000358, -40.00000000000000000, 11.00000000000000000 ) ) ;
#1854 = ADVANCED_FACE ( 'NONE', ( #583 ), #353, .T. ) ;
#1855 = CIRCLE ( 'NONE', #2229, 0.7249999999999999778 ) ;
#1856 = VERTEX_POINT ( 'NONE', #2799 ) ;
#1857 = CONICAL_SURFACE ( 'NONE', #2942, 2.099999999999997868, 0.7853981633974482790 ) ;
#1858 = DIRECTION ( 'NONE',  ( -1.000000000000000000, -0.000000000000000000, -0.000000000000000000 ) ) ;
#1859 = VECTOR ( 'NONE', #704, 1000.000000000000000 ) ;
#1860 = ORIENTED_EDGE ( 'NONE', *, *, #3112, .F. ) ;
#1861 = CARTESIAN_POINT ( 'NONE',  ( -23.50654275509858238, -36.93208776333745647, 0.2453741199822156993 ) ) ;
#1862 = VERTEX_POINT ( 'NONE', #1513 ) ;
#1863 = DIRECTION ( 'NONE',  ( 1.000000000000000000, 0.000000000000000000, 0.000000000000000000 ) ) ;
#1864 = LINE ( 'NONE', #3118, #840 ) ;
#1865 = EDGE_CURVE ( 'NONE', #2308, #807, #2381, .T. ) ;
#1866 = CIRCLE ( 'NONE', #1405, 3.100000000000000533 ) ;
#1867 =( BOUNDED_SURFACE ( )  B_SPLINE_SURFACE ( 3, 2, ( 
 ( #735, #1451, #2949 ),
 ( #1736, #2211, #1996 ),
 ( #2723, #1015, #2195 ),
 ( #2246, #1028, #25 ) ),
 .UNSPECIFIED., .F., .F., .T. ) 
 B_SPLINE_SURFACE_WITH_KNOTS ( ( 4, 4 ),
 ( 3, 3 ),
 ( 0.000000000000000000, 0.0002966917310586672388 ),
 ( 0.000000000000000000, 1.000000000000000000 ),
 .UNSPECIFIED. ) 
 GEOMETRIC_REPRESENTATION_ITEM ( )  RATIONAL_B_SPLINE_SURFACE ( (
 ( 1.000000000000000000, 0.6968130216698518176, 1.000000000000000000),
 ( 1.000000000000000000, 0.7000817619472640141, 1.000000000000000000),
 ( 1.000000000000000000, 0.7035263775290589994, 1.000000000000000000),
 ( 1.000000000000000000, 0.7071067811865475727, 1.000000000000000000) ) ) 
 REPRESENTATION_ITEM ( '' )  SURFACE ( )  );
#1868 = VECTOR ( 'NONE', #1375, 1000.000000000000000 ) ;
#1869 = ORIENTED_EDGE ( 'NONE', *, *, #1313, .T. ) ;
#1870 = CARTESIAN_POINT ( 'NONE',  ( -15.68679216004274046, -22.86487916236216833, 6.748930671518608371 ) ) ;
#1871 = DIRECTION ( 'NONE',  ( -1.000000000000000000, 0.000000000000000000, -0.000000000000000000 ) ) ;
#1872 = ORIENTED_EDGE ( 'NONE', *, *, #2907, .F. ) ;
#1873 = CARTESIAN_POINT ( 'NONE',  ( -23.53200000000000358, -28.75542859155270037, 10.49208616780562053 ) ) ;
#1874 = ADVANCED_FACE ( 'NONE', ( #2974 ), #2492, .T. ) ;
#1875 = VERTEX_POINT ( 'NONE', #1094 ) ;
#1876 = CARTESIAN_POINT ( 'NONE',  ( -16.83592321105021128, -23.91460051668043718, 7.133981198029101023 ) ) ;
#1877 = EDGE_LOOP ( 'NONE', ( #1959, #2666 ) ) ;
#1878 = LINE ( 'NONE', #2127, #2237 ) ;
#1879 = LINE ( 'NONE', #146, #1598 ) ;
#1880 = ORIENTED_EDGE ( 'NONE', *, *, #2583, .T. ) ;
#1881 = EDGE_CURVE ( 'NONE', #518, #2871, #2327, .T. ) ;
#1882 = VERTEX_POINT ( 'NONE', #62 ) ;
#1883 = FACE_OUTER_BOUND ( 'NONE', #252, .T. ) ;
#1884 = CARTESIAN_POINT ( 'NONE',  ( -24.03200000000000358, -39.99999999999993605, 5.000000000000000888 ) ) ;
#1885 = ORIENTED_EDGE ( 'NONE', *, *, #147, .F. ) ;
#1886 = DIRECTION ( 'NONE',  ( 0.000000000000000000, 0.000000000000000000, -1.000000000000000000 ) ) ;
#1887 = ORIENTED_EDGE ( 'NONE', *, *, #11, .F. ) ;
#1888 = DIRECTION ( 'NONE',  ( -0.000000000000000000, -0.000000000000000000, 1.000000000000000000 ) ) ;
#1889 = CARTESIAN_POINT ( 'NONE',  ( -18.57061810549760850, -26.78757356098652309, 8.300124436506619574 ) ) ;
#1890 = ORIENTED_EDGE ( 'NONE', *, *, #1026, .F. ) ;
#1891 = ORIENTED_EDGE ( 'NONE', *, *, #2215, .F. ) ;
#1892 = CARTESIAN_POINT ( 'NONE',  ( 0.000000000000000000, -15.50000000000000000, 22.00000000000000000 ) ) ;
#1893 = DIRECTION ( 'NONE',  ( 0.000000000000000000, 0.000000000000000000, -1.000000000000000000 ) ) ;
#1894 = EDGE_CURVE ( 'NONE', #2120, #1044, #1316, .T. ) ;
#1895 = ORIENTED_EDGE ( 'NONE', *, *, #734, .F. ) ;
#1896 = CIRCLE ( 'NONE', #263, 20.00000000000000355 ) ;
#1897 = CARTESIAN_POINT ( 'NONE',  ( -18.89430866579573021, -27.08821140688683826, 8.929803070538241627 ) ) ;
#1898 = EDGE_CURVE ( 'NONE', #895, #1836, #1095, .T. ) ;
#1899 = TOROIDAL_SURFACE ( 'NONE', #674, 10.69999999999999929, 0.2999999999999999889 ) ;
#1900 = DIRECTION ( 'NONE',  ( 1.000000000000000000, -0.000000000000000000, -0.000000000000000000 ) ) ;
#1901 = ORIENTED_EDGE ( 'NONE', *, *, #338, .T. ) ;
#1902 = CARTESIAN_POINT ( 'NONE',  ( -23.47940265062704412, -28.86004051445791063, 10.99788312873574547 ) ) ;
#1903 = CIRCLE ( 'NONE', #272, 0.2999999999999993783 ) ;
#1904 = CIRCLE ( 'NONE', #2165, 0.3000000000000007105 ) ;
#1905 = ORIENTED_EDGE ( 'NONE', *, *, #597, .F. ) ;
#1906 = CYLINDRICAL_SURFACE ( 'NONE', #3156, 5.000000000000000888 ) ;
#1907 = CARTESIAN_POINT ( 'NONE',  ( -16.41947091912785339, -23.64088576016890997, 6.610903239136675325 ) ) ;
#1908 = AXIS2_PLACEMENT_3D ( 'NONE', #2993, #1333, #2014 ) ;
#1909 = EDGE_LOOP ( 'NONE', ( #2902, #2857, #1401, #1806, #595, #1799, #2224, #29 ) ) ;
#1910 = ORIENTED_EDGE ( 'NONE', *, *, #972, .T. ) ;
#1911 = AXIS2_PLACEMENT_3D ( 'NONE', #1269, #45, #1037 ) ;
#1912 = CARTESIAN_POINT ( 'NONE',  ( -18.89999999999999858, -33.67544467966323651, 19.99999999999999645 ) ) ;
#1913 = DIRECTION ( 'NONE',  ( -0.000000000000000000, -0.000000000000000000, 1.000000000000000000 ) ) ;
#1914 = CIRCLE ( 'NONE', #2792, 2.099999999999997868 ) ;
#1915 = ADVANCED_FACE ( 'NONE', ( #2009 ), #1805, .F. ) ;
#1916 = CARTESIAN_POINT ( 'NONE',  ( -18.89999999999999858, -34.47739303901801122, 0.3163296403102587306 ) ) ;
#1917 = CIRCLE ( 'NONE', #118, 15.69999999999999929 ) ;
#1918 = DIRECTION ( 'NONE',  ( -0.7071067811865474617, 8.659560562354932858E-17, -0.7071067811865474617 ) ) ;
#1919 = TOROIDAL_SURFACE ( 'NONE', #1253, 5.299999999999999822, 0.2999999999999999889 ) ;
#1920 = CARTESIAN_POINT ( 'NONE',  ( -23.53200000000000358, -24.52217131570533937, 0.2999999999999999889 ) ) ;
#1921 = ORIENTED_EDGE ( 'NONE', *, *, #207, .T. ) ;
#1922 = DIRECTION ( 'NONE',  ( 0.000000000000000000, 0.000000000000000000, -1.000000000000000000 ) ) ;
#1923 = EDGE_LOOP ( 'NONE', ( #304, #2726, #2189, #1440 ) ) ;
#1924 = DIRECTION ( 'NONE',  ( 0.000000000000000000, 0.000000000000000000, 1.000000000000000000 ) ) ;
#1925 = APPROVAL_DATE_TIME ( #463, #1768 ) ;
#1926 = DIRECTION ( 'NONE',  ( 1.000000000000000000, 0.000000000000000000, 0.000000000000000000 ) ) ;
#1927 = VERTEX_POINT ( 'NONE', #2515 ) ;
#1928 = CARTESIAN_POINT ( 'NONE',  ( 25.00000000000000000, -33.67544467966323651, -3.469446951953614189E-15 ) ) ;
#1929 = FACE_OUTER_BOUND ( 'NONE', #393, .T. ) ;
#1930 = CARTESIAN_POINT ( 'NONE',  ( -18.60000000000000142, -27.49999999999999645, 0.2999999999999999334 ) ) ;
#1931 = CARTESIAN_POINT ( 'NONE',  ( -24.03200000000000358, -29.30003396165210461, 11.02695882422016638 ) ) ;
#1932 = EDGE_CURVE ( 'NONE', #1294, #1927, #2269, .T. ) ;
#1933 = CARTESIAN_POINT ( 'NONE',  ( -2.700859472198531286, 10.62461462387979871, 5.500000000000000000 ) ) ;
#1934 = ORIENTED_EDGE ( 'NONE', *, *, #2150, .F. ) ;
#1935 = CYLINDRICAL_SURFACE ( 'NONE', #2479, 1.699999999999998845 ) ;
#1936 = ORIENTED_EDGE ( 'NONE', *, *, #413, .F. ) ;
#1937 = CARTESIAN_POINT ( 'NONE',  ( -23.03200000000000358, -34.00000000000000000, 11.00000000000000000 ) ) ;
#1938 = PERSON_AND_ORGANIZATION_ROLE ( 'classification_officer' ) ;
#1939 = CARTESIAN_POINT ( 'NONE',  ( -15.55924113095757555, -23.23285400710748405, 6.870062935981867014 ) ) ;
#1940 = EDGE_CURVE ( 'NONE', #2116, #2485, #825, .T. ) ;
#1941 = EDGE_LOOP ( 'NONE', ( #2559, #3123, #722, #1948 ) ) ;
#1942 = DIRECTION ( 'NONE',  ( 0.000000000000000000, 0.000000000000000000, -1.000000000000000000 ) ) ;
#1943 = FACE_OUTER_BOUND ( 'NONE', #2658, .T. ) ;
#1944 = FACE_OUTER_BOUND ( 'NONE', #2743, .T. ) ;
#1945 = CARTESIAN_POINT ( 'NONE',  ( 1.463452924981084508E-15, -13.49999999999999822, 3.249999999999988454 ) ) ;
#1946 = DIRECTION ( 'NONE',  ( 0.000000000000000000, 0.000000000000000000, -1.000000000000000000 ) ) ;
#1947 = CARTESIAN_POINT ( 'NONE',  ( -23.23200000000000287, -29.08227050894842947, 12.34282640733002978 ) ) ;
#1948 = ORIENTED_EDGE ( 'NONE', *, *, #584, .F. ) ;
#1949 = CARTESIAN_POINT ( 'NONE',  ( -23.42041909845167424, -29.03586636731835924, 11.91408056763425982 ) ) ;
#1950 = CIRCLE ( 'NONE', #2158, 0.3000000000000004885 ) ;
#1951 = EDGE_CURVE ( 'NONE', #2154, #445, #2641, .T. ) ;
#1952 = ORIENTED_EDGE ( 'NONE', *, *, #549, .F. ) ;
#1953 = AXIS2_PLACEMENT_3D ( 'NONE', #1184, #2090, #708 ) ;
#1954 = CARTESIAN_POINT ( 'NONE',  ( -14.10000000000000320, -27.49999999999999645, 0.000000000000000000 ) ) ;
#1955 = APPROVAL_STATUS ( 'not_yet_approved' ) ;
#1956 = ADVANCED_FACE ( 'NONE', ( #2087 ), #1125, .T. ) ;
#1957 = CARTESIAN_POINT ( 'NONE',  ( -14.69944736675994257, -23.03028777852107822, 6.799071125651058978 ) ) ;
#1958 = AXIS2_PLACEMENT_3D ( 'NONE', #1180, #2395, #1136 ) ;
#1959 = ORIENTED_EDGE ( 'NONE', *, *, #1169, .F. ) ;
#1960 = AXIS2_PLACEMENT_3D ( 'NONE', #1817, #2586, #134 ) ;
#1961 = CARTESIAN_POINT ( 'NONE',  ( -18.89999999999999858, -40.00000000000000000, 0.2999999999999999334 ) ) ;
#1962 = DIRECTION ( 'NONE',  ( 1.000000000000000000, -0.000000000000000000, -0.000000000000000000 ) ) ;
#1963 = AXIS2_PLACEMENT_3D ( 'NONE', #1116, #2401, #1606 ) ;
#1964 = LINE ( 'NONE', #1704, #1038 ) ;
#1965 = ADVANCED_FACE ( 'NONE', ( #2860, #3080, #1159, #2123 ), #2596, .T. ) ;
#1966 = DIRECTION ( 'NONE',  ( 0.000000000000000000, 0.000000000000000000, 1.000000000000000000 ) ) ;
#1967 = CARTESIAN_POINT ( 'NONE',  ( -24.03200000000000358, -46.00000000000000000, 8.900000000000002132 ) ) ;
#1968 = AXIS2_PLACEMENT_3D ( 'NONE', #1319, #2077, #2518 ) ;
#1969 = CARTESIAN_POINT ( 'NONE',  ( -24.03200000000000358, -40.00000000000002132, 14.90000000000000391 ) ) ;
#1970 = ORIENTED_EDGE ( 'NONE', *, *, #1022, .T. ) ;
#1972 = ORIENTED_EDGE ( 'NONE', *, *, #1835, .F. ) ;
#1971 = DIRECTION ( 'NONE',  ( 0.000000000000000000, 0.000000000000000000, -1.000000000000000000 ) ) ;
#1973 = AXIS2_PLACEMENT_3D ( 'NONE', #2863, #1380, #958 ) ;
#1974 = VERTEX_POINT ( 'NONE', #1632 ) ;
#1975 = LOCAL_TIME ( 12, 25, 39.00000000000000000, #2671 ) ;
#1976 = CARTESIAN_POINT ( 'NONE',  ( -23.24586488369607196, -21.53629889482850857, 0.2999999999999999889 ) ) ;
#1977 = ORIENTED_EDGE ( 'NONE', *, *, #960, .F. ) ;
#1978 = EDGE_CURVE ( 'NONE', #1063, #2552, #2873, .T. ) ;
#1979 = ORIENTED_EDGE ( 'NONE', *, *, #104, .T. ) ;
#1980 = CARTESIAN_POINT ( 'NONE',  ( -8.924614623879813635, -4.400859472198537681, 4.099999999999999645 ) ) ;
#1981 = CARTESIAN_POINT ( 'NONE',  ( -23.73200000000063525, -37.34661597919772191, 0.3248160091662903315 ) ) ;
#1982 = CARTESIAN_POINT ( 'NONE',  ( -23.23200000000000287, -18.18257577072857245, 21.00000000000000000 ) ) ;
#1983 = CARTESIAN_POINT ( 'NONE',  ( -22.60767442026211782, -18.51229233088727710, 5.705762078613921595 ) ) ;
#1984 = CARTESIAN_POINT ( 'NONE',  ( -23.13970323567573928, -20.54567500767453225, 5.884534036458536121 ) ) ;
#1985 = EDGE_CURVE ( 'NONE', #807, #424, #2103, .T. ) ;
#1986 = VERTEX_POINT ( 'NONE', #1142 ) ;
#1988 = ORIENTED_EDGE ( 'NONE', *, *, #2432, .T. ) ;
#1987 = FACE_OUTER_BOUND ( 'NONE', #2921, .T. ) ;
#1989 = EDGE_LOOP ( 'NONE', ( #2084, #2968, #1081, #1535 ) ) ;
#1990 = DIRECTION ( 'NONE',  ( 1.000000000000000000, 0.000000000000000000, 0.000000000000000000 ) ) ;
#1991 =( NAMED_UNIT ( * ) PLANE_ANGLE_UNIT ( ) SI_UNIT ( $, .RADIAN. ) );
#1992 = ORIENTED_EDGE ( 'NONE', *, *, #149, .T. ) ;
#1993 = DIRECTION ( 'NONE',  ( 1.000000000000000000, 0.000000000000000000, 0.000000000000000000 ) ) ;
#1994 = CARTESIAN_POINT ( 'NONE',  ( -14.97440441990575266, 4.717755003082197973, 0.000000000000000000 ) ) ;
#1995 = DIRECTION ( 'NONE',  ( -1.000000000000000000, -0.000000000000000000, -0.000000000000000000 ) ) ;
#1996 = CARTESIAN_POINT ( 'NONE',  ( -18.59830008365430842, -27.35552241193994405, 8.747104871889947120 ) ) ;
#1997 = CARTESIAN_POINT ( 'NONE',  ( -23.16386289932328424, -22.51459402354271333, 6.604401099963973287 ) ) ;
#1998 = EDGE_CURVE ( 'NONE', #1274, #1065, #2233, .T. ) ;
#1999 = ORIENTED_EDGE ( 'NONE', *, *, #965, .F. ) ;
#2001 = ORIENTED_EDGE ( 'NONE', *, *, #1163, .T. ) ;
#2000 = CARTESIAN_POINT ( 'NONE',  ( -23.67236867683278945, -29.00060749048493136, 11.25497053117899071 ) ) ;
#2002 = ORIENTED_EDGE ( 'NONE', *, *, #2915, .F. ) ;
#2003 = CARTESIAN_POINT ( 'NONE',  ( -23.53200000000000358, -36.18981364674953483, 0.3617445060995118644 ) ) ;
#2004 = EDGE_CURVE ( 'NONE', #3110, #3051, #1249, .T. ) ;
#2005 = AXIS2_PLACEMENT_3D ( 'NONE', #715, #1241, #233 ) ;
#2006 = AXIS2_PLACEMENT_3D ( 'NONE', #2185, #2918, #1379 ) ;
#2007 = ORIENTED_EDGE ( 'NONE', *, *, #1898, .T. ) ;
#2008 = LINE ( 'NONE', #2528, #2948 ) ;
#2009 = FACE_OUTER_BOUND ( 'NONE', #1688, .T. ) ;
#2010 = AXIS2_PLACEMENT_3D ( 'NONE', #2361, #153, #1886 ) ;
#2011 = AXIS2_PLACEMENT_3D ( 'NONE', #1194, #2978, #1470 ) ;
#2012 = DIRECTION ( 'NONE',  ( 0.000000000000000000, 0.000000000000000000, -1.000000000000000000 ) ) ;
#2013 = DIRECTION ( 'NONE',  ( -1.000000000000000000, -0.000000000000000000, -0.000000000000000000 ) ) ;
#2014 = DIRECTION ( 'NONE',  ( 0.000000000000000000, 0.000000000000000000, 1.000000000000000000 ) ) ;
#2015 = TOROIDAL_SURFACE ( 'NONE', #1192, 15.69999999999999929, 0.2999999999999999889 ) ;
#2016 = EDGE_CURVE ( 'NONE', #926, #833, #2383, .T. ) ;
#2017 = ORIENTED_EDGE ( 'NONE', *, *, #3035, .T. ) ;
#2018 = AXIS2_PLACEMENT_3D ( 'NONE', #882, #2633, #2146 ) ;
#2019 = CIRCLE ( 'NONE', #2384, 10.69999999999999929 ) ;
#2020 = VERTEX_POINT ( 'NONE', #3115 ) ;
#2021 = CARTESIAN_POINT ( 'NONE',  ( -4.400859472198530575, 10.62461462387979871, -6.938893903907228378E-15 ) ) ;
#2022 = AXIS2_PLACEMENT_3D ( 'NONE', #352, #2577, #2764 ) ;
#2023 = AXIS2_PLACEMENT_3D ( 'NONE', #367, #1568, #565 ) ;
#2024 = EDGE_CURVE ( 'NONE', #2904, #3163, #2434, .T. ) ;
#2025 = EDGE_LOOP ( 'NONE', ( #2094, #1860, #1374, #1434 ) ) ;
#2026 = CARTESIAN_POINT ( 'NONE',  ( -23.03200000000000358, -40.00000000000002132, 17.00000000000000000 ) ) ;
#2027 = DIRECTION ( 'NONE',  ( 1.000000000000000000, 0.000000000000000000, 0.000000000000000000 ) ) ;
#2028 = CARTESIAN_POINT ( 'NONE',  ( -23.80825537377406675, -29.00304660266211343, 10.68972797783313489 ) ) ;
#2029 = CARTESIAN_POINT ( 'NONE',  ( -31.81017459305202166, -40.00000000000000000, 11.00000000000000000 ) ) ;
#2030 = CARTESIAN_POINT ( 'NONE',  ( -18.59466437418349471, -27.28092886213437751, 8.688399131949008591 ) ) ;
#2031 = LINE ( 'NONE', #2536, #2119 ) ;
#2032 = B_SPLINE_CURVE_WITH_KNOTS ( 'NONE', 3,
 ( #1897, #2866, #394, #1657, #3137, #879, #3121, #2881, #442, #455, #1403, #1870, #2649, #687, #2391, #1639 ),
 .UNSPECIFIED., .F., .F.,
 ( 4, 2, 2, 2, 2, 2, 2, 4 ),
 ( 3.878959614448864246E-18, 0.001920080963900565926, 0.003840161927801129683, 0.004800202409751407225, 0.005280222650726545779, 0.005760242891701683465, 0.006720283373651950165, 0.007680323855602215997 ),
 .UNSPECIFIED. ) ;
#2033 = EDGE_LOOP ( 'NONE', ( #2318, #2202, #461, #673 ) ) ;
#2034 = EDGE_CURVE ( 'NONE', #3014, #1336, #177, .T. ) ;
#2035 = PLANE ( 'NONE',  #273 ) ;
#2036 = PRODUCT_DEFINITION_SHAPE ( 'NONE', 'NONE',  #976 ) ;
#2037 = ORIENTED_EDGE ( 'NONE', *, *, #384, .F. ) ;
#2038 = DIRECTION ( 'NONE',  ( 1.000000000000000000, 0.000000000000000000, 0.000000000000000000 ) ) ;
#2039 = EDGE_LOOP ( 'NONE', ( #2068, #2893, #1839, #2508 ) ) ;
#2040 = DIRECTION ( 'NONE',  ( 0.000000000000000000, 0.000000000000000000, 1.000000000000000000 ) ) ;
#2041 = DIRECTION ( 'NONE',  ( 0.000000000000000000, 0.000000000000000000, -1.000000000000000000 ) ) ;
#2042 = ADVANCED_FACE ( 'NONE', ( #873 ), #1432, .T. ) ;
#2043 = ORIENTED_EDGE ( 'NONE', *, *, #540, .F. ) ;
#2044 = CARTESIAN_POINT ( 'NONE',  ( -14.10000000000000320, -22.69999999999999929, 0.000000000000000000 ) ) ;
#2045 = CARTESIAN_POINT ( 'NONE',  ( -16.03277841667617665, -23.43334964469791970, 6.532877426816010136 ) ) ;
#2046 = DIRECTION ( 'NONE',  ( 1.000000000000000000, 0.000000000000000000, 0.000000000000000000 ) ) ;
#2047 = EDGE_LOOP ( 'NONE', ( #129, #2861, #1663, #1551 ) ) ;
#2048 = DIRECTION ( 'NONE',  ( 1.000000000000000000, -0.000000000000000000, 0.000000000000000000 ) ) ;
#2049 = EDGE_LOOP ( 'NONE', ( #347, #2630, #2287, #2543 ) ) ;
#2050 = LINE ( 'NONE', #363, #1644 ) ;
#2051 = EDGE_CURVE ( 'NONE', #2325, #1112, #2690, .T. ) ;
#2052 = ORIENTED_EDGE ( 'NONE', *, *, #2975, .T. ) ;
#2053 = DIRECTION ( 'NONE',  ( 0.000000000000000000, 0.000000000000000000, -1.000000000000000000 ) ) ;
#2054 = CARTESIAN_POINT ( 'NONE',  ( -18.89999999999999858, -24.11966619483408181, 12.95320204702549916 ) ) ;
#2055 = ORIENTED_EDGE ( 'NONE', *, *, #3183, .F. ) ;
#2056 = FACE_OUTER_BOUND ( 'NONE', #1581, .T. ) ;
#2057 = AXIS2_PLACEMENT_3D ( 'NONE', #9, #1216, #2461 ) ;
#2058 = CARTESIAN_POINT ( 'NONE',  ( 0.000000000000000000, 8.000000000000000000, -6.938893903907228378E-15 ) ) ;
#2059 = DIRECTION ( 'NONE',  ( 0.000000000000000000, -0.8046797952974490409, 0.5937090424105530007 ) ) ;
#2060 = TOROIDAL_SURFACE ( 'NONE', #1960, 60.29999999999999716, 0.2999999999999999889 ) ;
#2061 = EDGE_CURVE ( 'NONE', #188, #1187, #226, .T. ) ;
#2062 = ORIENTED_EDGE ( 'NONE', *, *, #1898, .F. ) ;
#2063 = DIRECTION ( 'NONE',  ( 0.000000000000000000, 0.000000000000000000, -1.000000000000000000 ) ) ;
#2064 = AXIS2_PLACEMENT_3D ( 'NONE', #330, #829, #2293 ) ;
#2065 = ORIENTED_EDGE ( 'NONE', *, *, #1191, .F. ) ;
#2066 = CARTESIAN_POINT ( 'NONE',  ( -18.90000000000000213, -27.23679932679238647, 9.042679551192641441 ) ) ;
#2067 = CIRCLE ( 'NONE', #742, 0.2999999999999999889 ) ;
#2068 = ORIENTED_EDGE ( 'NONE', *, *, #168, .F. ) ;
#2069 = CONICAL_SURFACE ( 'NONE', #537, 2.099999999999997868, 0.7853981633974482790 ) ;
#2070 = DIRECTION ( 'NONE',  ( -1.000000000000000000, -0.000000000000000000, -0.000000000000000000 ) ) ;
#2071 = DIRECTION ( 'NONE',  ( 1.000000000000000000, 0.000000000000000000, 0.000000000000000000 ) ) ;
#2072 = EDGE_CURVE ( 'NONE', #1507, #2116, #747, .T. ) ;
#2073 = CIRCLE ( 'NONE', #2896, 0.2999999999999999889 ) ;
#2074 = ORIENTED_EDGE ( 'NONE', *, *, #3143, .T. ) ;
#2075 = CARTESIAN_POINT ( 'NONE',  ( -10.62461462387978628, 4.400859472198558109, 6.000000000000000000 ) ) ;
#2076 = SECURITY_CLASSIFICATION ( '', '', #746 ) ;
#2077 = DIRECTION ( 'NONE',  ( 0.000000000000000000, -0.9990660104205182357, -0.04321003150229337647 ) ) ;
#2078 = CARTESIAN_POINT ( 'NONE',  ( -22.47791314668481633, -19.08081460360051551, 6.019007657703274283 ) ) ;
#2079 = ORIENTED_EDGE ( 'NONE', *, *, #3174, .F. ) ;
#2080 = DIRECTION ( 'NONE',  ( 1.000000000000000000, 0.000000000000000000, 0.000000000000000000 ) ) ;
#2081 = ADVANCED_FACE ( 'NONE', ( #1221 ), #944, .T. ) ;
#2082 = ORIENTED_EDGE ( 'NONE', *, *, #2206, .F. ) ;
#2083 = CARTESIAN_POINT ( 'NONE',  ( -23.23200000000000287, -39.52468965347481600, 0.01027388537431036739 ) ) ;
#2084 = ORIENTED_EDGE ( 'NONE', *, *, #2430, .F. ) ;
#2085 = PERSON ( 'UNSPECIFIED', 'UNSPECIFIED', 'UNSPECIFIED', ('UNSPECIFIED'), ('UNSPECIFIED'), ('UNSPECIFIED') ) ;
#2086 = LINE ( 'NONE', #2350, #1868 ) ;
#2087 = FACE_OUTER_BOUND ( 'NONE', #1032, .T. ) ;
#2088 = EDGE_LOOP ( 'NONE', ( #947, #2238, #1237, #622 ) ) ;
#2089 = EDGE_CURVE ( 'NONE', #2689, #457, #2412, .T. ) ;
#2090 = DIRECTION ( 'NONE',  ( 1.000000000000000000, -0.000000000000000000, -0.000000000000000000 ) ) ;
#2091 = CARTESIAN_POINT ( 'NONE',  ( -16.92770605260189853, -23.98676924205632233, 6.748567377469049333 ) ) ;
#2092 = CARTESIAN_POINT ( 'NONE',  ( -22.27745693527436543, -18.45703162403195563, 6.001883268573519281 ) ) ;
#2093 = EDGE_CURVE ( 'NONE', #3011, #2793, #18, .T. ) ;
#2094 = ORIENTED_EDGE ( 'NONE', *, *, #2672, .F. ) ;
#2095 = EDGE_CURVE ( 'NONE', #851, #2360, #1051, .T. ) ;
#2096 = CARTESIAN_POINT ( 'NONE',  ( -23.76011786213619104, -28.99947684626851796, 10.80621747625514928 ) ) ;
#2097 = CARTESIAN_POINT ( 'NONE',  ( -2.100000000000000089, -13.49999999999999822, 3.249999999999999112 ) ) ;
#2098 = ORIENTED_EDGE ( 'NONE', *, *, #490, .T. ) ;
#2099 = DIRECTION ( 'NONE',  ( -1.000000000000000000, -0.000000000000000000, -0.000000000000000000 ) ) ;
#2100 = ORIENTED_EDGE ( 'NONE', *, *, #1199, .F. ) ;
#2101 = ADVANCED_FACE ( 'NONE', ( #2906 ), #464, .F. ) ;
#2102 = CARTESIAN_POINT ( 'NONE',  ( -23.03200000000000358, -34.00000000000000000, 11.00000000000000000 ) ) ;
#2103 = LINE ( 'NONE', #614, #3144 ) ;
#2104 = CC_DESIGN_DATE_AND_TIME_ASSIGNMENT ( #2971, #205, ( #976 ) ) ;
#2105 = ORIENTED_EDGE ( 'NONE', *, *, #725, .T. ) ;
#2106 = CARTESIAN_POINT ( 'NONE',  ( -2.100000000000000089, -13.49999999999999822, 1.750000000000001110 ) ) ;
#2107 = ORIENTED_EDGE ( 'NONE', *, *, #2975, .F. ) ;
#2108 = CARTESIAN_POINT ( 'NONE',  ( -22.51949446085927775, -18.23240446622149236, 5.700000000000001066 ) ) ;
#2109 = CARTESIAN_POINT ( 'NONE',  ( -18.60000000000000142, -33.67544467966323651, 0.2999999999999930500 ) ) ;
#2110 = AXIS2_PLACEMENT_3D ( 'NONE', #3072, #619, #197 ) ;
#2111 = AXIS2_PLACEMENT_3D ( 'NONE', #2258, #1995, #2012 ) ;
#2112 = ORIENTED_EDGE ( 'NONE', *, *, #772, .F. ) ;
#2113 = CARTESIAN_POINT ( 'NONE',  ( -0.000000000000000000, 0.000000000000000000, 0.000000000000000000 ) ) ;
#2114 = EDGE_CURVE ( 'NONE', #809, #1294, #2067, .T. ) ;
#2115 = CARTESIAN_POINT ( 'NONE',  ( -24.03200000000000358, -40.00000000000002132, 17.00000000000000000 ) ) ;
#2116 = VERTEX_POINT ( 'NONE', #2097 ) ;
#2117 = VECTOR ( 'NONE', #3089, 1000.000000000000000 ) ;
#2118 = DIRECTION ( 'NONE',  ( 1.000000000000000000, 0.000000000000000000, 0.000000000000000000 ) ) ;
#2119 = VECTOR ( 'NONE', #802, 1000.000000000000000 ) ;
#2120 = VERTEX_POINT ( 'NONE', #657 ) ;
#2121 = AXIS2_PLACEMENT_3D ( 'NONE', #1627, #2854, #2617 ) ;
#2122 = DIRECTION ( 'NONE',  ( 0.000000000000000000, 0.000000000000000000, -1.000000000000000000 ) ) ;
#2123 = FACE_BOUND ( 'NONE', #2478, .T. ) ;
#2124 = EDGE_CURVE ( 'NONE', #2589, #3103, #689, .T. ) ;
#2125 = AXIS2_PLACEMENT_3D ( 'NONE', #1705, #284, #544 ) ;
#2126 = ORIENTED_EDGE ( 'NONE', *, *, #490, .F. ) ;
#2127 = CARTESIAN_POINT ( 'NONE',  ( 0.000000000000000000, -23.00000000000000000, -6.938893903907228378E-15 ) ) ;
#2128 = CARTESIAN_POINT ( 'NONE',  ( -24.03200000000000358, -40.00000000000000000, 11.00000000000000000 ) ) ;
#2129 = VECTOR ( 'NONE', #2876, 1000.000000000000000 ) ;
#2130 = CIRCLE ( 'NONE', #1257, 1.699999999999998401 ) ;
#2131 = CYLINDRICAL_SURFACE ( 'NONE', #1588, 0.7499999999999937828 ) ;
#2132 = DIRECTION ( 'NONE',  ( -1.000000000000000000, -0.000000000000000000, -0.000000000000000000 ) ) ;
#2133 = CYLINDRICAL_SURFACE ( 'NONE', #2018, 60.00000000000000000 ) ;
#2134 = EDGE_LOOP ( 'NONE', ( #2782, #2639, #1343, #2884 ) ) ;
#2135 = DIRECTION ( 'NONE',  ( 1.000000000000000000, -0.000000000000000000, -0.000000000000000000 ) ) ;
#2136 = VERTEX_POINT ( 'NONE', #381 ) ;
#2137 = CARTESIAN_POINT ( 'NONE',  ( -23.78200000000000358, -29.00179386054847086, 10.56990125834086847 ) ) ;
#2138 = DIRECTION ( 'NONE',  ( 1.000000000000000000, 0.000000000000000000, 0.000000000000000000 ) ) ;
#2139 = VERTEX_POINT ( 'NONE', #3093 ) ;
#2140 = CARTESIAN_POINT ( 'NONE',  ( -23.23200000000000287, -24.11966619483408181, 12.95320204702549916 ) ) ;
#2141 = LINE ( 'NONE', #2156, #167 ) ;
#2142 = EDGE_CURVE ( 'NONE', #1397, #209, #794, .T. ) ;
#2143 = ORIENTED_EDGE ( 'NONE', *, *, #654, .T. ) ;
#2144 = CYLINDRICAL_SURFACE ( 'NONE', #2732, 0.3000000000000003220 ) ;
#2145 = B_SPLINE_CURVE_WITH_KNOTS ( 'NONE', 3,
 ( #2475, #270, #1949, #1739, #2000, #548 ),
 .UNSPECIFIED., .F., .F.,
 ( 4, 2, 4 ),
 ( -1.126089683248215613E-05, 0.0006937463731206747327, 0.001398753643073831574 ),
 .UNSPECIFIED. ) ;
#2146 = DIRECTION ( 'NONE',  ( 0.000000000000000000, 0.000000000000000000, -1.000000000000000000 ) ) ;
#2147 = ORIENTED_EDGE ( 'NONE', *, *, #1308, .F. ) ;
#2148 = LINE ( 'NONE', #1389, #577 ) ;
#2149 = ORIENTED_EDGE ( 'NONE', *, *, #338, .F. ) ;
#2150 = EDGE_CURVE ( 'NONE', #576, #8, #1754, .T. ) ;
#2151 = DIRECTION ( 'NONE',  ( 1.000000000000000000, 0.000000000000000000, 0.000000000000000000 ) ) ;
#2152 = CARTESIAN_POINT ( 'NONE',  ( -24.07384378028451266, -34.00000000000000000, 9.899999999999998579 ) ) ;
#2153 = ADVANCED_FACE ( 'NONE', ( #1166 ), #2990, .T. ) ;
#2154 = VERTEX_POINT ( 'NONE', #1357 ) ;
#2155 = CARTESIAN_POINT ( 'NONE',  ( -23.73200000000000287, -40.00000000000000000, 21.69999999999999574 ) ) ;
#2156 = CARTESIAN_POINT ( 'NONE',  ( -24.07384378028451266, -39.99999999999993605, 3.900000000000001243 ) ) ;
#2157 = ORIENTED_EDGE ( 'NONE', *, *, #299, .F. ) ;
#2158 = AXIS2_PLACEMENT_3D ( 'NONE', #2898, #2210, #2663 ) ;
#2159 = LINE ( 'NONE', #667, #109 ) ;
#2160 = CIRCLE ( 'NONE', #159, 0.2999999999999999334 ) ;
#2161 = DIRECTION ( 'NONE',  ( 1.000000000000000000, 0.000000000000000000, 0.000000000000000000 ) ) ;
#2162 = ORIENTED_EDGE ( 'NONE', *, *, #2744, .T. ) ;
#2163 = LINE ( 'NONE', #2870, #56 ) ;
#2164 = VECTOR ( 'NONE', #759, 1000.000000000000114 ) ;
#2165 = AXIS2_PLACEMENT_3D ( 'NONE', #1531, #2059, #2803 ) ;
#2166 = EDGE_LOOP ( 'NONE', ( #3016, #71, #1317, #287 ) ) ;
#2167 = DIRECTION ( 'NONE',  ( 1.000000000000000000, 0.000000000000000000, 0.000000000000000000 ) ) ;
#2168 = PERSON_AND_ORGANIZATION ( #2085, #3102 ) ;
#2169 = CARTESIAN_POINT ( 'NONE',  ( -15.96541282242633741, -23.40181125767133707, 6.932464949540195320 ) ) ;
#2170 = CIRCLE ( 'NONE', #1501, 60.29999999999999716 ) ;
#2171 = ORIENTED_EDGE ( 'NONE', *, *, #654, .F. ) ;
#2172 = AXIS2_PLACEMENT_3D ( 'NONE', #600, #1067, #811 ) ;
#2173 = EDGE_CURVE ( 'NONE', #2567, #1087, #1658, .T. ) ;
#2174 = CARTESIAN_POINT ( 'NONE',  ( 0.000000000000000000, 15.69999999999999929, 5.700000000000000178 ) ) ;
#2175 = CIRCLE ( 'NONE', #2125, 0.7249999999999982014 ) ;
#2176 = CARTESIAN_POINT ( 'NONE',  ( -24.03200000000000358, -46.00000000000000000, 11.00000000000000000 ) ) ;
#2177 = CIRCLE ( 'NONE', #902, 11.00000000000000000 ) ;
#2178 = CARTESIAN_POINT ( 'NONE',  ( -2.700859472198530842, 10.62461462387979871, 4.099999999999999645 ) ) ;
#2179 = AXIS2_PLACEMENT_3D ( 'NONE', #2397, #2859, #2844 ) ;
#2180 = CARTESIAN_POINT ( 'NONE',  ( -24.03200000000000358, -40.00000000000002132, 17.00000000000000000 ) ) ;
#2181 = ORIENTED_EDGE ( 'NONE', *, *, #960, .T. ) ;
#2182 = DIRECTION ( 'NONE',  ( 0.000000000000000000, 0.000000000000000000, -1.000000000000000000 ) ) ;
#2183 = ADVANCED_FACE ( 'NONE', ( #3074 ), #2133, .F. ) ;
#2184 = ORIENTED_EDGE ( 'NONE', *, *, #769, .T. ) ;
#2185 = CARTESIAN_POINT ( 'NONE',  ( -23.23200000000000287, -36.93208776333745647, 0.3663132601432125823 ) ) ;
#2186 = PERSON_AND_ORGANIZATION_ROLE ( 'creator' ) ;
#2187 = CARTESIAN_POINT ( 'NONE',  ( -16.54609884075853543, -23.71997644296240892, 6.641593215447822551 ) ) ;
#2188 = ORIENTED_EDGE ( 'NONE', *, *, #346, .F. ) ;
#2189 = ORIENTED_EDGE ( 'NONE', *, *, #540, .T. ) ;
#2190 = LINE ( 'NONE', #2208, #2594 ) ;
#2191 = CARTESIAN_POINT ( 'NONE',  ( -10.62461462387978628, 4.400859472198558109, 5.500000000000000000 ) ) ;
#2192 = EDGE_CURVE ( 'NONE', #851, #1882, #1406, .T. ) ;
#2193 = CARTESIAN_POINT ( 'NONE',  ( -24.03200000000000358, -40.00000000000000000, 11.00000000000000000 ) ) ;
#2194 = ADVANCED_FACE ( 'NONE', ( #866, #151 ), #3109, .F. ) ;
#2195 = CARTESIAN_POINT ( 'NONE',  ( -18.60000000000000142, -27.42854873207269861, 8.808013421355974870 ) ) ;
#2196 = CYLINDRICAL_SURFACE ( 'NONE', #1699, 1.099999999999999867 ) ;
#2197 = DIRECTION ( 'NONE',  ( -1.000000000000000000, -0.000000000000000000, -0.000000000000000000 ) ) ;
#2198 = ADVANCED_FACE ( 'NONE', ( #444 ), #1857, .F. ) ;
#2199 = EDGE_LOOP ( 'NONE', ( #1017, #501, #466, #2171, #2575 ) ) ;
#2200 = DIRECTION ( 'NONE',  ( -1.000000000000000000, 0.000000000000000000, -0.000000000000000000 ) ) ;
#2201 =( BOUNDED_CURVE ( )  B_SPLINE_CURVE ( 3, ( #2625, #3085, #2108, #1653 ),
 .UNSPECIFIED., .F., .F. ) 
 B_SPLINE_CURVE_WITH_KNOTS ( ( 4, 4 ),
 ( 1.543350741121997993, 1.570796326794896780 ),
 .UNSPECIFIED. ) 
 CURVE ( )  GEOMETRIC_REPRESENTATION_ITEM ( )  RATIONAL_B_SPLINE_CURVE ( ( 1.000000000000000000, 0.9999372293039874293, 0.9999372293039874293, 1.000000000000000000 ) ) 
 REPRESENTATION_ITEM ( '' )  );
#2202 = ORIENTED_EDGE ( 'NONE', *, *, #756, .F. ) ;
#2203 = LINE ( 'NONE', #2731, #1493 ) ;
#2204 = MECHANICAL_CONTEXT ( 'NONE', #3153, 'mechanical' ) ;
#2205 = CARTESIAN_POINT ( 'NONE',  ( -16.47922271795841453, -23.67690188979176114, 7.038243237623309945 ) ) ;
#2206 = EDGE_CURVE ( 'NONE', #2729, #2589, #63, .T. ) ;
#2207 = ORIENTED_EDGE ( 'NONE', *, *, #772, .T. ) ;
#2208 = CARTESIAN_POINT ( 'NONE',  ( 0.09999999999999245603, -23.00000000000000000, 0.2999999999999999889 ) ) ;
#2209 = DIRECTION ( 'NONE',  ( 0.000000000000000000, 0.000000000000000000, -1.000000000000000000 ) ) ;
#2210 = DIRECTION ( 'NONE',  ( -0.000000000000000000, -0.06000620216673540480, -0.9981980042564326805 ) ) ;
#2211 = CARTESIAN_POINT ( 'NONE',  ( -18.59223881354775543, -27.16900338768441259, 8.989692301494692117 ) ) ;
#2212 = CARTESIAN_POINT ( 'NONE',  ( -24.03200000000000358, -36.72666762033033194, 0.7978739517343648169 ) ) ;
#2213 = CARTESIAN_POINT ( 'NONE',  ( -23.53200000000000358, -29.01982195317924607, 10.33993177616591552 ) ) ;
#2214 = EDGE_LOOP ( 'NONE', ( #1264, #2494, #80, #3184 ) ) ;
#2215 = EDGE_CURVE ( 'NONE', #2527, #2523, #3122, .T. ) ;
#2217 = ORIENTED_EDGE ( 'NONE', *, *, #2192, .F. ) ;
#2216 = CARTESIAN_POINT ( 'NONE',  ( -23.23200000000000287, -27.08821140688683826, 8.929803070538241627 ) ) ;
#2218 = VECTOR ( 'NONE', #1014, 1000.000000000000000 ) ;
#2219 = ORIENTED_EDGE ( 'NONE', *, *, #2362, .T. ) ;
#2220 = AXIS2_PLACEMENT_3D ( 'NONE', #1098, #1694, #2905 ) ;
#2221 = DIRECTION ( 'NONE',  ( 1.000000000000000000, -0.000000000000000000, -0.000000000000000000 ) ) ;
#2222 = APPROVAL_ROLE ( '' ) ;
#2223 = AXIS2_PLACEMENT_3D ( 'NONE', #1643, #3111, #1922 ) ;
#2224 = ORIENTED_EDGE ( 'NONE', *, *, #432, .T. ) ;
#2225 = AXIS2_PLACEMENT_3D ( 'NONE', #2373, #2132, #1846 ) ;
#2226 = CARTESIAN_POINT ( 'NONE',  ( -21.39999999999999858, -40.00000000000000000, 19.04999999999999716 ) ) ;
#2227 = CARTESIAN_POINT ( 'NONE',  ( -23.78199998700591777, -36.64015655297129115, 0.5146544129912440368 ) ) ;
#2228 = ADVANCED_FACE ( 'NONE', ( #2588 ), #2234, .F. ) ;
#2229 = AXIS2_PLACEMENT_3D ( 'NONE', #912, #182, #635 ) ;
#2230 = DIRECTION ( 'NONE',  ( 0.000000000000000000, 0.000000000000000000, -1.000000000000000000 ) ) ;
#2231 = CARTESIAN_POINT ( 'NONE',  ( -23.46260094411768193, -22.56973033087021818, 6.315830819988415001 ) ) ;
#2232 = CARTESIAN_POINT ( 'NONE',  ( -23.13026087233732042, -20.50050342026725403, 6.171502105467673971 ) ) ;
#2233 = CIRCLE ( 'NONE', #325, 15.50000000000000000 ) ;
#2234 = CONICAL_SURFACE ( 'NONE', #1807, 2.099999999999997868, 0.7853981633974482790 ) ;
#2235 = ORIENTED_EDGE ( 'NONE', *, *, #1666, .T. ) ;
#2236 = FACE_OUTER_BOUND ( 'NONE', #2936, .T. ) ;
#2237 = VECTOR ( 'NONE', #2400, 1000.000000000000000 ) ;
#2238 = ORIENTED_EDGE ( 'NONE', *, *, #1717, .T. ) ;
#2239 = TOROIDAL_SURFACE ( 'NONE', #73, 10.69999999999999929, 0.2999999999999999889 ) ;
#2240 = FACE_OUTER_BOUND ( 'NONE', #1460, .T. ) ;
#2241 = PERSON_AND_ORGANIZATION ( #2085, #3102 ) ;
#2242 = ORIENTED_EDGE ( 'NONE', *, *, #2284, .T. ) ;
#2243 = EDGE_CURVE ( 'NONE', #1479, #1974, #928, .T. ) ;
#2244 = LINE ( 'NONE', #1994, #1092 ) ;
#2245 = DIRECTION ( 'NONE',  ( 0.000000000000000000, 0.000000000000000000, -1.000000000000000000 ) ) ;
#2246 = CARTESIAN_POINT ( 'NONE',  ( -18.90000000000000213, -27.30866035065098174, 9.102187080271194830 ) ) ;
#2247 = DIRECTION ( 'NONE',  ( 0.000000000000000000, 0.000000000000000000, -1.000000000000000000 ) ) ;
#2248 = EDGE_CURVE ( 'NONE', #576, #1479, #900, .T. ) ;
#2249 = ADVANCED_BREP_SHAPE_REPRESENTATION ( 'EN02-PROXIMAL_PHALANX-1', ( #1769, #1105 ), #2500 ) ;
#2250 = ORIENTED_EDGE ( 'NONE', *, *, #149, .F. ) ;
#2251 = DIRECTION ( 'NONE',  ( 1.000000000000000000, 0.000000000000000000, 0.000000000000000000 ) ) ;
#2252 = ORIENTED_EDGE ( 'NONE', *, *, #558, .F. ) ;
#2253 = CARTESIAN_POINT ( 'NONE',  ( -18.89999999999999858, -33.67544467966323651, -3.469446951953614189E-15 ) ) ;
#2254 = ORIENTED_EDGE ( 'NONE', *, *, #316, .F. ) ;
#2255 = DIRECTION ( 'NONE',  ( -1.000000000000000000, 0.000000000000000000, -0.000000000000000000 ) ) ;
#2256 = CARTESIAN_POINT ( 'NONE',  ( -14.97440441990575799, 4.717755003082181986, 6.000000000000000000 ) ) ;
#2257 = ADVANCED_FACE ( 'NONE', ( #2346 ), #1760, .F. ) ;
#2258 = CARTESIAN_POINT ( 'NONE',  ( -23.28200000000000358, -40.00000000000000000, 11.00000000000000000 ) ) ;
#2259 = DIRECTION ( 'NONE',  ( -0.000000000000000000, 0.000000000000000000, 1.000000000000000000 ) ) ;
#2260 = DIRECTION ( 'NONE',  ( 0.000000000000000000, -9.320902258979859636E-14, 1.000000000000000000 ) ) ;
#2261 = ORIENTED_EDGE ( 'NONE', *, *, #1474, .F. ) ;
#2262 = DIRECTION ( 'NONE',  ( 0.000000000000000000, 0.000000000000000000, -1.000000000000000000 ) ) ;
#2263 = ORIENTED_EDGE ( 'NONE', *, *, #1248, .F. ) ;
#2264 = CARTESIAN_POINT ( 'NONE',  ( 0.000000000000000000, -22.69999999999999929, 6.382104175607510754 ) ) ;
#2265 = AXIS2_PLACEMENT_3D ( 'NONE', #2176, #3158, #2911 ) ;
#2266 = CIRCLE ( 'NONE', #212, 15.69999999999999929 ) ;
#2267 = ORIENTED_EDGE ( 'NONE', *, *, #1703, .F. ) ;
#2268 = DIRECTION ( 'NONE',  ( 0.9537837210131043797, -0.3004939492409066659, 0.000000000000000000 ) ) ;
#2269 = LINE ( 'NONE', #1556, #427 ) ;
#2270 = AXIS2_PLACEMENT_3D ( 'NONE', #1045, #496, #2916 ) ;
#2271 = EDGE_CURVE ( 'NONE', #631, #1383, #717, .T. ) ;
#2272 = CARTESIAN_POINT ( 'NONE',  ( -23.53200000000000003, -28.75267990623983394, 10.47874828852972229 ) ) ;
#2273 = AXIS2_PLACEMENT_3D ( 'NONE', #1800, #2790, #166 ) ;
#2274 = FACE_OUTER_BOUND ( 'NONE', #2865, .T. ) ;
#2275 = DIRECTION ( 'NONE',  ( 0.000000000000000000, 0.000000000000000000, -1.000000000000000000 ) ) ;
#2276 = CARTESIAN_POINT ( 'NONE',  ( -22.61375496653644035, -19.57070867272107506, 6.056106885814212859 ) ) ;
#2277 = CIRCLE ( 'NONE', #426, 8.049999999999998934 ) ;
#2278 = ORIENTED_EDGE ( 'NONE', *, *, #2416, .T. ) ;
#2279 = AXIS2_PLACEMENT_3D ( 'NONE', #629, #1411, #2578 ) ;
#2280 = FACE_OUTER_BOUND ( 'NONE', #705, .T. ) ;
#2281 = AXIS2_PLACEMENT_3D ( 'NONE', #297, #2013, #36 ) ;
#2282 = ORIENTED_EDGE ( 'NONE', *, *, #1620, .F. ) ;
#2283 = CARTESIAN_POINT ( 'NONE',  ( -23.53200000000000003, -36.18981364674953483, 0.3617445060995170825 ) ) ;
#2284 = EDGE_CURVE ( 'NONE', #1044, #1986, #2734, .T. ) ;
#2285 = AXIS2_PLACEMENT_3D ( 'NONE', #2674, #1255, #990 ) ;
#2286 = AXIS2_PLACEMENT_3D ( 'NONE', #628, #400, #1837 ) ;
#2287 = ORIENTED_EDGE ( 'NONE', *, *, #1620, .T. ) ;
#2288 = CARTESIAN_POINT ( 'NONE',  ( -23.23200000000000287, -36.93208776333745647, -59.93368673985678896 ) ) ;
#2289 = DIRECTION ( 'NONE',  ( -0.3004939492409032797, -0.9537837210131053789, 0.000000000000000000 ) ) ;
#2290 = ORIENTED_EDGE ( 'NONE', *, *, #1096, .F. ) ;
#2291 = CARTESIAN_POINT ( 'NONE',  ( -18.60000000000000142, -40.00000000000000000, 19.55000000000000071 ) ) ;
#2292 = DIRECTION ( 'NONE',  ( -0.000000000000000000, -0.000000000000000000, 1.000000000000000000 ) ) ;
#2293 = DIRECTION ( 'NONE',  ( 1.000000000000000000, 0.000000000000000000, 0.000000000000000000 ) ) ;
#2294 = ADVANCED_FACE ( 'NONE', ( #1543 ), #1509, .F. ) ;
#2295 = ORIENTED_EDGE ( 'NONE', *, *, #2924, .T. ) ;
#2296 = DIRECTION ( 'NONE',  ( 1.000000000000000000, 0.000000000000000000, 0.000000000000000000 ) ) ;
#2297 = PRODUCT ( 'EN02-PROXIMAL_PHALANX-1', 'EN02-PROXIMAL_PHALANX-1', '', ( #2204 ) ) ;
#2298 = EDGE_LOOP ( 'NONE', ( #3067, #1245, #777, #1060 ) ) ;
#2299 = LINE ( 'NONE', #1359, #1747 ) ;
#2300 = ORIENTED_EDGE ( 'NONE', *, *, #1130, .T. ) ;
#2301 = CARTESIAN_POINT ( 'NONE',  ( 1.463452924981084508E-15, -13.49999999999999822, 2.500000000000000000 ) ) ;
#2302 = DIRECTION ( 'NONE',  ( 1.000000000000000000, -0.000000000000000000, 0.000000000000000000 ) ) ;
#2303 = EDGE_CURVE ( 'NONE', #1179, #93, #3096, .T. ) ;
#2304 = ORIENTED_EDGE ( 'NONE', *, *, #2583, .F. ) ;
#2305 = DIRECTION ( 'NONE',  ( 0.000000000000000000, 0.000000000000000000, -1.000000000000000000 ) ) ;
#2306 = FACE_OUTER_BOUND ( 'NONE', #362, .T. ) ;
#2307 = DIRECTION ( 'NONE',  ( 0.000000000000000000, 0.000000000000000000, -1.000000000000000000 ) ) ;
#2308 = VERTEX_POINT ( 'NONE', #3160 ) ;
#2309 = DIRECTION ( 'NONE',  ( 1.000000000000000000, 0.000000000000000000, 0.000000000000000000 ) ) ;
#2310 = ADVANCED_FACE ( 'NONE', ( #2700 ), #639, .F. ) ;
#2311 = VERTEX_POINT ( 'NONE', #327 ) ;
#2312 = CARTESIAN_POINT ( 'NONE',  ( -18.89430866579573021, -27.08821140688683826, 8.929803070538241627 ) ) ;
#2313 = VERTEX_POINT ( 'NONE', #7 ) ;
#2314 = AXIS2_PLACEMENT_3D ( 'NONE', #441, #942, #2817 ) ;
#2315 = DIRECTION ( 'NONE',  ( 0.000000000000000000, 0.000000000000000000, -1.000000000000000000 ) ) ;
#2316 = CARTESIAN_POINT ( 'NONE',  ( -7.500859472198530220, 10.62461462387979871, 5.500000000000000000 ) ) ;
#2317 = AXIS2_PLACEMENT_3D ( 'NONE', #2704, #241, #1218 ) ;
#2318 = ORIENTED_EDGE ( 'NONE', *, *, #1703, .T. ) ;
#2319 = DIRECTION ( 'NONE',  ( -0.000000000000000000, -0.9414385392832301802, -0.3371846330310115936 ) ) ;
#2320 = AXIS2_PLACEMENT_3D ( 'NONE', #2681, #1275, #1458 ) ;
#2321 = LINE ( 'NONE', #847, #945 ) ;
#2322 = CYLINDRICAL_SURFACE ( 'NONE', #219, 2.749999999999999112 ) ;
#2323 = EDGE_CURVE ( 'NONE', #1044, #1069, #1656, .T. ) ;
#2324 = CIRCLE ( 'NONE', #529, 60.00000000000000000 ) ;
#2325 = VERTEX_POINT ( 'NONE', #1969 ) ;
#2326 = DIRECTION ( 'NONE',  ( -1.000000000000000000, 0.000000000000000000, 0.000000000000000000 ) ) ;
#2327 = CIRCLE ( 'NONE', #2738, 10.69999999999999929 ) ;
#2328 = ORIENTED_EDGE ( 'NONE', *, *, #104, .F. ) ;
#2329 = DIRECTION ( 'NONE',  ( 0.000000000000000000, 0.000000000000000000, 1.000000000000000000 ) ) ;
#2330 = CIRCLE ( 'NONE', #1402, 1.100000000000000311 ) ;
#2331 = ORIENTED_EDGE ( 'NONE', *, *, #147, .T. ) ;
#2332 = AXIS2_PLACEMENT_3D ( 'NONE', #1912, #1414, #195 ) ;
#2333 = DIRECTION ( 'NONE',  ( 0.000000000000000000, 0.000000000000000000, 1.000000000000000000 ) ) ;
#2334 = CARTESIAN_POINT ( 'NONE',  ( -18.46675881109758777, -26.28360570602975343, 7.955794253596756960 ) ) ;
#2335 = CIRCLE ( 'NONE', #2742, 1.699999999999999289 ) ;
#2336 = EDGE_CURVE ( 'NONE', #504, #2116, #2542, .T. ) ;
#2337 = ORIENTED_EDGE ( 'NONE', *, *, #1978, .T. ) ;
#2338 = DIRECTION ( 'NONE',  ( 1.000000000000000000, 0.000000000000000000, 0.000000000000000000 ) ) ;
#2339 = CIRCLE ( 'NONE', #1056, 1.099999999999996758 ) ;
#2340 = CARTESIAN_POINT ( 'NONE',  ( -2.100000000000000089, -13.49999999999999822, 2.500000000000000000 ) ) ;
#2341 = DIRECTION ( 'NONE',  ( 1.000000000000000000, -0.000000000000000000, 0.000000000000000000 ) ) ;
#2342 = VERTEX_POINT ( 'NONE', #2532 ) ;
#2343 = DIRECTION ( 'NONE',  ( 0.000000000000000000, 0.000000000000000000, -1.000000000000000000 ) ) ;
#2344 = B_SPLINE_CURVE_WITH_KNOTS ( 'NONE', 3,
 ( #1931, #2912, #716, #1686 ),
 .UNSPECIFIED., .F., .F.,
 ( 4, 4 ),
 ( 0.000000000000000000, 0.0006696170018049263893 ),
 .UNSPECIFIED. ) ;
#2345 = EDGE_CURVE ( 'NONE', #1571, #1089, #2766, .T. ) ;
#2346 = FACE_OUTER_BOUND ( 'NONE', #3176, .T. ) ;
#2347 = EDGE_LOOP ( 'NONE', ( #839, #2433, #2810, #1992 ) ) ;
#2348 = LINE ( 'NONE', #1121, #1289 ) ;
#2349 = ORIENTED_EDGE ( 'NONE', *, *, #3023, .F. ) ;
#2350 = CARTESIAN_POINT ( 'NONE',  ( -0.000000000000000000, 0.000000000000000000, 0.000000000000000000 ) ) ;
#2351 = CARTESIAN_POINT ( 'NONE',  ( -17.99193462358374518, -24.49490925772375149, 7.384319669082213267 ) ) ;
#2352 = EDGE_LOOP ( 'NONE', ( #13, #3075, #1999, #3150 ) ) ;
#2353 = EDGE_CURVE ( 'NONE', #139, #476, #1303, .T. ) ;
#2354 = CARTESIAN_POINT ( 'NONE',  ( -23.53200000000000358, -36.43704472727985433, 0.3188876251777547632 ) ) ;
#2355 = PLANE ( 'NONE',  #1973 ) ;
#2356 = FACE_OUTER_BOUND ( 'NONE', #2380, .T. ) ;
#2357 = CARTESIAN_POINT ( 'NONE',  ( -23.53200000000000358, -18.18257577072857245, 21.00000000000000000 ) ) ;
#2358 = CARTESIAN_POINT ( 'NONE',  ( -23.78199996741923172, -29.00143980599701976, 10.57579083353035543 ) ) ;
#2359 = CARTESIAN_POINT ( 'NONE',  ( 0.000000000000000000, 7.999999999999998224, -6.938893903907228378E-15 ) ) ;
#2360 = VERTEX_POINT ( 'NONE', #1920 ) ;
#2361 = CARTESIAN_POINT ( 'NONE',  ( -18.89999999999999858, -40.00000000000000000, 11.00000000000000000 ) ) ;
#2362 = EDGE_CURVE ( 'NONE', #806, #1785, #2644, .T. ) ;
#2363 = EDGE_LOOP ( 'NONE', ( #1579, #1486, #981, #2593 ) ) ;
#2364 = FACE_OUTER_BOUND ( 'NONE', #1630, .T. ) ;
#2365 = CARTESIAN_POINT ( 'NONE',  ( -17.33774599274462958, -23.82957143964059910, 7.101456330014848106 ) ) ;
#2366 = ORIENTED_EDGE ( 'NONE', *, *, #2124, .T. ) ;
#2367 = CARTESIAN_POINT ( 'NONE',  ( -23.83200000000000429, -40.00000000000000000, 11.00000000000000000 ) ) ;
#2368 = CARTESIAN_POINT ( 'NONE',  ( -4.400859472198530575, 10.62461462387979871, 4.099999999999999645 ) ) ;
#2369 = CARTESIAN_POINT ( 'NONE',  ( -22.47539410076020872, -18.09242758595629752, 5.999999999999997335 ) ) ;
#2370 = VECTOR ( 'NONE', #1765, 1000.000000000000000 ) ;
#2371 = AXIS2_PLACEMENT_3D ( 'NONE', #390, #1585, #372 ) ;
#2372 = ORIENTED_EDGE ( 'NONE', *, *, #1772, .F. ) ;
#2373 = CARTESIAN_POINT ( 'NONE',  ( -24.03200000000000358, -34.00000000000000000, 11.00000000000000000 ) ) ;
#2374 = CIRCLE ( 'NONE', #936, 0.2999999999999999889 ) ;
#2375 = DIRECTION ( 'NONE',  ( 0.000000000000000000, 0.000000000000000000, 1.000000000000000000 ) ) ;
#2376 = EDGE_LOOP ( 'NONE', ( #1290, #2390, #1164, #532 ) ) ;
#2377 = VECTOR ( 'NONE', #1165, 1000.000000000000000 ) ;
#2378 = AXIS2_PLACEMENT_3D ( 'NONE', #2174, #1962, #959 ) ;
#2379 = EDGE_CURVE ( 'NONE', #2552, #1489, #2591, .T. ) ;
#2380 = EDGE_LOOP ( 'NONE', ( #10, #2714, #2917, #2673, #1487, #1409, #1979, #152, #2852, #2278, #1323 ) ) ;
#2381 = CIRCLE ( 'NONE', #2172, 0.2999999999999999889 ) ;
#2382 = DIRECTION ( 'NONE',  ( -0.3004939492409032797, -0.9537837210131053789, 0.000000000000000000 ) ) ;
#2383 = LINE ( 'NONE', #890, #898 ) ;
#2384 = AXIS2_PLACEMENT_3D ( 'NONE', #617, #1071, #2275 ) ;
#2385 = ORIENTED_EDGE ( 'NONE', *, *, #1865, .T. ) ;
#2386 = DIRECTION ( 'NONE',  ( -0.000000000000000000, -0.000000000000000000, 1.000000000000000000 ) ) ;
#2387 = FACE_BOUND ( 'NONE', #973, .T. ) ;
#2388 = VECTOR ( 'NONE', #2563, 1000.000000000000000 ) ;
#2389 = AXIS2_PLACEMENT_3D ( 'NONE', #1648, #1888, #387 ) ;
#2390 = ORIENTED_EDGE ( 'NONE', *, *, #1106, .T. ) ;
#2391 = CARTESIAN_POINT ( 'NONE',  ( -14.42527540044174650, -22.61142305432801081, 6.668729583928928228 ) ) ;
#2392 = ADVANCED_FACE ( 'NONE', ( #1211 ), #1867, .T. ) ;
#2393 = DIRECTION ( 'NONE',  ( -0.7071067811865474617, 0.000000000000000000, 0.7071067811865474617 ) ) ;
#2394 = ORIENTED_EDGE ( 'NONE', *, *, #23, .T. ) ;
#2395 = DIRECTION ( 'NONE',  ( -1.000000000000000000, -0.000000000000000000, -0.000000000000000000 ) ) ;
#2396 = ORIENTED_EDGE ( 'NONE', *, *, #2345, .F. ) ;
#2397 = CARTESIAN_POINT ( 'NONE',  ( -3.532000000000007134, -24.52217131570533937, 0.2999999999999999889 ) ) ;
#2398 = CARTESIAN_POINT ( 'NONE',  ( -18.04908259487185873, -25.27447888089509220, 7.352362326200047704 ) ) ;
#2399 = EDGE_LOOP ( 'NONE', ( #2800, #2235, #1008, #1494 ) ) ;
#2400 = DIRECTION ( 'NONE',  ( 0.000000000000000000, 0.000000000000000000, -1.000000000000000000 ) ) ;
#2401 = DIRECTION ( 'NONE',  ( 1.000000000000000000, 0.000000000000000000, 0.000000000000000000 ) ) ;
#2402 = ORIENTED_EDGE ( 'NONE', *, *, #2934, .F. ) ;
#2403 = CARTESIAN_POINT ( 'NONE',  ( -24.03200000000000358, -29.31090445515349785, 10.35743006346581652 ) ) ;
#2404 = B_SPLINE_CURVE_WITH_KNOTS ( 'NONE', 3,
 ( #848, #2078, #2276, #2569, #1783, #298, #311, #570 ),
 .UNSPECIFIED., .F., .F.,
 ( 4, 2, 2, 4 ),
 ( 0.000000000000000000, 0.001528928701736375099, 0.003057857403472750198, 0.006115714806945489121 ),
 .UNSPECIFIED. ) ;
#2405 =( BOUNDED_SURFACE ( )  B_SPLINE_SURFACE ( 3, 2, ( 
 ( #2491, #1751, #1260 ),
 ( #37, #2724, #2472 ),
 ( #1997, #266, #545 ),
 ( #2950, #2677, #1737 ),
 ( #3159, #2232, #1984 ),
 ( #1517, #511, #979 ),
 ( #2965, #1485, #755 ),
 ( #997, #525, #1029 ) ),
 .UNSPECIFIED., .F., .F., .T. ) 
 B_SPLINE_SURFACE_WITH_KNOTS ( ( 4, 2, 2, 4 ),
 ( 3, 3 ),
 ( -8.673617379884035472E-19, 0.003081967860728173757, 0.004622951791092261287, 0.006163935721456348382 ),
 ( 0.000000000000000000, 1.000000000000000000 ),
 .UNSPECIFIED. ) 
 GEOMETRIC_REPRESENTATION_ITEM ( )  RATIONAL_B_SPLINE_SURFACE ( (
 ( 1.000000000000000000, 0.7071067811865492381, 1.000000000000000000),
 ( 1.000000000000000000, 0.7141533274651777896, 1.000000000000000000),
 ( 1.000000000000000000, 0.7181362079724497027, 1.000000000000000000),
 ( 1.000000000000000000, 0.7190134158268844944, 1.000000000000000000),
 ( 1.000000000000000000, 0.7184453039378174699, 1.000000000000000000),
 ( 1.000000000000000000, 0.7155361067660394037, 1.000000000000000000),
 ( 1.000000000000000000, 0.7132083387151219034, 1.000000000000000000),
 ( 1.000000000000000000, 0.7100162663917589656, 1.000000000000000000) ) ) 
 REPRESENTATION_ITEM ( '' )  SURFACE ( )  );
#2406 = CARTESIAN_POINT ( 'NONE',  ( -23.23200000000000287, -33.67544467966323651, 0.2999999999999999889 ) ) ;
#2407 = EDGE_LOOP ( 'NONE', ( #1377, #1182, #2181, #498, #1770 ) ) ;
#2408 = CARTESIAN_POINT ( 'NONE',  ( -23.73200000000000287, -40.00000000000000000, 0.000000000000000000 ) ) ;
#2409 = ADVANCED_FACE ( 'NONE', ( #3172 ), #801, .F. ) ;
#2410 = EDGE_LOOP ( 'NONE', ( #254, #2733, #1651, #1660, #836 ) ) ;
#2411 = CARTESIAN_POINT ( 'NONE',  ( -23.76101178979404693, -28.99945910383492631, 10.79917549793312226 ) ) ;
#2412 = LINE ( 'NONE', #2152, #1195 ) ;
#2413 = ORIENTED_EDGE ( 'NONE', *, *, #2722, .T. ) ;
#2414 = CARTESIAN_POINT ( 'NONE',  ( -23.43695816228002116, -37.79579502922678813, 0.1353946373230819622 ) ) ;
#2415 = CARTESIAN_POINT ( 'NONE',  ( -24.03200000000000713, -37.34661597919787113, 0.3248160091669031191 ) ) ;
#2416 = EDGE_CURVE ( 'NONE', #1927, #3002, #1455, .T. ) ;
#2417 = CARTESIAN_POINT ( 'NONE',  ( -18.89999999999999858, -33.67544467966323651, 19.99999999999999645 ) ) ;
#2418 = AXIS2_PLACEMENT_3D ( 'NONE', #2721, #22, #35 ) ;
#2419 = LINE ( 'NONE', #1150, #1852 ) ;
#2420 = CIRCLE ( 'NONE', #469, 2.099999999999997868 ) ;
#2421 = CARTESIAN_POINT ( 'NONE',  ( -23.52012769084172916, -28.78635212553614409, 10.63864496671863868 ) ) ;
#2422 = ORIENTED_EDGE ( 'NONE', *, *, #920, .F. ) ;
#2423 = DIRECTION ( 'NONE',  ( -1.000000000000000000, -0.000000000000000000, -0.000000000000000000 ) ) ;
#2424 = AXIS2_PLACEMENT_3D ( 'NONE', #138, #2099, #2329 ) ;
#2425 = CIRCLE ( 'NONE', #1446, 3.100000000000000533 ) ;
#2426 = VERTEX_POINT ( 'NONE', #2964 ) ;
#2427 = DIRECTION ( 'NONE',  ( 0.000000000000000000, 0.000000000000000000, 1.000000000000000000 ) ) ;
#2428 = CARTESIAN_POINT ( 'NONE',  ( -15.39405837090959217, -22.77448189126043587, 6.719978522089999018 ) ) ;
#2429 = CIRCLE ( 'NONE', #1398, 0.7249999999999999778 ) ;
#2430 = EDGE_CURVE ( 'NONE', #188, #2773, #2175, .T. ) ;
#2431 = ORIENTED_EDGE ( 'NONE', *, *, #1847, .F. ) ;
#2432 = EDGE_CURVE ( 'NONE', #358, #1882, #2634, .T. ) ;
#2433 = ORIENTED_EDGE ( 'NONE', *, *, #2455, .F. ) ;
#2434 = CIRCLE ( 'NONE', #1506, 15.50000000000000000 ) ;
#2435 = CARTESIAN_POINT ( 'NONE',  ( -23.53200000000000358, -40.00000000000000000, 11.00000000000000000 ) ) ;
#2436 = DIRECTION ( 'NONE',  ( -1.000000000000000000, 0.000000000000000000, 0.000000000000000000 ) ) ;
#2437 = CIRCLE ( 'NONE', #1968, 0.2999999999999999889 ) ;
#2438 = ADVANCED_FACE ( 'NONE', ( #2441 ), #2069, .F. ) ;
#2439 = DIRECTION ( 'NONE',  ( -1.000000000000000000, -0.000000000000000000, -0.000000000000000000 ) ) ;
#2440 = CIRCLE ( 'NONE', #1459, 0.2999999999999999889 ) ;
#2441 = FACE_OUTER_BOUND ( 'NONE', #2025, .T. ) ;
#2442 = DIRECTION ( 'NONE',  ( 1.000000000000000000, 0.000000000000000000, 0.000000000000000000 ) ) ;
#2443 = AXIS2_PLACEMENT_3D ( 'NONE', #2026, #61, #3004 ) ;
#2444 = CARTESIAN_POINT ( 'NONE',  ( -23.33771051415074638, -29.04104547492634225, 12.00764997101325271 ) ) ;
#2445 = ORIENTED_EDGE ( 'NONE', *, *, #2362, .F. ) ;
#2446 = DIRECTION ( 'NONE',  ( 0.000000000000000000, 0.1220751279390940164, -0.9925208628228697760 ) ) ;
#2447 = EDGE_CURVE ( 'NONE', #3103, #2136, #2842, .T. ) ;
#2448 = ORIENTED_EDGE ( 'NONE', *, *, #3119, .F. ) ;
#2449 = CYLINDRICAL_SURFACE ( 'NONE', #2317, 11.00000000000000000 ) ;
#2450 = COORDINATED_UNIVERSAL_TIME_OFFSET ( 8, 0, .AHEAD. ) ;
#2451 = CARTESIAN_POINT ( 'NONE',  ( -14.10000000000000320, -23.00000000000000355, 6.788813002938239194 ) ) ;
#2452 = VERTEX_POINT ( 'NONE', #1750 ) ;
#2453 = CARTESIAN_POINT ( 'NONE',  ( -18.89999999999999858, -40.00000000000000000, 11.00000000000000000 ) ) ;
#2454 = DIRECTION ( 'NONE',  ( -0.000000000000000000, -0.000000000000000000, -1.000000000000000000 ) ) ;
#2455 = EDGE_CURVE ( 'NONE', #2527, #88, #745, .T. ) ;
#2456 = CARTESIAN_POINT ( 'NONE',  ( -10.62461462387978628, 4.400859472198558109, 6.000000000000000000 ) ) ;
#2457 = DIRECTION ( 'NONE',  ( 1.000000000000000000, 0.000000000000000000, 0.000000000000000000 ) ) ;
#2458 = CARTESIAN_POINT ( 'NONE',  ( -2.100000000000000089, -13.49999999999999822, 2.500000000000000000 ) ) ;
#2459 = CARTESIAN_POINT ( 'NONE',  ( -23.83199995792716308, -29.00919785333234557, 10.51666276198512229 ) ) ;
#2460 = EDGE_LOOP ( 'NONE', ( #189, #1607 ) ) ;
#2461 = DIRECTION ( 'NONE',  ( 0.000000000000000000, -0.04070803854593537524, -0.9991710842482095511 ) ) ;
#2462 = EDGE_LOOP ( 'NONE', ( #1761, #966, #3140, #2889 ) ) ;
#2463 = DIRECTION ( 'NONE',  ( 1.000000000000000000, 0.000000000000000000, 0.000000000000000000 ) ) ;
#2464 = EDGE_CURVE ( 'NONE', #209, #1397, #692, .T. ) ;
#2465 = COORDINATED_UNIVERSAL_TIME_OFFSET ( 8, 0, .AHEAD. ) ;
#2466 = CARTESIAN_POINT ( 'NONE',  ( -16.57410231408216461, -23.28163038476746749, 6.893042390880548709 ) ) ;
#2467 = ORIENTED_EDGE ( 'NONE', *, *, #1523, .T. ) ;
#2468 = CARTESIAN_POINT ( 'NONE',  ( -44.26883835420682090, -40.00000000000000000, 2.950000000000001066 ) ) ;
#2469 = LINE ( 'NONE', #1669, #632 ) ;
#2470 = DIRECTION ( 'NONE',  ( 1.000000000000000000, -0.000000000000000000, -0.000000000000000000 ) ) ;
#2471 = CARTESIAN_POINT ( 'NONE',  ( -23.53200000000001069, -23.55793539541791048, 6.642811916917943371 ) ) ;
#2472 = CARTESIAN_POINT ( 'NONE',  ( -23.53200000000000713, -23.55949980876886585, 6.643513471598344822 ) ) ;
#2473 = AXIS2_PLACEMENT_3D ( 'NONE', #814, #2505, #1082 ) ;
#2474 = EDGE_LOOP ( 'NONE', ( #43, #2502, #336, #2017 ) ) ;
#2476 = ORIENTED_EDGE ( 'NONE', *, *, #2545, .F. ) ;
#2475 = CARTESIAN_POINT ( 'NONE',  ( -23.23200000000000287, -29.08227050894843302, 12.34282640733002978 ) ) ;
#2477 = ADVANCED_FACE ( 'NONE', ( #1242 ), #2493, .T. ) ;
#2478 = EDGE_LOOP ( 'NONE', ( #1154, #97 ) ) ;
#2479 = AXIS2_PLACEMENT_3D ( 'NONE', #2654, #1373, #2118 ) ;
#2480 = DIRECTION ( 'NONE',  ( 0.000000000000000000, -1.000000000000000000, 0.000000000000000000 ) ) ;
#2481 =( NAMED_UNIT ( * ) SI_UNIT ( $, .STERADIAN. ) SOLID_ANGLE_UNIT ( ) );
#2482 = ORIENTED_EDGE ( 'NONE', *, *, #135, .T. ) ;
#2483 = AXIS2_PLACEMENT_3D ( 'NONE', #3010, #2046, #557 ) ;
#2484 = EDGE_CURVE ( 'NONE', #457, #1336, #2741, .T. ) ;
#2485 = VERTEX_POINT ( 'NONE', #1945 ) ;
#2486 = CIRCLE ( 'NONE', #2378, 0.2999999999999999334 ) ;
#2487 = DIRECTION ( 'NONE',  ( 0.000000000000000000, 0.000000000000000000, -1.000000000000000000 ) ) ;
#2488 = DIRECTION ( 'NONE',  ( 0.9537837210131052679, -0.3004939492409041124, 0.000000000000000000 ) ) ;
#2489 = TOROIDAL_SURFACE ( 'NONE', #1449, 10.69999999999999929, 0.2999999999999999889 ) ;
#2490 = DIRECTION ( 'NONE',  ( 1.000000000000000000, -0.000000000000000000, 0.000000000000000000 ) ) ;
#2491 = CARTESIAN_POINT ( 'NONE',  ( -23.23200000000000642, -24.39786552070579617, 7.348253836090122171 ) ) ;
#2492 = TOROIDAL_SURFACE ( 'NONE', #479, 19.70000000000000284, 0.2999999999999999889 ) ;
#2493 = TOROIDAL_SURFACE ( 'NONE', #1149, 15.69999999999999929, 0.2999999999999999889 ) ;
#2494 = ORIENTED_EDGE ( 'NONE', *, *, #1784, .F. ) ;
#2495 = CARTESIAN_POINT ( 'NONE',  ( -18.60000000000000142, -40.00000000000000000, 11.00000000000000000 ) ) ;
#2496 = AXIS2_PLACEMENT_3D ( 'NONE', #44, #487, #2487 ) ;
#2497 = EDGE_CURVE ( 'NONE', #1571, #3110, #869, .T. ) ;
#2498 = EDGE_CURVE ( 'NONE', #2116, #504, #173, .T. ) ;
#2499 = ORIENTED_EDGE ( 'NONE', *, *, #346, .T. ) ;
#2500 =( GEOMETRIC_REPRESENTATION_CONTEXT ( 3 ) GLOBAL_UNCERTAINTY_ASSIGNED_CONTEXT ( ( #199 ) ) GLOBAL_UNIT_ASSIGNED_CONTEXT ( ( #1730, #1991, #2481 ) ) REPRESENTATION_CONTEXT ( 'NONE', 'WORKASPACE' ) );
#2501 = DIRECTION ( 'NONE',  ( -1.000000000000000000, -0.000000000000000000, -0.000000000000000000 ) ) ;
#2502 = ORIENTED_EDGE ( 'NONE', *, *, #2336, .F. ) ;
#2503 = CARTESIAN_POINT ( 'NONE',  ( -4.400859472198530575, 10.62461462387979871, 5.500000000000000000 ) ) ;
#2504 = DIRECTION ( 'NONE',  ( -0.7071067811865477948, 8.659560562354936556E-17, 0.7071067811865473507 ) ) ;
#2505 = DIRECTION ( 'NONE',  ( -1.000000000000000000, -0.000000000000000000, -0.000000000000000000 ) ) ;
#2506 = CARTESIAN_POINT ( 'NONE',  ( -23.53200000000000358, -24.52217131570533937, 7.075218912811924277 ) ) ;
#2507 = CARTESIAN_POINT ( 'NONE',  ( -18.89999999999999858, -36.93208776333745647, -59.93368673985678896 ) ) ;
#2508 = ORIENTED_EDGE ( 'NONE', *, *, #299, .T. ) ;
#2509 = DIRECTION ( 'NONE',  ( 0.000000000000000000, 0.000000000000000000, -1.000000000000000000 ) ) ;
#2510 = ORIENTED_EDGE ( 'NONE', *, *, #2791, .T. ) ;
#2511 = DIRECTION ( 'NONE',  ( 1.000000000000000000, -0.000000000000000000, -0.000000000000000000 ) ) ;
#2512 = EDGE_CURVE ( 'NONE', #2313, #1875, #1530, .T. ) ;
#2513 = ORIENTED_EDGE ( 'NONE', *, *, #2791, .F. ) ;
#2514 = DIRECTION ( 'NONE',  ( 0.000000000000000000, -0.000000000000000000, -1.000000000000000000 ) ) ;
#2515 = CARTESIAN_POINT ( 'NONE',  ( -23.23200000000000642, -24.52217131570533937, 0.000000000000000000 ) ) ;
#2516 = CARTESIAN_POINT ( 'NONE',  ( -23.53200000000000003, -28.72036255190231202, 10.32192991551589678 ) ) ;
#2517 = FACE_OUTER_BOUND ( 'NONE', #408, .T. ) ;
#2518 = DIRECTION ( 'NONE',  ( 0.000000000000000000, 0.04321003150229337647, -0.9990660104205181247 ) ) ;
#2519 = CYLINDRICAL_SURFACE ( 'NONE', #1908, 0.2999999999999999334 ) ;
#2520 = EDGE_CURVE ( 'NONE', #1647, #2871, #2437, .T. ) ;
#2521 = ORIENTED_EDGE ( 'NONE', *, *, #2004, .F. ) ;
#2522 = CARTESIAN_POINT ( 'NONE',  ( -23.23200000000000287, -33.67544467966323651, 19.99999999999999645 ) ) ;
#2523 = VERTEX_POINT ( 'NONE', #3069 ) ;
#2524 = CARTESIAN_POINT ( 'NONE',  ( -23.57597765499622611, -36.52217643222035548, 0.5613670687997541764 ) ) ;
#2525 = TOROIDAL_SURFACE ( 'NONE', #2623, 15.29999999999999893, 0.2999999999999999889 ) ;
#2526 = CIRCLE ( 'NONE', #1041, 1.099999999999996758 ) ;
#2527 = VERTEX_POINT ( 'NONE', #1100 ) ;
#2528 = CARTESIAN_POINT ( 'NONE',  ( -24.03200000000000358, -40.00000000000002132, 19.09999999999999787 ) ) ;
#2529 = DIRECTION ( 'NONE',  ( -0.000000000000000000, -0.000000000000000000, 1.000000000000000000 ) ) ;
#2530 = AXIS2_PLACEMENT_3D ( 'NONE', #1834, #1819, #337 ) ;
#2531 = ADVANCED_FACE ( 'NONE', ( #2306 ), #378, .T. ) ;
#2532 = CARTESIAN_POINT ( 'NONE',  ( 0.000000000000000000, 16.00000000000000000, 5.700000000000000178 ) ) ;
#2533 = CIRCLE ( 'NONE', #2636, 1.699999999999998401 ) ;
#2534 = DIRECTION ( 'NONE',  ( 0.000000000000000000, 0.3371846330310155904, -0.9414385392832287369 ) ) ;
#2535 = CARTESIAN_POINT ( 'NONE',  ( 0.000000000000000000, 0.000000000000000000, 6.000000000000000000 ) ) ;
#2536 = CARTESIAN_POINT ( 'NONE',  ( 0.000000000000000000, -7.999999999999998224, -6.938893903907228378E-15 ) ) ;
#2537 = EDGE_CURVE ( 'NONE', #3110, #476, #89, .T. ) ;
#2538 = AXIS2_PLACEMENT_3D ( 'NONE', #2128, #1367, #3070 ) ;
#2539 = EDGE_LOOP ( 'NONE', ( #53, #2669, #1518, #2821 ) ) ;
#2540 = VECTOR ( 'NONE', #141, 1000.000000000000000 ) ;
#2541 = LINE ( 'NONE', #620, #1395 ) ;
#2542 = CIRCLE ( 'NONE', #3046, 0.7499999999999988898 ) ;
#2543 = ORIENTED_EDGE ( 'NONE', *, *, #1454, .T. ) ;
#2544 = CARTESIAN_POINT ( 'NONE',  ( -23.57453115021558077, -37.32349740791647008, 0.3272712339485367439 ) ) ;
#2545 = EDGE_CURVE ( 'NONE', #55, #2120, #1917, .T. ) ;
#2546 = AXIS2_PLACEMENT_3D ( 'NONE', #78, #1300, #2040 ) ;
#2547 = VECTOR ( 'NONE', #1124, 1000.000000000000000 ) ;
#2548 = CC_DESIGN_PERSON_AND_ORGANIZATION_ASSIGNMENT ( #1220, #1938, ( #2076 ) ) ;
#2549 = ORIENTED_EDGE ( 'NONE', *, *, #2556, .F. ) ;
#2550 = CARTESIAN_POINT ( 'NONE',  ( -13.72461462387981257, -4.400859472198537681, 5.500000000000000000 ) ) ;
#2551 = CARTESIAN_POINT ( 'NONE',  ( -2.100000000000000089, 13.49999999999999822, 3.249999999999999112 ) ) ;
#2552 = VERTEX_POINT ( 'NONE', #1827 ) ;
#2553 = CARTESIAN_POINT ( 'NONE',  ( 0.000000000000000000, -8.000000000000000000, -6.938893903907228378E-15 ) ) ;
#2554 = CARTESIAN_POINT ( 'NONE',  ( -15.61296395742634857, -23.25099421693499124, 6.466897214502263402 ) ) ;
#2555 = CARTESIAN_POINT ( 'NONE',  ( -21.39999999999999858, -40.00000000000002132, 15.90000000000000036 ) ) ;
#2556 = EDGE_CURVE ( 'NONE', #8, #518, #2019, .T. ) ;
#2557 = VERTEX_POINT ( 'NONE', #95 ) ;
#2558 = CARTESIAN_POINT ( 'NONE',  ( 25.00000000000000000, -33.67544467966323651, 19.99999999999999645 ) ) ;
#2559 = ORIENTED_EDGE ( 'NONE', *, *, #1096, .T. ) ;
#2560 = CARTESIAN_POINT ( 'NONE',  ( -23.33759428471682185, -38.97095832174018426, 0.03422300188850770086 ) ) ;
#2561 = EDGE_CURVE ( 'NONE', #1112, #2325, #1914, .T. ) ;
#2562 = ORIENTED_EDGE ( 'NONE', *, *, #1219, .F. ) ;
#2563 = DIRECTION ( 'NONE',  ( 1.000000000000000000, -0.000000000000000000, -0.000000000000000000 ) ) ;
#2564 = CARTESIAN_POINT ( 'NONE',  ( -44.26883835420682090, -40.00000000000000000, 19.04999999999999716 ) ) ;
#2565 = ORIENTED_EDGE ( 'NONE', *, *, #361, .T. ) ;
#2566 = CYLINDRICAL_SURFACE ( 'NONE', #2775, 0.2999999999999999889 ) ;
#2567 = VERTEX_POINT ( 'NONE', #2058 ) ;
#2568 = CARTESIAN_POINT ( 'NONE',  ( -18.89999999999999858, -40.00000000000000000, 11.00000000000000000 ) ) ;
#2569 = CARTESIAN_POINT ( 'NONE',  ( -22.84532140091137364, -20.55655310258657309, 6.180719113613245774 ) ) ;
#2570 = ORIENTED_EDGE ( 'NONE', *, *, #1085, .T. ) ;
#2571 = CARTESIAN_POINT ( 'NONE',  ( -24.07384378028451266, -46.00000000000000000, 11.00000000000000000 ) ) ;
#2572 = ORIENTED_EDGE ( 'NONE', *, *, #2934, .T. ) ;
#2573 = CARTESIAN_POINT ( 'NONE',  ( -18.90000000000000213, -27.30866035065098174, 9.102187080271194830 ) ) ;
#2574 = EDGE_CURVE ( 'NONE', #907, #385, #2330, .T. ) ;
#2575 = ORIENTED_EDGE ( 'NONE', *, *, #2761, .F. ) ;
#2576 = CIRCLE ( 'NONE', #2824, 1.100000000000000311 ) ;
#2577 = DIRECTION ( 'NONE',  ( -1.000000000000000000, -0.000000000000000000, -0.000000000000000000 ) ) ;
#2578 = DIRECTION ( 'NONE',  ( 0.000000000000000000, 0.000000000000000000, -1.000000000000000000 ) ) ;
#2579 = EDGE_LOOP ( 'NONE', ( #2718, #2828, #743, #1135 ) ) ;
#2580 = CARTESIAN_POINT ( 'NONE',  ( 0.000000000000000000, 0.000000000000000000, 0.2999999999999999334 ) ) ;
#2581 = VECTOR ( 'NONE', #3028, 1000.000000000000114 ) ;
#2582 = CARTESIAN_POINT ( 'NONE',  ( -21.39999999999999858, -46.00000000000000000, 11.00000000000000000 ) ) ;
#2583 = EDGE_CURVE ( 'NONE', #795, #1785, #2321, .T. ) ;
#2584 = CIRCLE ( 'NONE', #1188, 1.699999999999998401 ) ;
#2585 = ORIENTED_EDGE ( 'NONE', *, *, #1865, .F. ) ;
#2586 = DIRECTION ( 'NONE',  ( 1.000000000000000000, -0.000000000000000000, 0.000000000000000000 ) ) ;
#2587 = AXIS2_PLACEMENT_3D ( 'NONE', #621, #1900, #1593 ) ;
#2588 = FACE_OUTER_BOUND ( 'NONE', #1107, .T. ) ;
#2589 = VERTEX_POINT ( 'NONE', #815 ) ;
#2590 = FACE_OUTER_BOUND ( 'NONE', #1584, .T. ) ;
#2591 = CIRCLE ( 'NONE', #1252, 1.100000000000000311 ) ;
#2592 = ADVANCED_FACE ( 'NONE', ( #1573 ), #1306, .T. ) ;
#2593 = ORIENTED_EDGE ( 'NONE', *, *, #103, .F. ) ;
#2594 = VECTOR ( 'NONE', #1512, 1000.000000000000000 ) ;
#2595 = DIRECTION ( 'NONE',  ( 0.000000000000000000, 0.000000000000000000, -1.000000000000000000 ) ) ;
#2596 = PLANE ( 'NONE',  #1453 ) ;
#2597 = EDGE_LOOP ( 'NONE', ( #397, #1231 ) ) ;
#2598 = DIRECTION ( 'NONE',  ( -1.000000000000000000, -0.000000000000000000, -0.000000000000000000 ) ) ;
#2599 = CARTESIAN_POINT ( 'NONE',  ( -22.32153930395819330, -18.59420787360210170, 6.005649096680313548 ) ) ;
#2600 = ADVANCED_FACE ( 'NONE', ( #1057 ), #1196, .F. ) ;
#2601 = CARTESIAN_POINT ( 'NONE',  ( -21.39999999999999858, -46.00000000000000000, 11.00000000000000000 ) ) ;
#2602 = DIRECTION ( 'NONE',  ( 0.000000000000000000, 6.484947573745073995E-15, -1.000000000000000000 ) ) ;
#2603 = CARTESIAN_POINT ( 'NONE',  ( -24.03200000000000358, -46.00000000000000000, 13.09999999999999787 ) ) ;
#2604 = ORIENTED_EDGE ( 'NONE', *, *, #281, .T. ) ;
#2605 = DIRECTION ( 'NONE',  ( 1.000000000000000000, -0.000000000000000000, -0.000000000000000000 ) ) ;
#2606 = EDGE_LOOP ( 'NONE', ( #142, #513 ) ) ;
#2607 = CARTESIAN_POINT ( 'NONE',  ( -23.28200000000000358, -40.00000000000000000, 8.250000000000000000 ) ) ;
#2608 = CARTESIAN_POINT ( 'NONE',  ( -18.59466437418349471, -27.28092886213437396, 8.688399131949010368 ) ) ;
#2609 = ADVANCED_FACE ( 'NONE', ( #2768 ), #1302, .F. ) ;
#2610 = ORIENTED_EDGE ( 'NONE', *, *, #1059, .F. ) ;
#2611 = LINE ( 'NONE', #2106, #575 ) ;
#2612 = DIRECTION ( 'NONE',  ( 1.000000000000000000, 0.000000000000000000, 0.000000000000000000 ) ) ;
#2613 = FACE_OUTER_BOUND ( 'NONE', #561, .T. ) ;
#2614 = EDGE_LOOP ( 'NONE', ( #1309, #2098, #1131 ) ) ;
#2615 = CARTESIAN_POINT ( 'NONE',  ( -23.78200000000000358, -29.01563350352790138, 10.33967998949085576 ) ) ;
#2616 = EDGE_CURVE ( 'NONE', #1882, #1069, #2201, .T. ) ;
#2617 = DIRECTION ( 'NONE',  ( 0.000000000000000000, 0.000000000000000000, -1.000000000000000000 ) ) ;
#2618 = ORIENTED_EDGE ( 'NONE', *, *, #76, .F. ) ;
#2619 = CARTESIAN_POINT ( 'NONE',  ( -23.76112473065463604, -36.99019307614514673, 0.4134071600515174527 ) ) ;
#2620 = ORIENTED_EDGE ( 'NONE', *, *, #2715, .F. ) ;
#2621 = DIRECTION ( 'NONE',  ( 0.5150380749100549327, 0.000000000000000000, -0.8571673007021118895 ) ) ;
#2622 = CARTESIAN_POINT ( 'NONE',  ( -17.09874852970435199, -23.62973655092202208, 7.022727276532103602 ) ) ;
#2623 = AXIS2_PLACEMENT_3D ( 'NONE', #1982, #2439, #733 ) ;
#2624 = EDGE_LOOP ( 'NONE', ( #550, #3003, #2653, #1901 ) ) ;
#2625 = CARTESIAN_POINT ( 'NONE',  ( -22.60767442026211782, -18.51229233088727710, 5.705762078613921595 ) ) ;
#2626 = CARTESIAN_POINT ( 'NONE',  ( -22.56359205157477987, -18.37237255631646704, 5.701920933944967018 ) ) ;
#2627 = CIRCLE ( 'NONE', #931, 0.2999999999999999889 ) ;
#2628 = ADVANCED_FACE ( 'NONE', ( #3154 ), #1919, .T. ) ;
#2629 = CIRCLE ( 'NONE', #1285, 0.2999999999999999334 ) ;
#2630 = ORIENTED_EDGE ( 'NONE', *, *, #3071, .F. ) ;
#2631 = CARTESIAN_POINT ( 'NONE',  ( -24.03200000000000358, -40.00000000000000000, 11.00000000000000000 ) ) ;
#2632 = AXIS2_PLACEMENT_3D ( 'NONE', #1504, #3177, #720 ) ;
#2633 = DIRECTION ( 'NONE',  ( 1.000000000000000000, 0.000000000000000000, 0.000000000000000000 ) ) ;
#2634 = B_SPLINE_CURVE_WITH_KNOTS ( 'NONE', 3,
 ( #2506, #2471, #2231, #1766, #492, #4, #265, #1983 ),
 .UNSPECIFIED., .F., .F.,
 ( 4, 2, 2, 4 ),
 ( 0.000000000000000000, 0.003126407273990018925, 0.004689610910985032508, 0.006252814547980047391 ),
 .UNSPECIFIED. ) ;
#2635 = EDGE_LOOP ( 'NONE', ( #2002, #857, #100, #201 ) ) ;
#2636 = AXIS2_PLACEMENT_3D ( 'NONE', #1786, #2772, #2296 ) ;
#2637 = FACE_OUTER_BOUND ( 'NONE', #2987, .T. ) ;
#2638 = CIRCLE ( 'NONE', #1963, 8.049999999999998934 ) ;
#2639 = ORIENTED_EDGE ( 'NONE', *, *, #1122, .T. ) ;
#2640 = EDGE_CURVE ( 'NONE', #271, #2956, #1878, .T. ) ;
#2641 = CIRCLE ( 'NONE', #2890, 3.100000000000000533 ) ;
#2642 = FACE_OUTER_BOUND ( 'NONE', #313, .T. ) ;
#2643 = CARTESIAN_POINT ( 'NONE',  ( -18.86865935845936804, -26.57228517150534586, 8.549142249982168096 ) ) ;
#2644 = CIRCLE ( 'NONE', #224, 0.7499999999999988898 ) ;
#2645 = EDGE_LOOP ( 'NONE', ( #1977, #110, #2847, #448, #3180 ) ) ;
#2646 = CARTESIAN_POINT ( 'NONE',  ( 0.000000000000000000, -13.49999999999999822, 1.750000000000006217 ) ) ;
#2647 = AXIS2_PLACEMENT_3D ( 'NONE', #2288, #2070, #1315 ) ;
#2648 = VERTEX_POINT ( 'NONE', #1145 ) ;
#2649 = CARTESIAN_POINT ( 'NONE',  ( -15.38152569273559322, -22.77127185497804263, 6.718952810668175069 ) ) ;
#2650 = DESIGN_CONTEXT ( 'detailed design', #176, 'design' ) ;
#2651 = ADVANCED_FACE ( 'NONE', ( #406 ), #2355, .T. ) ;
#2652 = DIRECTION ( 'NONE',  ( -0.000000000000000000, -0.000000000000000000, 1.000000000000000000 ) ) ;
#2653 = ORIENTED_EDGE ( 'NONE', *, *, #1026, .T. ) ;
#2654 = CARTESIAN_POINT ( 'NONE',  ( -4.400859472198530575, 10.62461462387979871, 5.500000000000000000 ) ) ;
#2655 = EDGE_LOOP ( 'NONE', ( #3047, #2062 ) ) ;
#2656 = LINE ( 'NONE', #1423, #800 ) ;
#2657 = CARTESIAN_POINT ( 'NONE',  ( -3.532000000000007134, -24.52217131570533937, 0.2999999999999999889 ) ) ;
#2658 = EDGE_LOOP ( 'NONE', ( #433, #495, #402, #1490 ) ) ;
#2659 = EDGE_CURVE ( 'NONE', #937, #2139, #181, .T. ) ;
#2660 = ORIENTED_EDGE ( 'NONE', *, *, #738, .T. ) ;
#2661 = CARTESIAN_POINT ( 'NONE',  ( -24.03200000000000358, -34.00000000000000000, 8.900000000000002132 ) ) ;
#2662 = DIRECTION ( 'NONE',  ( 0.7071067811865477948, 0.000000000000000000, 0.7071067811865473507 ) ) ;
#2663 = DIRECTION ( 'NONE',  ( 0.000000000000000000, 0.9981980042564325695, -0.06000620216673367008 ) ) ;
#2664 = CARTESIAN_POINT ( 'NONE',  ( -18.60000000000000142, -27.49999999999999645, 0.2999999999999999889 ) ) ;
#2665 = CARTESIAN_POINT ( 'NONE',  ( -18.60000000000000142, -27.49999999999999645, 6.794633978836429833 ) ) ;
#2666 = ORIENTED_EDGE ( 'NONE', *, *, #443, .F. ) ;
#2667 = CARTESIAN_POINT ( 'NONE',  ( -23.36826898606225456, -28.98732435712311073, 11.67012799511494769 ) ) ;
#2668 = ADVANCED_FACE ( 'NONE', ( #162 ), #3104, .F. ) ;
#2669 = ORIENTED_EDGE ( 'NONE', *, *, #1847, .T. ) ;
#2670 = FACE_OUTER_BOUND ( 'NONE', #586, .T. ) ;
#2671 = COORDINATED_UNIVERSAL_TIME_OFFSET ( 8, 0, .AHEAD. ) ;
#2672 = EDGE_CURVE ( 'NONE', #2689, #895, #1161, .T. ) ;
#2673 = ORIENTED_EDGE ( 'NONE', *, *, #1308, .T. ) ;
#2674 = CARTESIAN_POINT ( 'NONE',  ( -23.53200000000000358, -33.67544467966323651, 19.99999999999999645 ) ) ;
#2675 = CARTESIAN_POINT ( 'NONE',  ( -18.60000000000000142, -22.69999999999999929, 0.2999999999999999889 ) ) ;
#2676 = EDGE_CURVE ( 'NONE', #445, #2154, #1866, .T. ) ;
#2677 = CARTESIAN_POINT ( 'NONE',  ( -23.22669367222572490, -21.00474816518767085, 6.259073866725258561 ) ) ;
#2678 = VECTOR ( 'NONE', #2511, 1000.000000000000000 ) ;
#2679 = DIRECTION ( 'NONE',  ( 1.000000000000000000, -0.000000000000000000, -0.000000000000000000 ) ) ;
#2680 = ORIENTED_EDGE ( 'NONE', *, *, #1541, .F. ) ;
#2681 = CARTESIAN_POINT ( 'NONE',  ( -18.60000000000000142, -36.93208776333745647, -59.93368673985678896 ) ) ;
#2682 = AXIS2_PLACEMENT_3D ( 'NONE', #2571, #119, #2343 ) ;
#2683 = ORIENTED_EDGE ( 'NONE', *, *, #2243, .T. ) ;
#2684 = DIRECTION ( 'NONE',  ( 1.000000000000000000, 0.000000000000000000, 0.000000000000000000 ) ) ;
#2685 = PERSON_AND_ORGANIZATION ( #2085, #3102 ) ;
#2686 = DIRECTION ( 'NONE',  ( 0.5150380749100549327, 1.049727191138618079E-16, 0.8571673007021118895 ) ) ;
#2687 = AXIS2_PLACEMENT_3D ( 'NONE', #1175, #1146, #940 ) ;
#2688 = EDGE_CURVE ( 'NONE', #1738, #1383, #2335, .T. ) ;
#2689 = VERTEX_POINT ( 'NONE', #3131 ) ;
#2690 = CIRCLE ( 'NONE', #3044, 2.099999999999997868 ) ;
#2691 = FACE_OUTER_BOUND ( 'NONE', #2407, .T. ) ;
#2692 = CARTESIAN_POINT ( 'NONE',  ( -18.89999999999999858, -39.52468965347481600, 0.01027388537429632653 ) ) ;
#2693 = AXIS2_PLACEMENT_3D ( 'NONE', #3175, #1214, #813 ) ;
#2694 = DIRECTION ( 'NONE',  ( 0.000000000000000000, 0.000000000000000000, -1.000000000000000000 ) ) ;
#2695 = AXIS2_PLACEMENT_3D ( 'NONE', #2707, #750, #260 ) ;
#2696 = CARTESIAN_POINT ( 'NONE',  ( 25.00000000000000000, -18.18257577072857245, 21.00000000000000000 ) ) ;
#2697 = DIRECTION ( 'NONE',  ( 1.000000000000000000, -0.000000000000000000, -0.000000000000000000 ) ) ;
#2698 = CONICAL_SURFACE ( 'NONE', #1305, 0.7499999999999988898, 1.029744258676653645 ) ;
#2699 = ADVANCED_FACE ( 'NONE', ( #452 ), #541, .F. ) ;
#2700 = FACE_OUTER_BOUND ( 'NONE', #2624, .T. ) ;
#2701 = ORIENTED_EDGE ( 'NONE', *, *, #2946, .F. ) ;
#2702 = CARTESIAN_POINT ( 'NONE',  ( -6.100859472198528977, 10.62461462387979871, -6.938893903907228378E-15 ) ) ;
#2703 = EDGE_LOOP ( 'NONE', ( #1972, #883, #670, #1698, #627 ) ) ;
#2704 = CARTESIAN_POINT ( 'NONE',  ( -23.53200000000000358, -40.00000000000000000, 11.00000000000000000 ) ) ;
#2705 = CARTESIAN_POINT ( 'NONE',  ( -15.60143473019590665, -23.24706398753200887, 6.465536308183589043 ) ) ;
#2706 = VERTEX_POINT ( 'NONE', #924 ) ;
#2707 = CARTESIAN_POINT ( 'NONE',  ( 0.000000000000000000, -18.18257577072857245, 21.00000000000000000 ) ) ;
#2708 = DIRECTION ( 'NONE',  ( 0.000000000000000000, 0.000000000000000000, 1.000000000000000000 ) ) ;
#2709 = DIRECTION ( 'NONE',  ( 0.000000000000000000, -0.7702029933508611759, 0.6377988311633799867 ) ) ;
#2710 = DIRECTION ( 'NONE',  ( -1.000000000000000000, -0.000000000000000000, -0.000000000000000000 ) ) ;
#2711 = CARTESIAN_POINT ( 'NONE',  ( -14.10000000000000320, -23.00000000000000000, -6.938893903907228378E-15 ) ) ;
#2712 = ORIENTED_EDGE ( 'NONE', *, *, #748, .F. ) ;
#2714 = ORIENTED_EDGE ( 'NONE', *, *, #3134, .T. ) ;
#2713 = FACE_OUTER_BOUND ( 'NONE', #1812, .T. ) ;
#2715 = EDGE_CURVE ( 'NONE', #1678, #1628, #380, .T. ) ;
#2716 = ORIENTED_EDGE ( 'NONE', *, *, #1235, .F. ) ;
#2717 = DIRECTION ( 'NONE',  ( -1.000000000000000000, 0.000000000000000000, -0.000000000000000000 ) ) ;
#2718 = ORIENTED_EDGE ( 'NONE', *, *, #962, .T. ) ;
#2719 = DIRECTION ( 'NONE',  ( -0.000000000000000000, -0.000000000000000000, 1.000000000000000000 ) ) ;
#2720 = LINE ( 'NONE', #730, #2787 ) ;
#2721 = CARTESIAN_POINT ( 'NONE',  ( -14.97440441990575266, 4.717755003082198861, 0.2999999999999999889 ) ) ;
#2722 = EDGE_CURVE ( 'NONE', #1718, #1621, #1605, .T. ) ;
#2723 = CARTESIAN_POINT ( 'NONE',  ( -18.90000000181751716, -27.23675968803910763, 9.042646726663615908 ) ) ;
#2724 = CARTESIAN_POINT ( 'NONE',  ( -23.52607571673077658, -23.46555064471107954, 6.923794795447371087 ) ) ;
#2725 = ADVANCED_FACE ( 'NONE', ( #681 ), #1810, .T. ) ;
#2726 = ORIENTED_EDGE ( 'NONE', *, *, #1940, .T. ) ;
#2727 = CARTESIAN_POINT ( 'NONE',  ( -23.61205595923189193, -38.07144358384375238, 0.1446555561330037099 ) ) ;
#2728 = VECTOR ( 'NONE', #1232, 1000.000000000000114 ) ;
#2729 = VERTEX_POINT ( 'NONE', #439 ) ;
#2730 = CIRCLE ( 'NONE', #2320, 60.30000000000000426 ) ;
#2731 = CARTESIAN_POINT ( 'NONE',  ( 0.000000000000000000, 15.50000000000000000, 22.00000000000000000 ) ) ;
#2732 = AXIS2_PLACEMENT_3D ( 'NONE', #1612, #1369, #150 ) ;
#2733 = ORIENTED_EDGE ( 'NONE', *, *, #395, .T. ) ;
#2734 =( BOUNDED_CURVE ( )  B_SPLINE_CURVE ( 3, ( #2900, #1725, #308, #251 ),
 .UNSPECIFIED., .F., .F. ) 
 B_SPLINE_CURVE_WITH_KNOTS ( ( 4, 4 ),
 ( 4.712388980384689674, 4.739834566057588461 ),
 .UNSPECIFIED. ) 
 CURVE ( )  GEOMETRIC_REPRESENTATION_ITEM ( )  RATIONAL_B_SPLINE_CURVE ( ( 1.000000000000000000, 0.9999372293039874293, 0.9999372293039874293, 1.000000000000000000 ) ) 
 REPRESENTATION_ITEM ( '' )  );
#2735 = VECTOR ( 'NONE', #2504, 999.9999999999998863 ) ;
#2736 = FACE_OUTER_BOUND ( 'NONE', #193, .T. ) ;
#2737 = FACE_OUTER_BOUND ( 'NONE', #1740, .T. ) ;
#2738 = AXIS2_PLACEMENT_3D ( 'NONE', #779, #1746, #539 ) ;
#2739 = DIRECTION ( 'NONE',  ( 0.000000000000000000, 0.000000000000000000, 1.000000000000000000 ) ) ;
#2740 = DIRECTION ( 'NONE',  ( 0.000000000000000000, 0.000000000000000000, -1.000000000000000000 ) ) ;
#2741 = CIRCLE ( 'NONE', #3147, 1.100000000000000311 ) ;
#2742 = AXIS2_PLACEMENT_3D ( 'NONE', #2368, #421, #1635 ) ;
#2743 = EDGE_LOOP ( 'NONE', ( #2052, #1416, #1787, #1391 ) ) ;
#2744 = EDGE_CURVE ( 'NONE', #819, #1856, #333, .T. ) ;
#2745 = DIRECTION ( 'NONE',  ( 1.000000000000000000, -0.000000000000000000, 0.000000000000000000 ) ) ;
#2746 = AXIS2_PLACEMENT_3D ( 'NONE', #323, #2750, #841 ) ;
#2747 = ORIENTED_EDGE ( 'NONE', *, *, #2464, .T. ) ;
#2748 = CARTESIAN_POINT ( 'NONE',  ( -24.07384378028451266, -46.00000000000000000, 9.899999999999998579 ) ) ;
#2749 = ORIENTED_EDGE ( 'NONE', *, *, #1659, .T. ) ;
#2750 = DIRECTION ( 'NONE',  ( 1.000000000000000000, 0.000000000000000000, 0.000000000000000000 ) ) ;
#2751 = DIRECTION ( 'NONE',  ( 0.000000000000000000, 0.000000000000000000, -1.000000000000000000 ) ) ;
#2752 = ADVANCED_FACE ( 'NONE', ( #391 ), #1366, .F. ) ;
#2753 = CYLINDRICAL_SURFACE ( 'NONE', #780, 2.749999999999999112 ) ;
#2754 = CARTESIAN_POINT ( 'NONE',  ( -21.39999999999999858, -34.00000000000000000, 11.00000000000000000 ) ) ;
#2755 = PLANE ( 'NONE',  #2483 ) ;
#2756 = ORIENTED_EDGE ( 'NONE', *, *, #2124, .F. ) ;
#2757 = LINE ( 'NONE', #865, #3037 ) ;
#2758 = ADVANCED_FACE ( 'NONE', ( #1495 ), #2973, .F. ) ;
#2759 = ORIENTED_EDGE ( 'NONE', *, *, #854, .T. ) ;
#2760 = DIRECTION ( 'NONE',  ( 1.000000000000000000, 0.000000000000000000, 0.000000000000000000 ) ) ;
#2761 = EDGE_CURVE ( 'NONE', #1087, #1692, #434, .T. ) ;
#2762 = ORIENTED_EDGE ( 'NONE', *, *, #1404, .F. ) ;
#2763 = EDGE_CURVE ( 'NONE', #1628, #807, #2177, .T. ) ;
#2764 = DIRECTION ( 'NONE',  ( 0.000000000000000000, 0.000000000000000000, 1.000000000000000000 ) ) ;
#2765 = DIRECTION ( 'NONE',  ( -1.000000000000000000, -0.000000000000000000, -0.000000000000000000 ) ) ;
#2766 = LINE ( 'NONE', #2711, #331 ) ;
#2767 = DIRECTION ( 'NONE',  ( 0.000000000000000000, -0.6377988311633798757, -0.7702029933508610648 ) ) ;
#2768 = FACE_OUTER_BOUND ( 'NONE', #2298, .T. ) ;
#2769 = FACE_BOUND ( 'NONE', #1003, .T. ) ;
#2770 = EDGE_CURVE ( 'NONE', #809, #39, #124, .T. ) ;
#2771 = ORIENTED_EDGE ( 'NONE', *, *, #2537, .F. ) ;
#2772 = DIRECTION ( 'NONE',  ( -0.000000000000000000, -0.000000000000000000, 1.000000000000000000 ) ) ;
#2773 = VERTEX_POINT ( 'NONE', #1719 ) ;
#2774 = CARTESIAN_POINT ( 'NONE',  ( -2.100000000000000089, 13.49999999999999822, 1.750000000000001110 ) ) ;
#2775 = AXIS2_PLACEMENT_3D ( 'NONE', #846, #568, #2801 ) ;
#2776 = CIRCLE ( 'NONE', #2111, 2.749999999999999112 ) ;
#2777 = VERTEX_POINT ( 'NONE', #1745 ) ;
#2778 = CARTESIAN_POINT ( 'NONE',  ( 0.000000000000000000, 0.000000000000000000, 5.999999999999998224 ) ) ;
#2779 = CARTESIAN_POINT ( 'NONE',  ( -9.899614623879784858, 4.400859472198558109, 6.000000000000000000 ) ) ;
#2780 = EDGE_CURVE ( 'NONE', #1089, #2956, #2190, .T. ) ;
#2781 = CIRCLE ( 'NONE', #786, 0.2999999999999999889 ) ;
#2782 = ORIENTED_EDGE ( 'NONE', *, *, #611, .F. ) ;
#2783 = CONICAL_SURFACE ( 'NONE', #1244, 0.7499999999999988898, 1.029744258676653645 ) ;
#2784 = LINE ( 'NONE', #1284, #2929 ) ;
#2785 = CARTESIAN_POINT ( 'NONE',  ( -16.43499651003726569, -23.65022776913663805, 6.614502934249205879 ) ) ;
#2786 = FACE_OUTER_BOUND ( 'NONE', #2635, .T. ) ;
#2787 = VECTOR ( 'NONE', #3155, 1000.000000000000000 ) ;
#2788 = ORIENTED_EDGE ( 'NONE', *, *, #413, .T. ) ;
#2789 = VECTOR ( 'NONE', #2868, 1000.000000000000000 ) ;
#2790 = DIRECTION ( 'NONE',  ( -1.000000000000000000, -0.000000000000000000, -0.000000000000000000 ) ) ;
#2791 = EDGE_CURVE ( 'NONE', #1875, #1419, #950, .T. ) ;
#2792 = AXIS2_PLACEMENT_3D ( 'NONE', #66, #3009, #1083 ) ;
#2793 = VERTEX_POINT ( 'NONE', #1480 ) ;
#2794 = CARTESIAN_POINT ( 'NONE',  ( -23.68370032526964764, -37.63109702886600871, 0.2545916691220752592 ) ) ;
#2795 = AXIS2_PLACEMENT_3D ( 'NONE', #2503, #2719, #506 ) ;
#2796 = CC_DESIGN_SECURITY_CLASSIFICATION ( #2076, ( #752 ) ) ;
#2797 = ORIENTED_EDGE ( 'NONE', *, *, #1594, .F. ) ;
#2798 = FACE_OUTER_BOUND ( 'NONE', #2088, .T. ) ;
#2799 = CARTESIAN_POINT ( 'NONE',  ( -23.50654275509858238, -36.93208776333745647, 0.2453741199822156993 ) ) ;
#2800 = ORIENTED_EDGE ( 'NONE', *, *, #32, .F. ) ;
#2801 = DIRECTION ( 'NONE',  ( 0.000000000000000000, 0.000000000000000000, -1.000000000000000000 ) ) ;
#2802 = DIRECTION ( 'NONE',  ( 0.5150380749100549327, 1.049727191138618079E-16, 0.8571673007021118895 ) ) ;
#2803 = DIRECTION ( 'NONE',  ( 0.000000000000000000, -0.5937090424105530007, -0.8046797952974489299 ) ) ;
#2804 = ORIENTED_EDGE ( 'NONE', *, *, #2323, .T. ) ;
#2805 = ADVANCED_FACE ( 'NONE', ( #2691 ), #778, .T. ) ;
#2806 = CARTESIAN_POINT ( 'NONE',  ( -22.47539410076021227, -18.09242758595630107, 5.700000000000001954 ) ) ;
#2807 = EDGE_CURVE ( 'NONE', #424, #518, #2073, .T. ) ;
#2808 = ORIENTED_EDGE ( 'NONE', *, *, #702, .T. ) ;
#2809 = CARTESIAN_POINT ( 'NONE',  ( -23.54930063975936960, -37.59962762820660487, 0.2613046442196803598 ) ) ;
#2810 = ORIENTED_EDGE ( 'NONE', *, *, #2215, .T. ) ;
#2811 = CARTESIAN_POINT ( 'NONE',  ( -24.07384378028451266, -39.99999999999993605, 5.000000000000000888 ) ) ;
#2812 = CARTESIAN_POINT ( 'NONE',  ( -4.400859472198530575, 10.62461462387979871, 5.500000000000000000 ) ) ;
#2813 = VERTEX_POINT ( 'NONE', #230 ) ;
#2814 = CARTESIAN_POINT ( 'NONE',  ( -23.52190048461885041, -36.68441247403817584, 0.2802375510347324128 ) ) ;
#2815 = DIRECTION ( 'NONE',  ( 1.000000000000000000, -0.000000000000000000, 0.000000000000000000 ) ) ;
#2816 = FACE_OUTER_BOUND ( 'NONE', #1524, .T. ) ;
#2817 = DIRECTION ( 'NONE',  ( 1.000000000000000000, 0.000000000000000000, 0.000000000000000000 ) ) ;
#2818 = DIRECTION ( 'NONE',  ( 0.000000000000000000, 0.000000000000000000, -1.000000000000000000 ) ) ;
#2819 = EDGE_CURVE ( 'NONE', #382, #209, #1207, .T. ) ;
#2820 = DIRECTION ( 'NONE',  ( 0.000000000000000000, -6.308085367188389255E-16, -1.000000000000000000 ) ) ;
#2821 = ORIENTED_EDGE ( 'NONE', *, *, #2819, .F. ) ;
#2822 = DIRECTION ( 'NONE',  ( 0.000000000000000000, -1.000000000000000000, 0.000000000000000000 ) ) ;
#2823 = VERTEX_POINT ( 'NONE', #2226 ) ;
#2824 = AXIS2_PLACEMENT_3D ( 'NONE', #2601, #148, #1845 ) ;
#2825 = CARTESIAN_POINT ( 'NONE',  ( -23.53200000000000358, -28.72036255190231557, 10.32192991551589678 ) ) ;
#2826 = CARTESIAN_POINT ( 'NONE',  ( -17.96534656996264090, -25.12645445092511309, 7.690640635805181091 ) ) ;
#2827 = CIRCLE ( 'NONE', #418, 3.100000000000000533 ) ;
#2828 = ORIENTED_EDGE ( 'NONE', *, *, #1313, .F. ) ;
#2829 = DIRECTION ( 'NONE',  ( -0.000000000000000000, -0.000000000000000000, 1.000000000000000000 ) ) ;
#2830 = AXIS2_PLACEMENT_3D ( 'NONE', #3124, #930, #2886 ) ;
#2831 = CARTESIAN_POINT ( 'NONE',  ( -23.23200000000000287, -39.52468965347481600, 0.01027388537429632653 ) ) ;
#2832 = DIRECTION ( 'NONE',  ( 1.000000000000000000, 0.000000000000000000, 0.000000000000000000 ) ) ;
#2833 = CIRCLE ( 'NONE', #2273, 5.000000000000000888 ) ;
#2834 = CYLINDRICAL_SURFACE ( 'NONE', #2979, 1.100000000000000311 ) ;
#2835 = CARTESIAN_POINT ( 'NONE',  ( -24.03200000000111558, -29.02640156366410906, 10.81573797984632002 ) ) ;
#2836 = VECTOR ( 'NONE', #2027, 1000.000000000000000 ) ;
#2837 = AXIS2_PLACEMENT_3D ( 'NONE', #200, #185, #2375 ) ;
#2838 = DIRECTION ( 'NONE',  ( 0.000000000000000000, 0.000000000000000000, 1.000000000000000000 ) ) ;
#2839 = EDGE_CURVE ( 'NONE', #1647, #424, #1200, .T. ) ;
#2840 = VERTEX_POINT ( 'NONE', #2922 ) ;
#2841 = LINE ( 'NONE', #1312, #2581 ) ;
#2842 = CIRCLE ( 'NONE', #482, 5.299999999999998934 ) ;
#2843 = ORIENTED_EDGE ( 'NONE', *, *, #2061, .F. ) ;
#2844 = DIRECTION ( 'NONE',  ( 1.000000000000000000, 0.000000000000000000, 0.000000000000000000 ) ) ;
#2845 = DIRECTION ( 'NONE',  ( 0.000000000000000000, 0.000000000000000000, 1.000000000000000000 ) ) ;
#2846 = AXIS2_PLACEMENT_3D ( 'NONE', #2301, #90, #2053 ) ;
#2847 = ORIENTED_EDGE ( 'NONE', *, *, #1594, .T. ) ;
#2848 = CARTESIAN_POINT ( 'NONE',  ( -10.62461462387981115, -4.400859472198537681, 5.500000000000000000 ) ) ;
#2849 = DIRECTION ( 'NONE',  ( -1.000000000000000000, -0.000000000000000000, -0.000000000000000000 ) ) ;
#2850 = FACE_OUTER_BOUND ( 'NONE', #2049, .T. ) ;
#2851 = EDGE_CURVE ( 'NONE', #3145, #899, #3151, .T. ) ;
#2852 = ORIENTED_EDGE ( 'NONE', *, *, #1932, .T. ) ;
#2853 = DIRECTION ( 'NONE',  ( 1.000000000000000000, -0.000000000000000000, -0.000000000000000000 ) ) ;
#2854 = DIRECTION ( 'NONE',  ( 1.000000000000000000, 0.000000000000000000, 0.000000000000000000 ) ) ;
#2855 = VERTEX_POINT ( 'NONE', #1980 ) ;
#2856 = CARTESIAN_POINT ( 'NONE',  ( 0.000000000000000000, -13.49999999999999822, 2.500000000000000000 ) ) ;
#2857 = ORIENTED_EDGE ( 'NONE', *, *, #571, .T. ) ;
#2858 = EDGE_CURVE ( 'NONE', #675, #1294, #974, .T. ) ;
#2859 = DIRECTION ( 'NONE',  ( -0.000000000000000000, 0.000000000000000000, 1.000000000000000000 ) ) ;
#2860 = FACE_OUTER_BOUND ( 'NONE', #2199, .T. ) ;
#2861 = ORIENTED_EDGE ( 'NONE', *, *, #2455, .T. ) ;
#2862 = ORIENTED_EDGE ( 'NONE', *, *, #2379, .F. ) ;
#2863 = CARTESIAN_POINT ( 'NONE',  ( 0.000000000000000000, 0.000000000000000000, 6.000000000000000000 ) ) ;
#2864 = CARTESIAN_POINT ( 'NONE',  ( -22.51864701681235914, -18.22971463390505065, 5.999176408805480420 ) ) ;
#2865 = EDGE_LOOP ( 'NONE', ( #2290, #932, #1120, #1891 ) ) ;
#2866 = CARTESIAN_POINT ( 'NONE',  ( -18.86838968548984496, -26.56686084786328195, 8.545140074192401514 ) ) ;
#2867 = EDGE_CURVE ( 'NONE', #1621, #1419, #764, .T. ) ;
#2868 = DIRECTION ( 'NONE',  ( -1.000000000000000000, -0.000000000000000000, -0.000000000000000000 ) ) ;
#2869 = EDGE_LOOP ( 'NONE', ( #1278, #1713 ) ) ;
#2870 = CARTESIAN_POINT ( 'NONE',  ( 25.00000000000000000, -18.18257577072857245, 6.000000000000001776 ) ) ;
#2871 = VERTEX_POINT ( 'NONE', #1732 ) ;
#2872 = CARTESIAN_POINT ( 'NONE',  ( -24.07384378028451266, -46.00000000000000000, 12.09999999999999964 ) ) ;
#2873 = LINE ( 'NONE', #1649, #2540 ) ;
#2874 = EDGE_LOOP ( 'NONE', ( #1358, #1422, #1126, #429 ) ) ;
#2875 = ADVANCED_FACE ( 'NONE', ( #2736 ), #798, .T. ) ;
#2876 = DIRECTION ( 'NONE',  ( -0.000000000000000000, -0.000000000000000000, 1.000000000000000000 ) ) ;
#2877 = DIRECTION ( 'NONE',  ( -1.949740328858416059E-15, 0.9414385392832285149, 0.3371846330310159789 ) ) ;
#2878 = AXIS2_PLACEMENT_3D ( 'NONE', #1976, #1491, #3001 ) ;
#2879 = AXIS2_PLACEMENT_3D ( 'NONE', #1002, #2954, #1727 ) ;
#2880 = ORIENTED_EDGE ( 'NONE', *, *, #1998, .F. ) ;
#2881 = CARTESIAN_POINT ( 'NONE',  ( -16.69053014349456987, -23.35258976232629635, 6.918817282314916994 ) ) ;
#2882 = AXIS2_PLACEMENT_3D ( 'NONE', #1563, #334, #1771 ) ;
#2883 = DIRECTION ( 'NONE',  ( -0.000000000000000000, -1.000000000000000000, -0.000000000000000000 ) ) ;
#2884 = ORIENTED_EDGE ( 'NONE', *, *, #2271, .F. ) ;
#2885 = AXIS2_PLACEMENT_3D ( 'NONE', #1540, #3033, #1328 ) ;
#2886 = DIRECTION ( 'NONE',  ( 0.000000000000000000, 0.000000000000000000, -1.000000000000000000 ) ) ;
#2887 = ADVANCED_FACE ( 'NONE', ( #713 ), #1700, .F. ) ;
#2888 = VECTOR ( 'NONE', #1696, 1000.000000000000000 ) ;
#2889 = ORIENTED_EDGE ( 'NONE', *, *, #11, .T. ) ;
#2890 = AXIS2_PLACEMENT_3D ( 'NONE', #2812, #662, #1394 ) ;
#2891 = LINE ( 'NONE', #2872, #2547 ) ;
#2892 = CARTESIAN_POINT ( 'NONE',  ( -23.73200000000000287, -40.00000000000000000, 11.00000000000000000 ) ) ;
#2893 = ORIENTED_EDGE ( 'NONE', *, *, #2959, .T. ) ;
#2894 = CARTESIAN_POINT ( 'NONE',  ( -23.28612880240411798, -39.09212193687893944, 0.02898262380203183233 ) ) ;
#2895 = CARTESIAN_POINT ( 'NONE',  ( 0.000000000000000000, 0.000000000000000000, 5.700000000000000178 ) ) ;
#2896 = AXIS2_PLACEMENT_3D ( 'NONE', #1961, #1223, #34 ) ;
#2897 = APPROVAL_PERSON_ORGANIZATION ( #502, #1261, #2222 ) ;
#2898 = CARTESIAN_POINT ( 'NONE',  ( -23.73200000000000287, -29.31090445515349785, 10.35743006346581652 ) ) ;
#2899 = CARTESIAN_POINT ( 'NONE',  ( -24.03200000000000003, -29.00003491384894971, 11.02771467910383407 ) ) ;
#2900 = CARTESIAN_POINT ( 'NONE',  ( -22.18925898445627709, -18.18257577072857245, 6.000000000000001776 ) ) ;
#2901 = ADVANCED_FACE ( 'NONE', ( #1466 ), #245, .F. ) ;
#2902 = ORIENTED_EDGE ( 'NONE', *, *, #2353, .T. ) ;
#2903 = CARTESIAN_POINT ( 'NONE',  ( -23.53200000000000358, -33.67544467966323651, 0.2999999999999930500 ) ) ;
#2904 = VERTEX_POINT ( 'NONE', #1036 ) ;
#2905 = DIRECTION ( 'NONE',  ( -0.000000000000000000, 0.000000000000000000, 1.000000000000000000 ) ) ;
#2906 = FACE_OUTER_BOUND ( 'NONE', #822, .T. ) ;
#2907 = EDGE_CURVE ( 'NONE', #2311, #1089, #694, .T. ) ;
#2908 = ORIENTED_EDGE ( 'NONE', *, *, #2192, .T. ) ;
#2909 = DIRECTION ( 'NONE',  ( 0.000000000000000000, 0.000000000000000000, 1.000000000000000000 ) ) ;
#2910 = CARTESIAN_POINT ( 'NONE',  ( -24.03200000000000713, -36.65263024968679417, 0.5550731631934661126 ) ) ;
#2911 = DIRECTION ( 'NONE',  ( 0.000000000000000000, 0.000000000000000000, 1.000000000000000000 ) ) ;
#2912 = CARTESIAN_POINT ( 'NONE',  ( -24.03200000000000358, -29.29947149242699922, 10.80371460712077436 ) ) ;
#2913 = DIRECTION ( 'NONE',  ( -1.000000000000000000, -0.000000000000000000, -0.000000000000000000 ) ) ;
#2914 = ORIENTED_EDGE ( 'NONE', *, *, #3023, .T. ) ;
#2915 = EDGE_CURVE ( 'NONE', #926, #271, #2995, .T. ) ;
#2916 = DIRECTION ( 'NONE',  ( 1.000000000000000000, 0.000000000000000000, 0.000000000000000000 ) ) ;
#2917 = ORIENTED_EDGE ( 'NONE', *, *, #1392, .T. ) ;
#2918 = DIRECTION ( 'NONE',  ( 0.000000000000000000, -1.000000000000000000, 0.000000000000000000 ) ) ;
#2919 = DATE_AND_TIME ( #242, #697 ) ;
#2920 = CARTESIAN_POINT ( 'NONE',  ( -16.01879434479841890, -23.42677388226899282, 6.530469731223636387 ) ) ;
#2921 = EDGE_LOOP ( 'NONE', ( #3098, #339, #133, #1030 ) ) ;
#2922 = CARTESIAN_POINT ( 'NONE',  ( -24.03200000000000358, -39.99999999999993605, 7.099999999999998757 ) ) ;
#2923 = CARTESIAN_POINT ( 'NONE',  ( 0.000000000000000000, 0.000000000000000000, 0.2999999999999999334 ) ) ;
#2924 = EDGE_CURVE ( 'NONE', #1063, #1112, #2008, .T. ) ;
#2925 = LINE ( 'NONE', #1482, #832 ) ;
#2926 = AXIS2_PLACEMENT_3D ( 'NONE', #1225, #961, #2245 ) ;
#2927 = CARTESIAN_POINT ( 'NONE',  ( -14.41080272020711384, -22.99999999999999645, 6.382104175607508978 ) ) ;
#2928 = CARTESIAN_POINT ( 'NONE',  ( -21.39999999999999858, -39.99999999999993605, 3.900000000000001243 ) ) ;
#2929 = VECTOR ( 'NONE', #343, 1000.000000000000114 ) ;
#2930 = CARTESIAN_POINT ( 'NONE',  ( -23.54826987283178141, -28.99961073059144567, 11.15442733515726381 ) ) ;
#2931 = ORIENTED_EDGE ( 'NONE', *, *, #2561, .T. ) ;
#2932 = CARTESIAN_POINT ( 'NONE',  ( -22.18925898445627709, -18.18257577072857245, 6.000000000000001776 ) ) ;
#2933 = AXIS2_PLACEMENT_3D ( 'NONE', #856, #578, #3076 ) ;
#2934 = EDGE_CURVE ( 'NONE', #1621, #1274, #1609, .T. ) ;
#2935 = CIRCLE ( 'NONE', #216, 1.100000000000000311 ) ;
#2936 = EDGE_LOOP ( 'NONE', ( #2914, #2337, #1826, #2100 ) ) ;
#2937 = FACE_OUTER_BOUND ( 'NONE', #1276, .T. ) ;
#2938 = PERSON_AND_ORGANIZATION_ROLE ( 'creator' ) ;
#2939 = CARTESIAN_POINT ( 'NONE',  ( -11.34961462387978592, 4.400859472198558109, 6.000000000000000000 ) ) ;
#2940 = AXIS2_PLACEMENT_3D ( 'NONE', #1569, #306, #79 ) ;
#2941 = VERTEX_POINT ( 'NONE', #1778 ) ;
#2942 = AXIS2_PLACEMENT_3D ( 'NONE', #2115, #916, #1418 ) ;
#2943 = DIRECTION ( 'NONE',  ( 1.000000000000000000, 0.000000000000000000, 0.000000000000000000 ) ) ;
#2944 = DIRECTION ( 'NONE',  ( 0.3004939492409032797, 0.9537837210131053789, -0.000000000000000000 ) ) ;
#2945 = VECTOR ( 'NONE', #344, 1000.000000000000000 ) ;
#2946 = EDGE_CURVE ( 'NONE', #1599, #2813, #1789, .T. ) ;
#2947 = DIRECTION ( 'NONE',  ( 1.000000000000000000, 0.000000000000000000, 0.000000000000000000 ) ) ;
#2948 = VECTOR ( 'NONE', #3017, 1000.000000000000114 ) ;
#2949 = CARTESIAN_POINT ( 'NONE',  ( -18.59466437418349471, -27.28092886213437396, 8.688399131949012144 ) ) ;
#2950 = CARTESIAN_POINT ( 'NONE',  ( -22.94080624489552278, -21.05291028699705436, 6.268703647571401305 ) ) ;
#2951 = LOCAL_TIME ( 12, 25, 39.00000000000000000, #1462 ) ;
#2952 = DIRECTION ( 'NONE',  ( -0.000000000000000000, -0.000000000000000000, 1.000000000000000000 ) ) ;
#2953 = ORIENTED_EDGE ( 'NONE', *, *, #812, .T. ) ;
#2955 = VERTEX_POINT ( 'NONE', #1582 ) ;
#2954 = DIRECTION ( 'NONE',  ( -0.3003909947151847115, -0.9534569378918925642, 0.02617475653826931842 ) ) ;
#2956 = VERTEX_POINT ( 'NONE', #613 ) ;
#2957 = CARTESIAN_POINT ( 'NONE',  ( -18.89999999999999858, -40.00000000000000000, 22.00000000000000000 ) ) ;
#2958 = APPLICATION_PROTOCOL_DEFINITION ( 'international standard', 'config_control_design', 1994, #176 ) ;
#2959 = EDGE_CURVE ( 'NONE', #1862, #1078, #227, .T. ) ;
#2960 = EDGE_LOOP ( 'NONE', ( #3062, #2445, #740, #1330 ) ) ;
#2961 = DIRECTION ( 'NONE',  ( -1.000000000000000000, -0.000000000000000000, -0.000000000000000000 ) ) ;
#2962 = CARTESIAN_POINT ( 'NONE',  ( -24.03200000000000358, -37.07134565078342092, 0.7023643297791148932 ) ) ;
#2963 = DIRECTION ( 'NONE',  ( 0.000000000000000000, -0.9991710842482096622, 0.04070803854593536830 ) ) ;
#2964 = CARTESIAN_POINT ( 'NONE',  ( 0.000000000000000000, -22.69999999999999929, 0.000000000000000000 ) ) ;
#2965 = CARTESIAN_POINT ( 'NONE',  ( -22.47809023632308367, -19.08136567476020673, 6.019022785972693690 ) ) ;
#2966 = ORIENTED_EDGE ( 'NONE', *, *, #1550, .T. ) ;
#2967 = CYLINDRICAL_SURFACE ( 'NONE', #2882, 4.499999999999999112 ) ;
#2968 = ORIENTED_EDGE ( 'NONE', *, *, #2061, .T. ) ;
#2969 = APPROVAL ( #1955, 'UNSPECIFIED' ) ;
#2970 = CARTESIAN_POINT ( 'NONE',  ( -18.89999999999999858, -33.67544467966323651, 0.2999999999999999889 ) ) ;
#2971 = DATE_AND_TIME ( #1234, #1975 ) ;
#2972 = VERTEX_POINT ( 'NONE', #2550 ) ;
#2973 = CYLINDRICAL_SURFACE ( 'NONE', #2795, 1.699999999999998845 ) ;
#2974 = FACE_OUTER_BOUND ( 'NONE', #888, .T. ) ;
#2975 = EDGE_CURVE ( 'NONE', #240, #358, #2440, .T. ) ;
#2976 = DIRECTION ( 'NONE',  ( -1.000000000000000000, 0.000000000000000000, -0.000000000000000000 ) ) ;
#2977 = CARTESIAN_POINT ( 'NONE',  ( -3.532000000000007134, -24.52217131570533937, 0.000000000000000000 ) ) ;
#2978 = DIRECTION ( 'NONE',  ( -1.000000000000000000, -0.000000000000000000, -0.000000000000000000 ) ) ;
#2979 = AXIS2_PLACEMENT_3D ( 'NONE', #1354, #638, #655 ) ;
#2980 = ORIENTED_EDGE ( 'NONE', *, *, #485, .T. ) ;
#2981 = DIRECTION ( 'NONE',  ( 1.000000000000000000, -0.000000000000000000, -0.000000000000000000 ) ) ;
#2982 = CIRCLE ( 'NONE', #54, 1.699999999999998401 ) ;
#2983 = ORIENTED_EDGE ( 'NONE', *, *, #485, .F. ) ;
#2984 = CIRCLE ( 'NONE', #2530, 0.7249999999999982014 ) ;
#2985 = CARTESIAN_POINT ( 'NONE',  ( 1.463452924981084508E-15, -13.49999999999999822, 1.750000000000011546 ) ) ;
#2986 = EDGE_CURVE ( 'NONE', #3163, #1718, #437, .T. ) ;
#2987 = EDGE_LOOP ( 'NONE', ( #51, #1521, #581, #660 ) ) ;
#2988 = FACE_BOUND ( 'NONE', #1229, .T. ) ;
#2989 = LINE ( 'NONE', #1080, #1752 ) ;
#2990 = TOROIDAL_SURFACE ( 'NONE', #1600, 60.29999999999999716, 0.2999999999999999889 ) ;
#2991 = CARTESIAN_POINT ( 'NONE',  ( -21.39999999999999858, -39.99999999999993605, 5.000000000000000888 ) ) ;
#2992 = DIRECTION ( 'NONE',  ( 1.000000000000000000, 0.000000000000000000, 0.000000000000000000 ) ) ;
#2993 = CARTESIAN_POINT ( 'NONE',  ( 25.00000000000000000, -22.69999999999999929, 6.382104175607510754 ) ) ;
#2994 = AXIS2_PLACEMENT_3D ( 'NONE', #1499, #1516, #2740 ) ;
#2995 = CIRCLE ( 'NONE', #1151, 0.2999999999999999334 ) ;
#2996 = ADVANCED_FACE ( 'NONE', ( #2798 ), #1053, .T. ) ;
#2997 = ORIENTED_EDGE ( 'NONE', *, *, #2770, .T. ) ;
#2998 = CARTESIAN_POINT ( 'NONE',  ( -23.03200000000000358, -46.00000000000000000, 11.00000000000000000 ) ) ;
#2999 = ADVANCED_FACE ( 'NONE', ( #1539, #1345, #340, #2988, #1762, #599 ), #1079, .T. ) ;
#3000 = ORIENTED_EDGE ( 'NONE', *, *, #756, .T. ) ;
#3002 = VERTEX_POINT ( 'NONE', #824 ) ;
#3001 = DIRECTION ( 'NONE',  ( -0.9537837210131043797, 0.3004939492409066659, 0.000000000000000000 ) ) ;
#3003 = ORIENTED_EDGE ( 'NONE', *, *, #2959, .F. ) ;
#3004 = DIRECTION ( 'NONE',  ( 0.000000000000000000, 0.000000000000000000, 1.000000000000000000 ) ) ;
#3005 = DIRECTION ( 'NONE',  ( -0.9537837210131054899, 0.3004939492409033353, 0.000000000000000000 ) ) ;
#3006 = EDGE_CURVE ( 'NONE', #2648, #2139, #952, .T. ) ;
#3007 = CARTESIAN_POINT ( 'NONE',  ( -23.37330629699245677, -28.98305341351809616, 11.64465759362574460 ) ) ;
#3008 = DIRECTION ( 'NONE',  ( -1.000000000000000000, -0.000000000000000000, -0.000000000000000000 ) ) ;
#3009 = DIRECTION ( 'NONE',  ( -1.000000000000000000, -0.000000000000000000, -0.000000000000000000 ) ) ;
#3010 = CARTESIAN_POINT ( 'NONE',  ( -24.03200000000000358, -40.00000000000000000, 11.00000000000000000 ) ) ;
#3011 = VERTEX_POINT ( 'NONE', #582 ) ;
#3012 = CYLINDRICAL_SURFACE ( 'NONE', #2682, 1.100000000000000311 ) ;
#3013 = EDGE_CURVE ( 'NONE', #851, #3002, #335, .T. ) ;
#3014 = VERTEX_POINT ( 'NONE', #1555 ) ;
#3015 = CARTESIAN_POINT ( 'NONE',  ( -24.03200000000000358, -37.41898099794851618, 0.6159573907341293619 ) ) ;
#3016 = ORIENTED_EDGE ( 'NONE', *, *, #179, .F. ) ;
#3017 = DIRECTION ( 'NONE',  ( -0.7071067811865474617, 0.000000000000000000, 0.7071067811865474617 ) ) ;
#3018 = DIRECTION ( 'NONE',  ( 0.000000000000000000, 0.000000000000000000, 1.000000000000000000 ) ) ;
#3019 = ORIENTED_EDGE ( 'NONE', *, *, #2819, .T. ) ;
#3020 = DIRECTION ( 'NONE',  ( 0.000000000000000000, 0.000000000000000000, 1.000000000000000000 ) ) ;
#3021 = CARTESIAN_POINT ( 'NONE',  ( 25.00000000000000000, -22.61142305432801081, 6.668729583928930893 ) ) ;
#3022 = DIRECTION ( 'NONE',  ( 1.000000000000000000, -0.000000000000000000, -0.000000000000000000 ) ) ;
#3023 = EDGE_CURVE ( 'NONE', #770, #1063, #546, .T. ) ;
#3024 = ORIENTED_EDGE ( 'NONE', *, *, #549, .T. ) ;
#3025 = DIRECTION ( 'NONE',  ( 0.000000000000000000, 0.000000000000000000, 1.000000000000000000 ) ) ;
#3026 = AXIS2_PLACEMENT_3D ( 'NONE', #2193, #491, #472 ) ;
#3027 = ORIENTED_EDGE ( 'NONE', *, *, #812, .F. ) ;
#3028 = DIRECTION ( 'NONE',  ( -0.7071067811865474617, 8.659560562354932858E-17, -0.7071067811865474617 ) ) ;
#3029 = CIRCLE ( 'NONE', #2371, 0.7499999999999885647 ) ;
#3030 = VECTOR ( 'NONE', #2221, 1000.000000000000000 ) ;
#3031 = ORIENTED_EDGE ( 'NONE', *, *, #281, .F. ) ;
#3032 = CARTESIAN_POINT ( 'NONE',  ( -21.39999999999999858, -39.99999999999993605, 6.100000000000001421 ) ) ;
#3033 = DIRECTION ( 'NONE',  ( 1.000000000000000000, 0.000000000000000000, 0.000000000000000000 ) ) ;
#3034 = AXIS2_PLACEMENT_3D ( 'NONE', #172, #2135, #2262 ) ;
#3035 = EDGE_CURVE ( 'NONE', #609, #2485, #1353, .T. ) ;
#3036 = VERTEX_POINT ( 'NONE', #3032 ) ;
#3037 = VECTOR ( 'NONE', #1831, 1000.000000000000000 ) ;
#3038 = CARTESIAN_POINT ( 'NONE',  ( 0.000000000000000000, -23.00000000000000000, 6.382104175607510754 ) ) ;
#3039 = DIRECTION ( 'NONE',  ( 1.000000000000000000, 0.000000000000000000, 0.000000000000000000 ) ) ;
#3040 = DIRECTION ( 'NONE',  ( 0.000000000000000000, 0.000000000000000000, -1.000000000000000000 ) ) ;
#3041 = CIRCLE ( 'NONE', #941, 0.7499999999999885647 ) ;
#3042 = EDGE_CURVE ( 'NONE', #486, #2813, #853, .T. ) ;
#3043 = EDGE_LOOP ( 'NONE', ( #559, #2660, #218, #2683, #1910 ) ) ;
#3044 = AXIS2_PLACEMENT_3D ( 'NONE', #971, #243, #1425 ) ;
#3045 = CARTESIAN_POINT ( 'NONE',  ( 0.000000000000000000, 15.69999999999999929, 0.2999999999999999334 ) ) ;
#3046 = AXIS2_PLACEMENT_3D ( 'NONE', #757, #2679, #1780 ) ;
#3047 = ORIENTED_EDGE ( 'NONE', *, *, #1288, .F. ) ;
#3048 = DIRECTION ( 'NONE',  ( 1.000000000000000000, 0.000000000000000000, 0.000000000000000000 ) ) ;
#3049 = AXIS2_PLACEMENT_3D ( 'NONE', #2435, #1993, #1942 ) ;
#3050 = AXIS2_PLACEMENT_3D ( 'NONE', #140, #190, #908 ) ;
#3051 = VERTEX_POINT ( 'NONE', #3065 ) ;
#3052 = CARTESIAN_POINT ( 'NONE',  ( -23.23200000000000642, -24.52217131570533937, 7.075218912811925165 ) ) ;
#3053 = DIRECTION ( 'NONE',  ( 1.000000000000000000, 0.000000000000000000, -0.000000000000000000 ) ) ;
#3054 = ADVANCED_FACE ( 'NONE', ( #1664 ), #3127, .F. ) ;
#3055 = ORIENTED_EDGE ( 'NONE', *, *, #2851, .T. ) ;
#3056 = ADVANCED_FACE ( 'NONE', ( #3079 ), #2239, .T. ) ;
#3057 = DIRECTION ( 'NONE',  ( 0.000000000000000000, -0.000000000000000000, -1.000000000000000000 ) ) ;
#3058 = CARTESIAN_POINT ( 'NONE',  ( -17.76263351841037164, -24.81992007336926775, 7.121228525142988985 ) ) ;
#3059 = DIRECTION ( 'NONE',  ( 1.000000000000000000, -0.000000000000000000, -0.000000000000000000 ) ) ;
#3060 = ORIENTED_EDGE ( 'NONE', *, *, #1474, .T. ) ;
#3061 = CARTESIAN_POINT ( 'NONE',  ( -24.03200000000000358, -40.00000000000002132, 19.09999999999999787 ) ) ;
#3062 = ORIENTED_EDGE ( 'NONE', *, *, #135, .F. ) ;
#3063 = CARTESIAN_POINT ( 'NONE',  ( -23.83200000000000074, -36.29096903665884355, 0.6441760678844788979 ) ) ;
#3064 = EDGE_LOOP ( 'NONE', ( #268, #451, #855, #2282 ) ) ;
#3065 = CARTESIAN_POINT ( 'NONE',  ( -18.89430866579573021, -27.08821140688683826, 8.929803070538241627 ) ) ;
#3066 = CARTESIAN_POINT ( 'NONE',  ( -18.89430866579572665, -27.26632411961000457, 8.688399131949008591 ) ) ;
#3067 = ORIENTED_EDGE ( 'NONE', *, *, #1666, .F. ) ;
#3068 = CARTESIAN_POINT ( 'NONE',  ( -4.400859472198530575, 10.62461462387979871, -6.938893903907228378E-15 ) ) ;
#3069 = CARTESIAN_POINT ( 'NONE',  ( -24.03200000000000358, -46.00000000000000000, 13.09999999999999787 ) ) ;
#3070 = DIRECTION ( 'NONE',  ( 0.000000000000000000, 6.479865408225974646E-16, -1.000000000000000000 ) ) ;
#3071 = EDGE_CURVE ( 'NONE', #1724, #1595, #2130, .T. ) ;
#3072 = CARTESIAN_POINT ( 'NONE',  ( -21.39999999999999858, -40.00000000000002132, 17.00000000000000000 ) ) ;
#3073 = DIRECTION ( 'NONE',  ( 1.000000000000000000, 0.000000000000000000, 0.000000000000000000 ) ) ;
#3074 = FACE_OUTER_BOUND ( 'NONE', #2703, .T. ) ;
#3075 = ORIENTED_EDGE ( 'NONE', *, *, #2150, .T. ) ;
#3076 = DIRECTION ( 'NONE',  ( 0.000000000000000000, 0.000000000000000000, 1.000000000000000000 ) ) ;
#3077 = ADVANCED_FACE ( 'NONE', ( #2642 ), #435, .F. ) ;
#3078 = ORIENTED_EDGE ( 'NONE', *, *, #2851, .F. ) ;
#3079 = FACE_OUTER_BOUND ( 'NONE', #2352, .T. ) ;
#3080 = FACE_BOUND ( 'NONE', #1877, .T. ) ;
#3081 = AXIS2_PLACEMENT_3D ( 'NONE', #275, #2717, #775 ) ;
#3082 = ORIENTED_EDGE ( 'NONE', *, *, #1998, .T. ) ;
#3083 = CARTESIAN_POINT ( 'NONE',  ( -2.100000000000000089, -13.49999999999999822, 1.750000000000001110 ) ) ;
#3084 = AXIS2_PLACEMENT_3D ( 'NONE', #1519, #2981, #1473 ) ;
#3085 = CARTESIAN_POINT ( 'NONE',  ( -22.56359066864289886, -18.37236816681738460, 5.701920813442101554 ) ) ;
#3086 = DIRECTION ( 'NONE',  ( 0.000000000000000000, -0.000000000000000000, -1.000000000000000000 ) ) ;
#3087 = TOROIDAL_SURFACE ( 'NONE', #474, 4.799999999999999822, 0.2999999999999999889 ) ;
#3088 = ORIENTED_EDGE ( 'NONE', *, *, #993, .F. ) ;
#3089 = DIRECTION ( 'NONE',  ( 0.000000000000000000, -1.000000000000000000, 0.000000000000000000 ) ) ;
#3090 = VECTOR ( 'NONE', #1162, 1000.000000000000000 ) ;
#3091 = ADVANCED_FACE ( 'NONE', ( #1361 ), #956, .T. ) ;
#3092 = VECTOR ( 'NONE', #677, 1000.000000000000000 ) ;
#3093 = CARTESIAN_POINT ( 'NONE',  ( -23.23200000000000287, -34.48960545058179150, 0.01657831503579579313 ) ) ;
#3094 = ORIENTED_EDGE ( 'NONE', *, *, #3013, .F. ) ;
#3095 = CARTESIAN_POINT ( 'NONE',  ( -21.39999999999999858, -46.00000000000000000, 12.09999999999999964 ) ) ;
#3096 = CIRCLE ( 'NONE', #2693, 0.3000000000000000444 ) ;
#3097 = ADVANCED_FACE ( 'NONE', ( #934 ), #1906, .F. ) ;
#3098 = ORIENTED_EDGE ( 'NONE', *, *, #2688, .F. ) ;
#3099 = VECTOR ( 'NONE', #2943, 1000.000000000000000 ) ;
#3100 = CARTESIAN_POINT ( 'NONE',  ( -15.50000000000000000, 0.000000000000000000, 5.500000000000000000 ) ) ;
#3101 = CARTESIAN_POINT ( 'NONE',  ( 0.000000000000000000, 0.000000000000000000, 5.999999999999998224 ) ) ;
#3102 = ORGANIZATION ( 'UNSPECIFIED', 'UNSPECIFIED', '' ) ;
#3103 = VERTEX_POINT ( 'NONE', #2825 ) ;
#3104 = CYLINDRICAL_SURFACE ( 'NONE', #591, 1.100000000000000311 ) ;
#3105 = CARTESIAN_POINT ( 'NONE',  ( 0.000000000000000000, 0.000000000000000000, 0.000000000000000000 ) ) ;
#3106 = EDGE_CURVE ( 'NONE', #2527, #907, #2891, .T. ) ;
#3107 = ORIENTED_EDGE ( 'NONE', *, *, #2095, .F. ) ;
#3108 = LINE ( 'NONE', #2664, #423 ) ;
#3109 = PLANE ( 'NONE',  #637 ) ;
#3110 = VERTEX_POINT ( 'NONE', #1618 ) ;
#3111 = DIRECTION ( 'NONE',  ( 1.000000000000000000, -0.000000000000000000, -0.000000000000000000 ) ) ;
#3112 = EDGE_CURVE ( 'NONE', #3014, #2689, #2339, .T. ) ;
#3113 = ORIENTED_EDGE ( 'NONE', *, *, #1384, .F. ) ;
#3114 = CARTESIAN_POINT ( 'NONE',  ( -18.89999999999999858, -40.00000000000000000, 11.00000000000000000 ) ) ;
#3115 = CARTESIAN_POINT ( 'NONE',  ( -12.32461462387981044, -4.400859472198537681, 4.099999999999999645 ) ) ;
#3116 = ORIENTED_EDGE ( 'NONE', *, *, #2722, .F. ) ;
#3117 = DIRECTION ( 'NONE',  ( 1.000000000000000000, 0.000000000000000000, 0.000000000000000000 ) ) ;
#3118 = CARTESIAN_POINT ( 'NONE',  ( -15.26053953620968251, 4.807903187854469351, -6.938893903907228378E-15 ) ) ;
#3119 = EDGE_CURVE ( 'NONE', #209, #899, #2656, .T. ) ;
#3120 = ORIENTED_EDGE ( 'NONE', *, *, #1626, .F. ) ;
#3121 = CARTESIAN_POINT ( 'NONE',  ( -17.08026011540693290, -23.61543218702804481, 7.017186378683626380 ) ) ;
#3122 = LINE ( 'NONE', #2603, #585 ) ;
#3123 = ORIENTED_EDGE ( 'NONE', *, *, #3106, .T. ) ;
#3124 = CARTESIAN_POINT ( 'NONE',  ( -18.89999999999999858, -24.11966619483408181, 12.95320204702549916 ) ) ;
#3125 = ORIENTED_EDGE ( 'NONE', *, *, #1932, .F. ) ;
#3126 = ORIENTED_EDGE ( 'NONE', *, *, #3071, .T. ) ;
#3127 = CYLINDRICAL_SURFACE ( 'NONE', #2389, 1.699999999999998401 ) ;
#3128 = CARTESIAN_POINT ( 'NONE',  ( -16.14671396768924438, -23.05772253941630368, 6.814186010577152786 ) ) ;
#3129 = AXIS2_PLACEMENT_3D ( 'NONE', #1721, #2709, #2767 ) ;
#3130 = VERTEX_POINT ( 'NONE', #2607 ) ;
#3131 = CARTESIAN_POINT ( 'NONE',  ( -23.03200000000000358, -34.00000000000000000, 9.900000000000002132 ) ) ;
#3132 = CYLINDRICAL_SURFACE ( 'NONE', #2687, 1.699999999999998401 ) ;
#3133 = CIRCLE ( 'NONE', #3081, 5.299999999999999822 ) ;
#3134 = EDGE_CURVE ( 'NONE', #366, #2567, #2086, .T. ) ;
#3135 = AXIS2_PLACEMENT_3D ( 'NONE', #1552, #1108, #101 ) ;
#3136 = DIRECTION ( 'NONE',  ( 1.000000000000000000, 0.000000000000000000, 0.000000000000000000 ) ) ;
#3137 = CARTESIAN_POINT ( 'NONE',  ( -17.97774696034130315, -24.47615955886834271, 7.375727801470020495 ) ) ;
#3138 = CIRCLE ( 'NONE', #1497, 20.00000000000000355 ) ;
#3139 = CARTESIAN_POINT ( 'NONE',  ( -23.57208741210052949, -28.99876578645242020, 10.98060870967295344 ) ) ;
#3140 = ORIENTED_EDGE ( 'NONE', *, *, #1199, .T. ) ;
#3141 = VECTOR ( 'NONE', #1280, 1000.000000000000000 ) ;
#3142 = CYLINDRICAL_SURFACE ( 'NONE', #2223, 1.100000000000000311 ) ;
#3143 = EDGE_CURVE ( 'NONE', #833, #2313, #489, .T. ) ;
#3144 = VECTOR ( 'NONE', #2138, 1000.000000000000000 ) ;
#3145 = VERTEX_POINT ( 'NONE', #1601 ) ;
#3146 = CARTESIAN_POINT ( 'NONE',  ( -18.60000000000000142, -40.00000000000000000, 0.2999999999999999334 ) ) ;
#3147 = AXIS2_PLACEMENT_3D ( 'NONE', #2754, #234, #1042 ) ;
#3148 = APPROVAL_ROLE ( '' ) ;
#3149 = CARTESIAN_POINT ( 'NONE',  ( -16.09902969369205294, -23.46525486307626096, 6.956281311969444658 ) ) ;
#3150 = ORIENTED_EDGE ( 'NONE', *, *, #1009, .F. ) ;
#3151 = CIRCLE ( 'NONE', #1712, 8.550000000000002487 ) ;
#3152 = EDGE_LOOP ( 'NONE', ( #1869, #1851, #679, #1378, #817, #2966 ) ) ;
#3153 = APPLICATION_CONTEXT ( 'configuration controlled 3d designs of mechanical parts and assemblies' ) ;
#3154 = FACE_OUTER_BOUND ( 'NONE', #1364, .T. ) ;
#3155 = DIRECTION ( 'NONE',  ( 0.000000000000000000, 0.000000000000000000, -1.000000000000000000 ) ) ;
#3156 = AXIS2_PLACEMENT_3D ( 'NONE', #1410, #449, #2595 ) ;
#3157 = ADVANCED_FACE ( 'NONE', ( #2364 ), #2698, .F. ) ;
#3158 = DIRECTION ( 'NONE',  ( -1.000000000000000000, -0.000000000000000000, -0.000000000000000000 ) ) ;
#3159 = CARTESIAN_POINT ( 'NONE',  ( -22.84558768719364963, -20.55781761542033692, 6.180915721775543936 ) ) ;
#3160 = CARTESIAN_POINT ( 'NONE',  ( -24.03200000000000358, -40.00000000000000000, 0.2999999999999999334 ) ) ;
#3161 = EDGE_LOOP ( 'NONE', ( #332, #1254, #1710, #3107 ) ) ;
#3162 = CARTESIAN_POINT ( 'NONE',  ( -23.78200000000000358, -36.63647234048890766, 0.5159739489762682485 ) ) ;
#3163 = VERTEX_POINT ( 'NONE', #3100 ) ;
#3164 = FACE_OUTER_BOUND ( 'NONE', #1989, .T. ) ;
#3165 = EDGE_CURVE ( 'NONE', #795, #806, #661, .T. ) ;
#3166 = PERSON_AND_ORGANIZATION ( #2085, #3102 ) ;
#3167 = CARTESIAN_POINT ( 'NONE',  ( -15.70153037906711013, -22.86979062226384229, 6.750525793189675383 ) ) ;
#3168 = EDGE_LOOP ( 'NONE', ( #2843, #2712, #1348, #125 ) ) ;
#3169 = DIRECTION ( 'NONE',  ( 0.000000000000000000, 2.207829878515936417E-14, -1.000000000000000000 ) ) ;
#3170 = CARTESIAN_POINT ( 'NONE',  ( -24.03200000000000713, -37.01650389905249483, 0.4352218511879222818 ) ) ;
#3171 = DIRECTION ( 'NONE',  ( 0.000000000000000000, -1.000000000000000000, 0.000000000000000000 ) ) ;
#3172 = FACE_OUTER_BOUND ( 'NONE', #760, .T. ) ;
#3173 = CARTESIAN_POINT ( 'NONE',  ( -21.39999999999999858, -39.99999999999993605, 5.000000000000000888 ) ) ;
#3174 = EDGE_CURVE ( 'NONE', #2452, #851, #416, .T. ) ;
#3175 = CARTESIAN_POINT ( 'NONE',  ( -23.73199999999999221, -29.30003396165218632, 11.02695882422025697 ) ) ;
#3176 = EDGE_LOOP ( 'NONE', ( #2756, #1681, #515, #1267 ) ) ;
#3177 = DIRECTION ( 'NONE',  ( -1.000000000000000000, -0.000000000000000000, -0.000000000000000000 ) ) ;
#3178 = EDGE_LOOP ( 'NONE', ( #1773, #1019 ) ) ;
#3180 = ORIENTED_EDGE ( 'NONE', *, *, #2744, .F. ) ;
#3179 = DIRECTION ( 'NONE',  ( 0.000000000000000000, 0.000000000000000000, -1.000000000000000000 ) ) ;
#3181 = PERSON_AND_ORGANIZATION ( #2085, #3102 ) ;
#3182 = CARTESIAN_POINT ( 'NONE',  ( -15.27926070436199879, -23.14707492206268569, 6.839819301193468704 ) ) ;
#3183 = EDGE_CURVE ( 'NONE', #2589, #1179, #1775, .T. ) ;
#3184 = ORIENTED_EDGE ( 'NONE', *, *, #571, .F. ) ;
ENDSEC;
END-ISO-10303-21;
