ISO-10303-21;
HEADER;
FILE_DESCRIPTION (( 'STEP AP203' ),
    '1' );
FILE_NAME ('EN02-PROXIMAL_PHALANX-2.STEP',
    '2025-11-16T04:25:57',
    ( '' ),
    ( '' ),
    'SwSTEP 2.0',
    'SolidWorks 2024',
    '' );
FILE_SCHEMA (( 'CONFIG_CONTROL_DESIGN' ));
ENDSEC;

DATA;
#1 = ORIENTED_EDGE ( 'NONE', *, *, #1558, .F. ) ;
#2 = CARTESIAN_POINT ( 'NONE',  ( 7.520366973322172299, -29.21941585363448723, 10.33327866250026261 ) ) ;
#3 = EDGE_CURVE ( 'NONE', #2043, #899, #736, .T. ) ;
#4 = DIRECTION ( 'NONE',  ( 0.000000000000000000, 0.000000000000000000, 1.000000000000000000 ) ) ;
#5 = ORIENTED_EDGE ( 'NONE', *, *, #1728, .T. ) ;
#6 = CARTESIAN_POINT ( 'NONE',  ( 9.617408157275384895, -18.67210284639936191, 6.000000000000006217 ) ) ;
#7 = DIRECTION ( 'NONE',  ( -0.000000000000000000, -0.000000000000000000, 1.000000000000000000 ) ) ;
#8 = CONICAL_SURFACE ( 'NONE', #211, 3.250000000000000444, 0.7853981633974396193 ) ;
#9 = CARTESIAN_POINT ( 'NONE',  ( 0.000000000000000000, 0.000000000000000000, 5.500000000000000000 ) ) ;
#10 = CARTESIAN_POINT ( 'NONE',  ( 6.100859472198539635, -10.62461462387981292, 4.099999999999999645 ) ) ;
#11 = VERTEX_POINT ( 'NONE', #1602 ) ;
#12 = CARTESIAN_POINT ( 'NONE',  ( 7.746720065953802248, -24.65095209188520897, 7.424642983413196617 ) ) ;
#13 = ADVANCED_FACE ( 'NONE', ( #2351 ), #315, .F. ) ;
#14 = EDGE_LOOP ( 'NONE', ( #1423, #1810, #1315, #965, #2168, #2180 ) ) ;
#15 = CARTESIAN_POINT ( 'NONE',  ( 1.312797084666181835, -23.15563027176373012, 6.842829806457754849 ) ) ;
#16 = FACE_OUTER_BOUND ( 'NONE', #107, .T. ) ;
#17 = CARTESIAN_POINT ( 'NONE',  ( 0.09999999999999245603, -22.69999999999999929, 0.2999999999999999889 ) ) ;
#18 = CARTESIAN_POINT ( 'NONE',  ( 0.000000000000000000, -22.61142305432801081, 6.668729583928930893 ) ) ;
#19 = AXIS2_PLACEMENT_3D ( 'NONE', #1516, #1927, #1362 ) ;
#20 = DIRECTION ( 'NONE',  ( 0.000000000000000000, 0.000000000000000000, 1.000000000000000000 ) ) ;
#21 = ADVANCED_FACE ( 'NONE', ( #2400, #184 ), #946, .T. ) ;
#22 = AXIS2_PLACEMENT_3D ( 'NONE', #1094, #2028, #746 ) ;
#23 = CIRCLE ( 'NONE', #1854, 0.7499999999999885647 ) ;
#24 = VERTEX_POINT ( 'NONE', #1309 ) ;
#25 = FACE_OUTER_BOUND ( 'NONE', #706, .T. ) ;
#26 = LINE ( 'NONE', #1173, #1767 ) ;
#27 = ORIENTED_EDGE ( 'NONE', *, *, #840, .F. ) ;
#28 = CARTESIAN_POINT ( 'NONE',  ( 3.861750582271985088, -24.37748052399209442, 7.336654438826782254 ) ) ;
#29 = DIRECTION ( 'NONE',  ( -0.000000000000000000, -0.000000000000000000, 1.000000000000000000 ) ) ;
#30 = FACE_OUTER_BOUND ( 'NONE', #443, .T. ) ;
#31 = CARTESIAN_POINT ( 'NONE',  ( 0.000000000000000000, 0.000000000000000000, 5.500000000000000000 ) ) ;
#32 = EDGE_CURVE ( 'NONE', #656, #1108, #23, .T. ) ;
#33 = CARTESIAN_POINT ( 'NONE',  ( 0.000000000000000000, -7.999999999999998224, -6.938893903907228378E-15 ) ) ;
#34 = EDGE_CURVE ( 'NONE', #2266, #750, #2172, .T. ) ;
#35 = EDGE_LOOP ( 'NONE', ( #558, #143, #273, #70 ) ) ;
#36 = DIRECTION ( 'NONE',  ( 1.000000000000000000, 0.000000000000000000, 0.000000000000000000 ) ) ;
#37 = FACE_OUTER_BOUND ( 'NONE', #1474, .T. ) ;
#38 = EDGE_LOOP ( 'NONE', ( #1547, #1918 ) ) ;
#39 = CARTESIAN_POINT ( 'NONE',  ( 4.589572622916274547, -27.05948756081013684, 8.904294600360131540 ) ) ;
#40 = FACE_OUTER_BOUND ( 'NONE', #1238, .T. ) ;
#41 = CARTESIAN_POINT ( 'NONE',  ( 10.09003097379164871, -18.29061455397785352, 5.700000000000000178 ) ) ;
#42 = AXIS2_PLACEMENT_3D ( 'NONE', #973, #585, #1526 ) ;
#43 = CARTESIAN_POINT ( 'NONE',  ( 4.799999999999998934, -40.00000000000000000, 13.50000000000000000 ) ) ;
#44 = DIRECTION ( 'NONE',  ( 0.000000000000000000, 0.000000000000000000, -1.000000000000000000 ) ) ;
#45 = VECTOR ( 'NONE', #358, 1000.000000000000000 ) ;
#46 = EDGE_LOOP ( 'NONE', ( #814, #1970, #63, #1740 ) ) ;
#47 = CARTESIAN_POINT ( 'NONE',  ( 9.512927749760056173, -19.78558044872993094, 0.2999999999999999889 ) ) ;
#48 = CONICAL_SURFACE ( 'NONE', #457, 3.100000000000000533, 0.7853981633974485010 ) ;
#49 = DIRECTION ( 'NONE',  ( -1.000000000000000000, -0.000000000000000000, -0.000000000000000000 ) ) ;
#50 = EDGE_LOOP ( 'NONE', ( #128, #490, #528, #1577 ) ) ;
#51 = CARTESIAN_POINT ( 'NONE',  ( 4.419829801962364968, -26.20891385679513164, 7.917710666936516262 ) ) ;
#52 = EDGE_CURVE ( 'NONE', #2104, #1184, #1979, .T. ) ;
#53 = DIRECTION ( 'NONE',  ( 1.000000000000000000, 0.000000000000000000, 0.000000000000000000 ) ) ;
#54 =( BOUNDED_SURFACE ( )  B_SPLINE_SURFACE ( 3, 2, ( 
 ( #2224, #1185, #221 ),
 ( #1135, #416, #2296 ),
 ( #1872, #1146, #207 ),
 ( #815, #15, #971 ),
 ( #1886, #2081, #1710 ),
 ( #1346, #571, #2245 ),
 ( #1161, #1899, #608 ),
 ( #1700, #1359, #789 ),
 ( #582, #1004, #2097 ),
 ( #437, #1909, #28 ),
 ( #1321, #956, #992 ),
 ( #777, #1687, #2056 ),
 ( #621, #1737, #1332 ),
 ( #51, #1524, #2067 ),
 ( #2271, #233, #1371 ),
 ( #1724, #980, #242 ),
 ( #595, #39, #766 ),
 ( #1535, #64, #2285 ) ),
 .UNSPECIFIED., .F., .F., .T. ) 
 B_SPLINE_SURFACE_WITH_KNOTS ( ( 4, 2, 2, 2, 2, 2, 2, 2, 4 ),
 ( 3, 3 ),
 ( 0.000000000000000000, 0.001007206031253813413, 0.002014412062507626826, 0.003021618093761440239, 0.004028824125015253652, 0.005036030156269067498, 0.006043236187522880477, 0.007050442218776693457, 0.008057648250030507303 ),
 ( 0.000000000000000000, 1.000000000000000000 ),
 .UNSPECIFIED. ) 
 GEOMETRIC_REPRESENTATION_ITEM ( )  RATIONAL_B_SPLINE_SURFACE ( (
 ( 1.000000000000000000, 0.5936090946181269423, 1.000000000000000000),
 ( 1.000000000000000000, 0.5936165996968892911, 1.000000000000000000),
 ( 1.000000000000000000, 0.5935302119264513898, 1.000000000000000000),
 ( 1.000000000000000000, 0.5934733494027755185, 1.000000000000000000),
 ( 1.000000000000000000, 0.5935026777475779225, 1.000000000000000000),
 ( 1.000000000000000000, 0.5943672746054949885, 1.000000000000000000),
 ( 1.000000000000000000, 0.5951999000365644221, 1.000000000000000000),
 ( 1.000000000000000000, 0.5986382097178317707, 1.000000000000000000),
 ( 1.000000000000000000, 0.6012180449230659640, 1.000000000000000000),
 ( 1.000000000000000000, 0.6087957877985712418, 1.000000000000000000),
 ( 1.000000000000000000, 0.6138842235611157161, 1.000000000000000000),
 ( 1.000000000000000000, 0.6266134974780366296, 1.000000000000000000),
 ( 1.000000000000000000, 0.6342421616076386881, 1.000000000000000000),
 ( 1.000000000000000000, 0.6519962609739043957, 1.000000000000000000),
 ( 1.000000000000000000, 0.6620240931940768458, 1.000000000000000000),
 ( 1.000000000000000000, 0.6835092563035589652, 1.000000000000000000),
 ( 1.000000000000000000, 0.6950285862451399677, 1.000000000000000000),
 ( 1.000000000000000000, 0.7071067811865475727, 1.000000000000000000) ) ) 
 REPRESENTATION_ITEM ( '' )  SURFACE ( )  );
#55 = DIRECTION ( 'NONE',  ( 0.000000000000000000, -1.000000000000000000, 0.000000000000000000 ) ) ;
#56 = FACE_BOUND ( 'NONE', #509, .T. ) ;
#57 = VECTOR ( 'NONE', #1959, 1000.000000000000000 ) ;
#58 = AXIS2_PLACEMENT_3D ( 'NONE', #2364, #2148, #684 ) ;
#59 = CARTESIAN_POINT ( 'NONE',  ( 0.7381224418251999264, -23.03419738387270854, 6.393235334666416136 ) ) ;
#60 = ORIENTED_EDGE ( 'NONE', *, *, #1689, .F. ) ;
#61 = DIRECTION ( 'NONE',  ( -0.000000000000000000, -0.000000000000000000, 1.000000000000000000 ) ) ;
#62 = VECTOR ( 'NONE', #304, 1000.000000000000000 ) ;
#63 = ORIENTED_EDGE ( 'NONE', *, *, #1948, .F. ) ;
#64 = CARTESIAN_POINT ( 'NONE',  ( 4.599999999999991651, -27.31730540726918122, 9.102239098582179722 ) ) ;
#65 = ADVANCED_FACE ( 'NONE', ( #1850 ), #747, .F. ) ;
#66 = DIRECTION ( 'NONE',  ( 1.000000000000000000, 0.000000000000000000, 0.000000000000000000 ) ) ;
#67 = CARTESIAN_POINT ( 'NONE',  ( 7.500000000000000000, -40.00000000000000000, 11.00000000000000000 ) ) ;
#68 = CARTESIAN_POINT ( 'NONE',  ( -1.463452924981084508E-15, 13.49999999999999822, 3.249999999999988454 ) ) ;
#69 = DIRECTION ( 'NONE',  ( 1.000000000000000000, 0.000000000000000000, 0.000000000000000000 ) ) ;
#70 = ORIENTED_EDGE ( 'NONE', *, *, #227, .F. ) ;
#71 = CARTESIAN_POINT ( 'NONE',  ( 4.579578811037398722, -26.99912890912406738, 8.467876363870825429 ) ) ;
#72 = VECTOR ( 'NONE', #1453, 1000.000000000000000 ) ;
#73 = ORIENTED_EDGE ( 'NONE', *, *, #287, .T. ) ;
#74 = CARTESIAN_POINT ( 'NONE',  ( 2.100000000000004530, -13.49999999999999822, 3.249999999999986677 ) ) ;
#75 = AXIS2_PLACEMENT_3D ( 'NONE', #2012, #1464, #1088 ) ;
#76 = EDGE_LOOP ( 'NONE', ( #1758, #874, #924 ) ) ;
#77 = EDGE_CURVE ( 'NONE', #216, #286, #933, .T. ) ;
#78 = PERSON_AND_ORGANIZATION_ROLE ( 'creator' ) ;
#79 = EDGE_CURVE ( 'NONE', #1212, #1654, #572, .T. ) ;
#80 = EDGE_CURVE ( 'NONE', #1111, #1650, #127, .T. ) ;
#81 = CARTESIAN_POINT ( 'NONE',  ( 14.64656781095890281, -5.654029656712330265, 6.000000000000000000 ) ) ;
#82 = CARTESIAN_POINT ( 'NONE',  ( 9.424810671866620027, -19.16123726693813012, 6.023963531458036869 ) ) ;
#83 = DIRECTION ( 'NONE',  ( 1.000000000000000000, 0.000000000000000000, 0.000000000000000000 ) ) ;
#84 = ORIENTED_EDGE ( 'NONE', *, *, #963, .F. ) ;
#85 = CARTESIAN_POINT ( 'NONE',  ( 3.642247233062757328, -24.70842939091452806, 7.072868840847733374 ) ) ;
#86 = EDGE_CURVE ( 'NONE', #375, #1422, #1490, .T. ) ;
#87 = EDGE_LOOP ( 'NONE', ( #1731, #339, #1174, #1668 ) ) ;
#88 = CARTESIAN_POINT ( 'NONE',  ( 7.200000000000000178, -45.00214829881181089, 3.881818181818185387 ) ) ;
#89 = AXIS2_PLACEMENT_3D ( 'NONE', #148, #1657, #2412 ) ;
#90 = EDGE_CURVE ( 'NONE', #1455, #1789, #550, .T. ) ;
#91 = ORIENTED_EDGE ( 'NONE', *, *, #1487, .T. ) ;
#92 = TOROIDAL_SURFACE ( 'NONE', #1225, 30.30000000000000071, 0.2999999999999999889 ) ;
#93 = SECURITY_CLASSIFICATION_LEVEL ( 'unclassified' ) ;
#94 = AXIS2_PLACEMENT_3D ( 'NONE', #240, #413, #989 ) ;
#95 = DIRECTION ( 'NONE',  ( 1.000000000000000000, 0.000000000000000000, 0.000000000000000000 ) ) ;
#96 = EDGE_CURVE ( 'NONE', #11, #548, #325, .T. ) ;
#97 = AXIS2_PLACEMENT_3D ( 'NONE', #828, #609, #66 ) ;
#98 = CARTESIAN_POINT ( 'NONE',  ( 0.000000000000000000, -22.69999999999999929, 6.382104175607510754 ) ) ;
#99 = CARTESIAN_POINT ( 'NONE',  ( 4.599999999999999645, -40.00000000000000000, 11.00000000000000000 ) ) ;
#100 = ORIENTED_EDGE ( 'NONE', *, *, #2169, .T. ) ;
#101 = VERTEX_POINT ( 'NONE', #1480 ) ;
#102 = AXIS2_PLACEMENT_3D ( 'NONE', #813, #433, #1000 ) ;
#103 = DIRECTION ( 'NONE',  ( 1.000000000000000000, -0.000000000000000000, -0.000000000000000000 ) ) ;
#104 = EDGE_LOOP ( 'NONE', ( #711, #1861, #2153, #2359 ) ) ;
#105 = DIRECTION ( 'NONE',  ( 0.000000000000000000, -1.000000000000000000, 0.000000000000000000 ) ) ;
#106 = CIRCLE ( 'NONE', #969, 0.2999999999999999334 ) ;
#107 = EDGE_LOOP ( 'NONE', ( #619, #2291, #5 ) ) ;
#108 = DIRECTION ( 'NONE',  ( 1.927470528863118556E-16, -1.000000000000000000, 0.000000000000000000 ) ) ;
#109 = LINE ( 'NONE', #2372, #2216 ) ;
#110 = AXIS2_PLACEMENT_3D ( 'NONE', #2145, #2362, #1619 ) ;
#111 = AXIS2_PLACEMENT_3D ( 'NONE', #834, #129, #1262 ) ;
#112 = CARTESIAN_POINT ( 'NONE',  ( 9.233057027257657978, -19.67754166548064987, 0.000000000000000000 ) ) ;
#113 = DIRECTION ( 'NONE',  ( 0.9329024083413325341, -0.3601292774975974331, 0.000000000000000000 ) ) ;
#114 = ADVANCED_FACE ( 'NONE', ( #2260 ), #540, .F. ) ;
#115 = ORIENTED_EDGE ( 'NONE', *, *, #1270, .F. ) ;
#116 = ORIENTED_EDGE ( 'NONE', *, *, #1330, .F. ) ;
#117 = CARTESIAN_POINT ( 'NONE',  ( 2.100000000000004530, 13.49999999999999822, 2.500000000000000000 ) ) ;
#118 = ADVANCED_FACE ( 'NONE', ( #16 ), #628, .F. ) ;
#119 = ORIENTED_EDGE ( 'NONE', *, *, #1230, .F. ) ;
#120 = CARTESIAN_POINT ( 'NONE',  ( 7.499999999897317693, -40.00000000000000000, 7.200000000158069291 ) ) ;
#121 = ADVANCED_FACE ( 'NONE', ( #197 ), #1996, .F. ) ;
#122 = VERTEX_POINT ( 'NONE', #2036 ) ;
#123 = DIRECTION ( 'NONE',  ( 1.000000000000000000, 2.168404344971009115E-16, 0.000000000000000000 ) ) ;
#124 = CARTESIAN_POINT ( 'NONE',  ( 4.599999999999996980, -27.49999999999999645, -6.938893903907228378E-15 ) ) ;
#125 = CARTESIAN_POINT ( 'NONE',  ( 9.710239732387380585, -19.27445059816716011, 6.031447811858307695 ) ) ;
#126 = CARTESIAN_POINT ( 'NONE',  ( 14.64656781095890281, -5.654029656712326712, 0.000000000000000000 ) ) ;
#127 = CIRCLE ( 'NONE', #2110, 4.799999999999999822 ) ;
#128 = ORIENTED_EDGE ( 'NONE', *, *, #472, .F. ) ;
#129 = DIRECTION ( 'NONE',  ( -0.000000000000000000, -0.000000000000000000, 1.000000000000000000 ) ) ;
#130 = ORIENTED_EDGE ( 'NONE', *, *, #1833, .F. ) ;
#131 = CARTESIAN_POINT ( 'NONE',  ( 25.00000000000000000, -22.61142305432801081, 6.668729583928930893 ) ) ;
#132 = EDGE_LOOP ( 'NONE', ( #2234, #2163 ) ) ;
#133 = CIRCLE ( 'NONE', #2038, 8.699999999999999289 ) ;
#134 = DATE_AND_TIME ( #631, #1496 ) ;
#135 = PLANE ( 'NONE',  #1783 ) ;
#136 = EDGE_CURVE ( 'NONE', #122, #672, #1565, .T. ) ;
#137 = CARTESIAN_POINT ( 'NONE',  ( 7.813333757718714523, -26.23908093111852224, 7.954856207635785381 ) ) ;
#138 = DIRECTION ( 'NONE',  ( -0.000000000000000000, 0.000000000000000000, 1.000000000000000000 ) ) ;
#139 = ORIENTED_EDGE ( 'NONE', *, *, #2013, .T. ) ;
#140 = DIRECTION ( 'NONE',  ( 1.000000000000000000, 0.000000000000000000, 0.000000000000000000 ) ) ;
#141 = ORIENTED_EDGE ( 'NONE', *, *, #1569, .F. ) ;
#142 = CARTESIAN_POINT ( 'NONE',  ( -0.000000000000000000, 0.000000000000000000, 0.000000000000000000 ) ) ;
#143 = ORIENTED_EDGE ( 'NONE', *, *, #1005, .F. ) ;
#144 = AXIS2_PLACEMENT_3D ( 'NONE', #488, #1621, #314 ) ;
#145 = CARTESIAN_POINT ( 'NONE',  ( 1.417792677784542876, -22.78053624425890078, 6.721913535613025736 ) ) ;
#146 = CARTESIAN_POINT ( 'NONE',  ( 0.000000000000000000, -13.49999999999999822, 1.750000000000012434 ) ) ;
#147 = ADVANCED_FACE ( 'NONE', ( #2247 ), #1276, .T. ) ;
#148 = CARTESIAN_POINT ( 'NONE',  ( 4.400859472198540345, -10.62461462387981292, 5.500000000000000000 ) ) ;
#149 = CIRCLE ( 'NONE', #1842, 0.3000000000000002665 ) ;
#150 = EDGE_LOOP ( 'NONE', ( #1754, #661, #1217, #352 ) ) ;
#151 = EDGE_CURVE ( 'NONE', #2425, #1296, #1375, .T. ) ;
#152 = CARTESIAN_POINT ( 'NONE',  ( 5.000000000013278267, -40.00000000000000000, 8.299999999995634425 ) ) ;
#153 = EDGE_CURVE ( 'NONE', #306, #860, #1463, .T. ) ;
#154 = EDGE_LOOP ( 'NONE', ( #848, #436, #2394, #1847 ) ) ;
#155 = CARTESIAN_POINT ( 'NONE',  ( 0.000000000000000000, 0.000000000000000000, 6.000000000000000000 ) ) ;
#156 = ORIENTED_EDGE ( 'NONE', *, *, #1091, .F. ) ;
#157 = DIRECTION ( 'NONE',  ( -1.000000000000000000, -0.000000000000000000, -0.000000000000000000 ) ) ;
#158 = ORIENTED_EDGE ( 'NONE', *, *, #1168, .T. ) ;
#159 = CARTESIAN_POINT ( 'NONE',  ( 8.501771192192215665, -21.66983532857076256, 6.372960256175456806 ) ) ;
#160 = CARTESIAN_POINT ( 'NONE',  ( 14.64656781095890281, -5.654029656712326712, 6.000000000000000000 ) ) ;
#161 = EDGE_CURVE ( 'NONE', #290, #1709, #243, .T. ) ;
#162 = DIRECTION ( 'NONE',  ( 0.000000000000000000, 0.000000000000000000, -1.000000000000000000 ) ) ;
#163 = DIRECTION ( 'NONE',  ( 1.000000000000000000, -0.000000000000000000, 0.000000000000000000 ) ) ;
#164 = ORIENTED_EDGE ( 'NONE', *, *, #1874, .F. ) ;
#165 = DIRECTION ( 'NONE',  ( 1.000000000000000000, 0.000000000000000000, 0.000000000000000000 ) ) ;
#166 = ORIENTED_EDGE ( 'NONE', *, *, #32, .F. ) ;
#167 = CONICAL_SURFACE ( 'NONE', #2035, 3.100000000000000533, 0.7853981633974489451 ) ;
#168 = FACE_OUTER_BOUND ( 'NONE', #1305, .T. ) ;
#169 = ORIENTED_EDGE ( 'NONE', *, *, #2096, .T. ) ;
#170 = CARTESIAN_POINT ( 'NONE',  ( 9.424886785332196482, -19.16104396371192564, 6.023944552949381581 ) ) ;
#171 = LOCAL_TIME ( 12, 25, 57.00000000000000000, #855 ) ;
#172 = EDGE_CURVE ( 'NONE', #838, #754, #450, .T. ) ;
#173 = DIRECTION ( 'NONE',  ( 1.000000000000000000, 0.000000000000000000, 0.000000000000000000 ) ) ;
#174 = CARTESIAN_POINT ( 'NONE',  ( 4.600000000000001421, -48.70000000000000284, 11.00000000000000000 ) ) ;
#175 = AXIS2_PLACEMENT_3D ( 'NONE', #1607, #307, #1053 ) ;
#176 = VERTEX_POINT ( 'NONE', #972 ) ;
#177 = DIRECTION ( 'NONE',  ( 1.000000000000000000, 0.000000000000000000, 0.000000000000000000 ) ) ;
#178 = APPLICATION_CONTEXT ( 'configuration controlled 3d designs of mechanical parts and assemblies' ) ;
#179 = EDGE_LOOP ( 'NONE', ( #1319, #1358, #742, #458, #662 ) ) ;
#180 = CIRCLE ( 'NONE', #723, 3.599999999948977347 ) ;
#181 = DIRECTION ( 'NONE',  ( -0.000000000000000000, -0.000000000000000000, 1.000000000000000000 ) ) ;
#182 = ORIENTED_EDGE ( 'NONE', *, *, #52, .T. ) ;
#183 = CARTESIAN_POINT ( 'NONE',  ( 7.309766008002147153, -27.78828618712405429, 9.466626246038391201 ) ) ;
#184 = FACE_OUTER_BOUND ( 'NONE', #630, .T. ) ;
#185 = DIRECTION ( 'NONE',  ( 1.000000000000000000, -0.000000000000000000, -0.000000000000000000 ) ) ;
#186 = CIRCLE ( 'NONE', #1550, 16.00000000000000000 ) ;
#187 = EDGE_CURVE ( 'NONE', #2203, #1656, #816, .T. ) ;
#188 = AXIS2_PLACEMENT_3D ( 'NONE', #2233, #194, #1110 ) ;
#189 = EDGE_LOOP ( 'NONE', ( #715, #640 ) ) ;
#190 = ADVANCED_FACE ( 'NONE', ( #40 ), #2109, .F. ) ;
#191 = CARTESIAN_POINT ( 'NONE',  ( 4.599999999999999645, -40.00000000000000000, 14.25000000000000000 ) ) ;
#192 = ORIENTED_EDGE ( 'NONE', *, *, #79, .F. ) ;
#193 = EDGE_CURVE ( 'NONE', #750, #1626, #2202, .T. ) ;
#194 = DIRECTION ( 'NONE',  ( 0.000000000000000000, -0.000000000000000000, -1.000000000000000000 ) ) ;
#195 = EDGE_LOOP ( 'NONE', ( #1181, #2162, #773, #689 ) ) ;
#196 = CARTESIAN_POINT ( 'NONE',  ( 7.220601897723771145, -28.98852676504446180, 10.54127378131926207 ) ) ;
#197 = FACE_OUTER_BOUND ( 'NONE', #154, .T. ) ;
#198 = AXIS2_PLACEMENT_3D ( 'NONE', #299, #1316, #1079 ) ;
#199 = FACE_OUTER_BOUND ( 'NONE', #2156, .T. ) ;
#200 = AXIS2_PLACEMENT_3D ( 'NONE', #556, #181, #929 ) ;
#201 = CARTESIAN_POINT ( 'NONE',  ( 10.62461462387978628, -4.400859472198561662, 5.500000000000000000 ) ) ;
#202 = ADVANCED_FACE ( 'NONE', ( #417 ), #642, .T. ) ;
#203 = AXIS2_PLACEMENT_3D ( 'NONE', #2236, #560, #2047 ) ;
#204 = VERTEX_POINT ( 'NONE', #2309 ) ;
#205 = CARTESIAN_POINT ( 'NONE',  ( 7.750459731007079967, -26.69524739367554744, 8.248881481829451801 ) ) ;
#206 = EDGE_LOOP ( 'NONE', ( #2391, #1282, #2330, #821 ) ) ;
#207 = CARTESIAN_POINT ( 'NONE',  ( 0.7747688074055383289, -22.64656110404975564, 6.679454267769886933 ) ) ;
#208 = CARTESIAN_POINT ( 'NONE',  ( 4.599999999999995204, -18.18257577072857245, 21.00000000000000000 ) ) ;
#209 = EDGE_CURVE ( 'NONE', #1229, #1709, #1578, .T. ) ;
#210 = DIRECTION ( 'NONE',  ( 0.000000000000000000, 0.000000000000000000, -1.000000000000000000 ) ) ;
#211 = AXIS2_PLACEMENT_3D ( 'NONE', #1501, #1826, #512 ) ;
#212 = CARTESIAN_POINT ( 'NONE',  ( 7.500000000011004531, -40.00000000000000000, 11.00000000000000000 ) ) ;
#213 = VECTOR ( 'NONE', #2264, 1000.000000000000000 ) ;
#214 = CYLINDRICAL_SURFACE ( 'NONE', #1925, 0.7499999999999876765 ) ;
#215 = CONICAL_SURFACE ( 'NONE', #719, 2.699999999947522156, 0.7853981633974482790 ) ;
#216 = VERTEX_POINT ( 'NONE', #1176 ) ;
#217 = CARTESIAN_POINT ( 'NONE',  ( 7.531433954765468286, -28.98992215242243020, 10.54436594196715582 ) ) ;
#218 = ORIENTED_EDGE ( 'NONE', *, *, #1095, .T. ) ;
#219 = AXIS2_PLACEMENT_3D ( 'NONE', #1772, #1787, #677 ) ;
#220 = EDGE_CURVE ( 'NONE', #776, #1064, #1042, .T. ) ;
#221 = CARTESIAN_POINT ( 'NONE',  ( 0.09999999999999245603, -22.61142305432801081, 6.668729583928929117 ) ) ;
#222 = CYLINDRICAL_SURFACE ( 'NONE', #1387, 1.699999999999998401 ) ;
#223 = DIRECTION ( 'NONE',  ( 1.000000000000000000, -0.000000000000000000, 0.000000000000000000 ) ) ;
#224 = CIRCLE ( 'NONE', #536, 8.000000000000000000 ) ;
#225 = ADVANCED_FACE ( 'NONE', ( #1187 ), #215, .F. ) ;
#226 = DIRECTION ( 'NONE',  ( 1.000000000000000000, -0.000000000000000000, 0.000000000000000000 ) ) ;
#227 = EDGE_CURVE ( 'NONE', #1606, #204, #1749, .T. ) ;
#228 = AXIS2_PLACEMENT_3D ( 'NONE', #1493, #2238, #2389 ) ;
#229 = ORIENTED_EDGE ( 'NONE', *, *, #1730, .T. ) ;
#230 = FACE_OUTER_BOUND ( 'NONE', #1564, .T. ) ;
#231 = FACE_OUTER_BOUND ( 'NONE', #445, .T. ) ;
#232 = EDGE_LOOP ( 'NONE', ( #91, #2315, #426, #1695 ) ) ;
#233 = CARTESIAN_POINT ( 'NONE',  ( 4.447185139593765157, -26.29389831409606870, 8.378261545738011407 ) ) ;
#234 = CARTESIAN_POINT ( 'NONE',  ( 7.500000000000000000, -30.58945877365794530, 0.2999999999999999889 ) ) ;
#235 = CARTESIAN_POINT ( 'NONE',  ( 0.000000000000000000, 13.49999999999999822, 3.249999999999987566 ) ) ;
#236 = CARTESIAN_POINT ( 'NONE',  ( 25.00000000000000000, -33.67544467966323651, -3.469446951953614189E-15 ) ) ;
#237 = DIRECTION ( 'NONE',  ( 0.000000000000000000, 0.000000000000000000, -1.000000000000000000 ) ) ;
#238 = EDGE_CURVE ( 'NONE', #925, #1120, #1352, .T. ) ;
#239 = DIRECTION ( 'NONE',  ( 0.000000000000000000, 0.000000000000000000, 1.000000000000000000 ) ) ;
#240 = CARTESIAN_POINT ( 'NONE',  ( 7.199999999999998401, -33.67544467966323651, 19.99999999999999645 ) ) ;
#241 = VERTEX_POINT ( 'NONE', #1549 ) ;
#242 = CARTESIAN_POINT ( 'NONE',  ( 4.877490446500003074, -26.78544205476148221, 8.707850771476650209 ) ) ;
#243 = LINE ( 'NONE', #1701, #2008 ) ;
#244 = DIRECTION ( 'NONE',  ( -1.000000000000000000, -0.000000000000000000, -0.000000000000000000 ) ) ;
#245 = ADVANCED_FACE ( 'NONE', ( #1712 ), #222, .F. ) ;
#246 = FACE_OUTER_BOUND ( 'NONE', #1589, .T. ) ;
#247 = DIRECTION ( 'NONE',  ( -1.000000000000000000, -0.000000000000000000, -0.000000000000000000 ) ) ;
#248 = DIRECTION ( 'NONE',  ( -1.000000000000000000, -0.000000000000000000, -0.000000000000000000 ) ) ;
#249 = APPROVAL_PERSON_ORGANIZATION ( #893, #966, #2221 ) ;
#250 = ORIENTED_EDGE ( 'NONE', *, *, #798, .F. ) ;
#251 = CARTESIAN_POINT ( 'NONE',  ( 0.09999999999999245603, -23.00000000000000000, 0.2999999999999999334 ) ) ;
#252 = AXIS2_PLACEMENT_3D ( 'NONE', #772, #2219, #2240 ) ;
#253 = CARTESIAN_POINT ( 'NONE',  ( 9.233057027257649096, -19.67754166548064987, 0.000000000000000000 ) ) ;
#254 = EDGE_LOOP ( 'NONE', ( #1478, #1557, #1973 ) ) ;
#255 = DIRECTION ( 'NONE',  ( -0.9329024083413316459, 0.3601292774975999866, 0.000000000000000000 ) ) ;
#256 = DIRECTION ( 'NONE',  ( 1.000000000000000000, 0.000000000000000000, 0.000000000000000000 ) ) ;
#257 = CARTESIAN_POINT ( 'NONE',  ( 9.897278879777783089, -18.78993217116205727, 5.700000000000002842 ) ) ;
#258 = CYLINDRICAL_SURFACE ( 'NONE', #1278, 9.000000000000000000 ) ;
#259 = AXIS2_PLACEMENT_3D ( 'NONE', #1215, #291, #318 ) ;
#260 = DIRECTION ( 'NONE',  ( -0.000000000000000000, 0.000000000000000000, 1.000000000000000000 ) ) ;
#261 = VERTEX_POINT ( 'NONE', #2297 ) ;
#262 = CIRCLE ( 'NONE', #1622, 1.699999999999998401 ) ;
#263 = CARTESIAN_POINT ( 'NONE',  ( 4.899999999999996803, -27.49999999999999645, 0.000000000000000000 ) ) ;
#264 = EDGE_CURVE ( 'NONE', #1662, #1597, #527, .T. ) ;
#265 = ORIENTED_EDGE ( 'NONE', *, *, #1663, .F. ) ;
#266 = CARTESIAN_POINT ( 'NONE',  ( -1.463452924981084508E-15, -13.49999999999999822, 1.750000000000011546 ) ) ;
#267 = AXIS2_PLACEMENT_3D ( 'NONE', #1591, #103, #698 ) ;
#268 = ORIENTED_EDGE ( 'NONE', *, *, #2096, .F. ) ;
#269 = PERSON_AND_ORGANIZATION ( #1481, #1186 ) ;
#270 = DIRECTION ( 'NONE',  ( 0.3601292774976005973, 0.9329024083413313129, -0.000000000000000000 ) ) ;
#271 = DIRECTION ( 'NONE',  ( -1.000000000000000000, -2.168404344971009115E-16, 0.000000000000000000 ) ) ;
#272 = CARTESIAN_POINT ( 'NONE',  ( 3.549999999999991385, -40.00000000000000000, 7.749999999999999112 ) ) ;
#273 = ORIENTED_EDGE ( 'NONE', *, *, #1936, .F. ) ;
#274 = CARTESIAN_POINT ( 'NONE',  ( 7.500000000000000000, -48.00000000000000000, -6.938893903907228378E-15 ) ) ;
#275 = CC_DESIGN_PERSON_AND_ORGANIZATION_ASSIGNMENT ( #282, #1029, ( #995 ) ) ;
#276 = AXIS2_PLACEMENT_3D ( 'NONE', #1939, #271, #1600 ) ;
#277 = ORIENTED_EDGE ( 'NONE', *, *, #1270, .T. ) ;
#278 = DIRECTION ( 'NONE',  ( 0.000000000000000000, 0.000000000000000000, 1.000000000000000000 ) ) ;
#279 = EDGE_CURVE ( 'NONE', #24, #2266, #1937, .T. ) ;
#280 = AXIS2_PLACEMENT_3D ( 'NONE', #1921, #425, #978 ) ;
#281 = ORIENTED_EDGE ( 'NONE', *, *, #1595, .T. ) ;
#282 = PERSON_AND_ORGANIZATION ( #1481, #1186 ) ;
#283 = DIRECTION ( 'NONE',  ( -0.000000000000000000, -0.000000000000000000, -1.000000000000000000 ) ) ;
#284 = FACE_OUTER_BOUND ( 'NONE', #1293, .T. ) ;
#285 = CARTESIAN_POINT ( 'NONE',  ( 0.09999999999999245603, -22.69999999999999574, 6.382104175607508090 ) ) ;
#286 = VERTEX_POINT ( 'NONE', #2068 ) ;
#287 = EDGE_CURVE ( 'NONE', #400, #1010, #402, .T. ) ;
#288 = VERTEX_POINT ( 'NONE', #790 ) ;
#289 = FACE_OUTER_BOUND ( 'NONE', #35, .T. ) ;
#290 = VERTEX_POINT ( 'NONE', #1609 ) ;
#291 = DIRECTION ( 'NONE',  ( 0.000000000000000000, 0.000000000000000000, -1.000000000000000000 ) ) ;
#292 = LOCAL_TIME ( 12, 25, 57.00000000000000000, #879 ) ;
#293 = ORIENTED_EDGE ( 'NONE', *, *, #1663, .T. ) ;
#294 = AXIS2_PLACEMENT_3D ( 'NONE', #1414, #1987, #1065 ) ;
#295 = AXIS2_PLACEMENT_3D ( 'NONE', #647, #831, #2325 ) ;
#296 = CARTESIAN_POINT ( 'NONE',  ( 4.495512856827618364, -25.40380780746595235, 7.848761704293858443 ) ) ;
#297 = AXIS2_PLACEMENT_3D ( 'NONE', #1910, #981, #805 ) ;
#298 = ADVANCED_FACE ( 'NONE', ( #1077, #1811 ), #135, .T. ) ;
#299 = CARTESIAN_POINT ( 'NONE',  ( 0.000000000000000000, 0.000000000000000000, 5.700000000000000178 ) ) ;
#300 = DIRECTION ( 'NONE',  ( 1.000000000000000000, 0.000000000000000000, 0.000000000000000000 ) ) ;
#301 = VERTEX_POINT ( 'NONE', #1990 ) ;
#302 = EDGE_LOOP ( 'NONE', ( #1993, #2045, #156, #914 ) ) ;
#303 = CIRCLE ( 'NONE', #1658, 3.100000000000000533 ) ;
#304 = DIRECTION ( 'NONE',  ( -1.000000000000000000, 0.000000000000000000, 0.000000000000000000 ) ) ;
#305 = EDGE_CURVE ( 'NONE', #1108, #656, #1054, .T. ) ;
#306 = VERTEX_POINT ( 'NONE', #510 ) ;
#307 = DIRECTION ( 'NONE',  ( -0.000000000000000000, -0.000000000000000000, 1.000000000000000000 ) ) ;
#308 = APPLICATION_CONTEXT ( 'configuration controlled 3d designs of mechanical parts and assemblies' ) ;
#309 = ORIENTED_EDGE ( 'NONE', *, *, #1730, .F. ) ;
#310 =( LENGTH_UNIT ( ) NAMED_UNIT ( * ) SI_UNIT ( .MILLI., .METRE. ) );
#311 = DIRECTION ( 'NONE',  ( -0.000000000000000000, -0.000000000000000000, 1.000000000000000000 ) ) ;
#312 = UNCERTAINTY_MEASURE_WITH_UNIT (LENGTH_MEASURE( 1.000000000000000082E-05 ), #310, 'distance_accuracy_value', 'NONE');
#313 = DIRECTION ( 'NONE',  ( 1.000000000000000000, 0.000000000000000000, -0.000000000000000000 ) ) ;
#314 = DIRECTION ( 'NONE',  ( 1.000000000000000000, 0.000000000000000000, 0.000000000000000000 ) ) ;
#315 = CYLINDRICAL_SURFACE ( 'NONE', #1401, 0.7249999999999999778 ) ;
#316 = DIRECTION ( 'NONE',  ( -1.000000000000000000, -2.168404344971009115E-16, -0.000000000000000000 ) ) ;
#317 = EDGE_LOOP ( 'NONE', ( #141, #648, #250, #2341, #1797, #158, #1443, #1534 ) ) ;
#318 = DIRECTION ( 'NONE',  ( -1.000000000000000000, 0.000000000000000000, 0.000000000000000000 ) ) ;
#319 = EDGE_CURVE ( 'NONE', #2206, #1120, #109, .T. ) ;
#320 = ORIENTED_EDGE ( 'NONE', *, *, #516, .F. ) ;
#321 = DIRECTION ( 'NONE',  ( 0.000000000000000000, 0.000000000000000000, 1.000000000000000000 ) ) ;
#322 = CARTESIAN_POINT ( 'NONE',  ( 3.549999999999991385, -40.00000000000000000, 7.749999999999999112 ) ) ;
#323 = CARTESIAN_POINT ( 'NONE',  ( 14.64656781095890281, -5.654029656712326712, 0.2999999999999999889 ) ) ;
#324 = DIRECTION ( 'NONE',  ( 2.168404344971009115E-16, -1.000000000000000000, 0.000000000000000000 ) ) ;
#325 = CIRCLE ( 'NONE', #2310, 16.00000000000000000 ) ;
#326 = ORIENTED_EDGE ( 'NONE', *, *, #1398, .F. ) ;
#327 = LINE ( 'NONE', #851, #575 ) ;
#328 = EDGE_LOOP ( 'NONE', ( #979, #469, #1497, #701, #2279 ) ) ;
#329 = PLANE ( 'NONE',  #1615 ) ;
#330 = EDGE_CURVE ( 'NONE', #2284, #1416, #1044, .T. ) ;
#331 = ORIENTED_EDGE ( 'NONE', *, *, #1915, .F. ) ;
#332 = AXIS2_PLACEMENT_3D ( 'NONE', #427, #1513, #1175 ) ;
#333 = CARTESIAN_POINT ( 'NONE',  ( 4.877072057916857162, -26.78056921762876641, 8.704369732187684505 ) ) ;
#334 = FACE_OUTER_BOUND ( 'NONE', #545, .T. ) ;
#335 = LINE ( 'NONE', #1677, #45 ) ;
#336 = AXIS2_PLACEMENT_3D ( 'NONE', #1725, #2272, #1738 ) ;
#337 = ORIENTED_EDGE ( 'NONE', *, *, #657, .T. ) ;
#338 = DIRECTION ( 'NONE',  ( 1.000000000000000000, 0.000000000000000000, 0.000000000000000000 ) ) ;
#339 = ORIENTED_EDGE ( 'NONE', *, *, #493, .T. ) ;
#340 = DIRECTION ( 'NONE',  ( -0.000000000000000000, -0.000000000000000000, 1.000000000000000000 ) ) ;
#341 = EDGE_CURVE ( 'NONE', #286, #565, #1166, .T. ) ;
#342 = ORIENTED_EDGE ( 'NONE', *, *, #730, .T. ) ;
#343 = CIRCLE ( 'NONE', #19, 15.29999999999999893 ) ;
#344 = LINE ( 'NONE', #941, #823 ) ;
#345 = ORIENTED_EDGE ( 'NONE', *, *, #1883, .F. ) ;
#346 = CARTESIAN_POINT ( 'NONE',  ( 9.131152760982439887, -20.77165237181956314, 6.189741521046813411 ) ) ;
#347 = CARTESIAN_POINT ( 'NONE',  ( 15.69999999999999929, 0.000000000000000000, 5.700000000000000178 ) ) ;
#348 = TOROIDAL_SURFACE ( 'NONE', #1011, 8.699999999999999289, 0.2999999999999999889 ) ;
#349 = DIRECTION ( 'NONE',  ( 0.000000000000000000, 0.000000000000000000, 1.000000000000000000 ) ) ;
#350 = CARTESIAN_POINT ( 'NONE',  ( 7.199999999999993072, -30.58945877365794530, 12.04682993841721839 ) ) ;
#351 = EDGE_CURVE ( 'NONE', #286, #1159, #668, .T. ) ;
#352 = ORIENTED_EDGE ( 'NONE', *, *, #1078, .F. ) ;
#353 = DIRECTION ( 'NONE',  ( 0.3601292774976005973, 0.9329024083413313129, -0.000000000000000000 ) ) ;
#354 = ORIENTED_EDGE ( 'NONE', *, *, #2415, .F. ) ;
#355 = EDGE_CURVE ( 'NONE', #1960, #877, #2406, .T. ) ;
#356 = CARTESIAN_POINT ( 'NONE',  ( 0.000000000000000000, 0.000000000000000000, 5.700000000000000178 ) ) ;
#357 = ORIENTED_EDGE ( 'NONE', *, *, #1307, .F. ) ;
#358 = DIRECTION ( 'NONE',  ( -0.000000000000000000, -0.000000000000000000, -1.000000000000000000 ) ) ;
#359 = DIRECTION ( 'NONE',  ( -1.000000000000000000, -0.000000000000000000, -0.000000000000000000 ) ) ;
#360 = DIRECTION ( 'NONE',  ( 0.000000000000000000, 0.000000000000000000, -1.000000000000000000 ) ) ;
#361 = VERTEX_POINT ( 'NONE', #644 ) ;
#362 = CARTESIAN_POINT ( 'NONE',  ( 4.899999999999996803, -27.49999999999999645, 0.2999999999999999889 ) ) ;
#363 = ORIENTED_EDGE ( 'NONE', *, *, #1972, .F. ) ;
#364 = DIRECTION ( 'NONE',  ( -0.000000000000000000, 0.000000000000000000, 1.000000000000000000 ) ) ;
#365 = EDGE_LOOP ( 'NONE', ( #1013, #1279, #116, #1986 ) ) ;
#366 = EDGE_CURVE ( 'NONE', #1768, #1960, #1475, .T. ) ;
#367 = VECTOR ( 'NONE', #1748, 1000.000000000000000 ) ;
#368 = DIRECTION ( 'NONE',  ( 0.000000000000000000, 0.000000000000000000, 1.000000000000000000 ) ) ;
#369 = ADVANCED_FACE ( 'NONE', ( #1791, #461 ), #1440, .T. ) ;
#370 = DIRECTION ( 'NONE',  ( -1.000000000000000000, -2.168404344971009115E-16, -0.000000000000000000 ) ) ;
#371 = AXIS2_PLACEMENT_3D ( 'NONE', #1693, #383, #1129 ) ;
#372 = EDGE_CURVE ( 'NONE', #518, #2126, #844, .T. ) ;
#373 = VERTEX_POINT ( 'NONE', #1949 ) ;
#374 = CARTESIAN_POINT ( 'NONE',  ( 8.000000000000000000, 0.000000000000000000, -6.938893903907228378E-15 ) ) ;
#375 = VERTEX_POINT ( 'NONE', #1406 ) ;
#376 = AXIS2_PLACEMENT_3D ( 'NONE', #1075, #1808, #1041 ) ;
#377 = DIRECTION ( 'NONE',  ( -0.000000000000000000, -0.000000000000000000, 1.000000000000000000 ) ) ;
#378 = AXIS2_PLACEMENT_3D ( 'NONE', #1803, #1248, #2323 ) ;
#379 = VERTEX_POINT ( 'NONE', #1068 ) ;
#380 = DIRECTION ( 'NONE',  ( -0.000000000000000000, -0.000000000000000000, 1.000000000000000000 ) ) ;
#381 = DIRECTION ( 'NONE',  ( -0.000000000000000000, 0.000000000000000000, 1.000000000000000000 ) ) ;
#382 = DIRECTION ( 'NONE',  ( 1.000000000000000000, 0.000000000000000000, 0.000000000000000000 ) ) ;
#383 = DIRECTION ( 'NONE',  ( -1.000000000000000000, 0.000000000000000000, 0.000000000000000000 ) ) ;
#384 = ORIENTED_EDGE ( 'NONE', *, *, #639, .T. ) ;
#385 = CARTESIAN_POINT ( 'NONE',  ( 7.199999998996185369, -29.70960925987239065, 11.34024334012766566 ) ) ;
#386 = EDGE_CURVE ( 'NONE', #1422, #788, #2183, .T. ) ;
#387 = DIRECTION ( 'NONE',  ( 1.000000000000000000, 0.000000000000000000, 0.000000000000000000 ) ) ;
#388 = ORIENTED_EDGE ( 'NONE', *, *, #96, .T. ) ;
#389 = FACE_OUTER_BOUND ( 'NONE', #1050, .T. ) ;
#390 = DIRECTION ( 'NONE',  ( -0.000000000000000000, 0.000000000000000000, 1.000000000000000000 ) ) ;
#391 = AXIS2_PLACEMENT_3D ( 'NONE', #98, #2159, #1047 ) ;
#392 = DIRECTION ( 'NONE',  ( -1.000000000000000000, -0.000000000000000000, -0.000000000000000000 ) ) ;
#393 = DIRECTION ( 'NONE',  ( 0.000000000000000000, 0.000000000000000000, 1.000000000000000000 ) ) ;
#394 = AXIS2_PLACEMENT_3D ( 'NONE', #1488, #1499, #1477 ) ;
#395 = LINE ( 'NONE', #938, #562 ) ;
#396 = ORIENTED_EDGE ( 'NONE', *, *, #1569, .T. ) ;
#397 = CARTESIAN_POINT ( 'NONE',  ( 7.499999999999992895, -29.94658145919484937, 11.14705202798228889 ) ) ;
#398 = DIRECTION ( 'NONE',  ( -0.000000000000000000, -0.000000000000000000, -1.000000000000000000 ) ) ;
#399 = EDGE_CURVE ( 'NONE', #1386, #691, #614, .T. ) ;
#400 = VERTEX_POINT ( 'NONE', #1655 ) ;
#401 = CARTESIAN_POINT ( 'NONE',  ( 7.199999999999998401, -33.67544467966323651, -3.469446951953614189E-15 ) ) ;
#402 = LINE ( 'NONE', #1147, #1984 ) ;
#403 =( BOUNDED_SURFACE ( )  B_SPLINE_SURFACE ( 3, 2, ( 
 ( #1751, #2363, #1779 ),
 ( #487, #125, #82 ),
 ( #2322, #868, #645 ),
 ( #1395, #2137, #2338 ) ),
 .UNSPECIFIED., .F., .F., .F. ) 
 B_SPLINE_SURFACE_WITH_KNOTS ( ( 4, 4 ),
 ( 3, 3 ),
 ( 1.472929988025695192, 1.570796326794896558 ),
 ( 0.000000000000000000, 1.000000000000000000 ),
 .UNSPECIFIED. ) 
 GEOMETRIC_REPRESENTATION_ITEM ( )  RATIONAL_B_SPLINE_SURFACE ( (
 ( 1.000000000000000000, 0.6945544255706070924, 1.000000000000000000),
 ( 1.000000000000000000, 0.6987628869994796377, 1.000000000000000000),
 ( 1.000000000000000000, 0.7029531948021221499, 1.000000000000000000),
 ( 1.000000000000000000, 0.7071067811865485719, 1.000000000000000000) ) ) 
 REPRESENTATION_ITEM ( '' )  SURFACE ( )  );
#404 = LINE ( 'NONE', #1539, #1104 ) ;
#405 = CIRCLE ( 'NONE', #1109, 0.2999999999999999334 ) ;
#406 = ADVANCED_FACE ( 'NONE', ( #1667 ), #2295, .T. ) ;
#407 = DIRECTION ( 'NONE',  ( -1.000000000000000000, -2.168404344971009115E-16, -0.000000000000000000 ) ) ;
#408 = VECTOR ( 'NONE', #1929, 1000.000000000000000 ) ;
#409 = CARTESIAN_POINT ( 'NONE',  ( 16.00000000000000000, 0.000000000000000000, 5.700000000000000178 ) ) ;
#410 = CIRCLE ( 'NONE', #295, 9.000000000000000000 ) ;
#411 = ORIENTED_EDGE ( 'NONE', *, *, #768, .F. ) ;
#412 = CARTESIAN_POINT ( 'NONE',  ( 0.000000000000000000, 0.000000000000000000, -6.938893903907228378E-15 ) ) ;
#413 = DIRECTION ( 'NONE',  ( 1.000000000000000000, -0.000000000000000000, 0.000000000000000000 ) ) ;
#414 = EDGE_CURVE ( 'NONE', #697, #970, #2094, .T. ) ;
#415 = ORIENTED_EDGE ( 'NONE', *, *, #1345, .F. ) ;
#416 = CARTESIAN_POINT ( 'NONE',  ( 0.4103492532185366026, -23.00000000233055530, 6.788813003738571439 ) ) ;
#417 = FACE_OUTER_BOUND ( 'NONE', #824, .T. ) ;
#418 = CARTESIAN_POINT ( 'NONE',  ( 4.599999999999996980, -27.49999999999999645, 0.2999999999999999889 ) ) ;
#419 = CARTESIAN_POINT ( 'NONE',  ( 7.200000000000000178, -30.58945877365794530, 0.2999999999999999889 ) ) ;
#420 = VECTOR ( 'NONE', #624, 1000.000000000000000 ) ;
#421 = LINE ( 'NONE', #1904, #524 ) ;
#422 = VECTOR ( 'NONE', #1585, 1000.000000000000000 ) ;
#423 = TOROIDAL_SURFACE ( 'NONE', #1938, 4.799999999999999822, 0.2999999999999999889 ) ;
#424 = FACE_OUTER_BOUND ( 'NONE', #195, .T. ) ;
#425 = DIRECTION ( 'NONE',  ( 0.000000000000000000, 0.7931840600945213593, -0.6089819757693741842 ) ) ;
#426 = ORIENTED_EDGE ( 'NONE', *, *, #795, .F. ) ;
#427 = CARTESIAN_POINT ( 'NONE',  ( 4.400859472198540345, -10.62461462387981292, 5.500000000000000000 ) ) ;
#428 = DIRECTION ( 'NONE',  ( -0.000000000000000000, 0.000000000000000000, 1.000000000000000000 ) ) ;
#429 = LINE ( 'NONE', #2261, #990 ) ;
#430 = CARTESIAN_POINT ( 'NONE',  ( 4.599999999999999645, -40.00000000000000000, 11.00000000000000000 ) ) ;
#431 = CARTESIAN_POINT ( 'NONE',  ( 7.607856686541057734, -28.01596561463184187, 9.244214410436249807 ) ) ;
#432 = ORIENTED_EDGE ( 'NONE', *, *, #564, .F. ) ;
#433 = DIRECTION ( 'NONE',  ( -0.3601292774976006528, -0.9329024083413314239, 0.000000000000000000 ) ) ;
#434 = AXIS2_PLACEMENT_3D ( 'NONE', #921, #2214, #349 ) ;
#435 = DIRECTION ( 'NONE',  ( -0.000000000000000000, -0.000000000000000000, 1.000000000000000000 ) ) ;
#436 = ORIENTED_EDGE ( 'NONE', *, *, #564, .T. ) ;
#437 = CARTESIAN_POINT ( 'NONE',  ( 3.626641170403125169, -24.68879245536561484, 7.063387528676338789 ) ) ;
#438 = DIRECTION ( 'NONE',  ( 0.000000000000000000, 0.000000000000000000, -1.000000000000000000 ) ) ;
#439 = ADVANCED_FACE ( 'NONE', ( #904 ), #537, .F. ) ;
#440 = DIRECTION ( 'NONE',  ( -0.000000000000000000, -0.000000000000000000, 1.000000000000000000 ) ) ;
#441 = CARTESIAN_POINT ( 'NONE',  ( 9.899614623879784858, -4.400859472198561662, 6.000000000000000000 ) ) ;
#442 = EDGE_CURVE ( 'NONE', #261, #464, #501, .T. ) ;
#443 = EDGE_LOOP ( 'NONE', ( #2150, #1976, #987, #590 ) ) ;
#444 = PLANE ( 'NONE',  #919 ) ;
#445 = EDGE_LOOP ( 'NONE', ( #1818, #1988, #1982, #852, #73, #1782, #1483 ) ) ;
#446 = DIRECTION ( 'NONE',  ( -2.168404344971009115E-16, 1.000000000000000000, 0.000000000000000000 ) ) ;
#447 = DIRECTION ( 'NONE',  ( -0.9329024083413325341, 0.3601292774975974331, 0.000000000000000000 ) ) ;
#448 = ORIENTED_EDGE ( 'NONE', *, *, #287, .F. ) ;
#449 = APPLICATION_PROTOCOL_DEFINITION ( 'international standard', 'config_control_design', 1994, #178 ) ;
#450 = LINE ( 'NONE', #993, #2080 ) ;
#451 = LINE ( 'NONE', #112, #2302 ) ;
#452 = ORIENTED_EDGE ( 'NONE', *, *, #1646, .F. ) ;
#453 = AXIS2_PLACEMENT_3D ( 'NONE', #430, #407, #818 ) ;
#454 = CARTESIAN_POINT ( 'NONE',  ( 37.49999999999999289, -30.58945877365794530, 0.000000000000000000 ) ) ;
#455 = ORIENTED_EDGE ( 'NONE', *, *, #1519, .F. ) ;
#456 = FACE_OUTER_BOUND ( 'NONE', #1117, .T. ) ;
#457 = AXIS2_PLACEMENT_3D ( 'NONE', #885, #2329, #871 ) ;
#458 = ORIENTED_EDGE ( 'NONE', *, *, #136, .T. ) ;
#459 = CALENDAR_DATE ( 2025, 16, 11 ) ;
#460 = ADVANCED_FACE ( 'NONE', ( #168 ), #702, .F. ) ;
#461 = FACE_BOUND ( 'NONE', #1771, .T. ) ;
#462 = CARTESIAN_POINT ( 'NONE',  ( 7.500000000000000000, -25.00000000000000000, -6.938893903907228378E-15 ) ) ;
#463 = FACE_OUTER_BOUND ( 'NONE', #826, .T. ) ;
#464 = VERTEX_POINT ( 'NONE', #2420 ) ;
#465 = DIRECTION ( 'NONE',  ( -0.000000000000000000, -0.000000000000000000, 1.000000000000000000 ) ) ;
#466 = ORIENTED_EDGE ( 'NONE', *, *, #876, .F. ) ;
#467 = CARTESIAN_POINT ( 'NONE',  ( 7.500000000000000000, -40.00000000000000000, 13.50000000000000000 ) ) ;
#468 = EDGE_CURVE ( 'NONE', #1606, #2404, #1750, .T. ) ;
#469 = ORIENTED_EDGE ( 'NONE', *, *, #1451, .T. ) ;
#470 = APPROVAL_ROLE ( '' ) ;
#471 = CARTESIAN_POINT ( 'NONE',  ( 0.7677019585338913377, -22.64580622440710300, 6.679226015399365224 ) ) ;
#472 = EDGE_CURVE ( 'NONE', #1709, #1229, #1637, .T. ) ;
#473 = CARTESIAN_POINT ( 'NONE',  ( 4.400859472198561662, 10.62461462387978450, 6.000000000000000000 ) ) ;
#474 = DIRECTION ( 'NONE',  ( 0.000000000000000000, -1.000000000000000000, 0.000000000000000000 ) ) ;
#475 = ORIENTED_EDGE ( 'NONE', *, *, #1398, .T. ) ;
#476 = ORIENTED_EDGE ( 'NONE', *, *, #2101, .F. ) ;
#477 = AXIS2_PLACEMENT_3D ( 'NONE', #17, #791, #573 ) ;
#478 = FACE_OUTER_BOUND ( 'NONE', #1958, .T. ) ;
#479 = ORIENTED_EDGE ( 'NONE', *, *, #2226, .T. ) ;
#480 = LINE ( 'NONE', #120, #1116 ) ;
#481 = CIRCLE ( 'NONE', #678, 3.100000000000000533 ) ;
#482 = ORIENTED_EDGE ( 'NONE', *, *, #1809, .T. ) ;
#483 = CIRCLE ( 'NONE', #1652, 2.500000000000000444 ) ;
#484 = DATE_TIME_ROLE ( 'classification_date' ) ;
#485 = AXIS2_PLACEMENT_3D ( 'NONE', #775, #1735, #447 ) ;
#486 = CARTESIAN_POINT ( 'NONE',  ( 4.899999999999993250, -27.05085643066634660, 8.897667886959505168 ) ) ;
#487 = CARTESIAN_POINT ( 'NONE',  ( 9.704681397154422129, -19.28884927289925244, 5.724442801379605150 ) ) ;
#488 = CARTESIAN_POINT ( 'NONE',  ( 0.000000000000000000, 0.000000000000000000, 5.700000000000000178 ) ) ;
#489 = ORIENTED_EDGE ( 'NONE', *, *, #963, .T. ) ;
#490 = ORIENTED_EDGE ( 'NONE', *, *, #1045, .T. ) ;
#491 = VECTOR ( 'NONE', #654, 1000.000000000000000 ) ;
#492 = CARTESIAN_POINT ( 'NONE',  ( 2.100000000000004530, -13.49999999999999822, 1.750000000000013323 ) ) ;
#493 = EDGE_CURVE ( 'NONE', #1905, #1437, #2396, .T. ) ;
#494 = CIRCLE ( 'NONE', #1119, 0.2999999999999999334 ) ;
#495 = ORIENTED_EDGE ( 'NONE', *, *, #1732, .F. ) ;
#496 = CARTESIAN_POINT ( 'NONE',  ( 8.000000000000000000, 0.000000000000000000, -6.938893903907228378E-15 ) ) ;
#497 = ORIENTED_EDGE ( 'NONE', *, *, #279, .F. ) ;
#498 = AXIS2_PLACEMENT_3D ( 'NONE', #1604, #2353, #140 ) ;
#499 = APPROVAL_DATE_TIME ( #1800, #529 ) ;
#500 = CARTESIAN_POINT ( 'NONE',  ( 4.779600926412970630, -26.23377157030954621, 8.339578948846497752 ) ) ;
#501 = CIRCLE ( 'NONE', #1125, 3.100000000000000533 ) ;
#502 = DIRECTION ( 'NONE',  ( 0.000000000000000000, 0.000000000000000000, -1.000000000000000000 ) ) ;
#503 = FACE_OUTER_BOUND ( 'NONE', #302, .T. ) ;
#504 = VERTEX_POINT ( 'NONE', #2410 ) ;
#505 = DIRECTION ( 'NONE',  ( 0.000000000000000000, 0.000000000000000000, 1.000000000000000000 ) ) ;
#506 = ORIENTED_EDGE ( 'NONE', *, *, #1714, .T. ) ;
#507 = DIRECTION ( 'NONE',  ( 1.000000000000000000, 0.000000000000000000, 0.000000000000000000 ) ) ;
#508 = VECTOR ( 'NONE', #566, 1000.000000000000000 ) ;
#509 = EDGE_LOOP ( 'NONE', ( #489, #1261 ) ) ;
#510 = CARTESIAN_POINT ( 'NONE',  ( 6.100859472198538747, -10.62461462387981292, -6.938893903907228378E-15 ) ) ;
#511 = DIRECTION ( 'NONE',  ( 0.000000000000000000, -1.000000000000000000, 0.000000000000000000 ) ) ;
#512 = DIRECTION ( 'NONE',  ( 0.000000000000000000, 0.000000000000000000, -1.000000000000000000 ) ) ;
#513 = AXIS2_PLACEMENT_3D ( 'NONE', #1678, #1502, #767 ) ;
#514 = EDGE_LOOP ( 'NONE', ( #479, #1830, #1968, #1511 ) ) ;
#515 = CYLINDRICAL_SURFACE ( 'NONE', #771, 0.2999999999999999889 ) ;
#516 = EDGE_CURVE ( 'NONE', #691, #361, #2044, .T. ) ;
#517 = ADVANCED_FACE ( 'NONE', ( #2024 ), #731, .T. ) ;
#518 = VERTEX_POINT ( 'NONE', #1271 ) ;
#519 = CYLINDRICAL_SURFACE ( 'NONE', #1967, 16.00000000000000000 ) ;
#520 = VERTEX_POINT ( 'NONE', #1831 ) ;
#521 = CC_DESIGN_SECURITY_CLASSIFICATION ( #753, ( #995 ) ) ;
#522 = SHAPE_DEFINITION_REPRESENTATION ( #2333, #2388 ) ;
#523 = DIRECTION ( 'NONE',  ( 0.000000000000000000, 0.000000000000000000, 1.000000000000000000 ) ) ;
#524 = VECTOR ( 'NONE', #237, 1000.000000000000000 ) ;
#525 = DIRECTION ( 'NONE',  ( 0.000000000000000000, 0.000000000000000000, -1.000000000000000000 ) ) ;
#526 = DIRECTION ( 'NONE',  ( -0.3601292774976005973, -0.9329024083413313129, 0.000000000000000000 ) ) ;
#527 = CIRCLE ( 'NONE', #1885, 0.7249999999999999778 ) ;
#528 = ORIENTED_EDGE ( 'NONE', *, *, #305, .T. ) ;
#529 = APPROVAL ( #2335, 'UNSPECIFIED' ) ;
#530 = CARTESIAN_POINT ( 'NONE',  ( 7.500000000000000000, -40.00000000000000000, 14.59999999999999964 ) ) ;
#531 = EDGE_CURVE ( 'NONE', #1555, #1934, #2265, .T. ) ;
#532 = AXIS2_PLACEMENT_3D ( 'NONE', #1390, #446, #616 ) ;
#533 = ORIENTED_EDGE ( 'NONE', *, *, #2402, .F. ) ;
#534 = FACE_OUTER_BOUND ( 'NONE', #1134, .T. ) ;
#535 = ORIENTED_EDGE ( 'NONE', *, *, #1542, .T. ) ;
#536 = AXIS2_PLACEMENT_3D ( 'NONE', #9, #393, #1140 ) ;
#537 = CYLINDRICAL_SURFACE ( 'NONE', #1858, 0.7249999999999982014 ) ;
#538 = ORIENTED_EDGE ( 'NONE', *, *, #1281, .T. ) ;
#539 = CARTESIAN_POINT ( 'NONE',  ( 7.199999999999993072, -29.70908774363934768, 11.33952064740062049 ) ) ;
#540 = CYLINDRICAL_SURFACE ( 'NONE', #1257, 2.500000000000000444 ) ;
#541 = CARTESIAN_POINT ( 'NONE',  ( 4.899999999999999467, -40.00000000000000000, 11.00000000000000000 ) ) ;
#542 = EDGE_LOOP ( 'NONE', ( #1530, #2411, #1252, #1404 ) ) ;
#543 = CARTESIAN_POINT ( 'NONE',  ( 4.900000000000001243, -33.67544467966323651, 19.99999999999999645 ) ) ;
#544 = EDGE_CURVE ( 'NONE', #788, #615, #344, .T. ) ;
#545 = EDGE_LOOP ( 'NONE', ( #1465, #1682, #1613, #2218 ) ) ;
#546 = EDGE_CURVE ( 'NONE', #1593, #1353, #1136, .T. ) ;
#547 = DIRECTION ( 'NONE',  ( -1.000000000000000000, -0.000000000000000000, -0.000000000000000000 ) ) ;
#548 = VERTEX_POINT ( 'NONE', #2222 ) ;
#549 = CARTESIAN_POINT ( 'NONE',  ( 2.100000000000004530, 13.49999999999999822, 3.249999999999986677 ) ) ;
#550 = LINE ( 'NONE', #1288, #1796 ) ;
#551 = FACE_OUTER_BOUND ( 'NONE', #1786, .T. ) ;
#552 = VECTOR ( 'NONE', #162, 1000.000000000000000 ) ;
#553 = ORIENTED_EDGE ( 'NONE', *, *, #1610, .T. ) ;
#554 = DIRECTION ( 'NONE',  ( -0.000000000000000000, -0.000000000000000000, -1.000000000000000000 ) ) ;
#555 = EDGE_LOOP ( 'NONE', ( #1508, #1237, #911, #2366, #1286 ) ) ;
#556 = CARTESIAN_POINT ( 'NONE',  ( 4.400859472198540345, -10.62461462387981292, 4.099999999999999645 ) ) ;
#557 = VECTOR ( 'NONE', #1273, 1000.000000000000000 ) ;
#558 = ORIENTED_EDGE ( 'NONE', *, *, #468, .T. ) ;
#559 = DIRECTION ( 'NONE',  ( 1.993935029858399143E-16, -1.000000000000000000, 0.000000000000000000 ) ) ;
#560 = DIRECTION ( 'NONE',  ( 1.000000000000000000, 0.000000000000000000, 0.000000000000000000 ) ) ;
#561 = FACE_OUTER_BOUND ( 'NONE', #104, .T. ) ;
#562 = VECTOR ( 'NONE', #913, 1000.000000000000000 ) ;
#563 = CARTESIAN_POINT ( 'NONE',  ( 0.000000000000000000, 0.000000000000000000, 22.00000000000000000 ) ) ;
#564 = EDGE_CURVE ( 'NONE', #1905, #1455, #2063, .T. ) ;
#565 = VERTEX_POINT ( 'NONE', #1823 ) ;
#566 = DIRECTION ( 'NONE',  ( -0.000000000000000000, -1.000000000000000000, 0.000000000000000000 ) ) ;
#567 = VECTOR ( 'NONE', #1919, 1000.000000000000000 ) ;
#568 = DIRECTION ( 'NONE',  ( 1.000000000000000000, 0.000000000000000000, 0.000000000000000000 ) ) ;
#569 = AXIS2_PLACEMENT_3D ( 'NONE', #808, #1875, #2274 ) ;
#570 = ORIENTED_EDGE ( 'NONE', *, *, #136, .F. ) ;
#571 = CARTESIAN_POINT ( 'NONE',  ( 2.163713619827085655, -23.48918891695421962, 6.964989069198561644 ) ) ;
#572 = LINE ( 'NONE', #1670, #948 ) ;
#573 = DIRECTION ( 'NONE',  ( 0.000000000000000000, 0.000000000000000000, 1.000000000000000000 ) ) ;
#574 = CARTESIAN_POINT ( 'NONE',  ( 7.524614623879815056, 4.400859472198536793, 5.500000000000000000 ) ) ;
#575 = VECTOR ( 'NONE', #1971, 1000.000000000000000 ) ;
#576 = DIRECTION ( 'NONE',  ( -1.000000000000000000, 0.000000000000000000, 0.000000000000000000 ) ) ;
#577 = EDGE_CURVE ( 'NONE', #1439, #2203, #1253, .T. ) ;
#578 = ORIENTED_EDGE ( 'NONE', *, *, #832, .F. ) ;
#579 = CARTESIAN_POINT ( 'NONE',  ( 9.118770466135451613, -20.80663122725518832, 5.874461084460309124 ) ) ;
#580 = EDGE_CURVE ( 'NONE', #970, #2093, #2306, .T. ) ;
#581 = ORIENTED_EDGE ( 'NONE', *, *, #2278, .F. ) ;
#582 = CARTESIAN_POINT ( 'NONE',  ( 3.222056923268058259, -24.24533467593585101, 6.858455578124369012 ) ) ;
#583 = DIRECTION ( 'NONE',  ( -0.000000000000000000, -0.000000000000000000, 1.000000000000000000 ) ) ;
#584 = AXIS2_PLACEMENT_3D ( 'NONE', #462, #1431, #2311 ) ;
#585 = DIRECTION ( 'NONE',  ( 1.000000000000000000, -0.000000000000000000, -0.000000000000000000 ) ) ;
#586 = CARTESIAN_POINT ( 'NONE',  ( 0.09999999999999245603, -27.49999999999999645, 0.2999999999999999889 ) ) ;
#587 = AXIS2_PLACEMENT_3D ( 'NONE', #1133, #1285, #4 ) ;
#588 = DIRECTION ( 'NONE',  ( -0.000000000000000000, -0.000000000000000000, 1.000000000000000000 ) ) ;
#589 = EDGE_CURVE ( 'NONE', #2203, #1439, #2387, .T. ) ;
#590 = ORIENTED_EDGE ( 'NONE', *, *, #546, .F. ) ;
#591 = CARTESIAN_POINT ( 'NONE',  ( 8.788882368325971584, -21.82720307681946537, 6.080419460749125982 ) ) ;
#592 = DIRECTION ( 'NONE',  ( 1.000000000000000000, 0.000000000000000000, 0.000000000000000000 ) ) ;
#593 = VECTOR ( 'NONE', #392, 1000.000000000000000 ) ;
#594 = VERTEX_POINT ( 'NONE', #763 ) ;
#595 = CARTESIAN_POINT ( 'NONE',  ( 4.599999999999992539, -27.24755583239702617, 8.657543874554248120 ) ) ;
#596 = DIRECTION ( 'NONE',  ( 1.000000000000000000, 0.000000000000000000, 0.000000000000000000 ) ) ;
#597 = CYLINDRICAL_SURFACE ( 'NONE', #1338, 4.500000000000000000 ) ;
#598 = CIRCLE ( 'NONE', #915, 9.000000000000001776 ) ;
#599 = DIRECTION ( 'NONE',  ( -1.000000000000000000, -2.168404344971009115E-16, -0.000000000000000000 ) ) ;
#600 = AXIS2_PLACEMENT_3D ( 'NONE', #1829, #1841, #165 ) ;
#601 = CARTESIAN_POINT ( 'NONE',  ( 0.09999999999999245603, -23.00000000000000000, 6.382104175607508090 ) ) ;
#602 = CIRCLE ( 'NONE', #1969, 0.2999999999999999334 ) ;
#603 = EDGE_CURVE ( 'NONE', #1422, #877, #1866, .T. ) ;
#604 = ORIENTED_EDGE ( 'NONE', *, *, #1169, .T. ) ;
#605 = CYLINDRICAL_SURFACE ( 'NONE', #102, 0.2999999999999999334 ) ;
#606 = DIRECTION ( 'NONE',  ( 2.168404344971008375E-16, -1.000000000000000000, 0.000000000000000000 ) ) ;
#607 = VERTEX_POINT ( 'NONE', #253 ) ;
#608 = CARTESIAN_POINT ( 'NONE',  ( 2.650682529789846864, -23.31759156109712450, 6.904846796231252526 ) ) ;
#609 = DIRECTION ( 'NONE',  ( -0.000000000000000000, 0.000000000000000000, 1.000000000000000000 ) ) ;
#610 = DIRECTION ( 'NONE',  ( 1.000000000000000000, 0.000000000000000000, 0.000000000000000000 ) ) ;
#611 = DIRECTION ( 'NONE',  ( -1.000000000000000000, -0.000000000000000000, -0.000000000000000000 ) ) ;
#612 = AXIS2_PLACEMENT_3D ( 'NONE', #2057, #381, #1688 ) ;
#613 = CARTESIAN_POINT ( 'NONE',  ( 7.646737521014602912, -27.59240443987032165, 8.899872325690582286 ) ) ;
#614 = CIRCLE ( 'NONE', #1243, 8.000000000000000000 ) ;
#615 = VERTEX_POINT ( 'NONE', #2305 ) ;
#616 = DIRECTION ( 'NONE',  ( -1.000000000000000000, 0.000000000000000000, 0.000000000000000000 ) ) ;
#617 = ADVANCED_FACE ( 'NONE', ( #1510, #37 ), #618, .T. ) ;
#618 = PLANE ( 'NONE',  #1039 ) ;
#619 = ORIENTED_EDGE ( 'NONE', *, *, #1661, .F. ) ;
#620 = EDGE_CURVE ( 'NONE', #697, #548, #602, .T. ) ;
#621 = CARTESIAN_POINT ( 'NONE',  ( 4.227276085739902989, -25.68522038275240504, 7.594582469596081964 ) ) ;
#622 = CARTESIAN_POINT ( 'NONE',  ( 10.62461462387978628, -4.400859472198561662, 5.500000000000000000 ) ) ;
#623 = CARTESIAN_POINT ( 'NONE',  ( 2.700859472198542388, -10.62461462387981292, -6.938893903907228378E-15 ) ) ;
#624 = DIRECTION ( 'NONE',  ( -0.000000000000000000, -0.000000000000000000, 1.000000000000000000 ) ) ;
#625 = CARTESIAN_POINT ( 'NONE',  ( 0.4221454607217574040, -23.00000000000000000, 6.382104175607509866 ) ) ;
#626 = ORIENTED_EDGE ( 'NONE', *, *, #1883, .T. ) ;
#627 = DIRECTION ( 'NONE',  ( -1.000000000000000000, -0.000000000000000000, -0.000000000000000000 ) ) ;
#628 = CONICAL_SURFACE ( 'NONE', #866, 0.7499999999999867883, 1.029744258676653645 ) ;
#629 = DIRECTION ( 'NONE',  ( 1.000000000000000000, 0.000000000000000000, 0.000000000000000000 ) ) ;
#630 = EDGE_LOOP ( 'NONE', ( #192, #1055, #2344, #1036, #2417, #363, #905, #482, #448, #265 ) ) ;
#631 = CALENDAR_DATE ( 2025, 16, 11 ) ;
#632 = CARTESIAN_POINT ( 'NONE',  ( 10.62461462387981470, 4.400859472198536793, 5.500000000000000000 ) ) ;
#633 = EDGE_CURVE ( 'NONE', #2257, #548, #26, .T. ) ;
#634 = FACE_OUTER_BOUND ( 'NONE', #637, .T. ) ;
#635 = PLANE ( 'NONE',  #850 ) ;
#636 = CC_DESIGN_APPROVAL ( #934, ( #995 ) ) ;
#637 = EDGE_LOOP ( 'NONE', ( #1098, #1105, #1799, #1500 ) ) ;
#638 = CARTESIAN_POINT ( 'NONE',  ( 7.749226308306558231, -26.70473483693940864, 8.255265846502242155 ) ) ;
#639 = EDGE_CURVE ( 'NONE', #204, #1999, #2106, .T. ) ;
#640 = ORIENTED_EDGE ( 'NONE', *, *, #1753, .T. ) ;
#641 = DIRECTION ( 'NONE',  ( 0.000000000000000000, -0.000000000000000000, -1.000000000000000000 ) ) ;
#642 = TOROIDAL_SURFACE ( 'NONE', #97, 15.69999999999999929, 0.2999999999999999889 ) ;
#643 = EDGE_LOOP ( 'NONE', ( #166, #1674 ) ) ;
#644 = CARTESIAN_POINT ( 'NONE',  ( 0.000000000000000000, 8.000000000000000000, 5.500000000000000000 ) ) ;
#645 = CARTESIAN_POINT ( 'NONE',  ( 9.617484615853513219, -18.67190866669906768, 6.000000000000001776 ) ) ;
#646 = CYLINDRICAL_SURFACE ( 'NONE', #1920, 0.7249999999999999778 ) ;
#647 = CARTESIAN_POINT ( 'NONE',  ( 7.200000000000000178, -40.00000000000000000, 11.00000000000000000 ) ) ;
#648 = ORIENTED_EDGE ( 'NONE', *, *, #1911, .F. ) ;
#649 = CIRCLE ( 'NONE', #58, 0.7249999999999982014 ) ;
#650 = DIRECTION ( 'NONE',  ( 0.000000000000000000, 0.000000000000000000, -1.000000000000000000 ) ) ;
#651 =( BOUNDED_SURFACE ( )  B_SPLINE_SURFACE ( 3, 2, ( 
 ( #2255, #2065, #703 ),
 ( #397, #1521, #385 ),
 ( #2, #217, #1696 ),
 ( #2053, #1272, #1630 ),
 ( #1131, #2014, #1868 ),
 ( #205, #1341, #881 ),
 ( #137, #1802, #1643 ),
 ( #1498, #951, #12 ),
 ( #1683, #762, #2075 ),
 ( #591, #1509, #159 ),
 ( #579, #346, #695 ),
 ( #1143, #2267, #1090 ) ),
 .UNSPECIFIED., .F., .F., .T. ) 
 B_SPLINE_SURFACE_WITH_KNOTS ( ( 4, 2, 2, 2, 2, 4 ),
 ( 3, 3 ),
 ( 0.000000000000000000, 0.003283847015732420035, 0.004925770523598630053, 0.006567694031464840071, 0.009851541047197260106, 0.01313538806292968014 ),
 ( 0.000000000000000000, 1.000000000000000000 ),
 .UNSPECIFIED. ) 
 GEOMETRIC_REPRESENTATION_ITEM ( )  RATIONAL_B_SPLINE_SURFACE ( (
 ( 1.000000000000000000, 0.7071067811865465735, 1.000000000000000000),
 ( 1.000000000000000000, 0.7009666291883082101, 1.000000000000000000),
 ( 1.000000000000000000, 0.6948795585311080547, 1.000000000000000000),
 ( 1.000000000000000000, 0.6872206528333054676, 1.000000000000000000),
 ( 1.000000000000000000, 0.6849117302619840419, 1.000000000000000000),
 ( 1.000000000000000000, 0.6810583498051492324, 1.000000000000000000),
 ( 1.000000000000000000, 0.6795495377333705678, 1.000000000000000000),
 ( 1.000000000000000000, 0.6765400993562333820, 1.000000000000000000),
 ( 1.000000000000000000, 0.6765709141348711375, 1.000000000000000000),
 ( 1.000000000000000000, 0.6818507743250731279, 1.000000000000000000),
 ( 1.000000000000000000, 0.6870072127210397062, 1.000000000000000000),
 ( 1.000000000000000000, 0.6945544255706096459, 1.000000000000000000) ) ) 
 REPRESENTATION_ITEM ( '' )  SURFACE ( )  );
#652 = ORIENTED_EDGE ( 'NONE', *, *, #580, .T. ) ;
#653 = EDGE_CURVE ( 'NONE', #1120, #176, #2201, .T. ) ;
#654 = DIRECTION ( 'NONE',  ( 0.000000000000000000, -1.000000000000000000, 0.000000000000000000 ) ) ;
#655 = AXIS2_PLACEMENT_3D ( 'NONE', #1985, #316, #1795 ) ;
#656 = VERTEX_POINT ( 'NONE', #1685 ) ;
#657 = EDGE_CURVE ( 'NONE', #1290, #518, #1149, .T. ) ;
#658 = CARTESIAN_POINT ( 'NONE',  ( 0.09999999999999245603, -22.69999999999999574, 6.382104175607508090 ) ) ;
#659 = FACE_OUTER_BOUND ( 'NONE', #724, .T. ) ;
#660 = DIRECTION ( 'NONE',  ( -0.3601292774976006528, -0.9329024083413314239, 0.000000000000000000 ) ) ;
#661 = ORIENTED_EDGE ( 'NONE', *, *, #1281, .F. ) ;
#662 = ORIENTED_EDGE ( 'NONE', *, *, #2409, .T. ) ;
#663 = DIRECTION ( 'NONE',  ( -0.5150380749100549327, 1.049727191138618079E-16, -0.8571673007021118895 ) ) ;
#664 = ORIENTED_EDGE ( 'NONE', *, *, #2204, .F. ) ;
#665 = CYLINDRICAL_SURFACE ( 'NONE', #175, 1.699999999999998401 ) ;
#666 = ORIENTED_EDGE ( 'NONE', *, *, #2187, .F. ) ;
#667 = CALENDAR_DATE ( 2025, 16, 11 ) ;
#668 = LINE ( 'NONE', #1232, #932 ) ;
#669 = EDGE_CURVE ( 'NONE', #1130, #607, #2077, .T. ) ;
#670 = FACE_BOUND ( 'NONE', #132, .T. ) ;
#671 = DIRECTION ( 'NONE',  ( -1.000000000000000000, -2.168404344971009115E-16, -0.000000000000000000 ) ) ;
#672 = VERTEX_POINT ( 'NONE', #1882 ) ;
#673 = ORIENTED_EDGE ( 'NONE', *, *, #1255, .F. ) ;
#674 = VECTOR ( 'NONE', #440, 1000.000000000000000 ) ;
#675 = CARTESIAN_POINT ( 'NONE',  ( 9.810160251289248734, -18.18257577072857245, 5.700000000000001954 ) ) ;
#676 = ORIENTED_EDGE ( 'NONE', *, *, #531, .T. ) ;
#677 = DIRECTION ( 'NONE',  ( 0.000000000000000000, 0.000000000000000000, -1.000000000000000000 ) ) ;
#678 = AXIS2_PLACEMENT_3D ( 'NONE', #1764, #1940, #847 ) ;
#679 = ADVANCED_FACE ( 'NONE', ( #1721 ), #2401, .T. ) ;
#680 = ORIENTED_EDGE ( 'NONE', *, *, #319, .T. ) ;
#681 = AXIS2_PLACEMENT_3D ( 'NONE', #726, #2426, #749 ) ;
#682 = DIRECTION ( 'NONE',  ( -1.000000000000000000, -0.000000000000000000, -0.000000000000000000 ) ) ;
#683 = FACE_BOUND ( 'NONE', #1486, .T. ) ;
#684 = DIRECTION ( 'NONE',  ( 1.000000000000000000, 0.000000000000000000, 0.000000000000000000 ) ) ;
#685 = ORIENTED_EDGE ( 'NONE', *, *, #366, .T. ) ;
#686 = AXIS2_PLACEMENT_3D ( 'NONE', #2185, #2196, #2001 ) ;
#687 = FACE_OUTER_BOUND ( 'NONE', #232, .T. ) ;
#688 = VECTOR ( 'NONE', #1793, 1000.000000000000000 ) ;
#689 = ORIENTED_EDGE ( 'NONE', *, *, #544, .F. ) ;
#690 = CARTESIAN_POINT ( 'NONE',  ( 11.34961462387978592, -4.400859472198561662, 6.000000000000000000 ) ) ;
#691 = VERTEX_POINT ( 'NONE', #2269 ) ;
#692 = CONICAL_SURFACE ( 'NONE', #228, 0.7499999999999867883, 1.029744258676653645 ) ;
#693 = CARTESIAN_POINT ( 'NONE',  ( 2.631294915160717895, -23.30587115536001619, 6.900615018609148166 ) ) ;
#694 = EDGE_CURVE ( 'NONE', #464, #261, #717, .T. ) ;
#695 = CARTESIAN_POINT ( 'NONE',  ( 8.834958683449562145, -20.65926778478451098, 6.171040151511273386 ) ) ;
#696 = CARTESIAN_POINT ( 'NONE',  ( 4.899999999999999467, -40.00000000000000000, 11.00000000000000000 ) ) ;
#697 = VERTEX_POINT ( 'NONE', #2283 ) ;
#698 = DIRECTION ( 'NONE',  ( 0.000000000000000000, 0.000000000000000000, 1.000000000000000000 ) ) ;
#699 = ORIENTED_EDGE ( 'NONE', *, *, #264, .T. ) ;
#700 = DIRECTION ( 'NONE',  ( -1.000000000000000000, 0.000000000000000000, 0.000000000000000000 ) ) ;
#701 = ORIENTED_EDGE ( 'NONE', *, *, #2318, .T. ) ;
#702 = CYLINDRICAL_SURFACE ( 'NONE', #1560, 15.00000000000000355 ) ;
#703 = CARTESIAN_POINT ( 'NONE',  ( 7.199999999999993072, -30.34618655791423336, 12.22238229256590003 ) ) ;
#704 = LINE ( 'NONE', #2197, #557 ) ;
#705 = ADVANCED_FACE ( 'NONE', ( #1522 ), #1342, .F. ) ;
#706 = EDGE_LOOP ( 'NONE', ( #1930, #2231, #1775, #1450 ) ) ;
#707 = CYLINDRICAL_SURFACE ( 'NONE', #1123, 0.2999999999999999334 ) ;
#708 = ORIENTED_EDGE ( 'NONE', *, *, #442, .F. ) ;
#709 = DIRECTION ( 'NONE',  ( 0.7071067811865477948, 0.000000000000000000, 0.7071067811865473507 ) ) ;
#710 = ADVANCED_FACE ( 'NONE', ( #231 ), #786, .T. ) ;
#711 = ORIENTED_EDGE ( 'NONE', *, *, #1107, .T. ) ;
#712 = CIRCLE ( 'NONE', #1263, 0.2999999999999999889 ) ;
#713 = DATE_AND_TIME ( #1284, #292 ) ;
#714 = DIRECTION ( 'NONE',  ( 0.000000000000000000, 0.000000000000000000, 1.000000000000000000 ) ) ;
#715 = ORIENTED_EDGE ( 'NONE', *, *, #220, .T. ) ;
#716 = VECTOR ( 'NONE', #44, 1000.000000000000000 ) ;
#717 = CIRCLE ( 'NONE', #920, 3.100000000000000533 ) ;
#718 = CARTESIAN_POINT ( 'NONE',  ( 9.233057027257657978, -19.64822860872080668, 6.071776336131439855 ) ) ;
#719 = AXIS2_PLACEMENT_3D ( 'NONE', #1162, #53, #1360 ) ;
#720 = DIRECTION ( 'NONE',  ( -0.000000000000000000, 0.000000000000000000, 1.000000000000000000 ) ) ;
#721 = DIRECTION ( 'NONE',  ( 0.000000000000000000, -0.5851745138289381476, 0.8109073858123787559 ) ) ;
#722 = B_SPLINE_CURVE_WITH_KNOTS ( 'NONE', 3,
 ( #1729, #1365, #71, #2071, #1153, #1566, #1891, #783, #85, #1528, #1554, #2276, #2301, #1012, #822, #59, #625, #601 ),
 .UNSPECIFIED., .F., .F.,
 ( 4, 2, 2, 2, 2, 2, 2, 2, 4 ),
 ( 0.000000000000000000, 0.0009530282360152928910, 0.001906056472030585782, 0.002859084708045878456, 0.003812112944061171564, 0.004765141180076464672, 0.005718169416091756913, 0.006671197652107050020, 0.007624225888122343128 ),
 .UNSPECIFIED. ) ;
#723 = AXIS2_PLACEMENT_3D ( 'NONE', #2373, #1441, #511 ) ;
#724 = EDGE_LOOP ( 'NONE', ( #1955, #1857, #2031, #2368 ) ) ;
#725 = EDGE_CURVE ( 'NONE', #301, #11, #2282, .T. ) ;
#726 = CARTESIAN_POINT ( 'NONE',  ( 3.349999999999998757, -40.00000000000000000, 11.00000000000000000 ) ) ;
#727 = ORIENTED_EDGE ( 'NONE', *, *, #414, .T. ) ;
#728 = CIRCLE ( 'NONE', #1158, 4.500000000000000000 ) ;
#729 = EDGE_CURVE ( 'NONE', #2206, #1096, #410, .T. ) ;
#730 = EDGE_CURVE ( 'NONE', #1447, #2303, #1563, .T. ) ;
#731 = CYLINDRICAL_SURFACE ( 'NONE', #2189, 0.2999999999999999334 ) ;
#732 = ORIENTED_EDGE ( 'NONE', *, *, #1592, .T. ) ;
#733 = CARTESIAN_POINT ( 'NONE',  ( 0.000000000000000000, -22.69999999999999929, 6.682104175607510577 ) ) ;
#734 = VECTOR ( 'NONE', #283, 1000.000000000000000 ) ;
#735 = DIRECTION ( 'NONE',  ( 0.7071067811865474617, 0.000000000000000000, -0.7071067811865474617 ) ) ;
#736 = CIRCLE ( 'NONE', #2095, 0.7499999999999885647 ) ;
#737 = DIRECTION ( 'NONE',  ( 0.000000000000000000, 0.000000000000000000, 1.000000000000000000 ) ) ;
#738 = ORIENTED_EDGE ( 'NONE', *, *, #1191, .F. ) ;
#739 = CARTESIAN_POINT ( 'NONE',  ( 3.675859472198562905, 10.62461462387978450, 5.500000000000000000 ) ) ;
#740 = EDGE_LOOP ( 'NONE', ( #1034, #2131, #1878, #326 ) ) ;
#741 = CARTESIAN_POINT ( 'NONE',  ( 4.999999999956434849, -40.00000000000000000, 13.69999999994752216 ) ) ;
#742 = ORIENTED_EDGE ( 'NONE', *, *, #1580, .T. ) ;
#743 = CARTESIAN_POINT ( 'NONE',  ( 8.502722279880742917, -21.66683477857654694, 6.372286395549408233 ) ) ;
#744 = DIRECTION ( 'NONE',  ( 2.267612386897787377E-16, -1.000000000000000000, 0.000000000000000000 ) ) ;
#745 = EDGE_CURVE ( 'NONE', #1437, #1789, #1653, .T. ) ;
#746 = DIRECTION ( 'NONE',  ( 1.000000000000000000, 0.000000000000000000, 0.000000000000000000 ) ) ;
#747 = CONICAL_SURFACE ( 'NONE', #434, 0.7499999999999867883, 1.029744258676653645 ) ;
#748 = EDGE_LOOP ( 'NONE', ( #1867, #309, #1015, #1794 ) ) ;
#749 = DIRECTION ( 'NONE',  ( 0.000000000000000000, 0.000000000000000000, 1.000000000000000000 ) ) ;
#750 = VERTEX_POINT ( 'NONE', #994 ) ;
#751 = CARTESIAN_POINT ( 'NONE',  ( 0.000000000000000000, -18.18257577072857245, 6.000000000000001776 ) ) ;
#752 = DIRECTION ( 'NONE',  ( 2.168404344971009115E-16, -1.000000000000000000, 0.000000000000000000 ) ) ;
#753 = SECURITY_CLASSIFICATION ( '', '', #93 ) ;
#754 = VERTEX_POINT ( 'NONE', #1913 ) ;
#755 = DIRECTION ( 'NONE',  ( 1.000000000000000000, 0.000000000000000000, 0.000000000000000000 ) ) ;
#756 = CARTESIAN_POINT ( 'NONE',  ( 0.000000000000000000, 0.000000000000000000, 0.2999999999999999334 ) ) ;
#757 = ADVANCED_FACE ( 'NONE', ( #1177 ), #1164, .F. ) ;
#758 = LINE ( 'NONE', #1551, #674 ) ;
#759 = DIRECTION ( 'NONE',  ( 0.000000000000000000, -1.000000000000000000, 0.000000000000000000 ) ) ;
#760 = LINE ( 'NONE', #1473, #836 ) ;
#761 = ORIENTED_EDGE ( 'NONE', *, *, #2204, .T. ) ;
#762 = CARTESIAN_POINT ( 'NONE',  ( 8.271828703957497808, -23.74886966265946242, 7.031596568467981534 ) ) ;
#763 = CARTESIAN_POINT ( 'NONE',  ( 7.500859472198540878, -10.62461462387981292, 5.500000000000000000 ) ) ;
#764 = VECTOR ( 'NONE', #1325, 1000.000000000000114 ) ;
#765 = ORIENTED_EDGE ( 'NONE', *, *, #1741, .F. ) ;
#766 = CARTESIAN_POINT ( 'NONE',  ( 4.900000001274986694, -27.05331142166409109, 8.899552752457344340 ) ) ;
#767 = DIRECTION ( 'NONE',  ( 1.927470528863118556E-16, -1.000000000000000000, 0.000000000000000000 ) ) ;
#768 = EDGE_CURVE ( 'NONE', #1409, #1623, #2324, .T. ) ;
#769 = CARTESIAN_POINT ( 'NONE',  ( 0.09999999999999245603, -27.49999999999999645, -6.938893903907228378E-15 ) ) ;
#770 = DIRECTION ( 'NONE',  ( -0.000000000000000000, 1.000000000000000000, 0.000000000000000000 ) ) ;
#771 = AXIS2_PLACEMENT_3D ( 'NONE', #1816, #1037, #1411 ) ;
#772 = CARTESIAN_POINT ( 'NONE',  ( -18.60000000000000142, -22.69999999999999929, 0.2999999999999999889 ) ) ;
#773 = ORIENTED_EDGE ( 'NONE', *, *, #1412, .F. ) ;
#774 = CYLINDRICAL_SURFACE ( 'NONE', #1445, 8.000000000000000000 ) ;
#775 = CARTESIAN_POINT ( 'NONE',  ( 9.233057027257649096, -19.67754166548064987, 0.2999999999999999889 ) ) ;
#776 = VERTEX_POINT ( 'NONE', #2083 ) ;
#777 = CARTESIAN_POINT ( 'NONE',  ( 4.105564519549515623, -25.42880777466258024, 7.448163188515874111 ) ) ;
#778 = DIRECTION ( 'NONE',  ( 1.000000000000000000, 0.000000000000000000, 0.000000000000000000 ) ) ;
#779 = DIRECTION ( 'NONE',  ( -1.000000000000000000, 0.000000000000000000, -0.000000000000000000 ) ) ;
#780 = EDGE_CURVE ( 'NONE', #1941, #2011, #758, .T. ) ;
#781 = DIRECTION ( 'NONE',  ( 0.000000000000000000, 0.000000000000000000, 1.000000000000000000 ) ) ;
#782 = ORIENTED_EDGE ( 'NONE', *, *, #187, .T. ) ;
#783 = CARTESIAN_POINT ( 'NONE',  ( 3.820157457006534418, -24.95162243681723879, 7.193140886050423788 ) ) ;
#784 = ORIENTED_EDGE ( 'NONE', *, *, #2318, .F. ) ;
#785 = CARTESIAN_POINT ( 'NONE',  ( 5.000000000013278267, -40.00000000000000000, 11.00000000000000000 ) ) ;
#786 = PLANE ( 'NONE',  #1461 ) ;
#787 = CIRCLE ( 'NONE', #42, 0.2999999999999999334 ) ;
#788 = VERTEX_POINT ( 'NONE', #418 ) ;
#789 = CARTESIAN_POINT ( 'NONE',  ( 3.187549139086273797, -23.69953347221748174, 7.049913666036722759 ) ) ;
#790 = CARTESIAN_POINT ( 'NONE',  ( 14.92643853346130278, -5.762068439961606892, 5.699999999999998401 ) ) ;
#791 = DIRECTION ( 'NONE',  ( -1.000000000000000000, -0.000000000000000000, -0.000000000000000000 ) ) ;
#792 = VECTOR ( 'NONE', #1220, 1000.000000000000000 ) ;
#793 = LINE ( 'NONE', #1383, #1852 ) ;
#794 = AXIS2_PLACEMENT_3D ( 'NONE', #543, #1326, #1302 ) ;
#795 = EDGE_CURVE ( 'NONE', #1650, #1159, #1300, .T. ) ;
#796 = DIRECTION ( 'NONE',  ( 0.000000000000000000, 0.000000000000000000, -1.000000000000000000 ) ) ;
#797 = VECTOR ( 'NONE', #1193, 1000.000000000000000 ) ;
#798 = EDGE_CURVE ( 'NONE', #2257, #1626, #787, .T. ) ;
#799 = ORIENTED_EDGE ( 'NONE', *, *, #399, .T. ) ;
#800 = CARTESIAN_POINT ( 'NONE',  ( 10.62461462387981470, 4.400859472198536793, 5.500000000000000000 ) ) ;
#801 = DIRECTION ( 'NONE',  ( 1.000000000000000000, 2.168404344971009115E-16, 0.000000000000000000 ) ) ;
#802 = EDGE_LOOP ( 'NONE', ( #1945, #1340, #2228, #863 ) ) ;
#803 = AXIS2_PLACEMENT_3D ( 'NONE', #2316, #1757, #239 ) ;
#804 = DIRECTION ( 'NONE',  ( 2.312964634635743450E-16, -1.000000000000000000, 0.000000000000000000 ) ) ;
#805 = DIRECTION ( 'NONE',  ( 0.000000000000000000, -0.5749595745760608390, -0.8181818181818237834 ) ) ;
#806 = CIRCLE ( 'NONE', #144, 16.00000000000000000 ) ;
#807 = DIRECTION ( 'NONE',  ( -1.000000000000000000, 0.000000000000000000, 0.000000000000000000 ) ) ;
#808 = CARTESIAN_POINT ( 'NONE',  ( 4.400859472198540345, -10.62461462387981292, -6.938893903907228378E-15 ) ) ;
#809 = AXIS2_PLACEMENT_3D ( 'NONE', #947, #1469, #1660 ) ;
#810 = CARTESIAN_POINT ( 'NONE',  ( 8.039392962543455923, -24.84766693228628398, 7.157841500594129158 ) ) ;
#811 = AXIS2_PLACEMENT_3D ( 'NONE', #894, #682, #1777 ) ;
#812 = ORIENTED_EDGE ( 'NONE', *, *, #1191, .T. ) ;
#813 = CARTESIAN_POINT ( 'NONE',  ( 7.220129277497600029, -24.89196121675072249, 0.2999999999999999889 ) ) ;
#814 = ORIENTED_EDGE ( 'NONE', *, *, #52, .F. ) ;
#815 = CARTESIAN_POINT ( 'NONE',  ( 1.347682232809663372, -23.16500419781237952, 6.437475082838658658 ) ) ;
#816 = LINE ( 'NONE', #1537, #961 ) ;
#817 = CARTESIAN_POINT ( 'NONE',  ( 0.000000000000000000, 0.000000000000000000, 5.500000000000000000 ) ) ;
#818 = DIRECTION ( 'NONE',  ( 1.993935029858399143E-16, -1.000000000000000000, 0.000000000000000000 ) ) ;
#819 = CONICAL_SURFACE ( 'NONE', #1132, 3.250000000000000444, 0.7853981633974396193 ) ;
#820 = ADVANCED_FACE ( 'NONE', ( #1926 ), #167, .F. ) ;
#821 = ORIENTED_EDGE ( 'NONE', *, *, #3, .T. ) ;
#822 = CARTESIAN_POINT ( 'NONE',  ( 1.358210549243293652, -23.16785278750327848, 6.438448292953755647 ) ) ;
#823 = VECTOR ( 'NONE', #752, 1000.000000000000000 ) ;
#824 = EDGE_LOOP ( 'NONE', ( #666, #2194, #2220, #833 ) ) ;
#825 = DIRECTION ( 'NONE',  ( -1.000000000000000000, -0.000000000000000000, -0.000000000000000000 ) ) ;
#826 = EDGE_LOOP ( 'NONE', ( #2407, #784, #533, #497 ) ) ;
#827 = CARTESIAN_POINT ( 'NONE',  ( 4.599999999999999645, -40.00000000000000000, 7.749999999999999112 ) ) ;
#828 = CARTESIAN_POINT ( 'NONE',  ( 0.000000000000000000, 0.000000000000000000, 0.2999999999999999334 ) ) ;
#829 = DIRECTION ( 'NONE',  ( -0.000000000000000000, -0.000000000000000000, -1.000000000000000000 ) ) ;
#830 = DIRECTION ( 'NONE',  ( -1.000000000000000000, -2.168404344971009115E-16, 0.000000000000000000 ) ) ;
#831 = DIRECTION ( 'NONE',  ( -1.000000000000000000, 0.000000000000000000, -0.000000000000000000 ) ) ;
#832 = EDGE_CURVE ( 'NONE', #1650, #565, #429, .T. ) ;
#833 = ORIENTED_EDGE ( 'NONE', *, *, #96, .F. ) ;
#834 = CARTESIAN_POINT ( 'NONE',  ( 10.62461462387981470, 4.400859472198536793, 5.500000000000000000 ) ) ;
#835 = ADVANCED_FACE ( 'NONE', ( #2273 ), #1503, .F. ) ;
#836 = VECTOR ( 'NONE', #1865, 1000.000000000000000 ) ;
#837 = AXIS2_PLACEMENT_3D ( 'NONE', #2102, #247, #210 ) ;
#838 = VERTEX_POINT ( 'NONE', #1323 ) ;
#839 = CYLINDRICAL_SURFACE ( 'NONE', #803, 3.249999999999999556 ) ;
#840 = EDGE_CURVE ( 'NONE', #2307, #2043, #2058, .T. ) ;
#841 = AXIS2_PLACEMENT_3D ( 'NONE', #2082, #2121, #1334 ) ;
#842 = EDGE_LOOP ( 'NONE', ( #2086, #950, #2165, #2107 ) ) ;
#843 =( NAMED_UNIT ( * ) PLANE_ANGLE_UNIT ( ) SI_UNIT ( $, .RADIAN. ) );
#844 = LINE ( 'NONE', #322, #422 ) ;
#845 = AXIS2_PLACEMENT_3D ( 'NONE', #1172, #61, #1568 ) ;
#846 = DIRECTION ( 'NONE',  ( 1.000000000000000000, 0.000000000000000000, 0.000000000000000000 ) ) ;
#847 = DIRECTION ( 'NONE',  ( 1.000000000000000000, 0.000000000000000000, 0.000000000000000000 ) ) ;
#848 = ORIENTED_EDGE ( 'NONE', *, *, #493, .F. ) ;
#849 = EDGE_CURVE ( 'NONE', #1815, #361, #1335, .T. ) ;
#850 = AXIS2_PLACEMENT_3D ( 'NONE', #1888, #1188, #996 ) ;
#851 = CARTESIAN_POINT ( 'NONE',  ( 0.09999999999999245603, -23.00000000000000000, 6.794633978836428057 ) ) ;
#852 = ORIENTED_EDGE ( 'NONE', *, *, #1142, .T. ) ;
#853 = FACE_OUTER_BOUND ( 'NONE', #1723, .T. ) ;
#854 = ORIENTED_EDGE ( 'NONE', *, *, #2023, .T. ) ;
#855 = COORDINATED_UNIVERSAL_TIME_OFFSET ( 8, 0, .AHEAD. ) ;
#856 = DIRECTION ( 'NONE',  ( -1.000000000000000000, -0.000000000000000000, -0.000000000000000000 ) ) ;
#857 = FACE_OUTER_BOUND ( 'NONE', #328, .T. ) ;
#858 = LINE ( 'NONE', #1612, #688 ) ;
#859 = DIRECTION ( 'NONE',  ( -1.000000000000000000, -0.000000000000000000, -0.000000000000000000 ) ) ;
#860 = VERTEX_POINT ( 'NONE', #623 ) ;
#861 = ADVANCED_FACE ( 'NONE', ( #1690 ), #597, .F. ) ;
#862 = DIRECTION ( 'NONE',  ( 0.000000000000000000, 0.000000000000000000, 1.000000000000000000 ) ) ;
#863 = ORIENTED_EDGE ( 'NONE', *, *, #730, .F. ) ;
#864 = DIRECTION ( 'NONE',  ( 1.000000000000000000, 0.000000000000000000, 0.000000000000000000 ) ) ;
#865 = ORIENTED_EDGE ( 'NONE', *, *, #1339, .F. ) ;
#866 = AXIS2_PLACEMENT_3D ( 'NONE', #1468, #359, #1492 ) ;
#867 = CARTESIAN_POINT ( 'NONE',  ( 0.000000000000000000, 0.000000000000000000, -6.938893903907228378E-15 ) ) ;
#868 = CARTESIAN_POINT ( 'NONE',  ( 9.899524204797025106, -18.78411573454213013, 6.003545288493467247 ) ) ;
#869 = CARTESIAN_POINT ( 'NONE',  ( 13.72461462387981612, 4.400859472198536793, 5.500000000000000000 ) ) ;
#870 = ORIENTED_EDGE ( 'NONE', *, *, #589, .T. ) ;
#871 = DIRECTION ( 'NONE',  ( 1.000000000000000000, 0.000000000000000000, 0.000000000000000000 ) ) ;
#872 = CIRCLE ( 'NONE', #1963, 0.2999999999999986566 ) ;
#873 = ADVANCED_FACE ( 'NONE', ( #2298 ), #1835, .F. ) ;
#874 = ORIENTED_EDGE ( 'NONE', *, *, #1073, .T. ) ;
#875 = DIRECTION ( 'NONE',  ( 0.7071067810860616198, 0.000000000000000000, -0.7071067812870334146 ) ) ;
#876 = EDGE_CURVE ( 'NONE', #860, #2203, #404, .T. ) ;
#877 = VERTEX_POINT ( 'NONE', #1150 ) ;
#878 = CIRCLE ( 'NONE', #681, 3.050000000000010925 ) ;
#879 = COORDINATED_UNIVERSAL_TIME_OFFSET ( 8, 0, .AHEAD. ) ;
#880 = DIRECTION ( 'NONE',  ( 0.000000000000000000, 0.000000000000000000, 1.000000000000000000 ) ) ;
#881 = CARTESIAN_POINT ( 'NONE',  ( 7.452964328530787164, -26.49015372074738650, 8.498903413765464876 ) ) ;
#882 = CARTESIAN_POINT ( 'NONE',  ( 7.500000000000000000, -45.00214829881181089, 3.881818181818185387 ) ) ;
#883 = ORIENTED_EDGE ( 'NONE', *, *, #1412, .T. ) ;
#884 = CONICAL_SURFACE ( 'NONE', #686, 3.799999999841929821, 0.7853981635395568262 ) ;
#885 = CARTESIAN_POINT ( 'NONE',  ( 4.400859472198540345, -10.62461462387981292, 5.500000000000000000 ) ) ;
#886 = ADVANCED_FACE ( 'NONE', ( #30 ), #1218, .F. ) ;
#887 = CIRCLE ( 'NONE', #1734, 15.50000000000000000 ) ;
#888 = EDGE_LOOP ( 'NONE', ( #1040, #1746, #578, #2327 ) ) ;
#889 = FACE_OUTER_BOUND ( 'NONE', #2397, .T. ) ;
#890 = PRODUCT_DEFINITION ( 'UNKNOWN', '', #995, #942 ) ;
#891 = ORIENTED_EDGE ( 'NONE', *, *, #876, .T. ) ;
#892 = TOROIDAL_SURFACE ( 'NONE', #1202, 15.29999999999999893, 0.2999999999999999889 ) ;
#893 = PERSON_AND_ORGANIZATION ( #1481, #1186 ) ;
#894 = CARTESIAN_POINT ( 'NONE',  ( -1.463452924981084508E-15, -13.49999999999999822, 2.500000000000000000 ) ) ;
#895 = FACE_OUTER_BOUND ( 'NONE', #46, .T. ) ;
#896 = CARTESIAN_POINT ( 'NONE',  ( 7.747458893195959817, -24.64718013775967265, 7.422826090433646939 ) ) ;
#897 = ORIENTED_EDGE ( 'NONE', *, *, #2007, .F. ) ;
#898 = ADVANCED_FACE ( 'NONE', ( #284 ), #1407, .F. ) ;
#899 = VERTEX_POINT ( 'NONE', #1991 ) ;
#900 = CARTESIAN_POINT ( 'NONE',  ( 25.00000000000000000, -22.69999999999999929, 6.682104175607510577 ) ) ;
#901 = CIRCLE ( 'NONE', #2060, 0.7249999999999982014 ) ;
#902 = ORIENTED_EDGE ( 'NONE', *, *, #264, .F. ) ;
#903 = VECTOR ( 'NONE', #1860, 1000.000000000000114 ) ;
#904 = FACE_OUTER_BOUND ( 'NONE', #1928, .T. ) ;
#905 = ORIENTED_EDGE ( 'NONE', *, *, #968, .F. ) ;
#906 = LINE ( 'NONE', #146, #72 ) ;
#907 = DIRECTION ( 'NONE',  ( 0.000000000000000000, 0.4166666666666746788, -0.9090593428863058545 ) ) ;
#908 = DIRECTION ( 'NONE',  ( -1.000000000000000000, -0.000000000000000000, -0.000000000000000000 ) ) ;
#909 = ADVANCED_FACE ( 'NONE', ( #1952, #670, #1980, #683, #1420 ), #2147, .T. ) ;
#910 = CARTESIAN_POINT ( 'NONE',  ( 10.62461462387978628, -4.400859472198561662, 0.000000000000000000 ) ) ;
#911 = ORIENTED_EDGE ( 'NONE', *, *, #366, .F. ) ;
#912 = EDGE_CURVE ( 'NONE', #1416, #754, #901, .T. ) ;
#913 = DIRECTION ( 'NONE',  ( -1.000000000000000000, -0.000000000000000000, -0.000000000000000000 ) ) ;
#914 = ORIENTED_EDGE ( 'NONE', *, *, #1318, .F. ) ;
#915 = AXIS2_PLACEMENT_3D ( 'NONE', #1056, #123, #108 ) ;
#916 = ADVANCED_FACE ( 'NONE', ( #857 ), #1069, .T. ) ;
#917 = DIRECTION ( 'NONE',  ( -1.000000000000000000, -0.000000000000000000, -0.000000000000000000 ) ) ;
#918 = ORIENTED_EDGE ( 'NONE', *, *, #546, .T. ) ;
#919 = AXIS2_PLACEMENT_3D ( 'NONE', #274, #226, #796 ) ;
#920 = AXIS2_PLACEMENT_3D ( 'NONE', #2092, #967, #592 ) ;
#921 = CARTESIAN_POINT ( 'NONE',  ( 2.100000000000004530, -13.49999999999999822, 2.500000000000000000 ) ) ;
#922 = FACE_OUTER_BOUND ( 'NONE', #1433, .T. ) ;
#923 = CIRCLE ( 'NONE', #219, 20.00000000000000355 ) ;
#924 = ORIENTED_EDGE ( 'NONE', *, *, #209, .T. ) ;
#925 = VERTEX_POINT ( 'NONE', #1032 ) ;
#926 = APPROVAL_STATUS ( 'not_yet_approved' ) ;
#927 = AXIS2_PLACEMENT_3D ( 'NONE', #1322, #173, #1114 ) ;
#928 = EDGE_CURVE ( 'NONE', #301, #2093, #1021, .T. ) ;
#929 = DIRECTION ( 'NONE',  ( 1.000000000000000000, 0.000000000000000000, 0.000000000000000000 ) ) ;
#930 = ORIENTED_EDGE ( 'NONE', *, *, #1294, .F. ) ;
#931 = LINE ( 'NONE', #1631, #1877 ) ;
#932 = VECTOR ( 'NONE', #1429, 1000.000000000000000 ) ;
#933 = LINE ( 'NONE', #1836, #552 ) ;
#934 = APPROVAL ( #1989, 'UNSPECIFIED' ) ;
#935 = DIRECTION ( 'NONE',  ( -1.000000000000000000, -0.000000000000000000, -0.000000000000000000 ) ) ;
#936 = ADVANCED_FACE ( 'NONE', ( #634 ), #1763, .F. ) ;
#937 = EDGE_LOOP ( 'NONE', ( #1301, #1844, #182, #2376 ) ) ;
#938 = CARTESIAN_POINT ( 'NONE',  ( 25.00000000000000000, -18.18257577072857245, 6.000000000000001776 ) ) ;
#939 = ORIENTED_EDGE ( 'NONE', *, *, #725, .F. ) ;
#940 = AXIS2_PLACEMENT_3D ( 'NONE', #817, #1247, #313 ) ;
#941 = CARTESIAN_POINT ( 'NONE',  ( 4.599999999999997868, -33.67544467966323651, 0.2999999999999999889 ) ) ;
#942 = DESIGN_CONTEXT ( 'detailed design', #308, 'design' ) ;
#943 = ORIENTED_EDGE ( 'NONE', *, *, #1948, .T. ) ;
#944 = DIRECTION ( 'NONE',  ( 0.000000000000000000, -0.9090593428863036340, -0.4166666666666794527 ) ) ;
#945 = AXIS2_PLACEMENT_3D ( 'NONE', #2032, #547, #1846 ) ;
#946 = PLANE ( 'NONE',  #2136 ) ;
#947 = CARTESIAN_POINT ( 'NONE',  ( 7.200000000000000178, -40.00000000000000000, 11.00000000000000000 ) ) ;
#948 = VECTOR ( 'NONE', #2225, 1000.000000000000000 ) ;
#949 = CARTESIAN_POINT ( 'NONE',  ( 4.599999999999996980, -27.49999999999999645, 8.864283880553822215 ) ) ;
#950 = ORIENTED_EDGE ( 'NONE', *, *, #209, .F. ) ;
#951 = CARTESIAN_POINT ( 'NONE',  ( 8.068985031700254495, -24.69894208221674248, 7.448109726979882161 ) ) ;
#952 = EDGE_CURVE ( 'NONE', #2093, #607, #451, .T. ) ;
#953 = EDGE_CURVE ( 'NONE', #1171, #1425, #1329, .T. ) ;
#954 = AXIS2_PLACEMENT_3D ( 'NONE', #1236, #138, #300 ) ;
#955 = ORIENTED_EDGE ( 'NONE', *, *, #2115, .T. ) ;
#956 = CARTESIAN_POINT ( 'NONE',  ( 3.723532831655095521, -24.81280657804887468, 7.540662933868435225 ) ) ;
#957 = DIRECTION ( 'NONE',  ( 1.000000000000000000, 0.000000000000000000, 0.000000000000000000 ) ) ;
#958 = VECTOR ( 'NONE', #588, 1000.000000000000000 ) ;
#959 = CARTESIAN_POINT ( 'NONE',  ( 0.000000000000000000, 0.000000000000000000, 5.500000000000000000 ) ) ;
#960 = DIRECTION ( 'NONE',  ( 1.000000000000000000, -0.000000000000000000, -0.000000000000000000 ) ) ;
#961 = VECTOR ( 'NONE', #1572, 999.9999999999998863 ) ;
#962 = CARTESIAN_POINT ( 'NONE',  ( 0.000000000000000000, -13.49999999999999822, 2.500000000000000000 ) ) ;
#963 = EDGE_CURVE ( 'NONE', #838, #2284, #2184, .T. ) ;
#964 = AXIS2_PLACEMENT_3D ( 'NONE', #800, #988, #1719 ) ;
#965 = ORIENTED_EDGE ( 'NONE', *, *, #386, .T. ) ;
#966 = APPROVAL ( #926, 'UNSPECIFIED' ) ;
#967 = DIRECTION ( 'NONE',  ( -0.000000000000000000, -0.000000000000000000, 1.000000000000000000 ) ) ;
#968 = EDGE_CURVE ( 'NONE', #2025, #2386, #1635, .T. ) ;
#969 = AXIS2_PLACEMENT_3D ( 'NONE', #1165, #960, #2288 ) ;
#970 = VERTEX_POINT ( 'NONE', #1611 ) ;
#971 = CARTESIAN_POINT ( 'NONE',  ( 1.430861048280802628, -22.78397646418524047, 6.723014786613484617 ) ) ;
#972 = CARTESIAN_POINT ( 'NONE',  ( 4.899999999999997691, -33.67544467966323651, -3.469446951953614189E-15 ) ) ;
#973 = CARTESIAN_POINT ( 'NONE',  ( 0.000000000000000000, 15.69999999999999929, 5.700000000000000178 ) ) ;
#974 = DIRECTION ( 'NONE',  ( 1.000000000000000000, 0.000000000000000000, 0.000000000000000000 ) ) ;
#975 = CARTESIAN_POINT ( 'NONE',  ( 6.100859472198538747, -10.62461462387981292, 5.500000000000000000 ) ) ;
#976 = ORIENTED_EDGE ( 'NONE', *, *, #34, .F. ) ;
#977 = CARTESIAN_POINT ( 'NONE',  ( 37.49999999999999289, -30.58945877365794530, 0.2999999999999999889 ) ) ;
#978 = DIRECTION ( 'NONE',  ( 0.000000000000000000, 0.6089819757693769597, 0.7931840600945191389 ) ) ;
#979 = ORIENTED_EDGE ( 'NONE', *, *, #2342, .T. ) ;
#980 = CARTESIAN_POINT ( 'NONE',  ( 4.557201250957556127, -26.80494311777778194, 8.722086430559826908 ) ) ;
#981 = DIRECTION ( 'NONE',  ( 0.000000000000000000, -0.8181818181818257818, 0.5749595745760582854 ) ) ;
#982 = ADVANCED_FACE ( 'NONE', ( #1019 ), #403, .T. ) ;
#983 = CARTESIAN_POINT ( 'NONE',  ( 2.100000000000004530, -13.49999999999999822, 2.500000000000000000 ) ) ;
#984 = DIRECTION ( 'NONE',  ( -0.000000000000000000, -0.000000000000000000, 1.000000000000000000 ) ) ;
#985 = ADVANCED_FACE ( 'NONE', ( #659 ), #1946, .T. ) ;
#986 = CARTESIAN_POINT ( 'NONE',  ( 9.512927749760056173, -19.78558044872993094, 5.773211862854067178 ) ) ;
#987 = ORIENTED_EDGE ( 'NONE', *, *, #1267, .T. ) ;
#988 = DIRECTION ( 'NONE',  ( -0.000000000000000000, -0.000000000000000000, 1.000000000000000000 ) ) ;
#989 = DIRECTION ( 'NONE',  ( 0.000000000000000000, 0.000000000000000000, -1.000000000000000000 ) ) ;
#990 = VECTOR ( 'NONE', #779, 1000.000000000000000 ) ;
#991 = EDGE_LOOP ( 'NONE', ( #119, #415, #1628, #432 ) ) ;
#992 = CARTESIAN_POINT ( 'NONE',  ( 4.053093061517452966, -24.63076865954458938, 7.453579802049676850 ) ) ;
#993 = CARTESIAN_POINT ( 'NONE',  ( 5.125859472198559530, 10.62461462387978450, 6.000000000000000000 ) ) ;
#994 = CARTESIAN_POINT ( 'NONE',  ( 15.69999999999999929, 0.000000000000000000, 6.000000000000000000 ) ) ;
#995 = PRODUCT_DEFINITION_FORMATION_WITH_SPECIFIED_SOURCE ( 'ANY', '', #2087, .NOT_KNOWN. ) ;
#996 = DIRECTION ( 'NONE',  ( 1.000000000000000000, 0.000000000000000000, 0.000000000000000000 ) ) ;
#997 = CIRCLE ( 'NONE', #2006, 0.2999999999999999889 ) ;
#998 = CARTESIAN_POINT ( 'NONE',  ( 8.787215781903366718, -21.83242866418925843, 6.081515810511090692 ) ) ;
#999 = EDGE_LOOP ( 'NONE', ( #883, #2319, #1223, #765 ) ) ;
#1000 = DIRECTION ( 'NONE',  ( 0.9329024083413325341, -0.3601292774975974331, 0.000000000000000000 ) ) ;
#1001 = DIRECTION ( 'NONE',  ( 1.000000000000000000, -0.000000000000000000, -0.000000000000000000 ) ) ;
#1002 = ORIENTED_EDGE ( 'NONE', *, *, #1274, .F. ) ;
#1003 = CONICAL_SURFACE ( 'NONE', #964, 3.100000000000000533, 0.7853981633974489451 ) ;
#1004 = CARTESIAN_POINT ( 'NONE',  ( 3.140820210490268050, -24.16827740508879074, 7.241336922396919284 ) ) ;
#1005 = EDGE_CURVE ( 'NONE', #373, #2404, #1965, .T. ) ;
#1006 = DIRECTION ( 'NONE',  ( 0.000000000000000000, 0.000000000000000000, -1.000000000000000000 ) ) ;
#1007 = VECTOR ( 'NONE', #611, 1000.000000000000000 ) ;
#1008 = CARTESIAN_POINT ( 'NONE',  ( 10.62461462387981470, 4.400859472198536793, 5.500000000000000000 ) ) ;
#1009 = CARTESIAN_POINT ( 'NONE',  ( 8.924614623879817188, 4.400859472198536793, -6.938893903907228378E-15 ) ) ;
#1010 = VERTEX_POINT ( 'NONE', #751 ) ;
#1011 = AXIS2_PLACEMENT_3D ( 'NONE', #541, #370, #2059 ) ;
#1012 = CARTESIAN_POINT ( 'NONE',  ( 1.665160101214171018, -23.26924934641792575, 6.473235487816695333 ) ) ;
#1013 = ORIENTED_EDGE ( 'NONE', *, *, #657, .F. ) ;
#1014 = CARTESIAN_POINT ( 'NONE',  ( 7.500000000000000000, -33.67544467966323651, 19.99999999999999645 ) ) ;
#1015 = ORIENTED_EDGE ( 'NONE', *, *, #2101, .T. ) ;
#1016 = APPROVAL_ROLE ( '' ) ;
#1017 = DIRECTION ( 'NONE',  ( 0.000000000000000000, 1.000000000000000000, -0.000000000000000000 ) ) ;
#1018 = ADVANCED_FACE ( 'NONE', ( #334 ), #819, .T. ) ;
#1019 = FACE_OUTER_BOUND ( 'NONE', #1074, .T. ) ;
#1020 = CARTESIAN_POINT ( 'NONE',  ( 15.69999999999999929, 0.000000000000000000, 0.2999999999999999334 ) ) ;
#1021 = CIRCLE ( 'NONE', #1747, 0.3000000000000002109 ) ;
#1022 = ORIENTED_EDGE ( 'NONE', *, *, #577, .T. ) ;
#1023 = ADVANCED_FACE ( 'NONE', ( #1879 ), #651, .T. ) ;
#1024 = DIRECTION ( 'NONE',  ( -0.000000000000000000, 0.000000000000000000, 1.000000000000000000 ) ) ;
#1025 = VECTOR ( 'NONE', #377, 1000.000000000000000 ) ;
#1026 = EDGE_LOOP ( 'NONE', ( #1718, #396, #1893, #293 ) ) ;
#1027 = CARTESIAN_POINT ( 'NONE',  ( 4.900000000000004796, -45.17463617118462338, 3.636363636363638907 ) ) ;
#1028 = ORIENTED_EDGE ( 'NONE', *, *, #1714, .F. ) ;
#1029 = PERSON_AND_ORGANIZATION_ROLE ( 'creator' ) ;
#1030 = ADVANCED_FACE ( 'NONE', ( #25 ), #774, .F. ) ;
#1031 = DIRECTION ( 'NONE',  ( 0.000000000000000000, 0.000000000000000000, 1.000000000000000000 ) ) ;
#1032 = CARTESIAN_POINT ( 'NONE',  ( 4.600000000000000533, -45.00214829881181089, 3.881818181818185387 ) ) ;
#1033 = DIRECTION ( 'NONE',  ( -0.000000000000000000, -0.000000000000000000, 1.000000000000000000 ) ) ;
#1034 = ORIENTED_EDGE ( 'NONE', *, *, #2023, .F. ) ;
#1035 = AXIS2_PLACEMENT_3D ( 'NONE', #1548, #1923, #255 ) ;
#1036 = ORIENTED_EDGE ( 'NONE', *, *, #341, .F. ) ;
#1037 = DIRECTION ( 'NONE',  ( 0.000000000000000000, -1.000000000000000000, 0.000000000000000000 ) ) ;
#1038 = CIRCLE ( 'NONE', #1684, 0.2999999999999999889 ) ;
#1039 = AXIS2_PLACEMENT_3D ( 'NONE', #1144, #2078, #1697 ) ;
#1040 = ORIENTED_EDGE ( 'NONE', *, *, #351, .F. ) ;
#1041 = DIRECTION ( 'NONE',  ( -0.9329024083413279822, 0.3601292774976094790, 0.000000000000000000 ) ) ;
#1042 = CIRCLE ( 'NONE', #1769, 0.7249999999999982014 ) ;
#1043 = ORIENTED_EDGE ( 'NONE', *, *, #2300, .T. ) ;
#1044 = LINE ( 'NONE', #1599, #2416 ) ;
#1045 = EDGE_CURVE ( 'NONE', #1709, #1108, #906, .T. ) ;
#1046 = CIRCLE ( 'NONE', #2328, 2.700000000004365575 ) ;
#1047 = DIRECTION ( 'NONE',  ( 0.000000000000000000, 1.156482317317871607E-14, 1.000000000000000000 ) ) ;
#1048 = CARTESIAN_POINT ( 'NONE',  ( 3.549999999999991385, -40.00000000000000000, 14.24999999999999822 ) ) ;
#1049 = ORIENTED_EDGE ( 'NONE', *, *, #639, .F. ) ;
#1050 = EDGE_LOOP ( 'NONE', ( #1084, #782, #761, #1807 ) ) ;
#1051 = DIRECTION ( 'NONE',  ( 1.000000000000000000, 0.000000000000000000, 0.000000000000000000 ) ) ;
#1052 = ORIENTED_EDGE ( 'NONE', *, *, #953, .F. ) ;
#1053 = DIRECTION ( 'NONE',  ( 1.000000000000000000, 0.000000000000000000, 0.000000000000000000 ) ) ;
#1054 = CIRCLE ( 'NONE', #811, 0.7499999999999885647 ) ;
#1055 = ORIENTED_EDGE ( 'NONE', *, *, #1506, .T. ) ;
#1056 = CARTESIAN_POINT ( 'NONE',  ( 4.899999999999999467, -40.00000000000000000, 11.00000000000000000 ) ) ;
#1057 = DIRECTION ( 'NONE',  ( 0.000000000000000000, 0.000000000000000000, 1.000000000000000000 ) ) ;
#1058 = CARTESIAN_POINT ( 'NONE',  ( 4.400859472198561662, 10.62461462387978450, 5.500000000000000000 ) ) ;
#1059 = FACE_OUTER_BOUND ( 'NONE', #1204, .T. ) ;
#1060 = EDGE_CURVE ( 'NONE', #1184, #2104, #180, .T. ) ;
#1061 = CARTESIAN_POINT ( 'NONE',  ( 10.62461462387978628, -4.400859472198561662, 6.000000000000000000 ) ) ;
#1062 = CARTESIAN_POINT ( 'NONE',  ( 5.000000000000000888, -40.00000000000000000, 11.00000000000000000 ) ) ;
#1063 = ADVANCED_FACE ( 'NONE', ( #895 ), #884, .F. ) ;
#1064 = VERTEX_POINT ( 'NONE', #1812 ) ;
#1065 = DIRECTION ( 'NONE',  ( 0.000000000000000000, 0.000000000000000000, 1.000000000000000000 ) ) ;
#1066 = ADVANCED_FACE ( 'NONE', ( #2384 ), #605, .T. ) ;
#1067 = ORIENTED_EDGE ( 'NONE', *, *, #355, .T. ) ;
#1068 = CARTESIAN_POINT ( 'NONE',  ( 2.100000000000004530, 13.49999999999999822, 1.750000000000013323 ) ) ;
#1069 = PLANE ( 'NONE',  #584 ) ;
#1070 = ORIENTED_EDGE ( 'NONE', *, *, #952, .T. ) ;
#1071 = DIRECTION ( 'NONE',  ( 1.000000000000000000, 0.000000000000000000, 0.000000000000000000 ) ) ;
#1072 = CIRCLE ( 'NONE', #2317, 0.7249999999999982014 ) ;
#1073 = EDGE_CURVE ( 'NONE', #290, #1229, #1192, .T. ) ;
#1074 = EDGE_LOOP ( 'NONE', ( #1377, #411, #2079, #2177 ) ) ;
#1075 = CARTESIAN_POINT ( 'NONE',  ( 9.233057027257652649, -19.67754166548064632, 5.773211862854068066 ) ) ;
#1076 = ORIENTED_EDGE ( 'NONE', *, *, #952, .F. ) ;
#1077 = FACE_BOUND ( 'NONE', #1380, .T. ) ;
#1078 = EDGE_CURVE ( 'NONE', #2191, #1606, #2246, .T. ) ;
#1079 = DIRECTION ( 'NONE',  ( 1.000000000000000000, 0.000000000000000000, 0.000000000000000000 ) ) ;
#1080 = FACE_OUTER_BOUND ( 'NONE', #2143, .T. ) ;
#1081 = ORIENTED_EDGE ( 'NONE', *, *, #1234, .F. ) ;
#1082 = CARTESIAN_POINT ( 'NONE',  ( 9.899614623879784858, -4.400859472198561662, 5.500000000000000000 ) ) ;
#1083 = TOROIDAL_SURFACE ( 'NONE', #2213, 15.29999999999999893, 0.2999999999999999889 ) ;
#1084 = ORIENTED_EDGE ( 'NONE', *, *, #589, .F. ) ;
#1085 = FACE_OUTER_BOUND ( 'NONE', #1086, .T. ) ;
#1086 = EDGE_LOOP ( 'NONE', ( #2113, #1100, #169, #1227, #1544, #388 ) ) ;
#1087 = VECTOR ( 'NONE', #1680, 1000.000000000000000 ) ;
#1088 = DIRECTION ( 'NONE',  ( 0.000000000000000000, 0.000000000000000000, -1.000000000000000000 ) ) ;
#1089 = EDGE_LOOP ( 'NONE', ( #1853, #538, #680, #1636 ) ) ;
#1090 = CARTESIAN_POINT ( 'NONE',  ( 9.233057027257650873, -19.64822860872080668, 6.071776336131440743 ) ) ;
#1091 = EDGE_CURVE ( 'NONE', #1455, #1905, #1195, .T. ) ;
#1092 = DIRECTION ( 'NONE',  ( 0.000000000000000000, -1.000000000000000000, 0.000000000000000000 ) ) ;
#1093 = DIRECTION ( 'NONE',  ( 0.000000000000000000, 0.000000000000000000, 1.000000000000000000 ) ) ;
#1094 = CARTESIAN_POINT ( 'NONE',  ( 10.62461462387981470, 4.400859472198536793, 4.099999999999999645 ) ) ;
#1095 = EDGE_CURVE ( 'NONE', #1941, #1447, #2289, .T. ) ;
#1096 = VERTEX_POINT ( 'NONE', #1931 ) ;
#1097 = CARTESIAN_POINT ( 'NONE',  ( 4.899999999999997691, -33.67544467966323651, 0.2999999999999999889 ) ) ;
#1098 = ORIENTED_EDGE ( 'NONE', *, *, #2232, .F. ) ;
#1099 = CARTESIAN_POINT ( 'NONE',  ( 25.00000000000000000, -22.69999999999999929, 6.382104175607510754 ) ) ;
#1100 = ORIENTED_EDGE ( 'NONE', *, *, #1692, .T. ) ;
#1101 = CARTESIAN_POINT ( 'NONE',  ( 12.32461462387981399, 4.400859472198536793, 4.099999999999999645 ) ) ;
#1102 = DIRECTION ( 'NONE',  ( -1.000000000000000000, -0.000000000000000000, -0.000000000000000000 ) ) ;
#1103 = CARTESIAN_POINT ( 'NONE',  ( 0.09999999999999245603, -22.69999999999999929, 6.682104175607507912 ) ) ;
#1104 = VECTOR ( 'NONE', #1373, 1000.000000000000000 ) ;
#1105 = ORIENTED_EDGE ( 'NONE', *, *, #330, .T. ) ;
#1106 = DIRECTION ( 'NONE',  ( -0.000000000000000000, -1.000000000000000000, -0.000000000000000000 ) ) ;
#1107 = EDGE_CURVE ( 'NONE', #2074, #216, #1545, .T. ) ;
#1108 = VERTEX_POINT ( 'NONE', #266 ) ;
#1109 = AXIS2_PLACEMENT_3D ( 'NONE', #347, #1092, #1834 ) ;
#1110 = DIRECTION ( 'NONE',  ( 1.000000000000000000, 0.000000000000000000, 0.000000000000000000 ) ) ;
#1111 = VERTEX_POINT ( 'NONE', #2128 ) ;
#1112 = VECTOR ( 'NONE', #248, 1000.000000000000000 ) ;
#1113 = DIRECTION ( 'NONE',  ( -0.5150380749100549327, 0.000000000000000000, 0.8571673007021118895 ) ) ;
#1114 = DIRECTION ( 'NONE',  ( 0.000000000000000000, -1.000000000000000000, 0.000000000000000000 ) ) ;
#1115 = CARTESIAN_POINT ( 'NONE',  ( 0.000000000000000000, -18.18257577072857245, 21.00000000000000000 ) ) ;
#1116 = VECTOR ( 'NONE', #875, 1000.000000000000000 ) ;
#1117 = EDGE_LOOP ( 'NONE', ( #2033, #1633, #1241, #476 ) ) ;
#1118 = CARTESIAN_POINT ( 'NONE',  ( 10.09003097379164871, -18.29061455397785352, 5.700000000000000178 ) ) ;
#1119 = AXIS2_PLACEMENT_3D ( 'NONE', #285, #2374, #1981 ) ;
#1120 = VERTEX_POINT ( 'NONE', #1027 ) ;
#1121 = CARTESIAN_POINT ( 'NONE',  ( 0.000000000000000000, 0.000000000000000000, 0.000000000000000000 ) ) ;
#1122 = ORIENTED_EDGE ( 'NONE', *, *, #1330, .T. ) ;
#1123 = AXIS2_PLACEMENT_3D ( 'NONE', #2424, #935, #737 ) ;
#1124 = CARTESIAN_POINT ( 'NONE',  ( 0.000000000000000000, 16.00000000000000000, 5.700000000000000178 ) ) ;
#1125 = AXIS2_PLACEMENT_3D ( 'NONE', #2209, #2382, #1641 ) ;
#1126 = CARTESIAN_POINT ( 'NONE',  ( 7.500000000000000000, -40.00000000000000000, 11.00000000000000000 ) ) ;
#1127 = PLANE ( 'NONE',  #2048 ) ;
#1128 = ADVANCED_FACE ( 'NONE', ( #1356 ), #839, .T. ) ;
#1129 = DIRECTION ( 'NONE',  ( 0.000000000000000000, 0.000000000000000000, 1.000000000000000000 ) ) ;
#1130 = VERTEX_POINT ( 'NONE', #47 ) ;
#1131 = CARTESIAN_POINT ( 'NONE',  ( 7.647595274096775420, -27.58380400817229372, 8.893131849894050589 ) ) ;
#1132 = AXIS2_PLACEMENT_3D ( 'NONE', #2242, #1825, #525 ) ;
#1133 = CARTESIAN_POINT ( 'NONE',  ( 7.200000000000000178, -33.67544467966323651, 0.2999999999999930500 ) ) ;
#1134 = EDGE_LOOP ( 'NONE', ( #2270, #1201, #1122, #1028 ) ) ;
#1135 = CARTESIAN_POINT ( 'NONE',  ( 0.4192644649976633997, -23.00000000000000000, 6.382104176421425024 ) ) ;
#1136 = CIRCLE ( 'NONE', #394, 3.799999999955616659 ) ;
#1137 = CARTESIAN_POINT ( 'NONE',  ( -1.463452924981084508E-15, -13.49999999999999822, 2.500000000000000000 ) ) ;
#1138 = CARTESIAN_POINT ( 'NONE',  ( 0.000000000000000000, -13.49999999999999822, 2.500000000000000000 ) ) ;
#1139 = ADVANCED_FACE ( 'NONE', ( #230 ), #2105, .F. ) ;
#1140 = DIRECTION ( 'NONE',  ( 1.000000000000000000, 0.000000000000000000, 0.000000000000000000 ) ) ;
#1141 = CARTESIAN_POINT ( 'NONE',  ( 12.32461462387981399, 4.400859472198536793, -6.938893903907228378E-15 ) ) ;
#1142 = EDGE_CURVE ( 'NONE', #504, #400, #1774, .T. ) ;
#1143 = CARTESIAN_POINT ( 'NONE',  ( 9.512927749760050844, -19.78558044872992738, 5.773211862854068954 ) ) ;
#1144 = CARTESIAN_POINT ( 'NONE',  ( 5.000000000000000888, -40.00000000000000000, 11.00000000000000000 ) ) ;
#1145 = ORIENTED_EDGE ( 'NONE', *, *, #1005, .T. ) ;
#1146 = CARTESIAN_POINT ( 'NONE',  ( 0.7149283074823280515, -23.03174747622096064, 6.799556948714885252 ) ) ;
#1147 = CARTESIAN_POINT ( 'NONE',  ( 0.000000000000000000, 0.000000000000000000, 6.000000000000000000 ) ) ;
#1148 = ADVANCED_FACE ( 'NONE', ( #424 ), #2117, .T. ) ;
#1149 = CIRCLE ( 'NONE', #1538, 3.050000000000010925 ) ;
#1150 = CARTESIAN_POINT ( 'NONE',  ( 4.899999999999999467, -27.31730540726918477, 9.102239098582177945 ) ) ;
#1151 = DIRECTION ( 'NONE',  ( 2.168404344971009115E-16, -1.000000000000000000, 0.000000000000000000 ) ) ;
#1152 = AXIS2_PLACEMENT_3D ( 'NONE', #2286, #428, #596 ) ;
#1153 = CARTESIAN_POINT ( 'NONE',  ( 4.424634190070829476, -26.22555206203093547, 7.928538949221798582 ) ) ;
#1154 = VECTOR ( 'NONE', #627, 1000.000000000000000 ) ;
#1155 = ORIENTED_EDGE ( 'NONE', *, *, #227, .T. ) ;
#1156 = DIRECTION ( 'NONE',  ( 0.000000000000000000, 0.000000000000000000, -1.000000000000000000 ) ) ;
#1157 = CARTESIAN_POINT ( 'NONE',  ( 0.000000000000000000, 13.49999999999999822, 2.500000000000000000 ) ) ;
#1158 = AXIS2_PLACEMENT_3D ( 'NONE', #586, #2123, #974 ) ;
#1159 = VERTEX_POINT ( 'NONE', #251 ) ;
#1160 = ADVANCED_FACE ( 'NONE', ( #456 ), #1003, .F. ) ;
#1161 = CARTESIAN_POINT ( 'NONE',  ( 2.491264871406074999, -23.67527363540422414, 6.622943730945532792 ) ) ;
#1162 = CARTESIAN_POINT ( 'NONE',  ( 4.999999999956434849, -40.00000000000000000, 11.00000000000000000 ) ) ;
#1163 = B_SPLINE_CURVE_WITH_KNOTS ( 'NONE', 3,
 ( #986, #1541, #998, #2290, #810, #2103, #638, #613, #431, #1388, #1179, #1917 ),
 .UNSPECIFIED., .F., .F.,
 ( 4, 2, 2, 2, 2, 4 ),
 ( 0.000000000000000000, 0.003284077903941706473, 0.006568155807883412946, 0.008210194759854266833, 0.009852233711825118118, 0.01313631161576681722 ),
 .UNSPECIFIED. ) ;
#1164 = CYLINDRICAL_SURFACE ( 'NONE', #2357, 0.7499999999999876765 ) ;
#1165 = CARTESIAN_POINT ( 'NONE',  ( 0.000000000000000000, -22.69999999999999929, 6.382104175607510754 ) ) ;
#1166 = CIRCLE ( 'NONE', #110, 0.2999999999999999889 ) ;
#1167 = CIRCLE ( 'NONE', #1399, 15.00000000000000355 ) ;
#1168 = EDGE_CURVE ( 'NONE', #697, #691, #2331, .T. ) ;
#1169 = EDGE_CURVE ( 'NONE', #899, #2043, #2370, .T. ) ;
#1170 = FACE_BOUND ( 'NONE', #1943, .T. ) ;
#1171 = VERTEX_POINT ( 'NONE', #2292 ) ;
#1172 = CARTESIAN_POINT ( 'NONE',  ( 10.62461462387981470, 4.400859472198536793, -6.938893903907228378E-15 ) ) ;
#1173 = CARTESIAN_POINT ( 'NONE',  ( 0.000000000000000000, 16.00000000000000000, 6.000000000000000000 ) ) ;
#1174 = ORIENTED_EDGE ( 'NONE', *, *, #1205, .F. ) ;
#1175 = DIRECTION ( 'NONE',  ( 1.000000000000000000, 0.000000000000000000, 0.000000000000000000 ) ) ;
#1176 = CARTESIAN_POINT ( 'NONE',  ( 0.000000000000000000, -23.00000000000000000, 6.382104175607510754 ) ) ;
#1177 = FACE_OUTER_BOUND ( 'NONE', #1268, .T. ) ;
#1178 = DIRECTION ( 'NONE',  ( -1.000000000000000000, -0.000000000000000000, -0.000000000000000000 ) ) ;
#1179 = CARTESIAN_POINT ( 'NONE',  ( 7.499999999999990230, -29.94902969223709022, 11.15047859956060528 ) ) ;
#1180 = EDGE_CURVE ( 'NONE', #2191, #2206, #1975, .T. ) ;
#1181 = ORIENTED_EDGE ( 'NONE', *, *, #1487, .F. ) ;
#1182 = DIRECTION ( 'NONE',  ( 1.000000000000000000, 0.000000000000000000, 0.000000000000000000 ) ) ;
#1183 = CARTESIAN_POINT ( 'NONE',  ( 0.000000000000000000, 15.69999999999999929, 0.2999999999999999334 ) ) ;
#1184 = VERTEX_POINT ( 'NONE', #1367 ) ;
#1185 = CARTESIAN_POINT ( 'NONE',  ( 0.09999999999999246991, -23.00000000000000355, 6.788813002938237418 ) ) ;
#1186 = ORGANIZATION ( 'UNSPECIFIED', 'UNSPECIFIED', '' ) ;
#1187 = FACE_OUTER_BOUND ( 'NONE', #87, .T. ) ;
#1188 = DIRECTION ( 'NONE',  ( -0.000000000000000000, 0.000000000000000000, 1.000000000000000000 ) ) ;
#1189 = ORIENTED_EDGE ( 'NONE', *, *, #2007, .T. ) ;
#1190 = LINE ( 'NONE', #263, #408 ) ;
#1191 = EDGE_CURVE ( 'NONE', #204, #1130, #1275, .T. ) ;
#1192 = LINE ( 'NONE', #74, #567 ) ;
#1193 = DIRECTION ( 'NONE',  ( -0.000000000000000000, 0.000000000000000000, 1.000000000000000000 ) ) ;
#1194 = EDGE_LOOP ( 'NONE', ( #1871, #2340, #345, #452, #1832 ) ) ;
#1195 = CIRCLE ( 'NONE', #1467, 2.500000000000000444 ) ;
#1196 = COORDINATED_UNIVERSAL_TIME_OFFSET ( 8, 0, .AHEAD. ) ;
#1197 = CARTESIAN_POINT ( 'NONE',  ( 37.49999999999999289, -30.58945877365794530, -6.938893903907228378E-15 ) ) ;
#1198 = AXIS2_PLACEMENT_3D ( 'NONE', #1691, #223, #1336 ) ;
#1199 = DIRECTION ( 'NONE',  ( -0.3601292774976005973, -0.9329024083413313129, -0.000000000000000000 ) ) ;
#1200 = CARTESIAN_POINT ( 'NONE',  ( 10.62461462387978628, -4.400859472198561662, 6.000000000000000000 ) ) ;
#1201 = ORIENTED_EDGE ( 'NONE', *, *, #2415, .T. ) ;
#1202 = AXIS2_PLACEMENT_3D ( 'NONE', #1648, #163, #2215 ) ;
#1203 = CARTESIAN_POINT ( 'NONE',  ( 7.499999999897317693, -40.00000000000000000, 14.79999999984192982 ) ) ;
#1204 = EDGE_LOOP ( 'NONE', ( #115, #570, #1954, #1698 ) ) ;
#1205 = EDGE_CURVE ( 'NONE', #1789, #1437, #1046, .T. ) ;
#1206 = CARTESIAN_POINT ( 'NONE',  ( -1.463452924981084508E-15, 13.49999999999999822, 2.500000000000000000 ) ) ;
#1207 = ORIENTED_EDGE ( 'NONE', *, *, #694, .F. ) ;
#1208 = DATE_AND_TIME ( #459, #2361 ) ;
#1209 = DIRECTION ( 'NONE',  ( -1.000000000000000000, -2.168404344971009115E-16, 0.000000000000000000 ) ) ;
#1210 = DIRECTION ( 'NONE',  ( 1.000000000000000000, 0.000000000000000000, 0.000000000000000000 ) ) ;
#1211 = FACE_OUTER_BOUND ( 'NONE', #740, .T. ) ;
#1212 = VERTEX_POINT ( 'NONE', #1638 ) ;
#1213 = FACE_OUTER_BOUND ( 'NONE', #802, .T. ) ;
#1214 = ORIENTED_EDGE ( 'NONE', *, *, #1809, .F. ) ;
#1215 = CARTESIAN_POINT ( 'NONE',  ( 4.900000000000001243, -48.70000000000000284, 11.00000000000000000 ) ) ;
#1216 = EDGE_CURVE ( 'NONE', #1386, #520, #1798, .T. ) ;
#1217 = ORIENTED_EDGE ( 'NONE', *, *, #468, .F. ) ;
#1218 = CONICAL_SURFACE ( 'NONE', #1717, 3.799999999841929821, 0.7853981635395568262 ) ;
#1219 = CARTESIAN_POINT ( 'NONE',  ( 0.000000000000000000, 0.000000000000000000, 0.000000000000000000 ) ) ;
#1220 = DIRECTION ( 'NONE',  ( 0.7071067811865536790, 8.659560562354860135E-17, 0.7071067811865414665 ) ) ;
#1221 = ORIENTED_EDGE ( 'NONE', *, *, #2278, .T. ) ;
#1222 =( GEOMETRIC_REPRESENTATION_CONTEXT ( 3 ) GLOBAL_UNCERTAINTY_ASSIGNED_CONTEXT ( ( #312 ) ) GLOBAL_UNIT_ASSIGNED_CONTEXT ( ( #310, #843, #1231 ) ) REPRESENTATION_CONTEXT ( 'NONE', 'WORKASPACE' ) );
#1223 = ORIENTED_EDGE ( 'NONE', *, *, #238, .F. ) ;
#1224 = LINE ( 'NONE', #2367, #62 ) ;
#1225 = AXIS2_PLACEMENT_3D ( 'NONE', #1855, #1673, #1876 ) ;
#1226 = AXIS2_PLACEMENT_3D ( 'NONE', #2118, #801, #606 ) ;
#1227 = ORIENTED_EDGE ( 'NONE', *, *, #1995, .F. ) ;
#1228 = CARTESIAN_POINT ( 'NONE',  ( 4.400859472198540345, -10.62461462387981292, 5.500000000000000000 ) ) ;
#1229 = VERTEX_POINT ( 'NONE', #1594 ) ;
#1230 = EDGE_CURVE ( 'NONE', #2425, #1905, #2356, .T. ) ;
#1231 =( NAMED_UNIT ( * ) SI_UNIT ( $, .STERADIAN. ) SOLID_ANGLE_UNIT ( ) );
#1232 = CARTESIAN_POINT ( 'NONE',  ( 0.09999999999999245603, -23.00000000000000000, 0.2999999999999999889 ) ) ;
#1233 = AXIS2_PLACEMENT_3D ( 'NONE', #1378, #641, #1182 ) ;
#1234 = EDGE_CURVE ( 'NONE', #2025, #1960, #2166, .T. ) ;
#1235 = DIRECTION ( 'NONE',  ( 0.000000000000000000, 0.000000000000000000, -1.000000000000000000 ) ) ;
#1236 = CARTESIAN_POINT ( 'NONE',  ( 0.000000000000000000, 0.000000000000000000, 0.2999999999999999334 ) ) ;
#1237 = ORIENTED_EDGE ( 'NONE', *, *, #355, .F. ) ;
#1238 = EDGE_LOOP ( 'NONE', ( #1049, #812, #1707, #2119 ) ) ;
#1239 = DIRECTION ( 'NONE',  ( -1.000000000000000000, -0.000000000000000000, -0.000000000000000000 ) ) ;
#1240 = AXIS2_PLACEMENT_3D ( 'NONE', #2139, #2151, #1051 ) ;
#1241 = ORIENTED_EDGE ( 'NONE', *, *, #442, .T. ) ;
#1242 = DIRECTION ( 'NONE',  ( 1.000000000000000000, 0.000000000000000000, 0.000000000000000000 ) ) ;
#1243 = AXIS2_PLACEMENT_3D ( 'NONE', #867, #1031, #95 ) ;
#1244 = ORIENTED_EDGE ( 'NONE', *, *, #1384, .T. ) ;
#1245 = PERSON_AND_ORGANIZATION ( #1481, #1186 ) ;
#1246 = CARTESIAN_POINT ( 'NONE',  ( 4.599999999999999645, -40.00000000000000000, -6.938893903907228378E-15 ) ) ;
#1247 = DIRECTION ( 'NONE',  ( 0.000000000000000000, 0.000000000000000000, 1.000000000000000000 ) ) ;
#1248 = DIRECTION ( 'NONE',  ( 1.000000000000000000, 0.000000000000000000, 0.000000000000000000 ) ) ;
#1249 = EDGE_LOOP ( 'NONE', ( #1002, #664 ) ) ;
#1250 = CARTESIAN_POINT ( 'NONE',  ( 0.000000000000000000, -15.50000000000000000, 5.500000000000000000 ) ) ;
#1251 = AXIS2_PLACEMENT_3D ( 'NONE', #2349, #1792, #846 ) ;
#1252 = ORIENTED_EDGE ( 'NONE', *, *, #1972, .T. ) ;
#1253 = CIRCLE ( 'NONE', #200, 1.699999999999999289 ) ;
#1254 = DIRECTION ( 'NONE',  ( -0.000000000000000000, -0.000000000000000000, 1.000000000000000000 ) ) ;
#1255 = EDGE_CURVE ( 'NONE', #1768, #2386, #2154, .T. ) ;
#1256 = ORIENTED_EDGE ( 'NONE', *, *, #330, .F. ) ;
#1257 = AXIS2_PLACEMENT_3D ( 'NONE', #1126, #957, #1863 ) ;
#1258 = CARTESIAN_POINT ( 'NONE',  ( 0.4368546401743521601, -22.61142305432801081, 6.668729583928930005 ) ) ;
#1259 = DIRECTION ( 'NONE',  ( 1.000000000000000000, 0.000000000000000000, 0.000000000000000000 ) ) ;
#1260 = CARTESIAN_POINT ( 'NONE',  ( 4.599999999999999645, -40.00000000000000000, 11.00000000000000000 ) ) ;
#1261 = ORIENTED_EDGE ( 'NONE', *, *, #2232, .T. ) ;
#1262 = DIRECTION ( 'NONE',  ( 1.000000000000000000, 0.000000000000000000, 0.000000000000000000 ) ) ;
#1263 = AXIS2_PLACEMENT_3D ( 'NONE', #1020, #474, #1966 ) ;
#1264 = ORIENTED_EDGE ( 'NONE', *, *, #669, .F. ) ;
#1265 = CARTESIAN_POINT ( 'NONE',  ( 3.349999999999998757, -40.00000000000000000, 14.05000000000000959 ) ) ;
#1266 = VECTOR ( 'NONE', #340, 1000.000000000000000 ) ;
#1267 = EDGE_CURVE ( 'NONE', #1184, #1353, #480, .T. ) ;
#1268 = EDGE_LOOP ( 'NONE', ( #495, #1244, #604, #27 ) ) ;
#1269 = AXIS2_PLACEMENT_3D ( 'NONE', #1197, #438, #1525 ) ;
#1270 = EDGE_CURVE ( 'NONE', #672, #1766, #1355, .T. ) ;
#1271 = CARTESIAN_POINT ( 'NONE',  ( 3.349999999999998757, -40.00000000000000000, 7.949999999999988631 ) ) ;
#1272 = CARTESIAN_POINT ( 'NONE',  ( 7.626165731635869527, -27.80477443089403877, 9.480463035490990009 ) ) ;
#1273 = DIRECTION ( 'NONE',  ( -1.000000000000000000, -0.000000000000000000, -0.000000000000000000 ) ) ;
#1274 = EDGE_CURVE ( 'NONE', #594, #1656, #303, .T. ) ;
#1275 = CIRCLE ( 'NONE', #2207, 30.00000000000000000 ) ;
#1276 = CYLINDRICAL_SURFACE ( 'NONE', #1605, 20.00000000000000355 ) ;
#1277 = DIRECTION ( 'NONE',  ( 1.000000000000000000, 0.000000000000000000, 0.000000000000000000 ) ) ;
#1278 = AXIS2_PLACEMENT_3D ( 'NONE', #2070, #1704, #1739 ) ;
#1279 = ORIENTED_EDGE ( 'NONE', *, *, #2208, .T. ) ;
#1280 = FACE_OUTER_BOUND ( 'NONE', #888, .T. ) ;
#1281 = EDGE_CURVE ( 'NONE', #2404, #2206, #923, .T. ) ;
#1282 = ORIENTED_EDGE ( 'NONE', *, *, #1728, .F. ) ;
#1283 = AXIS2_PLACEMENT_3D ( 'NONE', #675, #1806, #1784 ) ;
#1284 = CALENDAR_DATE ( 2025, 16, 11 ) ;
#1285 = DIRECTION ( 'NONE',  ( -0.000000000000000000, 1.000000000000000000, 0.000000000000000000 ) ) ;
#1286 = ORIENTED_EDGE ( 'NONE', *, *, #1542, .F. ) ;
#1287 = CARTESIAN_POINT ( 'NONE',  ( 0.000000000000000000, -8.000000000000000000, -6.938893903907228378E-15 ) ) ;
#1288 = CARTESIAN_POINT ( 'NONE',  ( 4.999999999956434849, -40.00000000000000000, 8.300000000052477844 ) ) ;
#1289 = DIRECTION ( 'NONE',  ( -0.000000000000000000, -0.000000000000000000, 1.000000000000000000 ) ) ;
#1290 = VERTEX_POINT ( 'NONE', #1265 ) ;
#1291 = FACE_OUTER_BOUND ( 'NONE', #50, .T. ) ;
#1292 = CC_DESIGN_PERSON_AND_ORGANIZATION_ASSIGNMENT ( #2144, #1598, ( #753 ) ) ;
#1293 = EDGE_LOOP ( 'NONE', ( #130, #1389, #955, #2294 ) ) ;
#1294 = EDGE_CURVE ( 'NONE', #241, #1623, #1583, .T. ) ;
#1295 = CARTESIAN_POINT ( 'NONE',  ( 2.100000000000004530, -13.49999999999999822, 2.500000000000000000 ) ) ;
#1296 = VERTEX_POINT ( 'NONE', #2393 ) ;
#1297 = CARTESIAN_POINT ( 'NONE',  ( 7.199999999999993072, -30.34618655791423336, 12.22238229256590003 ) ) ;
#1298 = DIRECTION ( 'NONE',  ( 0.000000000000000000, 0.000000000000000000, 1.000000000000000000 ) ) ;
#1299 = DIRECTION ( 'NONE',  ( -0.000000000000000000, 0.000000000000000000, 1.000000000000000000 ) ) ;
#1300 = CIRCLE ( 'NONE', #477, 0.2999999999999999889 ) ;
#1301 = ORIENTED_EDGE ( 'NONE', *, *, #1610, .F. ) ;
#1302 = DIRECTION ( 'NONE',  ( 2.168404344971009115E-16, -1.000000000000000000, 0.000000000000000000 ) ) ;
#1303 = EDGE_LOOP ( 'NONE', ( #2188, #1672, #1997 ) ) ;
#1304 = DIRECTION ( 'NONE',  ( -0.000000000000000000, -0.000000000000000000, 1.000000000000000000 ) ) ;
#1305 = EDGE_LOOP ( 'NONE', ( #1214, #1366, #1067, #1402, #1370, #1189, #1221, #2244, #1686 ) ) ;
#1306 = CIRCLE ( 'NONE', #600, 8.000000000000000000 ) ;
#1307 = EDGE_CURVE ( 'NONE', #2346, #565, #1426, .T. ) ;
#1308 = CARTESIAN_POINT ( 'NONE',  ( 7.500000000000000000, -25.00000000000000000, 5.700000000000000178 ) ) ;
#1309 = CARTESIAN_POINT ( 'NONE',  ( 9.810160251289248734, -18.18257577072857245, 6.000000000000001776 ) ) ;
#1310 = ADVANCED_FACE ( 'NONE', ( #853 ), #665, .F. ) ;
#1311 = CARTESIAN_POINT ( 'NONE',  ( 0.09999999999999245603, -27.49999999999999645, 0.2999999999999999889 ) ) ;
#1312 = VECTOR ( 'NONE', #1242, 1000.000000000000000 ) ;
#1313 = CARTESIAN_POINT ( 'NONE',  ( 14.92643853346130633, -5.762068439961598010, 0.2999999999999999889 ) ) ;
#1314 = CIRCLE ( 'NONE', #1471, 3.250000000000002665 ) ;
#1315 = ORIENTED_EDGE ( 'NONE', *, *, #86, .T. ) ;
#1316 = DIRECTION ( 'NONE',  ( -0.000000000000000000, 0.000000000000000000, 1.000000000000000000 ) ) ;
#1317 = CARTESIAN_POINT ( 'NONE',  ( 4.400859472198540345, -10.62461462387981292, 4.099999999999999645 ) ) ;
#1318 = EDGE_CURVE ( 'NONE', #1296, #1455, #2345, .T. ) ;
#1319 = ORIENTED_EDGE ( 'NONE', *, *, #319, .F. ) ;
#1320 = CIRCLE ( 'NONE', #267, 3.249999999999999556 ) ;
#1321 = CARTESIAN_POINT ( 'NONE',  ( 3.806024746481634580, -24.93099923451980260, 7.182651397410173999 ) ) ;
#1322 = CARTESIAN_POINT ( 'NONE',  ( 7.300000000004365219, -40.00000000000000000, 11.00000000000000000 ) ) ;
#1323 = CARTESIAN_POINT ( 'NONE',  ( 5.125859472198559530, 10.62461462387978450, 0.000000000000000000 ) ) ;
#1324 = EDGE_CURVE ( 'NONE', #1439, #594, #2010, .T. ) ;
#1325 = DIRECTION ( 'NONE',  ( -0.7071067811865479058, 8.659560562354937789E-17, 0.7071067811865470176 ) ) ;
#1326 = DIRECTION ( 'NONE',  ( -1.000000000000000000, -2.168404344971009115E-16, -0.000000000000000000 ) ) ;
#1327 = EDGE_LOOP ( 'NONE', ( #2254, #2210, #939, #2352 ) ) ;
#1328 = CARTESIAN_POINT ( 'NONE',  ( 7.200000000000000178, -33.67544467966323651, 0.000000000000000000 ) ) ;
#1329 = CIRCLE ( 'NONE', #276, 3.250000000000002665 ) ;
#1330 = EDGE_CURVE ( 'NONE', #2126, #2223, #2365, .T. ) ;
#1331 = ORIENTED_EDGE ( 'NONE', *, *, #1753, .F. ) ;
#1332 = CARTESIAN_POINT ( 'NONE',  ( 4.502427824127445355, -25.41949665706318484, 7.857433794381873504 ) ) ;
#1333 = AXIS2_PLACEMENT_3D ( 'NONE', #1317, #435, #629 ) ;
#1334 = DIRECTION ( 'NONE',  ( 1.000000000000000000, 0.000000000000000000, 0.000000000000000000 ) ) ;
#1335 = LINE ( 'NONE', #959, #1529 ) ;
#1336 = DIRECTION ( 'NONE',  ( 0.000000000000000000, 0.000000000000000000, -1.000000000000000000 ) ) ;
#1337 = LINE ( 'NONE', #1203, #213 ) ;
#1338 = AXIS2_PLACEMENT_3D ( 'NONE', #769, #1349, #807 ) ;
#1339 = EDGE_CURVE ( 'NONE', #776, #1662, #2369, .T. ) ;
#1340 = ORIENTED_EDGE ( 'NONE', *, *, #780, .T. ) ;
#1341 = CARTESIAN_POINT ( 'NONE',  ( 7.773797486551215385, -26.51787051535745476, 8.517461747615604040 ) ) ;
#1342 = CYLINDRICAL_SURFACE ( 'NONE', #1881, 0.7499999999999876765 ) ;
#1343 = LOCAL_TIME ( 12, 25, 57.00000000000000000, #1977 ) ;
#1344 = ORIENTED_EDGE ( 'NONE', *, *, #1632, .T. ) ;
#1345 = EDGE_CURVE ( 'NONE', #1296, #2425, #483, .T. ) ;
#1346 = CARTESIAN_POINT ( 'NONE',  ( 2.222731116618365199, -23.51984699514099830, 6.564411406195031162 ) ) ;
#1347 = CIRCLE ( 'NONE', #2042, 30.30000000000000782 ) ;
#1348 = AXIS2_PLACEMENT_3D ( 'NONE', #1368, #260, #69 ) ;
#1349 = DIRECTION ( 'NONE',  ( 0.000000000000000000, 0.000000000000000000, -1.000000000000000000 ) ) ;
#1350 = ADVANCED_FACE ( 'NONE', ( #889, #1627 ), #329, .T. ) ;
#1351 = CARTESIAN_POINT ( 'NONE',  ( 7.500000000000000000, -30.58945877365794530, 12.04682993841721839 ) ) ;
#1352 = CIRCLE ( 'NONE', #297, 0.3000000000000008771 ) ;
#1353 = VERTEX_POINT ( 'NONE', #2192 ) ;
#1354 = CARTESIAN_POINT ( 'NONE',  ( 5.000000000000000888, -40.00000000000000000, 7.399999999999998579 ) ) ;
#1355 = CIRCLE ( 'NONE', #259, 0.2999999999999999334 ) ;
#1356 = FACE_OUTER_BOUND ( 'NONE', #2182, .T. ) ;
#1357 = DIRECTION ( 'NONE',  ( -0.000000000000000000, 0.000000000000000000, 1.000000000000000000 ) ) ;
#1358 = ORIENTED_EDGE ( 'NONE', *, *, #729, .T. ) ;
#1359 = CARTESIAN_POINT ( 'NONE',  ( 2.917475702924356984, -23.97708311082691779, 7.159957794757861649 ) ) ;
#1360 = DIRECTION ( 'NONE',  ( 0.000000000000000000, 0.000000000000000000, -1.000000000000000000 ) ) ;
#1361 = CARTESIAN_POINT ( 'NONE',  ( 9.704757507834598229, -19.28865211082087328, 5.724423444008365891 ) ) ;
#1362 = DIRECTION ( 'NONE',  ( 0.000000000000000000, 0.000000000000000000, -1.000000000000000000 ) ) ;
#1363 = AXIS2_PLACEMENT_3D ( 'NONE', #1246, #1209, #2336 ) ;
#1364 = ADVANCED_FACE ( 'NONE', ( #1085 ), #519, .T. ) ;
#1365 = CARTESIAN_POINT ( 'NONE',  ( 4.599999999999992539, -27.25165063831292045, 8.660897329132062339 ) ) ;
#1366 = ORIENTED_EDGE ( 'NONE', *, *, #1234, .T. ) ;
#1367 = CARTESIAN_POINT ( 'NONE',  ( 7.300000000004365219, -40.00000000000000000, 7.400000000051021765 ) ) ;
#1368 = CARTESIAN_POINT ( 'NONE',  ( 0.000000000000000000, 0.000000000000000000, 0.2999999999999999334 ) ) ;
#1369 = ADVANCED_FACE ( 'NONE', ( #534 ), #1495, .T. ) ;
#1370 = ORIENTED_EDGE ( 'NONE', *, *, #1580, .F. ) ;
#1371 = CARTESIAN_POINT ( 'NONE',  ( 4.781749075241015667, -26.24336311916725606, 8.345753745066900819 ) ) ;
#1372 = DIRECTION ( 'NONE',  ( -0.000000000000000000, -0.000000000000000000, -1.000000000000000000 ) ) ;
#1373 = DIRECTION ( 'NONE',  ( -0.000000000000000000, -0.000000000000000000, 1.000000000000000000 ) ) ;
#1374 = LINE ( 'NONE', #441, #2332 ) ;
#1375 = CIRCLE ( 'NONE', #1912, 2.500000000000000444 ) ;
#1376 = DIRECTION ( 'NONE',  ( 1.000000000000000000, -0.000000000000000000, 0.000000000000000000 ) ) ;
#1377 = ORIENTED_EDGE ( 'NONE', *, *, #1294, .T. ) ;
#1378 = CARTESIAN_POINT ( 'NONE',  ( 0.000000000000000000, 0.000000000000000000, 5.999999999999998224 ) ) ;
#1379 = DIRECTION ( 'NONE',  ( 0.000000000000000000, 0.000000000000000000, 1.000000000000000000 ) ) ;
#1380 = EDGE_LOOP ( 'NONE', ( #2052, #2029 ) ) ;
#1381 = DIRECTION ( 'NONE',  ( 1.000000000000000000, 0.000000000000000000, 0.000000000000000000 ) ) ;
#1382 = DIRECTION ( 'NONE',  ( -0.000000000000000000, -0.000000000000000000, 1.000000000000000000 ) ) ;
#1383 = CARTESIAN_POINT ( 'NONE',  ( 0.000000000000000000, 0.000000000000000000, 6.000000000000000000 ) ) ;
#1384 = EDGE_CURVE ( 'NONE', #379, #899, #760, .T. ) ;
#1385 = ADVANCED_FACE ( 'NONE', ( #1505 ), #2076, .T. ) ;
#1386 = VERTEX_POINT ( 'NONE', #374 ) ;
#1387 = AXIS2_PLACEMENT_3D ( 'NONE', #632, #583, #256 ) ;
#1388 = CARTESIAN_POINT ( 'NONE',  ( 7.520192002531667086, -29.22435508432833373, 10.33863303606165296 ) ) ;
#1389 = ORIENTED_EDGE ( 'NONE', *, *, #531, .F. ) ;
#1390 = CARTESIAN_POINT ( 'NONE',  ( 4.899999999999999467, -40.00000000000000000, 0.2999999999999999889 ) ) ;
#1391 = ORIENTED_EDGE ( 'NONE', *, *, #832, .T. ) ;
#1392 = MECHANICAL_CONTEXT ( 'NONE', #178, 'mechanical' ) ;
#1393 = DIRECTION ( 'NONE',  ( -1.000000000000000000, 0.000000000000000000, 0.000000000000000000 ) ) ;
#1394 = TOROIDAL_SURFACE ( 'NONE', #1932, 8.699999999999999289, 0.2999999999999999889 ) ;
#1395 = CARTESIAN_POINT ( 'NONE',  ( 10.09003097379164693, -18.29061455397786062, 5.700000000000001954 ) ) ;
#1396 = LINE ( 'NONE', #869, #1507 ) ;
#1397 = EDGE_LOOP ( 'NONE', ( #2198, #535, #60, #2009 ) ) ;
#1398 = EDGE_CURVE ( 'NONE', #1597, #1662, #2161, .T. ) ;
#1399 = AXIS2_PLACEMENT_3D ( 'NONE', #1115, #185, #2018 ) ;
#1400 = CARTESIAN_POINT ( 'NONE',  ( 2.100000000000004530, 13.49999999999999822, 1.750000000000013323 ) ) ;
#1401 = AXIS2_PLACEMENT_3D ( 'NONE', #1061, #7, #2413 ) ;
#1402 = ORIENTED_EDGE ( 'NONE', *, *, #2395, .T. ) ;
#1403 = DIRECTION ( 'NONE',  ( 0.000000000000000000, 0.5749595745760629484, 0.8181818181818224511 ) ) ;
#1404 = ORIENTED_EDGE ( 'NONE', *, *, #1107, .F. ) ;
#1405 = PERSON_AND_ORGANIZATION_ROLE ( 'design_owner' ) ;
#1406 = CARTESIAN_POINT ( 'NONE',  ( 4.599999999999997868, -32.09118371688911253, 14.62500000000000533 ) ) ;
#1407 = CYLINDRICAL_SURFACE ( 'NONE', #2263, 3.600000000000000977 ) ;
#1408 = DIRECTION ( 'NONE',  ( 0.000000000000000000, 0.000000000000000000, 1.000000000000000000 ) ) ;
#1409 = VERTEX_POINT ( 'NONE', #1118 ) ;
#1410 = ORIENTED_EDGE ( 'NONE', *, *, #1558, .T. ) ;
#1411 = DIRECTION ( 'NONE',  ( 0.000000000000000000, 0.000000000000000000, -1.000000000000000000 ) ) ;
#1412 = EDGE_CURVE ( 'NONE', #615, #176, #1038, .T. ) ;
#1413 = EDGE_LOOP ( 'NONE', ( #268, #2140, #976, #1489 ) ) ;
#1414 = CARTESIAN_POINT ( 'NONE',  ( 3.549999999999991385, -40.00000000000000000, 11.00000000000000000 ) ) ;
#1415 = EDGE_CURVE ( 'NONE', #2346, #1386, #1306, .T. ) ;
#1416 = VERTEX_POINT ( 'NONE', #739 ) ;
#1417 = DATE_AND_TIME ( #667, #1343 ) ;
#1418 = CARTESIAN_POINT ( 'NONE',  ( 1.740147499848847978, -22.88277770798134370, 6.754742678312913640 ) ) ;
#1419 = ADVANCED_FACE ( 'NONE', ( #1280 ), #2021, .T. ) ;
#1420 = FACE_OUTER_BOUND ( 'NONE', #1194, .T. ) ;
#1421 = CYLINDRICAL_SURFACE ( 'NONE', #378, 2.500000000000000444 ) ;
#1422 = VERTEX_POINT ( 'NONE', #949 ) ;
#1423 = ORIENTED_EDGE ( 'NONE', *, *, #2061, .T. ) ;
#1424 = DIRECTION ( 'NONE',  ( -1.000000000000000000, -0.000000000000000000, -0.000000000000000000 ) ) ;
#1425 = VERTEX_POINT ( 'NONE', #191 ) ;
#1426 = LINE ( 'NONE', #142, #1889 ) ;
#1427 = ORIENTED_EDGE ( 'NONE', *, *, #928, .F. ) ;
#1428 = APPLICATION_PROTOCOL_DEFINITION ( 'international standard', 'config_control_design', 1994, #308 ) ;
#1429 = DIRECTION ( 'NONE',  ( 1.000000000000000000, 0.000000000000000000, -0.000000000000000000 ) ) ;
#1430 = VECTOR ( 'NONE', #1254, 1000.000000000000000 ) ;
#1431 = DIRECTION ( 'NONE',  ( 0.9329024083413314239, -0.3601292774976005973, 0.000000000000000000 ) ) ;
#1432 = CARTESIAN_POINT ( 'NONE',  ( 0.09999999999999245603, -23.00000000000000000, 6.382104175607508090 ) ) ;
#1433 = EDGE_LOOP ( 'NONE', ( #2379, #277, #1983, #1570 ) ) ;
#1434 = CARTESIAN_POINT ( 'NONE',  ( 0.000000000000000000, 15.69999999999999929, 6.000000000000000000 ) ) ;
#1435 = ADVANCED_FACE ( 'NONE', ( #1681 ), #2229, .F. ) ;
#1436 = CIRCLE ( 'NONE', #22, 1.699999999999998401 ) ;
#1437 = VERTEX_POINT ( 'NONE', #1664 ) ;
#1438 = DIRECTION ( 'NONE',  ( 1.000000000000000000, 0.000000000000000000, 0.000000000000000000 ) ) ;
#1439 = VERTEX_POINT ( 'NONE', #10 ) ;
#1440 = PLANE ( 'NONE',  #1363 ) ;
#1441 = DIRECTION ( 'NONE',  ( 1.000000000000000000, 0.000000000000000000, 0.000000000000000000 ) ) ;
#1442 = DIRECTION ( 'NONE',  ( 1.000000000000000000, 0.000000000000000000, 0.000000000000000000 ) ) ;
#1443 = ORIENTED_EDGE ( 'NONE', *, *, #516, .T. ) ;
#1444 = CARTESIAN_POINT ( 'NONE',  ( 0.09999999999999245603, -22.69999999999999929, 0.000000000000000000 ) ) ;
#1445 = AXIS2_PLACEMENT_3D ( 'NONE', #412, #1620, #1259 ) ;
#1446 = EDGE_CURVE ( 'NONE', #24, #1010, #395, .T. ) ;
#1447 = VERTEX_POINT ( 'NONE', #1141 ) ;
#1448 = AXIS2_PLACEMENT_3D ( 'NONE', #1295, #917, #714 ) ;
#1449 = DIRECTION ( 'NONE',  ( 0.000000000000000000, 0.000000000000000000, 1.000000000000000000 ) ) ;
#1450 = ORIENTED_EDGE ( 'NONE', *, *, #1646, .T. ) ;
#1451 = EDGE_CURVE ( 'NONE', #1130, #301, #1651, .T. ) ;
#1452 = DIRECTION ( 'NONE',  ( -1.000000000000000000, -0.000000000000000000, -0.000000000000000000 ) ) ;
#1453 = DIRECTION ( 'NONE',  ( -1.000000000000000000, -0.000000000000000000, -0.000000000000000000 ) ) ;
#1454 = CARTESIAN_POINT ( 'NONE',  ( 8.835676719472346008, -20.65744420762012012, 6.170861112724979058 ) ) ;
#1455 = VERTEX_POINT ( 'NONE', #2040 ) ;
#1456 = CARTESIAN_POINT ( 'NONE',  ( 0.000000000000000000, 15.50000000000000000, 5.500000000000000000 ) ) ;
#1457 = ADVANCED_FACE ( 'NONE', ( #2405 ), #92, .T. ) ;
#1458 = EDGE_LOOP ( 'NONE', ( #1756, #2138, #1264, #738 ) ) ;
#1459 = CARTESIAN_POINT ( 'NONE',  ( 7.500859472198540878, -10.62461462387981292, 5.500000000000000000 ) ) ;
#1460 = CIRCLE ( 'NONE', #1576, 8.699999999999999289 ) ;
#1461 = AXIS2_PLACEMENT_3D ( 'NONE', #1532, #1357, #2293 ) ;
#1462 = ORIENTED_EDGE ( 'NONE', *, *, #577, .F. ) ;
#1463 = CIRCLE ( 'NONE', #841, 1.699999999999998401 ) ;
#1464 = DIRECTION ( 'NONE',  ( 1.000000000000000000, 0.000000000000000000, 0.000000000000000000 ) ) ;
#1465 = ORIENTED_EDGE ( 'NONE', *, *, #2208, .F. ) ;
#1466 = DIRECTION ( 'NONE',  ( 0.000000000000000000, 0.9090593428863058545, 0.4166666666666746233 ) ) ;
#1467 = AXIS2_PLACEMENT_3D ( 'NONE', #1744, #825, #1156 ) ;
#1468 = CARTESIAN_POINT ( 'NONE',  ( 2.100000000000004530, 13.49999999999999822, 2.500000000000000000 ) ) ;
#1469 = DIRECTION ( 'NONE',  ( 1.000000000000000000, -0.000000000000000000, 0.000000000000000000 ) ) ;
#1470 = EDGE_CURVE ( 'NONE', #518, #1290, #878, .T. ) ;
#1471 = AXIS2_PLACEMENT_3D ( 'NONE', #99, #830, #1752 ) ;
#1472 = ORIENTED_EDGE ( 'NONE', *, *, #669, .T. ) ;
#1473 = CARTESIAN_POINT ( 'NONE',  ( 0.000000000000000000, 13.49999999999999822, 1.750000000000012434 ) ) ;
#1474 = EDGE_LOOP ( 'NONE', ( #676, #553 ) ) ;
#1475 = CIRCLE ( 'NONE', #1553, 0.2999999999999999334 ) ;
#1476 = AXIS2_PLACEMENT_3D ( 'NONE', #117, #1424, #862 ) ;
#1477 = DIRECTION ( 'NONE',  ( 0.000000000000000000, 0.000000000000000000, -1.000000000000000000 ) ) ;
#1478 = ORIENTED_EDGE ( 'NONE', *, *, #1073, .F. ) ;
#1479 = FACE_OUTER_BOUND ( 'NONE', #555, .T. ) ;
#1480 = CARTESIAN_POINT ( 'NONE',  ( 7.199999999999993072, -30.34618655791423336, 12.22238229256590003 ) ) ;
#1481 = PERSON ( 'UNSPECIFIED', 'UNSPECIFIED', 'UNSPECIFIED', ('UNSPECIFIED'), ('UNSPECIFIED'), ('UNSPECIFIED') ) ;
#1482 = FACE_OUTER_BOUND ( 'NONE', #937, .T. ) ;
#1483 = ORIENTED_EDGE ( 'NONE', *, *, #279, .T. ) ;
#1484 = DIRECTION ( 'NONE',  ( -1.000000000000000000, 0.000000000000000000, 0.000000000000000000 ) ) ;
#1485 = ADVANCED_FACE ( 'NONE', ( #1291 ), #214, .F. ) ;
#1486 = EDGE_LOOP ( 'NONE', ( #1207, #708 ) ) ;
#1487 = EDGE_CURVE ( 'NONE', #1111, #788, #997, .T. ) ;
#1488 = CARTESIAN_POINT ( 'NONE',  ( 7.500000000011004531, -40.00000000000000000, 11.00000000000000000 ) ) ;
#1489 = ORIENTED_EDGE ( 'NONE', *, *, #2402, .T. ) ;
#1490 = CIRCLE ( 'NONE', #2230, 15.29999999999999716 ) ;
#1491 = CARTESIAN_POINT ( 'NONE',  ( 9.233057027257657978, -19.64822860872080668, 6.071776336131439855 ) ) ;
#1492 = DIRECTION ( 'NONE',  ( 0.000000000000000000, 0.000000000000000000, 1.000000000000000000 ) ) ;
#1493 = CARTESIAN_POINT ( 'NONE',  ( 2.100000000000004530, 13.49999999999999822, 2.500000000000000000 ) ) ;
#1494 = VERTEX_POINT ( 'NONE', #409 ) ;
#1495 = CYLINDRICAL_SURFACE ( 'NONE', #371, 3.249999999999999556 ) ;
#1496 = LOCAL_TIME ( 12, 25, 57.00000000000000000, #1196 ) ;
#1497 = ORIENTED_EDGE ( 'NONE', *, *, #1995, .T. ) ;
#1498 = CARTESIAN_POINT ( 'NONE',  ( 8.041306995545184577, -24.83783584763715169, 7.153135842833575175 ) ) ;
#1499 = DIRECTION ( 'NONE',  ( -1.000000000000000000, -0.000000000000000000, -0.000000000000000000 ) ) ;
#1500 = ORIENTED_EDGE ( 'NONE', *, *, #172, .F. ) ;
#1501 = CARTESIAN_POINT ( 'NONE',  ( 3.549999999999991385, -40.00000000000000000, 11.00000000000000000 ) ) ;
#1502 = DIRECTION ( 'NONE',  ( 1.000000000000000000, 2.168404344971009115E-16, 0.000000000000000000 ) ) ;
#1503 = CYLINDRICAL_SURFACE ( 'NONE', #1645, 0.7499999999999876765 ) ;
#1504 = DIRECTION ( 'NONE',  ( 0.000000000000000000, -0.000000000000000000, -1.000000000000000000 ) ) ;
#1505 = FACE_OUTER_BOUND ( 'NONE', #999, .T. ) ;
#1506 = EDGE_CURVE ( 'NONE', #1212, #2346, #1716, .T. ) ;
#1507 = VECTOR ( 'NONE', #2175, 1000.000000000000114 ) ;
#1508 = ORIENTED_EDGE ( 'NONE', *, *, #603, .T. ) ;
#1509 = CARTESIAN_POINT ( 'NONE',  ( 8.809468012078930599, -21.76290544279516936, 6.396301990227212464 ) ) ;
#1510 = FACE_BOUND ( 'NONE', #2241, .T. ) ;
#1511 = ORIENTED_EDGE ( 'NONE', *, *, #86, .F. ) ;
#1512 = AXIS2_PLACEMENT_3D ( 'NONE', #1838, #1277, #360 ) ;
#1513 = DIRECTION ( 'NONE',  ( -0.000000000000000000, -0.000000000000000000, 1.000000000000000000 ) ) ;
#1514 = DIRECTION ( 'NONE',  ( 1.000000000000000000, 0.000000000000000000, 0.000000000000000000 ) ) ;
#1515 = DIRECTION ( 'NONE',  ( 0.000000000000000000, 0.000000000000000000, 1.000000000000000000 ) ) ;
#1516 = CARTESIAN_POINT ( 'NONE',  ( 7.500000000000000000, -18.18257577072857245, 21.00000000000000000 ) ) ;
#1517 = DIRECTION ( 'NONE',  ( 1.000000000000000000, 0.000000000000000000, 0.000000000000000000 ) ) ;
#1518 = ADVANCED_FACE ( 'NONE', ( #1706, #1170 ), #444, .T. ) ;
#1519 = EDGE_CURVE ( 'NONE', #306, #1439, #1742, .T. ) ;
#1520 = ORIENTED_EDGE ( 'NONE', *, *, #1415, .T. ) ;
#1521 = CARTESIAN_POINT ( 'NONE',  ( 7.505258962658904132, -29.70623716086723576, 11.33557044501181288 ) ) ;
#1522 = FACE_OUTER_BOUND ( 'NONE', #206, .T. ) ;
#1523 = EDGE_LOOP ( 'NONE', ( #2355, #2421 ) ) ;
#1524 = CARTESIAN_POINT ( 'NONE',  ( 4.367647957042968265, -26.03679112909125593, 8.217113860936297698 ) ) ;
#1525 = DIRECTION ( 'NONE',  ( -1.000000000000000000, 0.000000000000000000, 0.000000000000000000 ) ) ;
#1526 = DIRECTION ( 'NONE',  ( 0.000000000000000000, 0.000000000000000000, 1.000000000000000000 ) ) ;
#1527 = FACE_BOUND ( 'NONE', #2066, .T. ) ;
#1528 = CARTESIAN_POINT ( 'NONE',  ( 3.239426549449005766, -24.26204032355784790, 6.865800804187128570 ) ) ;
#1529 = VECTOR ( 'NONE', #55, 1000.000000000000000 ) ;
#1530 = ORIENTED_EDGE ( 'NONE', *, *, #2091, .T. ) ;
#1531 = DIRECTION ( 'NONE',  ( 1.000000000000000000, 0.000000000000000000, 0.000000000000000000 ) ) ;
#1532 = CARTESIAN_POINT ( 'NONE',  ( 0.000000000000000000, 0.000000000000000000, 6.000000000000000000 ) ) ;
#1533 = APPROVAL_PERSON_ORGANIZATION ( #269, #934, #1016 ) ;
#1534 = ORIENTED_EDGE ( 'NONE', *, *, #849, .F. ) ;
#1535 = CARTESIAN_POINT ( 'NONE',  ( 4.599999999999992539, -27.49999999999999645, 8.864283880553822215 ) ) ;
#1536 = EDGE_CURVE ( 'NONE', #2104, #1593, #1337, .T. ) ;
#1537 = CARTESIAN_POINT ( 'NONE',  ( 1.300859472198540479, -10.62461462387981292, 5.500000000000000000 ) ) ;
#1538 = AXIS2_PLACEMENT_3D ( 'NONE', #1933, #1546, #1379 ) ;
#1539 = CARTESIAN_POINT ( 'NONE',  ( 2.700859472198541944, -10.62461462387981292, 5.500000000000000000 ) ) ;
#1540 = CARTESIAN_POINT ( 'NONE',  ( 0.09999999999999245603, -22.61142305432801081, 6.668729583928930005 ) ) ;
#1541 = CARTESIAN_POINT ( 'NONE',  ( 9.117673114191667594, -20.80947387942240923, 5.874742967274043437 ) ) ;
#1542 = EDGE_CURVE ( 'NONE', #1422, #2074, #722, .T. ) ;
#1543 = AXIS2_PLACEMENT_3D ( 'NONE', #1014, #1556, #2304 ) ;
#1544 = ORIENTED_EDGE ( 'NONE', *, *, #725, .T. ) ;
#1545 = LINE ( 'NONE', #1906, #1154 ) ;
#1546 = DIRECTION ( 'NONE',  ( -1.000000000000000000, 0.000000000000000000, 0.000000000000000000 ) ) ;
#1547 = ORIENTED_EDGE ( 'NONE', *, *, #153, .T. ) ;
#1548 = CARTESIAN_POINT ( 'NONE',  ( 14.64656781095890281, -5.654029656712326712, 5.700000000000000178 ) ) ;
#1549 = CARTESIAN_POINT ( 'NONE',  ( 9.233057027257657978, -19.64822860872080668, 6.071776336131439855 ) ) ;
#1550 = AXIS2_PLACEMENT_3D ( 'NONE', #2179, #2005, #1071 ) ;
#1551 = CARTESIAN_POINT ( 'NONE',  ( 8.924614623879817188, 4.400859472198536793, 5.500000000000000000 ) ) ;
#1552 = FACE_BOUND ( 'NONE', #189, .T. ) ;
#1553 = AXIS2_PLACEMENT_3D ( 'NONE', #658, #2134, #1057 ) ;
#1554 = CARTESIAN_POINT ( 'NONE',  ( 3.012742906318182534, -24.05561972405295990, 6.777258457236123412 ) ) ;
#1555 = VERTEX_POINT ( 'NONE', #1354 ) ;
#1556 = DIRECTION ( 'NONE',  ( 1.000000000000000000, -0.000000000000000000, 0.000000000000000000 ) ) ;
#1557 = ORIENTED_EDGE ( 'NONE', *, *, #161, .T. ) ;
#1558 = EDGE_CURVE ( 'NONE', #1665, #2191, #1460, .T. ) ;
#1559 = DIRECTION ( 'NONE',  ( 1.000000000000000000, 0.000000000000000000, 0.000000000000000000 ) ) ;
#1560 = AXIS2_PLACEMENT_3D ( 'NONE', #1675, #1452, #2195 ) ;
#1561 = DIRECTION ( 'NONE',  ( 0.3601292774975999866, 0.9329024083413316459, 0.000000000000000000 ) ) ;
#1562 = DIRECTION ( 'NONE',  ( 0.000000000000000000, -1.000000000000000000, 0.000000000000000000 ) ) ;
#1563 = LINE ( 'NONE', #1903, #1843 ) ;
#1564 = EDGE_LOOP ( 'NONE', ( #2419, #2239, #626, #320 ) ) ;
#1565 = CIRCLE ( 'NONE', #513, 9.000000000000001776 ) ;
#1566 = CARTESIAN_POINT ( 'NONE',  ( 4.235751205199793645, -25.70494000289359349, 7.606225535658609260 ) ) ;
#1567 = ORIENTED_EDGE ( 'NONE', *, *, #2041, .F. ) ;
#1568 = DIRECTION ( 'NONE',  ( 1.000000000000000000, 0.000000000000000000, 0.000000000000000000 ) ) ;
#1569 = EDGE_CURVE ( 'NONE', #504, #1815, #421, .T. ) ;
#1570 = ORIENTED_EDGE ( 'NONE', *, *, #238, .T. ) ;
#1571 = AXIS2_PLACEMENT_3D ( 'NONE', #2108, #2258, #804 ) ;
#1572 = DIRECTION ( 'NONE',  ( -0.7071067811865477948, 8.659560562354936556E-17, 0.7071067811865473507 ) ) ;
#1573 = EDGE_CURVE ( 'NONE', #1623, #1999, #1163, .T. ) ;
#1574 = DIRECTION ( 'NONE',  ( -0.9329024083413316459, 0.3601292774975999866, 0.000000000000000000 ) ) ;
#1575 = CYLINDRICAL_SURFACE ( 'NONE', #1814, 0.2999999999999999334 ) ;
#1576 = AXIS2_PLACEMENT_3D ( 'NONE', #2088, #1376, #2314 ) ;
#1577 = ORIENTED_EDGE ( 'NONE', *, *, #2358, .F. ) ;
#1578 = CIRCLE ( 'NONE', #336, 0.7499999999999867883 ) ;
#1579 = LINE ( 'NONE', #1400, #2337 ) ;
#1580 = EDGE_CURVE ( 'NONE', #1096, #122, #2114, .T. ) ;
#1581 = ORIENTED_EDGE ( 'NONE', *, *, #968, .T. ) ;
#1582 = DIRECTION ( 'NONE',  ( 0.000000000000000000, 0.8181818181818225622, -0.5749595745760630594 ) ) ;
#1583 = CIRCLE ( 'NONE', #376, 0.2999999999999995448 ) ;
#1584 = ORIENTED_EDGE ( 'NONE', *, *, #1274, .T. ) ;
#1585 = DIRECTION ( 'NONE',  ( 0.7071067811865536790, 0.000000000000000000, -0.7071067811865414665 ) ) ;
#1586 = AXIS2_PLACEMENT_3D ( 'NONE', #419, #770, #781 ) ;
#1587 = CARTESIAN_POINT ( 'NONE',  ( 7.199999999999998401, -45.17463617118462338, 3.636363636363638907 ) ) ;
#1588 = ORIENTED_EDGE ( 'NONE', *, *, #729, .F. ) ;
#1589 = EDGE_LOOP ( 'NONE', ( #2022, #727, #652, #1070, #281, #1145, #139, #732, #1618, #1391, #357, #1520, #799 ) ) ;
#1590 = CIRCLE ( 'NONE', #1856, 0.7249999999999982014 ) ;
#1591 = CARTESIAN_POINT ( 'NONE',  ( 3.549999999999991385, -40.00000000000000000, 11.00000000000000000 ) ) ;
#1592 = EDGE_CURVE ( 'NONE', #176, #1111, #1190, .T. ) ;
#1593 = VERTEX_POINT ( 'NONE', #2125 ) ;
#1594 = CARTESIAN_POINT ( 'NONE',  ( 2.100000000000004530, -13.49999999999999822, 3.249999999999986677 ) ) ;
#1595 = EDGE_CURVE ( 'NONE', #607, #373, #1347, .T. ) ;
#1596 = ADVANCED_FACE ( 'NONE', ( #478 ), #48, .F. ) ;
#1597 = VERTEX_POINT ( 'NONE', #1082 ) ;
#1598 = PERSON_AND_ORGANIZATION_ROLE ( 'classification_officer' ) ;
#1599 = CARTESIAN_POINT ( 'NONE',  ( 3.675859472198562905, 10.62461462387978450, 6.000000000000000000 ) ) ;
#1600 = DIRECTION ( 'NONE',  ( 2.668805347656624213E-16, -1.000000000000000000, 0.000000000000000000 ) ) ;
#1601 = CARTESIAN_POINT ( 'NONE',  ( 10.62461462387981470, 4.400859472198536793, -6.938893903907228378E-15 ) ) ;
#1602 = CARTESIAN_POINT ( 'NONE',  ( 16.00000000000000000, 0.000000000000000000, 0.2999999999999999334 ) ) ;
#1603 = ORIENTED_EDGE ( 'NONE', *, *, #912, .F. ) ;
#1604 = CARTESIAN_POINT ( 'NONE',  ( 10.62461462387981470, 4.400859472198536793, 4.099999999999999645 ) ) ;
#1605 = AXIS2_PLACEMENT_3D ( 'NONE', #2017, #1102, #1093 ) ;
#1606 = VERTEX_POINT ( 'NONE', #1624 ) ;
#1607 = CARTESIAN_POINT ( 'NONE',  ( 4.400859472198540345, -10.62461462387981292, 5.500000000000000000 ) ) ;
#1608 = ORIENTED_EDGE ( 'NONE', *, *, #1324, .T. ) ;
#1609 = CARTESIAN_POINT ( 'NONE',  ( 2.550645464270667517, -13.49999999999999822, 2.500000000000000000 ) ) ;
#1610 = EDGE_CURVE ( 'NONE', #1934, #1555, #2375, .T. ) ;
#1611 = CARTESIAN_POINT ( 'NONE',  ( 15.69999999999999929, 0.000000000000000000, 0.000000000000000000 ) ) ;
#1612 = CARTESIAN_POINT ( 'NONE',  ( 7.500000000000000000, -40.00000000000000000, 7.399999999999998579 ) ) ;
#1613 = ORIENTED_EDGE ( 'NONE', *, *, #372, .T. ) ;
#1614 = CARTESIAN_POINT ( 'NONE',  ( 1.300859472198540479, -10.62461462387981292, 5.500000000000000000 ) ) ;
#1615 = AXIS2_PLACEMENT_3D ( 'NONE', #2380, #700, #1449 ) ;
#1616 = ORIENTED_EDGE ( 'NONE', *, *, #1451, .F. ) ;
#1617 = CARTESIAN_POINT ( 'NONE',  ( 7.500000000000000000, -40.00000000000000000, 8.499999999999998224 ) ) ;
#1618 = ORIENTED_EDGE ( 'NONE', *, *, #80, .T. ) ;
#1619 = DIRECTION ( 'NONE',  ( 0.000000000000000000, 0.000000000000000000, 1.000000000000000000 ) ) ;
#1620 = DIRECTION ( 'NONE',  ( -0.000000000000000000, -0.000000000000000000, 1.000000000000000000 ) ) ;
#1621 = DIRECTION ( 'NONE',  ( 0.000000000000000000, -0.000000000000000000, -1.000000000000000000 ) ) ;
#1622 = AXIS2_PLACEMENT_3D ( 'NONE', #1601, #2160, #83 ) ;
#1623 = VERTEX_POINT ( 'NONE', #1770 ) ;
#1624 = CARTESIAN_POINT ( 'NONE',  ( 7.500000000000000000, -33.67544467966323651, 0.2999999999999930500 ) ) ;
#1625 = CIRCLE ( 'NONE', #1240, 8.000000000000000000 ) ;
#1626 = VERTEX_POINT ( 'NONE', #1434 ) ;
#1627 = FACE_BOUND ( 'NONE', #1523, .T. ) ;
#1628 = ORIENTED_EDGE ( 'NONE', *, *, #1318, .T. ) ;
#1629 = CARTESIAN_POINT ( 'NONE',  ( 4.400859472198561662, 10.62461462387978450, 6.000000000000000000 ) ) ;
#1630 = CARTESIAN_POINT ( 'NONE',  ( 7.309594051469211706, -27.79028792095453682, 9.468310188495133062 ) ) ;
#1631 = CARTESIAN_POINT ( 'NONE',  ( 2.100000000000004530, 13.49999999999999822, 3.249999999999986677 ) ) ;
#1632 = EDGE_CURVE ( 'NONE', #2223, #2126, #1320, .T. ) ;
#1633 = ORIENTED_EDGE ( 'NONE', *, *, #1896, .T. ) ;
#1634 = FACE_OUTER_BOUND ( 'NONE', #1303, .T. ) ;
#1635 = CIRCLE ( 'NONE', #391, 0.2999999999999999334 ) ;
#1636 = ORIENTED_EDGE ( 'NONE', *, *, #653, .T. ) ;
#1637 = CIRCLE ( 'NONE', #1448, 0.7499999999999867883 ) ;
#1638 = CARTESIAN_POINT ( 'NONE',  ( 0.000000000000000000, -8.000000000000000000, 5.500000000000000000 ) ) ;
#1639 = ORIENTED_EDGE ( 'NONE', *, *, #1874, .T. ) ;
#1640 = ADVANCED_FACE ( 'NONE', ( #1213 ), #2377, .F. ) ;
#1641 = DIRECTION ( 'NONE',  ( 1.000000000000000000, 0.000000000000000000, 0.000000000000000000 ) ) ;
#1642 = EDGE_LOOP ( 'NONE', ( #930, #581, #164, #1743 ) ) ;
#1643 = CARTESIAN_POINT ( 'NONE',  ( 7.516467095069319093, -26.03845947857059429, 8.210643340697886927 ) ) ;
#1644 = FACE_OUTER_BOUND ( 'NONE', #365, .T. ) ;
#1645 = AXIS2_PLACEMENT_3D ( 'NONE', #1138, #244, #1726 ) ;
#1646 = EDGE_CURVE ( 'NONE', #1212, #520, #1625, .T. ) ;
#1647 = CARTESIAN_POINT ( 'NONE',  ( 0.000000000000000000, 0.000000000000000000, 0.000000000000000000 ) ) ;
#1648 = CARTESIAN_POINT ( 'NONE',  ( 7.199999999999998401, -18.18257577072857245, 21.00000000000000000 ) ) ;
#1649 = CC_DESIGN_APPROVAL ( #966, ( #753 ) ) ;
#1650 = VERTEX_POINT ( 'NONE', #1444 ) ;
#1651 = LINE ( 'NONE', #1313, #2200 ) ;
#1652 = AXIS2_PLACEMENT_3D ( 'NONE', #2181, #507, #1998 ) ;
#1653 = CIRCLE ( 'NONE', #837, 2.700000000004365575 ) ;
#1654 = VERTEX_POINT ( 'NONE', #1250 ) ;
#1655 = CARTESIAN_POINT ( 'NONE',  ( 0.000000000000000000, -15.50000000000000000, 5.999999999999998224 ) ) ;
#1656 = VERTEX_POINT ( 'NONE', #1614 ) ;
#1657 = DIRECTION ( 'NONE',  ( -0.000000000000000000, -0.000000000000000000, 1.000000000000000000 ) ) ;
#1658 = AXIS2_PLACEMENT_3D ( 'NONE', #1228, #1974, #864 ) ;
#1659 = DIRECTION ( 'NONE',  ( 1.000000000000000000, 2.168404344971009115E-16, 0.000000000000000000 ) ) ;
#1660 = DIRECTION ( 'NONE',  ( 0.000000000000000000, 0.000000000000000000, -1.000000000000000000 ) ) ;
#1661 = EDGE_CURVE ( 'NONE', #1884, #379, #1579, .T. ) ;
#1662 = VERTEX_POINT ( 'NONE', #2190 ) ;
#1663 = EDGE_CURVE ( 'NONE', #1654, #400, #2343, .T. ) ;
#1664 = CARTESIAN_POINT ( 'NONE',  ( 5.000000000013278267, -40.00000000000000000, 13.70000000000436557 ) ) ;
#1665 = VERTEX_POINT ( 'NONE', #1957 ) ;
#1666 = VECTOR ( 'NONE', #270, 1000.000000000000000 ) ;
#1667 = FACE_OUTER_BOUND ( 'NONE', #1413, .T. ) ;
#1668 = ORIENTED_EDGE ( 'NONE', *, *, #90, .F. ) ;
#1669 = CARTESIAN_POINT ( 'NONE',  ( 4.400859472198561662, 10.62461462387978450, 0.000000000000000000 ) ) ;
#1670 = CARTESIAN_POINT ( 'NONE',  ( 0.000000000000000000, 0.000000000000000000, 5.500000000000000000 ) ) ;
#1671 = CARTESIAN_POINT ( 'NONE',  ( 2.550645464270667517, 13.49999999999999822, 2.500000000000000000 ) ) ;
#1672 = ORIENTED_EDGE ( 'NONE', *, *, #1661, .T. ) ;
#1673 = DIRECTION ( 'NONE',  ( -0.000000000000000000, 0.000000000000000000, 1.000000000000000000 ) ) ;
#1674 = ORIENTED_EDGE ( 'NONE', *, *, #305, .F. ) ;
#1675 = CARTESIAN_POINT ( 'NONE',  ( 25.00000000000000000, -18.18257577072857245, 21.00000000000000000 ) ) ;
#1676 = ORIENTED_EDGE ( 'NONE', *, *, #1078, .T. ) ;
#1677 = CARTESIAN_POINT ( 'NONE',  ( 9.512927749760056173, -19.78558044872993094, -6.938893903907228378E-15 ) ) ;
#1678 = CARTESIAN_POINT ( 'NONE',  ( 4.899999999999999467, -40.00000000000000000, 11.00000000000000000 ) ) ;
#1679 = ADVANCED_FACE ( 'NONE', ( #289 ), #515, .T. ) ;
#1680 = DIRECTION ( 'NONE',  ( 1.000000000000000000, 0.000000000000000000, 0.000000000000000000 ) ) ;
#1681 = FACE_OUTER_BOUND ( 'NONE', #1026, .T. ) ;
#1682 = ORIENTED_EDGE ( 'NONE', *, *, #1470, .F. ) ;
#1683 = CARTESIAN_POINT ( 'NONE',  ( 8.245912349931581176, -23.85865226041482146, 6.724570655219057613 ) ) ;
#1684 = AXIS2_PLACEMENT_3D ( 'NONE', #1097, #1106, #2418 ) ;
#1685 = CARTESIAN_POINT ( 'NONE',  ( -1.463452924981084508E-15, -13.49999999999999822, 3.249999999999988454 ) ) ;
#1686 = ORIENTED_EDGE ( 'NONE', *, *, #1446, .T. ) ;
#1687 = CARTESIAN_POINT ( 'NONE',  ( 4.030833332266775315, -25.28609355208939036, 7.785119948245854182 ) ) ;
#1688 = DIRECTION ( 'NONE',  ( 1.000000000000000000, 0.000000000000000000, 0.000000000000000000 ) ) ;
#1689 = EDGE_CURVE ( 'NONE', #1159, #2074, #327, .T. ) ;
#1690 = FACE_OUTER_BOUND ( 'NONE', #1397, .T. ) ;
#1691 = CARTESIAN_POINT ( 'NONE',  ( 7.199999999999998401, -18.18257577072857245, 21.00000000000000000 ) ) ;
#1692 = EDGE_CURVE ( 'NONE', #2257, #1494, #186, .T. ) ;
#1693 = CARTESIAN_POINT ( 'NONE',  ( 4.599999999999999645, -40.00000000000000000, 11.00000000000000000 ) ) ;
#1694 = CIRCLE ( 'NONE', #453, 8.699999999999999289 ) ;
#1695 = ORIENTED_EDGE ( 'NONE', *, *, #80, .F. ) ;
#1696 = CARTESIAN_POINT ( 'NONE',  ( 7.220570642423941088, -28.98957543111625057, 10.54243006134600513 ) ) ;
#1697 = DIRECTION ( 'NONE',  ( 0.000000000000000000, 0.000000000000000000, -1.000000000000000000 ) ) ;
#1698 = ORIENTED_EDGE ( 'NONE', *, *, #2275, .F. ) ;
#1699 = CIRCLE ( 'NONE', #1476, 0.7499999999999867883 ) ;
#1700 = CARTESIAN_POINT ( 'NONE',  ( 2.994577318165288382, -24.04050558630054013, 6.770911940567803100 ) ) ;
#1701 = CARTESIAN_POINT ( 'NONE',  ( 2.100000000000004530, -13.49999999999999822, 1.750000000000013323 ) ) ;
#1702 = EDGE_CURVE ( 'NONE', #24, #1409, #2253, .T. ) ;
#1703 = DIRECTION ( 'NONE',  ( -0.000000000000000000, -0.000000000000000000, 1.000000000000000000 ) ) ;
#1704 = DIRECTION ( 'NONE',  ( 1.000000000000000000, 0.000000000000000000, 0.000000000000000000 ) ) ;
#1705 = B_SPLINE_CURVE_WITH_KNOTS ( 'NONE', 3,
 ( #1297, #539, #196, #183, #2398, #1813, #2002, #896, #2422, #743, #1454, #1491 ),
 .UNSPECIFIED., .F., .F.,
 ( 4, 2, 2, 2, 2, 4 ),
 ( 0.000000000000000000, 0.003221740146966977063, 0.004832610220450468848, 0.006443480293933961066, 0.009665220440900942900, 0.01288696058786792560 ),
 .UNSPECIFIED. ) ;
#1706 = FACE_OUTER_BOUND ( 'NONE', #2116, .T. ) ;
#1707 = ORIENTED_EDGE ( 'NONE', *, *, #2342, .F. ) ;
#1708 = DIRECTION ( 'NONE',  ( 0.000000000000000000, -0.000000000000000000, -1.000000000000000000 ) ) ;
#1709 = VERTEX_POINT ( 'NONE', #492 ) ;
#1710 = CARTESIAN_POINT ( 'NONE',  ( 1.755853014074212570, -22.88823217375173513, 6.756522060943852992 ) ) ;
#1711 = CC_DESIGN_PERSON_AND_ORGANIZATION_ASSIGNMENT ( #1245, #78, ( #890 ) ) ;
#1712 = FACE_OUTER_BOUND ( 'NONE', #1897, .T. ) ;
#1713 = DIRECTION ( 'NONE',  ( 0.000000000000000000, 0.000000000000000000, 1.000000000000000000 ) ) ;
#1714 = EDGE_CURVE ( 'NONE', #1425, #2223, #1224, .T. ) ;
#1715 = FACE_BOUND ( 'NONE', #38, .T. ) ;
#1716 = LINE ( 'NONE', #33, #716 ) ;
#1717 = AXIS2_PLACEMENT_3D ( 'NONE', #2287, #610, #502 ) ;
#1718 = ORIENTED_EDGE ( 'NONE', *, *, #1142, .F. ) ;
#1719 = DIRECTION ( 'NONE',  ( 1.000000000000000000, 0.000000000000000000, 0.000000000000000000 ) ) ;
#1720 =( BOUNDED_CURVE ( )  B_SPLINE_CURVE ( 3, ( #718, #170, #6, #2046 ),
 .UNSPECIFIED., .F., .T. ) 
 B_SPLINE_CURVE_WITH_KNOTS ( ( 4, 4 ),
 ( 1.472929988025695858, 1.570796326794896780 ),
 .UNSPECIFIED. ) 
 CURVE ( )  GEOMETRIC_REPRESENTATION_ITEM ( )  RATIONAL_B_SPLINE_CURVE ( ( 1.000000000000000000, 0.9992020075601445450, 0.9992020075601445450, 1.000000000000000000 ) ) 
 REPRESENTATION_ITEM ( '' )  );
#1721 = FACE_OUTER_BOUND ( 'NONE', #150, .T. ) ;
#1722 = APPROVAL_PERSON_ORGANIZATION ( #2308, #529, #470 ) ;
#1723 = EDGE_LOOP ( 'NONE', ( #466, #2003, #1828, #1022 ) ) ;
#1724 = CARTESIAN_POINT ( 'NONE',  ( 4.578897292392153595, -26.99140566926055484, 8.462007787085415345 ) ) ;
#1725 = CARTESIAN_POINT ( 'NONE',  ( 2.100000000000004530, -13.49999999999999822, 2.500000000000000000 ) ) ;
#1726 = DIRECTION ( 'NONE',  ( 0.000000000000000000, 0.000000000000000000, 1.000000000000000000 ) ) ;
#1727 = CARTESIAN_POINT ( 'NONE',  ( 8.924614623879817188, 4.400859472198536793, 4.099999999999999645 ) ) ;
#1728 = EDGE_CURVE ( 'NONE', #2307, #379, #1699, .T. ) ;
#1729 = CARTESIAN_POINT ( 'NONE',  ( 4.599999999999996980, -27.49999999999999645, 8.864283880553822215 ) ) ;
#1730 = EDGE_CURVE ( 'NONE', #2303, #2011, #2176, .T. ) ;
#1731 = ORIENTED_EDGE ( 'NONE', *, *, #1091, .T. ) ;
#1732 = EDGE_CURVE ( 'NONE', #379, #2307, #2135, .T. ) ;
#1733 = DIRECTION ( 'NONE',  ( -0.000000000000000000, -0.000000000000000000, 1.000000000000000000 ) ) ;
#1734 = AXIS2_PLACEMENT_3D ( 'NONE', #31, #1408, #1953 ) ;
#1735 = DIRECTION ( 'NONE',  ( 0.3601292774975974886, 0.9329024083413325341, 0.000000000000000000 ) ) ;
#1736 = ORIENTED_EDGE ( 'NONE', *, *, #2169, .F. ) ;
#1737 = CARTESIAN_POINT ( 'NONE',  ( 4.158942349321520737, -25.53041911539119724, 7.918920982771862072 ) ) ;
#1738 = DIRECTION ( 'NONE',  ( 0.000000000000000000, 0.000000000000000000, 1.000000000000000000 ) ) ;
#1739 = DIRECTION ( 'NONE',  ( 0.000000000000000000, 0.000000000000000000, -1.000000000000000000 ) ) ;
#1740 = ORIENTED_EDGE ( 'NONE', *, *, #1267, .F. ) ;
#1741 = EDGE_CURVE ( 'NONE', #615, #925, #2051, .T. ) ;
#1742 = LINE ( 'NONE', #975, #958 ) ;
#1743 = ORIENTED_EDGE ( 'NONE', *, *, #1573, .F. ) ;
#1744 = CARTESIAN_POINT ( 'NONE',  ( 4.799999999999998934, -40.00000000000000000, 11.00000000000000000 ) ) ;
#1745 = ADVANCED_FACE ( 'NONE', ( #687 ), #423, .T. ) ;
#1746 = ORIENTED_EDGE ( 'NONE', *, *, #341, .T. ) ;
#1747 = AXIS2_PLACEMENT_3D ( 'NONE', #323, #1561, #1574 ) ;
#1748 = DIRECTION ( 'NONE',  ( -1.000000000000000000, 0.000000000000000000, 0.000000000000000000 ) ) ;
#1749 = LINE ( 'NONE', #234, #2403 ) ;
#1750 = CIRCLE ( 'NONE', #587, 0.2999999999999999889 ) ;
#1751 = CARTESIAN_POINT ( 'NONE',  ( 9.512927749760056173, -19.78558044872993094, 5.773211862854068066 ) ) ;
#1752 = DIRECTION ( 'NONE',  ( 2.668805347656624213E-16, -1.000000000000000000, 0.000000000000000000 ) ) ;
#1753 = EDGE_CURVE ( 'NONE', #1064, #776, #1590, .T. ) ;
#1754 = ORIENTED_EDGE ( 'NONE', *, *, #1180, .T. ) ;
#1755 = CARTESIAN_POINT ( 'NONE',  ( 25.00000000000000000, -31.81846591402322133, 14.75000000000000533 ) ) ;
#1756 = ORIENTED_EDGE ( 'NONE', *, *, #1936, .T. ) ;
#1757 = DIRECTION ( 'NONE',  ( -1.000000000000000000, 0.000000000000000000, 0.000000000000000000 ) ) ;
#1758 = ORIENTED_EDGE ( 'NONE', *, *, #161, .F. ) ;
#1759 = PERSON_AND_ORGANIZATION ( #1481, #1186 ) ;
#1760 = CIRCLE ( 'NONE', #1035, 0.3000000000000002109 ) ;
#1761 = CARTESIAN_POINT ( 'NONE',  ( 4.363721455500639834, -25.13435472403649129, 7.704968485662541333 ) ) ;
#1762 = ADVANCED_FACE ( 'NONE', ( #199 ), #892, .T. ) ;
#1763 = CYLINDRICAL_SURFACE ( 'NONE', #2383, 0.7249999999999982014 ) ;
#1764 = CARTESIAN_POINT ( 'NONE',  ( 4.400859472198540345, -10.62461462387981292, 5.500000000000000000 ) ) ;
#1765 = AXIS2_PLACEMENT_3D ( 'NONE', #201, #2205, #177 ) ;
#1766 = VERTEX_POINT ( 'NONE', #174 ) ;
#1767 = VECTOR ( 'NONE', #398, 1000.000000000000000 ) ;
#1768 = VERTEX_POINT ( 'NONE', #1103 ) ;
#1769 = AXIS2_PLACEMENT_3D ( 'NONE', #1900, #2098, #1559 ) ;
#1770 = CARTESIAN_POINT ( 'NONE',  ( 9.512927749760056173, -19.78558044872993094, 5.773211862854067178 ) ) ;
#1771 = EDGE_LOOP ( 'NONE', ( #2313, #1052 ) ) ;
#1772 = CARTESIAN_POINT ( 'NONE',  ( 7.199999999999998401, -33.67544467966323651, 19.99999999999999645 ) ) ;
#1773 = ADVANCED_FACE ( 'NONE', ( #551 ), #707, .T. ) ;
#1774 = CIRCLE ( 'NONE', #1233, 15.50000000000000000 ) ;
#1775 = ORIENTED_EDGE ( 'NONE', *, *, #1506, .F. ) ;
#1776 = PERSON_AND_ORGANIZATION_ROLE ( 'design_supplier' ) ;
#1777 = DIRECTION ( 'NONE',  ( 0.000000000000000000, 0.000000000000000000, 1.000000000000000000 ) ) ;
#1778 = AXIS2_PLACEMENT_3D ( 'NONE', #212, #1178, #2312 ) ;
#1779 = CARTESIAN_POINT ( 'NONE',  ( 9.233057027257657978, -19.64822860872080668, 6.071776336131439855 ) ) ;
#1780 = CARTESIAN_POINT ( 'NONE',  ( 7.220129277497600029, -24.89196121675072249, 5.700000000000000178 ) ) ;
#1781 = DIRECTION ( 'NONE',  ( 0.000000000000000000, 0.000000000000000000, 1.000000000000000000 ) ) ;
#1782 = ORIENTED_EDGE ( 'NONE', *, *, #1446, .F. ) ;
#1783 = AXIS2_PLACEMENT_3D ( 'NONE', #1219, #1393, #880 ) ;
#1784 = DIRECTION ( 'NONE',  ( -0.9329024083413325341, 0.3601292774975974331, 0.000000000000000000 ) ) ;
#1785 = CLOSED_SHELL ( 'NONE', ( #757, #1859, #1485, #65, #1139, #406, #2173, #517, #13, #936, #2392, #1160, #2354, #1640, #1788, #1369, #1063, #2268, #1870, #2146, #225, #121, #114, #617, #1350, #898, #1018, #886, #1128, #1385, #679, #190, #1518, #1822, #2133, #369, #1148, #147, #1679, #1457, #245, #1310, #916, #982, #1023, #1762, #2050, #1962, #861, #820, #1596, #439, #2193, #2127, #710, #1066, #1364, #1745, #1950, #2390, #1890, #460, #1773, #1419, #202, #985, #909, #1030, #1435, #298, #21, #873, #835, #118, #705 ) ) ;
#1786 = EDGE_LOOP ( 'NONE', ( #673, #685, #1081, #1581 ) ) ;
#1787 = DIRECTION ( 'NONE',  ( -1.000000000000000000, 0.000000000000000000, -0.000000000000000000 ) ) ;
#1788 = ADVANCED_FACE ( 'NONE', ( #922 ), #348, .T. ) ;
#1789 = VERTEX_POINT ( 'NONE', #152 ) ;
#1790 = CARTESIAN_POINT ( 'NONE',  ( 3.349999999999998757, -40.00000000000000000, 13.50000000000000000 ) ) ;
#1791 = FACE_OUTER_BOUND ( 'NONE', #14, .T. ) ;
#1792 = DIRECTION ( 'NONE',  ( -0.000000000000000000, -0.000000000000000000, 1.000000000000000000 ) ) ;
#1793 = DIRECTION ( 'NONE',  ( 1.000000000000000000, 0.000000000000000000, 0.000000000000000000 ) ) ;
#1794 = ORIENTED_EDGE ( 'NONE', *, *, #694, .T. ) ;
#1795 = DIRECTION ( 'NONE',  ( 2.201425730935034157E-16, -1.000000000000000000, 0.000000000000000000 ) ) ;
#1796 = VECTOR ( 'NONE', #735, 1000.000000000000114 ) ;
#1797 = ORIENTED_EDGE ( 'NONE', *, *, #620, .F. ) ;
#1798 = LINE ( 'NONE', #496, #1430 ) ;
#1799 = ORIENTED_EDGE ( 'NONE', *, *, #2141, .F. ) ;
#1800 = DATE_AND_TIME ( #2347, #171 ) ;
#1801 = CARTESIAN_POINT ( 'NONE',  ( 3.846678004712949406, -24.35899509271885321, 7.328306682501677827 ) ) ;
#1802 = CARTESIAN_POINT ( 'NONE',  ( 7.838012969882651504, -26.07184338411550328, 8.231405947998082340 ) ) ;
#1803 = CARTESIAN_POINT ( 'NONE',  ( 7.500000000000000000, -40.00000000000000000, 11.00000000000000000 ) ) ;
#1804 = AXIS2_PLACEMENT_3D ( 'NONE', #2211, #2235, #944 ) ;
#1805 = ORIENTED_EDGE ( 'NONE', *, *, #953, .T. ) ;
#1806 = DIRECTION ( 'NONE',  ( 0.3601292774975974886, 0.9329024083413326451, -0.000000000000000000 ) ) ;
#1807 = ORIENTED_EDGE ( 'NONE', *, *, #1324, .F. ) ;
#1808 = DIRECTION ( 'NONE',  ( 0.3586281252201439784, 0.9290137254087270646, -0.09121055752095433289 ) ) ;
#1809 = EDGE_CURVE ( 'NONE', #2025, #1010, #1167, .T. ) ;
#1810 = ORIENTED_EDGE ( 'NONE', *, *, #2275, .T. ) ;
#1811 = FACE_OUTER_BOUND ( 'NONE', #317, .T. ) ;
#1812 = CARTESIAN_POINT ( 'NONE',  ( 9.899614623879786635, -4.400859472198561662, 0.000000000000000000 ) ) ;
#1813 = CARTESIAN_POINT ( 'NONE',  ( 7.453357151449250928, -26.48717718043980796, 8.496913394018793753 ) ) ;
#1814 = AXIS2_PLACEMENT_3D ( 'NONE', #1780, #660, #113 ) ;
#1815 = VERTEX_POINT ( 'NONE', #1456 ) ;
#1816 = CARTESIAN_POINT ( 'NONE',  ( 7.200000000000000178, -48.00000000000000000, 0.2999999999999999889 ) ) ;
#1817 = VECTOR ( 'NONE', #465, 1000.000000000000000 ) ;
#1818 = ORIENTED_EDGE ( 'NONE', *, *, #34, .T. ) ;
#1819 = DIRECTION ( 'NONE',  ( 1.000000000000000000, 0.000000000000000000, 0.000000000000000000 ) ) ;
#1820 = CC_DESIGN_DATE_AND_TIME_ASSIGNMENT ( #1417, #484, ( #753 ) ) ;
#1821 = EDGE_LOOP ( 'NONE', ( #1331, #854, #902, #865 ) ) ;
#1822 = ADVANCED_FACE ( 'NONE', ( #2199 ), #2019, .T. ) ;
#1823 = CARTESIAN_POINT ( 'NONE',  ( 0.000000000000000000, -22.69999999999999929, 0.000000000000000000 ) ) ;
#1824 = ORIENTED_EDGE ( 'NONE', *, *, #1205, .T. ) ;
#1825 = DIRECTION ( 'NONE',  ( 1.000000000000000000, -0.000000000000000000, -0.000000000000000000 ) ) ;
#1826 = DIRECTION ( 'NONE',  ( 1.000000000000000000, -0.000000000000000000, -0.000000000000000000 ) ) ;
#1827 = CARTESIAN_POINT ( 'NONE',  ( 3.349999999999998757, -40.00000000000000000, 11.00000000000000000 ) ) ;
#1828 = ORIENTED_EDGE ( 'NONE', *, *, #1519, .T. ) ;
#1829 = CARTESIAN_POINT ( 'NONE',  ( 0.000000000000000000, 0.000000000000000000, -6.938893903907228378E-15 ) ) ;
#1830 = ORIENTED_EDGE ( 'NONE', *, *, #2395, .F. ) ;
#1831 = CARTESIAN_POINT ( 'NONE',  ( 8.000000000000000000, 0.000000000000000000, 5.500000000000000000 ) ) ;
#1832 = ORIENTED_EDGE ( 'NONE', *, *, #79, .T. ) ;
#1833 = EDGE_CURVE ( 'NONE', #1934, #2104, #2414, .T. ) ;
#1834 = DIRECTION ( 'NONE',  ( 0.000000000000000000, 0.000000000000000000, -1.000000000000000000 ) ) ;
#1835 = CONICAL_SURFACE ( 'NONE', #2155, 0.7499999999999867883, 1.029744258676653645 ) ;
#1836 = CARTESIAN_POINT ( 'NONE',  ( 0.000000000000000000, -23.00000000000000000, -6.938893903907228378E-15 ) ) ;
#1837 = EDGE_CURVE ( 'NONE', #2011, #2303, #1436, .T. ) ;
#1838 = CARTESIAN_POINT ( 'NONE',  ( 7.500000000000000000, -40.00000000000000000, 11.00000000000000000 ) ) ;
#1839 = CIRCLE ( 'NONE', #1804, 0.2999999999999993783 ) ;
#1840 = ORIENTED_EDGE ( 'NONE', *, *, #2300, .F. ) ;
#1841 = DIRECTION ( 'NONE',  ( 0.000000000000000000, 0.000000000000000000, 1.000000000000000000 ) ) ;
#1842 = AXIS2_PLACEMENT_3D ( 'NONE', #350, #721, #1851 ) ;
#1843 = VECTOR ( 'NONE', #1916, 1000.000000000000000 ) ;
#1844 = ORIENTED_EDGE ( 'NONE', *, *, #1833, .T. ) ;
#1845 = APPROVAL_DATE_TIME ( #713, #966 ) ;
#1846 = DIRECTION ( 'NONE',  ( 0.000000000000000000, 0.000000000000000000, -1.000000000000000000 ) ) ;
#1847 = ORIENTED_EDGE ( 'NONE', *, *, #745, .F. ) ;
#1848 = DIRECTION ( 'NONE',  ( -1.000000000000000000, -2.168404344971009115E-16, -0.000000000000000000 ) ) ;
#1849 = AXIS2_PLACEMENT_3D ( 'NONE', #88, #1582, #1403 ) ;
#1850 = FACE_OUTER_BOUND ( 'NONE', #254, .T. ) ;
#1851 = DIRECTION ( 'NONE',  ( 0.000000000000000000, -0.8109073858123786449, -0.5851745138289380366 ) ) ;
#1852 = VECTOR ( 'NONE', #1562, 1000.000000000000000 ) ;
#1853 = ORIENTED_EDGE ( 'NONE', *, *, #2013, .F. ) ;
#1854 = AXIS2_PLACEMENT_3D ( 'NONE', #1137, #908, #1298 ) ;
#1855 = CARTESIAN_POINT ( 'NONE',  ( 37.49999999999999289, -30.58945877365794530, 0.2999999999999999889 ) ) ;
#1856 = AXIS2_PLACEMENT_3D ( 'NONE', #910, #1289, #382 ) ;
#1857 = ORIENTED_EDGE ( 'NONE', *, *, #1692, .F. ) ;
#1858 = AXIS2_PLACEMENT_3D ( 'NONE', #1629, #1304, #387 ) ;
#1859 = ADVANCED_FACE ( 'NONE', ( #1634 ), #692, .F. ) ;
#1860 = DIRECTION ( 'NONE',  ( 0.7071067811865474617, 8.659560562354932858E-17, 0.7071067811865474617 ) ) ;
#1861 = ORIENTED_EDGE ( 'NONE', *, *, #77, .T. ) ;
#1862 = CARTESIAN_POINT ( 'NONE',  ( 4.899999999999997691, -32.09118371688911253, 14.62500000000000533 ) ) ;
#1863 = DIRECTION ( 'NONE',  ( 0.000000000000000000, 0.000000000000000000, -1.000000000000000000 ) ) ;
#1864 = CARTESIAN_POINT ( 'NONE',  ( -18.60000000000000142, -23.00000000000000000, -6.938893903907228378E-15 ) ) ;
#1865 = DIRECTION ( 'NONE',  ( -1.000000000000000000, -0.000000000000000000, -0.000000000000000000 ) ) ;
#1866 = CIRCLE ( 'NONE', #280, 0.2999999999999997669 ) ;
#1867 = ORIENTED_EDGE ( 'NONE', *, *, #1896, .F. ) ;
#1868 = CARTESIAN_POINT ( 'NONE',  ( 7.349071226624107389, -27.36999899613721965, 9.130521421257576264 ) ) ;
#1869 = CARTESIAN_POINT ( 'NONE',  ( 0.000000000000000000, 7.999999999999998224, -6.938893903907228378E-15 ) ) ;
#1870 = ADVANCED_FACE ( 'NONE', ( #1482 ), #2037, .F. ) ;
#1871 = ORIENTED_EDGE ( 'NONE', *, *, #2073, .T. ) ;
#1872 = CARTESIAN_POINT ( 'NONE',  ( 0.7325957568962804256, -23.03360076041001392, 6.393043352632379772 ) ) ;
#1873 = DIRECTION ( 'NONE',  ( 1.000000000000000000, 0.000000000000000000, 0.000000000000000000 ) ) ;
#1874 = EDGE_CURVE ( 'NONE', #1999, #101, #149, .T. ) ;
#1875 = DIRECTION ( 'NONE',  ( -0.000000000000000000, -0.000000000000000000, 1.000000000000000000 ) ) ;
#1876 = DIRECTION ( 'NONE',  ( 1.000000000000000000, 0.000000000000000000, 0.000000000000000000 ) ) ;
#1877 = VECTOR ( 'NONE', #1113, 1000.000000000000000 ) ;
#1878 = ORIENTED_EDGE ( 'NONE', *, *, #1339, .T. ) ;
#1879 = FACE_OUTER_BOUND ( 'NONE', #1642, .T. ) ;
#1880 = VECTOR ( 'NONE', #709, 999.9999999999998863 ) ;
#1881 = AXIS2_PLACEMENT_3D ( 'NONE', #1157, #49, #1895 ) ;
#1882 = CARTESIAN_POINT ( 'NONE',  ( 4.900000000000001243, -49.00000000000000000, 11.00000000000000000 ) ) ;
#1883 = EDGE_CURVE ( 'NONE', #520, #361, #224, .T. ) ;
#1884 = VERTEX_POINT ( 'NONE', #1671 ) ;
#1885 = AXIS2_PLACEMENT_3D ( 'NONE', #622, #1372, #1381 ) ;
#1886 = CARTESIAN_POINT ( 'NONE',  ( 1.652362201018195309, -23.26469871999665529, 6.471652501314624217 ) ) ;
#1887 = DIRECTION ( 'NONE',  ( 0.000000000000000000, -1.000000000000000000, 0.000000000000000000 ) ) ;
#1888 = CARTESIAN_POINT ( 'NONE',  ( 0.000000000000000000, 0.000000000000000000, 0.000000000000000000 ) ) ;
#1889 = VECTOR ( 'NONE', #105, 1000.000000000000000 ) ;
#1890 = ADVANCED_FACE ( 'NONE', ( #561 ), #1127, .T. ) ;
#1891 = CARTESIAN_POINT ( 'NONE',  ( 4.116013816991637597, -25.44928482446077567, 7.459638908156833281 ) ) ;
#1892 = CIRCLE ( 'NONE', #1778, 3.799999999955616659 ) ;
#1893 = ORIENTED_EDGE ( 'NONE', *, *, #2073, .F. ) ;
#1894 = CARTESIAN_POINT ( 'NONE',  ( 0.000000000000000000, 0.000000000000000000, -6.938893903907228378E-15 ) ) ;
#1895 = DIRECTION ( 'NONE',  ( 0.000000000000000000, 0.000000000000000000, 1.000000000000000000 ) ) ;
#1896 = EDGE_CURVE ( 'NONE', #2011, #261, #2250, .T. ) ;
#1897 = EDGE_LOOP ( 'NONE', ( #2124, #1736, #342, #229 ) ) ;
#1898 = AXIS2_PLACEMENT_3D ( 'NONE', #1062, #338, #650 ) ;
#1899 = CARTESIAN_POINT ( 'NONE',  ( 2.424841988977358476, -23.63458979614723177, 7.020593521532451753 ) ) ;
#1900 = CARTESIAN_POINT ( 'NONE',  ( 10.62461462387978628, -4.400859472198561662, 0.000000000000000000 ) ) ;
#1901 = DIRECTION ( 'NONE',  ( 1.000000000000000000, 0.000000000000000000, 0.000000000000000000 ) ) ;
#1902 = CARTESIAN_POINT ( 'NONE',  ( 4.899999999999997691, -18.18257577072857245, 21.00000000000000000 ) ) ;
#1903 = CARTESIAN_POINT ( 'NONE',  ( 12.32461462387981399, 4.400859472198536793, 5.500000000000000000 ) ) ;
#1904 = CARTESIAN_POINT ( 'NONE',  ( 0.000000000000000000, 15.50000000000000000, 22.00000000000000000 ) ) ;
#1905 = VERTEX_POINT ( 'NONE', #43 ) ;
#1906 = CARTESIAN_POINT ( 'NONE',  ( -14.10000000000000142, -23.00000000000000000, 6.382104175607510754 ) ) ;
#1907 = DIRECTION ( 'NONE',  ( 0.000000000000000000, 0.000000000000000000, 1.000000000000000000 ) ) ;
#1908 = EDGE_LOOP ( 'NONE', ( #1043, #1588, #2334, #1 ) ) ;
#1909 = CARTESIAN_POINT ( 'NONE',  ( 3.543132076767415928, -24.58542388086641139, 7.431367894342077562 ) ) ;
#1910 = CARTESIAN_POINT ( 'NONE',  ( 4.900000000000000355, -45.00214829881181089, 3.881818181818185387 ) ) ;
#1911 = EDGE_CURVE ( 'NONE', #1626, #504, #793, .T. ) ;
#1912 = AXIS2_PLACEMENT_3D ( 'NONE', #1827, #778, #1006 ) ;
#1913 = CARTESIAN_POINT ( 'NONE',  ( 5.125859472198559530, 10.62461462387978450, 5.500000000000000000 ) ) ;
#1914 = CARTESIAN_POINT ( 'NONE',  ( 5.000000000000000888, -40.00000000000000000, 14.59999999999999964 ) ) ;
#1915 = EDGE_CURVE ( 'NONE', #860, #306, #2016, .T. ) ;
#1916 = DIRECTION ( 'NONE',  ( -0.000000000000000000, -0.000000000000000000, 1.000000000000000000 ) ) ;
#1917 = CARTESIAN_POINT ( 'NONE',  ( 7.500000000000000000, -30.58945877365794530, 12.04682993841721839 ) ) ;
#1918 = ORIENTED_EDGE ( 'NONE', *, *, #1915, .T. ) ;
#1919 = DIRECTION ( 'NONE',  ( -0.5150380749100549327, 0.000000000000000000, 0.8571673007021118895 ) ) ;
#1920 = AXIS2_PLACEMENT_3D ( 'NONE', #1200, #1033, #1442 ) ;
#1921 = CARTESIAN_POINT ( 'NONE',  ( 4.899999999999996803, -27.49999999999999645, 8.864283880553822215 ) ) ;
#1922 = EDGE_LOOP ( 'NONE', ( #699, #475 ) ) ;
#1923 = DIRECTION ( 'NONE',  ( 0.3601292774975999866, 0.9329024083413316459, -0.000000000000000000 ) ) ;
#1924 = DIRECTION ( 'NONE',  ( -0.5150380749100549327, 1.049727191138618079E-16, -0.8571673007021118895 ) ) ;
#1925 = AXIS2_PLACEMENT_3D ( 'NONE', #962, #2030, #20 ) ;
#1926 = FACE_OUTER_BOUND ( 'NONE', #748, .T. ) ;
#1927 = DIRECTION ( 'NONE',  ( -1.000000000000000000, 0.000000000000000000, -0.000000000000000000 ) ) ;
#1928 = EDGE_LOOP ( 'NONE', ( #1256, #84, #2371, #1603 ) ) ;
#1929 = DIRECTION ( 'NONE',  ( -2.168404344971009115E-16, 1.000000000000000000, -0.000000000000000000 ) ) ;
#1930 = ORIENTED_EDGE ( 'NONE', *, *, #1216, .F. ) ;
#1931 = CARTESIAN_POINT ( 'NONE',  ( 7.199999999999998401, -31.81846591402322133, 14.75000000000000533 ) ) ;
#1932 = AXIS2_PLACEMENT_3D ( 'NONE', #696, #671, #324 ) ;
#1933 = CARTESIAN_POINT ( 'NONE',  ( 3.349999999999998757, -40.00000000000000000, 11.00000000000000000 ) ) ;
#1934 = VERTEX_POINT ( 'NONE', #1914 ) ;
#1935 = DATE_TIME_ROLE ( 'creation_date' ) ;
#1936 = EDGE_CURVE ( 'NONE', #204, #373, #2129, .T. ) ;
#1937 = LINE ( 'NONE', #81, #1666 ) ;
#1938 = AXIS2_PLACEMENT_3D ( 'NONE', #1311, #1299, #2227 ) ;
#1939 = CARTESIAN_POINT ( 'NONE',  ( 4.599999999999999645, -40.00000000000000000, 11.00000000000000000 ) ) ;
#1940 = DIRECTION ( 'NONE',  ( -0.000000000000000000, -0.000000000000000000, 1.000000000000000000 ) ) ;
#1941 = VERTEX_POINT ( 'NONE', #1009 ) ;
#1942 = DIRECTION ( 'NONE',  ( 0.000000000000000000, 0.000000000000000000, 1.000000000000000000 ) ) ;
#1943 = EDGE_LOOP ( 'NONE', ( #943, #918 ) ) ;
#1944 = DIRECTION ( 'NONE',  ( -1.000000000000000000, -0.000000000000000000, -0.000000000000000000 ) ) ;
#1945 = ORIENTED_EDGE ( 'NONE', *, *, #1095, .F. ) ;
#1946 = TOROIDAL_SURFACE ( 'NONE', #198, 15.69999999999999929, 0.2999999999999999889 ) ;
#1947 = APPROVAL_DATE_TIME ( #1208, #934 ) ;
#1948 = EDGE_CURVE ( 'NONE', #1353, #1593, #1892, .T. ) ;
#1949 = CARTESIAN_POINT ( 'NONE',  ( 7.200000000000000178, -30.58945877365794530, 0.000000000000000000 ) ) ;
#1950 = ADVANCED_FACE ( 'NONE', ( #1552, #56, #1715, #1527, #246 ), #635, .F. ) ;
#1951 = AXIS2_PLACEMENT_3D ( 'NONE', #1121, #2243, #568 ) ;
#1952 = FACE_BOUND ( 'NONE', #1922, .T. ) ;
#1953 = DIRECTION ( 'NONE',  ( 1.000000000000000000, 0.000000000000000000, 0.000000000000000000 ) ) ;
#1954 = ORIENTED_EDGE ( 'NONE', *, *, #2226, .F. ) ;
#1955 = ORIENTED_EDGE ( 'NONE', *, *, #2378, .F. ) ;
#1956 = EDGE_CURVE ( 'NONE', #1159, #788, #728, .T. ) ;
#1957 = CARTESIAN_POINT ( 'NONE',  ( 7.500000000000000000, -32.09118371688911253, 14.62500000000000533 ) ) ;
#1958 = EDGE_LOOP ( 'NONE', ( #2055, #1462, #1608, #1584 ) ) ;
#1959 = DIRECTION ( 'NONE',  ( -1.000000000000000000, -0.000000000000000000, -0.000000000000000000 ) ) ;
#1960 = VERTEX_POINT ( 'NONE', #1540 ) ;
#1961 = PERSON_AND_ORGANIZATION ( #1481, #1186 ) ;
#1962 = ADVANCED_FACE ( 'NONE', ( #2112 ), #1083, .T. ) ;
#1963 = AXIS2_PLACEMENT_3D ( 'NONE', #1862, #907, #1466 ) ;
#1964 = CARTESIAN_POINT ( 'NONE',  ( 3.168039905225378483, -23.68372676235277297, 7.043705713227176979 ) ) ;
#1965 = LINE ( 'NONE', #1328, #508 ) ;
#1966 = DIRECTION ( 'NONE',  ( 0.000000000000000000, 0.000000000000000000, -1.000000000000000000 ) ) ;
#1967 = AXIS2_PLACEMENT_3D ( 'NONE', #155, #554, #576 ) ;
#1968 = ORIENTED_EDGE ( 'NONE', *, *, #603, .F. ) ;
#1969 = AXIS2_PLACEMENT_3D ( 'NONE', #1183, #1001, #1907 ) ;
#1970 = ORIENTED_EDGE ( 'NONE', *, *, #1536, .T. ) ;
#1971 = DIRECTION ( 'NONE',  ( 0.000000000000000000, 0.000000000000000000, 1.000000000000000000 ) ) ;
#1972 = EDGE_CURVE ( 'NONE', #2386, #216, #106, .T. ) ;
#1973 = ORIENTED_EDGE ( 'NONE', *, *, #472, .T. ) ;
#1974 = DIRECTION ( 'NONE',  ( -0.000000000000000000, -0.000000000000000000, 1.000000000000000000 ) ) ;
#1975 = CIRCLE ( 'NONE', #1849, 0.2999999999999997669 ) ;
#1976 = ORIENTED_EDGE ( 'NONE', *, *, #1060, .F. ) ;
#1977 = COORDINATED_UNIVERSAL_TIME_OFFSET ( 8, 0, .AHEAD. ) ;
#1978 = CARTESIAN_POINT ( 'NONE',  ( 4.899999999999999467, -27.31730540726918477, 9.102239098582177945 ) ) ;
#1979 = CIRCLE ( 'NONE', #927, 3.599999999948977347 ) ;
#1980 = FACE_BOUND ( 'NONE', #1249, .T. ) ;
#1981 = DIRECTION ( 'NONE',  ( 0.000000000000000000, 0.000000000000000000, 1.000000000000000000 ) ) ;
#1982 = ORIENTED_EDGE ( 'NONE', *, *, #1911, .T. ) ;
#1983 = ORIENTED_EDGE ( 'NONE', *, *, #2061, .F. ) ;
#1984 = VECTOR ( 'NONE', #1887, 1000.000000000000000 ) ;
#1985 = CARTESIAN_POINT ( 'NONE',  ( 4.599999999999997868, -33.67544467966323651, 19.99999999999999645 ) ) ;
#1986 = ORIENTED_EDGE ( 'NONE', *, *, #372, .F. ) ;
#1987 = DIRECTION ( 'NONE',  ( 1.000000000000000000, -0.000000000000000000, -0.000000000000000000 ) ) ;
#1988 = ORIENTED_EDGE ( 'NONE', *, *, #193, .T. ) ;
#1989 = APPROVAL_STATUS ( 'not_yet_approved' ) ;
#1990 = CARTESIAN_POINT ( 'NONE',  ( 14.92643853346130278, -5.762068439961606892, 0.2999999999999998779 ) ) ;
#1991 = CARTESIAN_POINT ( 'NONE',  ( -1.463452924981084508E-15, 13.49999999999999822, 1.750000000000011546 ) ) ;
#1992 = FACE_OUTER_BOUND ( 'NONE', #1327, .T. ) ;
#1993 = ORIENTED_EDGE ( 'NONE', *, *, #151, .F. ) ;
#1994 = CARTESIAN_POINT ( 'NONE',  ( 0.000000000000000000, -15.50000000000000000, 22.00000000000000000 ) ) ;
#1995 = EDGE_CURVE ( 'NONE', #301, #288, #2262, .T. ) ;
#1996 = CONICAL_SURFACE ( 'NONE', #203, 2.699999999947522156, 0.7853981633974482790 ) ;
#1997 = ORIENTED_EDGE ( 'NONE', *, *, #1732, .T. ) ;
#1998 = DIRECTION ( 'NONE',  ( 0.000000000000000000, 0.000000000000000000, -1.000000000000000000 ) ) ;
#1999 = VERTEX_POINT ( 'NONE', #1351 ) ;
#2000 = CARTESIAN_POINT ( 'NONE',  ( 4.040030212060904624, -24.61219161323773008, 7.444737785618591452 ) ) ;
#2001 = DIRECTION ( 'NONE',  ( 0.000000000000000000, 0.000000000000000000, -1.000000000000000000 ) ) ;
#2002 = CARTESIAN_POINT ( 'NONE',  ( 7.516946753557894212, -26.03523081247663384, 8.208655307454169048 ) ) ;
#2003 = ORIENTED_EDGE ( 'NONE', *, *, #153, .F. ) ;
#2004 = PRODUCT_RELATED_PRODUCT_CATEGORY ( 'detail', '', ( #2087 ) ) ;
#2005 = DIRECTION ( 'NONE',  ( 0.000000000000000000, -0.000000000000000000, -1.000000000000000000 ) ) ;
#2006 = AXIS2_PLACEMENT_3D ( 'NONE', #362, #2049, #1942 ) ;
#2007 = EDGE_CURVE ( 'NONE', #1096, #101, #2089, .T. ) ;
#2008 = VECTOR ( 'NONE', #1924, 1000.000000000000000 ) ;
#2009 = ORIENTED_EDGE ( 'NONE', *, *, #1956, .T. ) ;
#2010 = LINE ( 'NONE', #1459, #1880 ) ;
#2011 = VERTEX_POINT ( 'NONE', #1727 ) ;
#2012 = CARTESIAN_POINT ( 'NONE',  ( 5.000000000000000888, -40.00000000000000000, 11.00000000000000000 ) ) ;
#2013 = EDGE_CURVE ( 'NONE', #2404, #176, #2084, .T. ) ;
#2014 = CARTESIAN_POINT ( 'NONE',  ( 7.667401677284952477, -27.38863225922396794, 9.145229054238424027 ) ) ;
#2015 = CARTESIAN_POINT ( 'NONE',  ( 3.675859472198563349, 10.62461462387978450, 0.000000000000000000 ) ) ;
#2016 = CIRCLE ( 'NONE', #569, 1.699999999999998401 ) ;
#2017 = CARTESIAN_POINT ( 'NONE',  ( 25.00000000000000000, -33.67544467966323651, 19.99999999999999645 ) ) ;
#2018 = DIRECTION ( 'NONE',  ( 0.000000000000000000, 0.000000000000000000, 1.000000000000000000 ) ) ;
#2019 = TOROIDAL_SURFACE ( 'NONE', #809, 8.699999999999999289, 0.2999999999999999889 ) ;
#2020 = ORIENTED_EDGE ( 'NONE', *, *, #745, .T. ) ;
#2021 = CYLINDRICAL_SURFACE ( 'NONE', #252, 0.2999999999999999889 ) ;
#2022 = ORIENTED_EDGE ( 'NONE', *, *, #1168, .F. ) ;
#2023 = EDGE_CURVE ( 'NONE', #1064, #1597, #1374, .T. ) ;
#2024 = FACE_OUTER_BOUND ( 'NONE', #542, .T. ) ;
#2025 = VERTEX_POINT ( 'NONE', #18 ) ;
#2026 = CYLINDRICAL_SURFACE ( 'NONE', #89, 1.699999999999998401 ) ;
#2027 = DIRECTION ( 'NONE',  ( -1.000000000000000000, 0.000000000000000000, 0.000000000000000000 ) ) ;
#2028 = DIRECTION ( 'NONE',  ( -0.000000000000000000, -0.000000000000000000, 1.000000000000000000 ) ) ;
#2029 = ORIENTED_EDGE ( 'NONE', *, *, #1169, .F. ) ;
#2030 = DIRECTION ( 'NONE',  ( -1.000000000000000000, -0.000000000000000000, -0.000000000000000000 ) ) ;
#2031 = ORIENTED_EDGE ( 'NONE', *, *, #798, .T. ) ;
#2032 = CARTESIAN_POINT ( 'NONE',  ( 4.799999999999998934, -40.00000000000000000, 11.00000000000000000 ) ) ;
#2033 = ORIENTED_EDGE ( 'NONE', *, *, #1837, .F. ) ;
#2034 = LINE ( 'NONE', #1308, #2157 ) ;
#2035 = AXIS2_PLACEMENT_3D ( 'NONE', #1008, #1703, #1901 ) ;
#2036 = CARTESIAN_POINT ( 'NONE',  ( 4.899999999999997691, -31.81846591402322133, 14.75000000000000533 ) ) ;
#2037 = CYLINDRICAL_SURFACE ( 'NONE', #1512, 3.600000000000000977 ) ;
#2038 = AXIS2_PLACEMENT_3D ( 'NONE', #1260, #1848, #559 ) ;
#2039 = ORIENTED_EDGE ( 'NONE', *, *, #2041, .T. ) ;
#2040 = CARTESIAN_POINT ( 'NONE',  ( 4.799999999999998934, -40.00000000000000000, 8.499999999999998224 ) ) ;
#2041 = EDGE_CURVE ( 'NONE', #1999, #1665, #343, .T. ) ;
#2042 = AXIS2_PLACEMENT_3D ( 'NONE', #454, #1024, #1517 ) ;
#2043 = VERTEX_POINT ( 'NONE', #68 ) ;
#2044 = LINE ( 'NONE', #1869, #1025 ) ;
#2045 = ORIENTED_EDGE ( 'NONE', *, *, #1230, .T. ) ;
#2046 = CARTESIAN_POINT ( 'NONE',  ( 9.810160251289248734, -18.18257577072857245, 6.000000000000001776 ) ) ;
#2047 = DIRECTION ( 'NONE',  ( 0.000000000000000000, 0.000000000000000000, -1.000000000000000000 ) ) ;
#2048 = AXIS2_PLACEMENT_3D ( 'NONE', #1864, #759, #1504 ) ;
#2049 = DIRECTION ( 'NONE',  ( 0.000000000000000000, 1.000000000000000000, 0.000000000000000000 ) ) ;
#2050 = ADVANCED_FACE ( 'NONE', ( #2100 ), #258, .T. ) ;
#2051 = CIRCLE ( 'NONE', #655, 19.70000000000000284 ) ;
#2052 = ORIENTED_EDGE ( 'NONE', *, *, #3, .F. ) ;
#2053 = CARTESIAN_POINT ( 'NONE',  ( 7.608508961538103854, -28.00825420954506129, 9.237676392301368722 ) ) ;
#2054 = DIRECTION ( 'NONE',  ( 1.000000000000000000, 0.000000000000000000, 0.000000000000000000 ) ) ;
#2055 = ORIENTED_EDGE ( 'NONE', *, *, #187, .F. ) ;
#2056 = CARTESIAN_POINT ( 'NONE',  ( 4.372602155582440808, -25.15135275283157057, 7.713885478269976836 ) ) ;
#2057 = CARTESIAN_POINT ( 'NONE',  ( 0.000000000000000000, 0.000000000000000000, 6.000000000000000000 ) ) ;
#2058 = LINE ( 'NONE', #235, #593 ) ;
#2059 = DIRECTION ( 'NONE',  ( 2.168404344971009115E-16, -1.000000000000000000, 0.000000000000000000 ) ) ;
#2060 = AXIS2_PLACEMENT_3D ( 'NONE', #1058, #829, #1210 ) ;
#2061 = EDGE_CURVE ( 'NONE', #925, #1766, #1694, .T. ) ;
#2062 = MANIFOLD_SOLID_BREP ( '\X2\00d8\X0\1.5mm Dowel Hole2', #1785 ) ;
#2063 = CIRCLE ( 'NONE', #945, 2.500000000000000444 ) ;
#2064 = EDGE_LOOP ( 'NONE', ( #1472, #1076, #1427, #1616 ) ) ;
#2065 = CARTESIAN_POINT ( 'NONE',  ( 7.499999999999992895, -30.34618655791423336, 12.22238229256590003 ) ) ;
#2066 = EDGE_LOOP ( 'NONE', ( #100, #218 ) ) ;
#2067 = CARTESIAN_POINT ( 'NONE',  ( 4.707818456088289416, -25.96714996353797744, 8.174226143395184607 ) ) ;
#2068 = CARTESIAN_POINT ( 'NONE',  ( 0.000000000000000000, -23.00000000000000000, 0.2999999999999999889 ) ) ;
#2069 = DIRECTION ( 'NONE',  ( -1.000000000000000000, -0.000000000000000000, -0.000000000000000000 ) ) ;
#2070 = CARTESIAN_POINT ( 'NONE',  ( 4.599999999999999645, -40.00000000000000000, 11.00000000000000000 ) ) ;
#2071 = CARTESIAN_POINT ( 'NONE',  ( 4.492172277880369435, -26.48692504947084103, 8.102209559661821103 ) ) ;
#2072 = CONICAL_SURFACE ( 'NONE', #332, 3.100000000000000533, 0.7853981633974485010 ) ;
#2073 = EDGE_CURVE ( 'NONE', #1654, #1815, #887, .T. ) ;
#2074 = VERTEX_POINT ( 'NONE', #1432 ) ;
#2075 = CARTESIAN_POINT ( 'NONE',  ( 7.953371473247913492, -23.68136834394161028, 7.004481033989428340 ) ) ;
#2076 = TOROIDAL_SURFACE ( 'NONE', #794, 19.70000000000000284, 0.2999999999999999889 ) ;
#2077 = CIRCLE ( 'NONE', #485, 0.2999999999999999334 ) ;
#2078 = DIRECTION ( 'NONE',  ( 1.000000000000000000, 0.000000000000000000, 0.000000000000000000 ) ) ;
#2079 = ORIENTED_EDGE ( 'NONE', *, *, #1702, .F. ) ;
#2080 = VECTOR ( 'NONE', #29, 1000.000000000000000 ) ;
#2081 = CARTESIAN_POINT ( 'NONE',  ( 1.608710320302034535, -23.24943498068484971, 6.875979888166015463 ) ) ;
#2082 = CARTESIAN_POINT ( 'NONE',  ( 4.400859472198540345, -10.62461462387981292, -6.938893903907228378E-15 ) ) ;
#2083 = CARTESIAN_POINT ( 'NONE',  ( 11.34961462387978415, -4.400859472198561662, 0.000000000000000000 ) ) ;
#2084 = LINE ( 'NONE', #236, #1007 ) ;
#2085 = AXIS2_PLACEMENT_3D ( 'NONE', #1206, #1944, #278 ) ;
#2086 = ORIENTED_EDGE ( 'NONE', *, *, #1045, .F. ) ;
#2087 = PRODUCT ( 'EN02-PROXIMAL_PHALANX-2', 'EN02-PROXIMAL_PHALANX-2', '', ( #1392 ) ) ;
#2088 = CARTESIAN_POINT ( 'NONE',  ( 7.500000000000000000, -40.00000000000000000, 11.00000000000000000 ) ) ;
#2089 = CIRCLE ( 'NONE', #1198, 15.00000000000000000 ) ;
#2090 = DIRECTION ( 'NONE',  ( 0.000000000000000000, 0.000000000000000000, -1.000000000000000000 ) ) ;
#2091 = EDGE_CURVE ( 'NONE', #2074, #1768, #494, .T. ) ;
#2092 = CARTESIAN_POINT ( 'NONE',  ( 10.62461462387981470, 4.400859472198536793, 5.500000000000000000 ) ) ;
#2093 = VERTEX_POINT ( 'NONE', #126 ) ;
#2094 = CIRCLE ( 'NONE', #188, 15.69999999999999929 ) ;
#2095 = AXIS2_PLACEMENT_3D ( 'NONE', #2149, #859, #1781 ) ;
#2096 = EDGE_CURVE ( 'NONE', #1494, #288, #806, .T. ) ;
#2097 = CARTESIAN_POINT ( 'NONE',  ( 3.430194050977277698, -23.91373382654780855, 7.135740763919009133 ) ) ;
#2098 = DIRECTION ( 'NONE',  ( -0.000000000000000000, -0.000000000000000000, 1.000000000000000000 ) ) ;
#2099 = CARTESIAN_POINT ( 'NONE',  ( 9.512927749760056173, -19.78558044872993094, 5.773211862854067178 ) ) ;
#2100 = FACE_OUTER_BOUND ( 'NONE', #179, .T. ) ;
#2101 = EDGE_CURVE ( 'NONE', #2303, #464, #1396, .T. ) ;
#2102 = CARTESIAN_POINT ( 'NONE',  ( 5.000000000013278267, -40.00000000000000000, 11.00000000000000000 ) ) ;
#2103 = CARTESIAN_POINT ( 'NONE',  ( 7.811909758123961822, -26.24881562643954069, 7.960892735711324164 ) ) ;
#2104 = VERTEX_POINT ( 'NONE', #2350 ) ;
#2105 = CYLINDRICAL_SURFACE ( 'NONE', #2408, 8.000000000000000000 ) ;
#2106 = LINE ( 'NONE', #2256, #797 ) ;
#2107 = ORIENTED_EDGE ( 'NONE', *, *, #32, .T. ) ;
#2108 = CARTESIAN_POINT ( 'NONE',  ( 4.899999999999997691, -18.18257577072857245, 21.00000000000000000 ) ) ;
#2109 = CYLINDRICAL_SURFACE ( 'NONE', #1269, 30.00000000000000000 ) ;
#2110 = AXIS2_PLACEMENT_3D ( 'NONE', #2423, #390, #1873 ) ;
#2111 = DIRECTION ( 'NONE',  ( -1.000000000000000000, -0.000000000000000000, -0.000000000000000000 ) ) ;
#2112 = FACE_OUTER_BOUND ( 'NONE', #514, .T. ) ;
#2113 = ORIENTED_EDGE ( 'NONE', *, *, #633, .F. ) ;
#2114 = LINE ( 'NONE', #1755, #1112 ) ;
#2115 = EDGE_CURVE ( 'NONE', #1555, #1184, #858, .T. ) ;
#2116 = EDGE_LOOP ( 'NONE', ( #1676, #1155, #384, #2039, #1410 ) ) ;
#2117 = CYLINDRICAL_SURFACE ( 'NONE', #532, 0.2999999999999999334 ) ;
#2118 = CARTESIAN_POINT ( 'NONE',  ( 4.900000000000001243, -33.67544467966323651, 19.99999999999999645 ) ) ;
#2119 = ORIENTED_EDGE ( 'NONE', *, *, #1573, .T. ) ;
#2120 = LINE ( 'NONE', #827, #367 ) ;
#2121 = DIRECTION ( 'NONE',  ( -0.000000000000000000, -0.000000000000000000, 1.000000000000000000 ) ) ;
#2122 = DIRECTION ( 'NONE',  ( 1.000000000000000000, 0.000000000000000000, 0.000000000000000000 ) ) ;
#2123 = DIRECTION ( 'NONE',  ( 0.000000000000000000, -0.000000000000000000, -1.000000000000000000 ) ) ;
#2124 = ORIENTED_EDGE ( 'NONE', *, *, #780, .F. ) ;
#2125 = CARTESIAN_POINT ( 'NONE',  ( 7.500000000011004531, -40.00000000000000000, 14.79999999995561666 ) ) ;
#2126 = VERTEX_POINT ( 'NONE', #272 ) ;
#2127 = ADVANCED_FACE ( 'NONE', ( #463 ), #1575, .T. ) ;
#2128 = CARTESIAN_POINT ( 'NONE',  ( 4.899999999999992362, -27.49999999999999645, 0.000000000000000000 ) ) ;
#2129 = CIRCLE ( 'NONE', #1586, 0.2999999999999999889 ) ;
#2130 = EDGE_CURVE ( 'NONE', #1425, #1171, #1314, .T. ) ;
#2131 = ORIENTED_EDGE ( 'NONE', *, *, #220, .F. ) ;
#2132 = COORDINATED_UNIVERSAL_TIME_OFFSET ( 8, 0, .AHEAD. ) ;
#2133 = ADVANCED_FACE ( 'NONE', ( #1059 ), #1394, .T. ) ;
#2134 = DIRECTION ( 'NONE',  ( -1.000000000000000000, 0.000000000000000000, 0.000000000000000000 ) ) ;
#2135 = CIRCLE ( 'NONE', #2217, 0.7499999999999867883 ) ;
#2136 = AXIS2_PLACEMENT_3D ( 'NONE', #1647, #2027, #368 ) ;
#2137 = CARTESIAN_POINT ( 'NONE',  ( 10.09003097379164515, -18.29061455397785707, 6.000000000000001776 ) ) ;
#2138 = ORIENTED_EDGE ( 'NONE', *, *, #1595, .F. ) ;
#2139 = CARTESIAN_POINT ( 'NONE',  ( 0.000000000000000000, 0.000000000000000000, 5.500000000000000000 ) ) ;
#2140 = ORIENTED_EDGE ( 'NONE', *, *, #2378, .T. ) ;
#2141 = EDGE_CURVE ( 'NONE', #754, #1416, #649, .T. ) ;
#2142 = CARTESIAN_POINT ( 'NONE',  ( -0.000000000000000000, 0.000000000000000000, 0.000000000000000000 ) ) ;
#2143 = EDGE_LOOP ( 'NONE', ( #331, #891, #870, #455 ) ) ;
#2144 = PERSON_AND_ORGANIZATION ( #1481, #1186 ) ;
#2145 = CARTESIAN_POINT ( 'NONE',  ( 0.000000000000000000, -22.69999999999999929, 0.2999999999999999889 ) ) ;
#2146 = ADVANCED_FACE ( 'NONE', ( #503 ), #1421, .F. ) ;
#2147 = PLANE ( 'NONE',  #940 ) ;
#2148 = DIRECTION ( 'NONE',  ( -0.000000000000000000, -0.000000000000000000, -1.000000000000000000 ) ) ;
#2149 = CARTESIAN_POINT ( 'NONE',  ( -1.463452924981084508E-15, 13.49999999999999822, 2.500000000000000000 ) ) ;
#2150 = ORIENTED_EDGE ( 'NONE', *, *, #1536, .F. ) ;
#2151 = DIRECTION ( 'NONE',  ( 0.000000000000000000, 0.000000000000000000, 1.000000000000000000 ) ) ;
#2152 = CC_DESIGN_DATE_AND_TIME_ASSIGNMENT ( #134, #1935, ( #890 ) ) ;
#2153 = ORIENTED_EDGE ( 'NONE', *, *, #351, .T. ) ;
#2154 = LINE ( 'NONE', #900, #57 ) ;
#2155 = AXIS2_PLACEMENT_3D ( 'NONE', #983, #2069, #1713 ) ;
#2156 = EDGE_LOOP ( 'NONE', ( #1639, #897, #1840, #1567 ) ) ;
#2157 = VECTOR ( 'NONE', #526, 1000.000000000000000 ) ;
#2158 = CARTESIAN_POINT ( 'NONE',  ( 3.412156890780098539, -23.89682165380184742, 7.128779873545250112 ) ) ;
#2159 = DIRECTION ( 'NONE',  ( 1.000000000000000000, -0.000000000000000000, -0.000000000000000000 ) ) ;
#2160 = DIRECTION ( 'NONE',  ( -0.000000000000000000, -0.000000000000000000, 1.000000000000000000 ) ) ;
#2161 = CIRCLE ( 'NONE', #1765, 0.7249999999999999778 ) ;
#2162 = ORIENTED_EDGE ( 'NONE', *, *, #1592, .F. ) ;
#2163 = ORIENTED_EDGE ( 'NONE', *, *, #912, .T. ) ;
#2164 = CARTESIAN_POINT ( 'NONE',  ( 2.100000000000004530, 13.49999999999999822, 2.500000000000000000 ) ) ;
#2165 = ORIENTED_EDGE ( 'NONE', *, *, #2358, .T. ) ;
#2166 = LINE ( 'NONE', #131, #1312 ) ;
#2167 = VECTOR ( 'NONE', #1438, 1000.000000000000000 ) ;
#2168 = ORIENTED_EDGE ( 'NONE', *, *, #544, .T. ) ;
#2169 = EDGE_CURVE ( 'NONE', #1447, #1941, #262, .T. ) ;
#2170 = CARTESIAN_POINT ( 'NONE',  ( 0.000000000000000000, 0.000000000000000000, 0.000000000000000000 ) ) ;
#2171 = CARTESIAN_POINT ( 'NONE',  ( 2.345567266660089079, -23.14550754728414717, 6.844133280039359946 ) ) ;
#2172 = CIRCLE ( 'NONE', #612, 15.69999999999999929 ) ;
#2173 = ADVANCED_FACE ( 'NONE', ( #1992 ), #2251, .T. ) ;
#2174 = DIRECTION ( 'NONE',  ( 1.000000000000000000, 0.000000000000000000, 0.000000000000000000 ) ) ;
#2175 = DIRECTION ( 'NONE',  ( 0.7071067811865479058, 0.000000000000000000, 0.7071067811865470176 ) ) ;
#2176 = CIRCLE ( 'NONE', #498, 1.699999999999998401 ) ;
#2177 = ORIENTED_EDGE ( 'NONE', *, *, #2326, .F. ) ;
#2178 = AXIS2_PLACEMENT_3D ( 'NONE', #356, #364, #2054 ) ;
#2179 = CARTESIAN_POINT ( 'NONE',  ( 0.000000000000000000, 0.000000000000000000, 5.700000000000000178 ) ) ;
#2180 = ORIENTED_EDGE ( 'NONE', *, *, #1741, .T. ) ;
#2181 = CARTESIAN_POINT ( 'NONE',  ( 3.349999999999998757, -40.00000000000000000, 11.00000000000000000 ) ) ;
#2182 = EDGE_LOOP ( 'NONE', ( #354, #1805, #506, #1344 ) ) ;
#2183 = LINE ( 'NONE', #124, #734 ) ;
#2184 = CIRCLE ( 'NONE', #1251, 0.7249999999999982014 ) ;
#2185 = CARTESIAN_POINT ( 'NONE',  ( 7.499999999897317693, -40.00000000000000000, 11.00000000000000000 ) ) ;
#2186 = CARTESIAN_POINT ( 'NONE',  ( 2.700859472198541500, -10.62461462387981292, 4.099999999999999645 ) ) ;
#2187 = EDGE_CURVE ( 'NONE', #970, #11, #712, .T. ) ;
#2188 = ORIENTED_EDGE ( 'NONE', *, *, #2248, .F. ) ;
#2189 = AXIS2_PLACEMENT_3D ( 'NONE', #1099, #157, #523 ) ;
#2190 = CARTESIAN_POINT ( 'NONE',  ( 11.34961462387978592, -4.400859472198561662, 5.500000000000000000 ) ) ;
#2191 = VERTEX_POINT ( 'NONE', #882 ) ;
#2192 = CARTESIAN_POINT ( 'NONE',  ( 7.500000000011004531, -40.00000000000000000, 7.200000000044382453 ) ) ;
#2193 = ADVANCED_FACE ( 'NONE', ( #1211 ), #646, .F. ) ;
#2194 = ORIENTED_EDGE ( 'NONE', *, *, #414, .F. ) ;
#2195 = DIRECTION ( 'NONE',  ( 0.000000000000000000, 0.000000000000000000, 1.000000000000000000 ) ) ;
#2196 = DIRECTION ( 'NONE',  ( 1.000000000000000000, 0.000000000000000000, 0.000000000000000000 ) ) ;
#2197 = CARTESIAN_POINT ( 'NONE',  ( 0.000000000000000000, -13.49999999999999822, 3.249999999999987566 ) ) ;
#2198 = ORIENTED_EDGE ( 'NONE', *, *, #386, .F. ) ;
#2199 = FACE_OUTER_BOUND ( 'NONE', #1908, .T. ) ;
#2200 = VECTOR ( 'NONE', #353, 1000.000000000000000 ) ;
#2201 = CIRCLE ( 'NONE', #1226, 20.00000000000000355 ) ;
#2202 = CIRCLE ( 'NONE', #1152, 15.69999999999999929 ) ;
#2203 = VERTEX_POINT ( 'NONE', #2186 ) ;
#2204 = EDGE_CURVE ( 'NONE', #1656, #594, #481, .T. ) ;
#2205 = DIRECTION ( 'NONE',  ( -0.000000000000000000, -0.000000000000000000, -1.000000000000000000 ) ) ;
#2206 = VERTEX_POINT ( 'NONE', #1587 ) ;
#2207 = AXIS2_PLACEMENT_3D ( 'NONE', #977, #1708, #36 ) ;
#2208 = EDGE_CURVE ( 'NONE', #1290, #2223, #2339, .T. ) ;
#2209 = CARTESIAN_POINT ( 'NONE',  ( 10.62461462387981470, 4.400859472198536793, 5.500000000000000000 ) ) ;
#2210 = ORIENTED_EDGE ( 'NONE', *, *, #2187, .T. ) ;
#2211 = CARTESIAN_POINT ( 'NONE',  ( 7.200000000000000178, -32.09118371688911253, 14.62500000000000533 ) ) ;
#2212 = CC_DESIGN_PERSON_AND_ORGANIZATION_ASSIGNMENT ( #1961, #1405, ( #2087 ) ) ;
#2213 = AXIS2_PLACEMENT_3D ( 'NONE', #1902, #599, #1151 ) ;
#2214 = DIRECTION ( 'NONE',  ( -1.000000000000000000, -0.000000000000000000, -0.000000000000000000 ) ) ;
#2215 = DIRECTION ( 'NONE',  ( 0.000000000000000000, 0.000000000000000000, -1.000000000000000000 ) ) ;
#2216 = VECTOR ( 'NONE', #856, 1000.000000000000000 ) ;
#2217 = AXIS2_PLACEMENT_3D ( 'NONE', #2164, #1239, #505 ) ;
#2218 = ORIENTED_EDGE ( 'NONE', *, *, #1632, .F. ) ;
#2219 = DIRECTION ( 'NONE',  ( -1.000000000000000000, 0.000000000000000000, 0.000000000000000000 ) ) ;
#2220 = ORIENTED_EDGE ( 'NONE', *, *, #620, .T. ) ;
#2221 = APPROVAL_ROLE ( '' ) ;
#2222 = CARTESIAN_POINT ( 'NONE',  ( 0.000000000000000000, 16.00000000000000000, 0.2999999999999999334 ) ) ;
#2223 = VERTEX_POINT ( 'NONE', #2385 ) ;
#2224 = CARTESIAN_POINT ( 'NONE',  ( 0.09999999999999245603, -23.00000000000000000, 6.382104175607508090 ) ) ;
#2225 = DIRECTION ( 'NONE',  ( 0.000000000000000000, -1.000000000000000000, 0.000000000000000000 ) ) ;
#2226 = EDGE_CURVE ( 'NONE', #375, #122, #872, .T. ) ;
#2227 = DIRECTION ( 'NONE',  ( 1.000000000000000000, 0.000000000000000000, 0.000000000000000000 ) ) ;
#2228 = ORIENTED_EDGE ( 'NONE', *, *, #1837, .T. ) ;
#2229 = CYLINDRICAL_SURFACE ( 'NONE', #2281, 15.50000000000000000 ) ;
#2230 = AXIS2_PLACEMENT_3D ( 'NONE', #208, #1659, #744 ) ;
#2231 = ORIENTED_EDGE ( 'NONE', *, *, #1415, .F. ) ;
#2232 = EDGE_CURVE ( 'NONE', #2284, #838, #1072, .T. ) ;
#2233 = CARTESIAN_POINT ( 'NONE',  ( 0.000000000000000000, 0.000000000000000000, 0.000000000000000000 ) ) ;
#2234 = ORIENTED_EDGE ( 'NONE', *, *, #2141, .T. ) ;
#2235 = DIRECTION ( 'NONE',  ( 0.000000000000000000, -0.4166666666666795082, 0.9090593428863036340 ) ) ;
#2236 = CARTESIAN_POINT ( 'NONE',  ( 4.999999999956434849, -40.00000000000000000, 11.00000000000000000 ) ) ;
#2237 = CIRCLE ( 'NONE', #1571, 14.99999999999999645 ) ;
#2238 = DIRECTION ( 'NONE',  ( -1.000000000000000000, -0.000000000000000000, -0.000000000000000000 ) ) ;
#2239 = ORIENTED_EDGE ( 'NONE', *, *, #1216, .T. ) ;
#2240 = DIRECTION ( 'NONE',  ( 0.000000000000000000, 0.000000000000000000, 1.000000000000000000 ) ) ;
#2241 = EDGE_LOOP ( 'NONE', ( #1824, #2020 ) ) ;
#2242 = CARTESIAN_POINT ( 'NONE',  ( 3.549999999999991385, -40.00000000000000000, 11.00000000000000000 ) ) ;
#2243 = DIRECTION ( 'NONE',  ( 0.000000000000000000, -0.000000000000000000, -1.000000000000000000 ) ) ;
#2244 = ORIENTED_EDGE ( 'NONE', *, *, #2326, .T. ) ;
#2245 = CARTESIAN_POINT ( 'NONE',  ( 2.364246524738119248, -23.15505389844692985, 6.847462162104828387 ) ) ;
#2246 = CIRCLE ( 'NONE', #1543, 19.70000000000000284 ) ;
#2247 = FACE_OUTER_BOUND ( 'NONE', #1089, .T. ) ;
#2248 = EDGE_CURVE ( 'NONE', #1884, #2307, #931, .T. ) ;
#2249 = CARTESIAN_POINT ( 'NONE',  ( 0.000000000000000000, 13.49999999999999822, 2.500000000000000000 ) ) ;
#2250 = LINE ( 'NONE', #574, #764 ) ;
#2251 = TOROIDAL_SURFACE ( 'NONE', #954, 15.69999999999999929, 0.2999999999999999889 ) ;
#2252 = DIRECTION ( 'NONE',  ( 0.000000000000000000, 0.000000000000000000, -1.000000000000000000 ) ) ;
#2253 = CIRCLE ( 'NONE', #1283, 0.2999999999999999334 ) ;
#2254 = ORIENTED_EDGE ( 'NONE', *, *, #580, .F. ) ;
#2255 = CARTESIAN_POINT ( 'NONE',  ( 7.499999999999992895, -30.58945877365794530, 12.04682993841721839 ) ) ;
#2256 = CARTESIAN_POINT ( 'NONE',  ( 7.500000000000000000, -30.58945877365794530, 7.638760279145382803 ) ) ;
#2257 = VERTEX_POINT ( 'NONE', #1124 ) ;
#2258 = DIRECTION ( 'NONE',  ( -1.000000000000000000, -2.168404344971009115E-16, -0.000000000000000000 ) ) ;
#2259 = CC_DESIGN_PERSON_AND_ORGANIZATION_ASSIGNMENT ( #1759, #1776, ( #995 ) ) ;
#2260 = FACE_OUTER_BOUND ( 'NONE', #991, .T. ) ;
#2261 = CARTESIAN_POINT ( 'NONE',  ( -14.10000000000000320, -22.69999999999999929, 0.000000000000000000 ) ) ;
#2262 = LINE ( 'NONE', #2299, #420 ) ;
#2263 = AXIS2_PLACEMENT_3D ( 'NONE', #67, #2174, #1235 ) ;
#2264 = DIRECTION ( 'NONE',  ( 0.7071067810860616198, 8.659560563585529986E-17, 0.7071067812870334146 ) ) ;
#2265 = CIRCLE ( 'NONE', #75, 3.600000000000000977 ) ;
#2266 = VERTEX_POINT ( 'NONE', #160 ) ;
#2267 = CARTESIAN_POINT ( 'NONE',  ( 9.523135104105339366, -19.75913865116855916, 6.082665482900377008 ) ) ;
#2268 = ADVANCED_FACE ( 'NONE', ( #1644 ), #8, .T. ) ;
#2269 = CARTESIAN_POINT ( 'NONE',  ( 0.000000000000000000, 8.000000000000000000, -6.938893903907228378E-15 ) ) ;
#2270 = ORIENTED_EDGE ( 'NONE', *, *, #2130, .T. ) ;
#2271 = CARTESIAN_POINT ( 'NONE',  ( 4.489139759240050154, -26.47304268690647433, 8.092668819789007983 ) ) ;
#2272 = DIRECTION ( 'NONE',  ( -1.000000000000000000, -0.000000000000000000, -0.000000000000000000 ) ) ;
#2273 = FACE_OUTER_BOUND ( 'NONE', #842, .T. ) ;
#2274 = DIRECTION ( 'NONE',  ( 1.000000000000000000, 0.000000000000000000, 0.000000000000000000 ) ) ;
#2275 = EDGE_CURVE ( 'NONE', #1766, #375, #133, .T. ) ;
#2276 = CARTESIAN_POINT ( 'NONE',  ( 2.508234021688362070, -23.68578505843960258, 6.626993971522423088 ) ) ;
#2277 = CC_DESIGN_APPROVAL ( #529, ( #890 ) ) ;
#2278 = EDGE_CURVE ( 'NONE', #101, #241, #1705, .T. ) ;
#2279 = ORIENTED_EDGE ( 'NONE', *, *, #768, .T. ) ;
#2280 = DIRECTION ( 'NONE',  ( -1.000000000000000000, -0.000000000000000000, -0.000000000000000000 ) ) ;
#2281 = AXIS2_PLACEMENT_3D ( 'NONE', #563, #2252, #1484 ) ;
#2282 = CIRCLE ( 'NONE', #1348, 16.00000000000000000 ) ;
#2283 = CARTESIAN_POINT ( 'NONE',  ( 0.000000000000000000, 15.69999999999999929, -2.710505431213761085E-17 ) ) ;
#2284 = VERTEX_POINT ( 'NONE', #2015 ) ;
#2285 = CARTESIAN_POINT ( 'NONE',  ( 4.899999999999992362, -27.31730540726918477, 9.102239098582177945 ) ) ;
#2286 = CARTESIAN_POINT ( 'NONE',  ( 0.000000000000000000, 0.000000000000000000, 6.000000000000000000 ) ) ;
#2287 = CARTESIAN_POINT ( 'NONE',  ( 7.499999999897317693, -40.00000000000000000, 11.00000000000000000 ) ) ;
#2288 = DIRECTION ( 'NONE',  ( 0.000000000000000000, 0.000000000000000000, 1.000000000000000000 ) ) ;
#2289 = CIRCLE ( 'NONE', #845, 1.699999999999998401 ) ;
#2290 = CARTESIAN_POINT ( 'NONE',  ( 8.243732242195713766, -23.86782572976291306, 6.728044074904252270 ) ) ;
#2291 = ORIENTED_EDGE ( 'NONE', *, *, #2248, .T. ) ;
#2292 = CARTESIAN_POINT ( 'NONE',  ( 4.599999999999999645, -40.00000000000000000, 7.749999999999998224 ) ) ;
#2293 = DIRECTION ( 'NONE',  ( 1.000000000000000000, 0.000000000000000000, 0.000000000000000000 ) ) ;
#2294 = ORIENTED_EDGE ( 'NONE', *, *, #1060, .T. ) ;
#2295 = TOROIDAL_SURFACE ( 'NONE', #2178, 15.69999999999999929, 0.2999999999999999889 ) ;
#2296 = CARTESIAN_POINT ( 'NONE',  ( 0.4405487626280599200, -22.61142305691074483, 6.668729584727082660 ) ) ;
#2297 = CARTESIAN_POINT ( 'NONE',  ( 7.524614623879815056, 4.400859472198536793, 5.500000000000000000 ) ) ;
#2298 = FACE_OUTER_BOUND ( 'NONE', #76, .T. ) ;
#2299 = CARTESIAN_POINT ( 'NONE',  ( 14.92643853346130278, -5.762068439961606892, -6.938893903907228378E-15 ) ) ;
#2300 = EDGE_CURVE ( 'NONE', #1665, #1096, #1839, .T. ) ;
#2301 = CARTESIAN_POINT ( 'NONE',  ( 2.238622022204383999, -23.52819020075730094, 6.567519604888187423 ) ) ;
#2302 = VECTOR ( 'NONE', #1199, 1000.000000000000000 ) ;
#2303 = VERTEX_POINT ( 'NONE', #1101 ) ;
#2304 = DIRECTION ( 'NONE',  ( 0.000000000000000000, 0.000000000000000000, -1.000000000000000000 ) ) ;
#2305 = CARTESIAN_POINT ( 'NONE',  ( 4.599999999999997868, -33.67544467966323651, 0.2999999999999999889 ) ) ;
#2306 = CIRCLE ( 'NONE', #1951, 15.69999999999999929 ) ;
#2307 = VERTEX_POINT ( 'NONE', #549 ) ;
#2308 = PERSON_AND_ORGANIZATION ( #1481, #1186 ) ;
#2309 = CARTESIAN_POINT ( 'NONE',  ( 7.500000000000000000, -30.58945877365794530, 0.2999999999999999334 ) ) ;
#2310 = AXIS2_PLACEMENT_3D ( 'NONE', #756, #720, #1514 ) ;
#2311 = DIRECTION ( 'NONE',  ( 0.3601292774976005417, 0.9329024083413313129, 0.000000000000000000 ) ) ;
#2312 = DIRECTION ( 'NONE',  ( 0.000000000000000000, 0.000000000000000000, -1.000000000000000000 ) ) ;
#2313 = ORIENTED_EDGE ( 'NONE', *, *, #2130, .F. ) ;
#2314 = DIRECTION ( 'NONE',  ( 0.000000000000000000, 0.000000000000000000, -1.000000000000000000 ) ) ;
#2315 = ORIENTED_EDGE ( 'NONE', *, *, #1956, .F. ) ;
#2316 = CARTESIAN_POINT ( 'NONE',  ( 4.599999999999999645, -40.00000000000000000, 11.00000000000000000 ) ) ;
#2317 = AXIS2_PLACEMENT_3D ( 'NONE', #1669, #380, #755 ) ;
#2318 = EDGE_CURVE ( 'NONE', #288, #1409, #2034, .T. ) ;
#2319 = ORIENTED_EDGE ( 'NONE', *, *, #653, .F. ) ;
#2320 = VECTOR ( 'NONE', #1819, 1000.000000000000000 ) ;
#2321 = CARTESIAN_POINT ( 'NONE',  ( 4.704260738184251167, -25.95504956844733968, 8.166843260420092676 ) ) ;
#2322 = CARTESIAN_POINT ( 'NONE',  ( 9.897355336264164194, -18.78973411328469467, 5.700000000000001954 ) ) ;
#2323 = DIRECTION ( 'NONE',  ( 0.000000000000000000, 0.000000000000000000, -1.000000000000000000 ) ) ;
#2324 =( BOUNDED_CURVE ( )  B_SPLINE_CURVE ( 3, ( #41, #257, #1361, #2099 ),
 .UNSPECIFIED., .F., .F. ) 
 B_SPLINE_CURVE_WITH_KNOTS ( ( 4, 4 ),
 ( 4.712388980384689674, 4.810255319153890596 ),
 .UNSPECIFIED. ) 
 CURVE ( )  GEOMETRIC_REPRESENTATION_ITEM ( )  RATIONAL_B_SPLINE_CURVE ( ( 1.000000000000000000, 0.9992020075601445450, 0.9992020075601445450, 1.000000000000000000 ) ) 
 REPRESENTATION_ITEM ( '' )  );
#2325 = DIRECTION ( 'NONE',  ( 0.000000000000000000, 0.000000000000000000, -1.000000000000000000 ) ) ;
#2326 = EDGE_CURVE ( 'NONE', #241, #24, #1720, .T. ) ;
#2327 = ORIENTED_EDGE ( 'NONE', *, *, #795, .T. ) ;
#2328 = AXIS2_PLACEMENT_3D ( 'NONE', #785, #2280, #2090 ) ;
#2329 = DIRECTION ( 'NONE',  ( -0.000000000000000000, -0.000000000000000000, 1.000000000000000000 ) ) ;
#2330 = ORIENTED_EDGE ( 'NONE', *, *, #840, .T. ) ;
#2331 = LINE ( 'NONE', #2142, #491 ) ;
#2332 = VECTOR ( 'NONE', #984, 1000.000000000000000 ) ;
#2333 = PRODUCT_DEFINITION_SHAPE ( 'NONE', 'NONE',  #890 ) ;
#2334 = ORIENTED_EDGE ( 'NONE', *, *, #1180, .F. ) ;
#2335 = APPROVAL_STATUS ( 'not_yet_approved' ) ;
#2336 = DIRECTION ( 'NONE',  ( 2.168404344971009115E-16, -1.000000000000000000, 0.000000000000000000 ) ) ;
#2337 = VECTOR ( 'NONE', #663, 1000.000000000000000 ) ;
#2338 = CARTESIAN_POINT ( 'NONE',  ( 9.810160251289246958, -18.18257577072857956, 6.000000000000001776 ) ) ;
#2339 = LINE ( 'NONE', #1048, #792 ) ;
#2340 = ORIENTED_EDGE ( 'NONE', *, *, #849, .T. ) ;
#2341 = ORIENTED_EDGE ( 'NONE', *, *, #633, .T. ) ;
#2342 = EDGE_CURVE ( 'NONE', #1623, #1130, #335, .T. ) ;
#2343 = LINE ( 'NONE', #1994, #1817 ) ;
#2344 = ORIENTED_EDGE ( 'NONE', *, *, #1307, .T. ) ;
#2345 = LINE ( 'NONE', #1617, #2320 ) ;
#2346 = VERTEX_POINT ( 'NONE', #1287 ) ;
#2347 = CALENDAR_DATE ( 2025, 16, 11 ) ;
#2348 = CARTESIAN_POINT ( 'NONE',  ( 0.09999999999999245603, -22.61142305432801081, 6.668729583928930005 ) ) ;
#2349 = CARTESIAN_POINT ( 'NONE',  ( 4.400859472198561662, 10.62461462387978450, 0.000000000000000000 ) ) ;
#2350 = CARTESIAN_POINT ( 'NONE',  ( 7.300000000004365219, -40.00000000000000000, 14.59999999994897735 ) ) ;
#2351 = FACE_OUTER_BOUND ( 'NONE', #1821, .T. ) ;
#2352 = ORIENTED_EDGE ( 'NONE', *, *, #928, .T. ) ;
#2353 = DIRECTION ( 'NONE',  ( -0.000000000000000000, -0.000000000000000000, 1.000000000000000000 ) ) ;
#2354 = ADVANCED_FACE ( 'NONE', ( #1080 ), #2026, .F. ) ;
#2355 = ORIENTED_EDGE ( 'NONE', *, *, #1345, .T. ) ;
#2356 = LINE ( 'NONE', #467, #2167 ) ;
#2357 = AXIS2_PLACEMENT_3D ( 'NONE', #2249, #2111, #1515 ) ;
#2358 = EDGE_CURVE ( 'NONE', #1229, #656, #704, .T. ) ;
#2359 = ORIENTED_EDGE ( 'NONE', *, *, #1689, .T. ) ;
#2360 = DIRECTION ( 'NONE',  ( 1.000000000000000000, 0.000000000000000000, 0.000000000000000000 ) ) ;
#2361 = LOCAL_TIME ( 12, 25, 57.00000000000000000, #2132 ) ;
#2362 = DIRECTION ( 'NONE',  ( 1.000000000000000000, -0.000000000000000000, -0.000000000000000000 ) ) ;
#2363 = CARTESIAN_POINT ( 'NONE',  ( 9.523135104105350024, -19.75913865116855916, 6.082665482900378784 ) ) ;
#2364 = CARTESIAN_POINT ( 'NONE',  ( 4.400859472198561662, 10.62461462387978450, 5.500000000000000000 ) ) ;
#2365 = CIRCLE ( 'NONE', #294, 3.249999999999999556 ) ;
#2366 = ORIENTED_EDGE ( 'NONE', *, *, #2091, .F. ) ;
#2367 = CARTESIAN_POINT ( 'NONE',  ( 4.599999999999999645, -40.00000000000000000, 14.24999999999999822 ) ) ;
#2368 = ORIENTED_EDGE ( 'NONE', *, *, #193, .F. ) ;
#2369 = LINE ( 'NONE', #690, #1266 ) ;
#2370 = CIRCLE ( 'NONE', #2085, 0.7499999999999885647 ) ;
#2371 = ORIENTED_EDGE ( 'NONE', *, *, #172, .T. ) ;
#2372 = CARTESIAN_POINT ( 'NONE',  ( 25.00000000000000000, -45.17463617118462338, 3.636363636363638907 ) ) ;
#2373 = CARTESIAN_POINT ( 'NONE',  ( 7.300000000004365219, -40.00000000000000000, 11.00000000000000000 ) ) ;
#2374 = DIRECTION ( 'NONE',  ( -1.000000000000000000, 0.000000000000000000, 0.000000000000000000 ) ) ;
#2375 = CIRCLE ( 'NONE', #1898, 3.600000000000000977 ) ;
#2376 = ORIENTED_EDGE ( 'NONE', *, *, #2115, .F. ) ;
#2377 = CYLINDRICAL_SURFACE ( 'NONE', #111, 1.699999999999998401 ) ;
#2378 = EDGE_CURVE ( 'NONE', #1494, #750, #405, .T. ) ;
#2379 = ORIENTED_EDGE ( 'NONE', *, *, #2409, .F. ) ;
#2380 = CARTESIAN_POINT ( 'NONE',  ( 3.349999999999998757, -40.00000000000000000, 11.00000000000000000 ) ) ;
#2381 = ORIENTED_EDGE ( 'NONE', *, *, #1470, .T. ) ;
#2382 = DIRECTION ( 'NONE',  ( -0.000000000000000000, -0.000000000000000000, 1.000000000000000000 ) ) ;
#2383 = AXIS2_PLACEMENT_3D ( 'NONE', #473, #1382, #2122 ) ;
#2384 = FACE_OUTER_BOUND ( 'NONE', #2064, .T. ) ;
#2385 = CARTESIAN_POINT ( 'NONE',  ( 3.549999999999991385, -40.00000000000000000, 14.24999999999999822 ) ) ;
#2386 = VERTEX_POINT ( 'NONE', #733 ) ;
#2387 = CIRCLE ( 'NONE', #1333, 1.699999999999999289 ) ;
#2388 = ADVANCED_BREP_SHAPE_REPRESENTATION ( 'EN02-PROXIMAL_PHALANX-2', ( #2062, #2399 ), #1222 ) ;
#2389 = DIRECTION ( 'NONE',  ( 0.000000000000000000, 0.000000000000000000, 1.000000000000000000 ) ) ;
#2390 = ADVANCED_FACE ( 'NONE', ( #1479 ), #54, .T. ) ;
#2391 = ORIENTED_EDGE ( 'NONE', *, *, #1384, .F. ) ;
#2392 = ADVANCED_FACE ( 'NONE', ( #389 ), #2072, .F. ) ;
#2393 = CARTESIAN_POINT ( 'NONE',  ( 3.349999999999998757, -40.00000000000000000, 8.499999999999998224 ) ) ;
#2394 = ORIENTED_EDGE ( 'NONE', *, *, #90, .T. ) ;
#2395 = EDGE_CURVE ( 'NONE', #877, #122, #2237, .T. ) ;
#2396 = LINE ( 'NONE', #741, #903 ) ;
#2397 = EDGE_LOOP ( 'NONE', ( #2381, #337 ) ) ;
#2398 = CARTESIAN_POINT ( 'NONE',  ( 7.349309983702631222, -27.36762895991715538, 9.128674161551238342 ) ) ;
#2399 = AXIS2_PLACEMENT_3D ( 'NONE', #2170, #321, #2360 ) ;
#2400 = FACE_BOUND ( 'NONE', #643, .T. ) ;
#2401 = TOROIDAL_SURFACE ( 'NONE', #94, 19.70000000000000284, 0.2999999999999999889 ) ;
#2402 = EDGE_CURVE ( 'NONE', #2266, #288, #1760, .T. ) ;
#2403 = VECTOR ( 'NONE', #1017, 1000.000000000000000 ) ;
#2404 = VERTEX_POINT ( 'NONE', #401 ) ;
#2405 = FACE_OUTER_BOUND ( 'NONE', #1458, .T. ) ;
#2406 = B_SPLINE_CURVE_WITH_KNOTS ( 'NONE', 3,
 ( #2348, #1258, #471, #145, #1418, #2171, #693, #1964, #2158, #1801, #2000, #1761, #296, #2321, #500, #333, #486, #1978 ),
 .UNSPECIFIED., .F., .F.,
 ( 4, 2, 2, 2, 2, 2, 2, 2, 4 ),
 ( 0.000000000000000000, 0.0009967414565963377687, 0.001993482913192675537, 0.002990224369789013306, 0.003986965826385351075, 0.004983707282981688844, 0.005980448739578026612, 0.006977190196174366983, 0.007973931652770707354 ),
 .UNSPECIFIED. ) ;
#2407 = ORIENTED_EDGE ( 'NONE', *, *, #1702, .T. ) ;
#2408 = AXIS2_PLACEMENT_3D ( 'NONE', #1894, #1733, #1531 ) ;
#2409 = EDGE_CURVE ( 'NONE', #672, #1120, #598, .T. ) ;
#2410 = CARTESIAN_POINT ( 'NONE',  ( 0.000000000000000000, 15.50000000000000000, 5.999999999999998224 ) ) ;
#2411 = ORIENTED_EDGE ( 'NONE', *, *, #1255, .T. ) ;
#2412 = DIRECTION ( 'NONE',  ( 1.000000000000000000, 0.000000000000000000, 0.000000000000000000 ) ) ;
#2413 = DIRECTION ( 'NONE',  ( 1.000000000000000000, 0.000000000000000000, 0.000000000000000000 ) ) ;
#2414 = LINE ( 'NONE', #530, #1087 ) ;
#2415 = EDGE_CURVE ( 'NONE', #1171, #2126, #2120, .T. ) ;
#2416 = VECTOR ( 'NONE', #311, 1000.000000000000000 ) ;
#2417 = ORIENTED_EDGE ( 'NONE', *, *, #77, .F. ) ;
#2418 = DIRECTION ( 'NONE',  ( 0.000000000000000000, 0.000000000000000000, -1.000000000000000000 ) ) ;
#2419 = ORIENTED_EDGE ( 'NONE', *, *, #399, .F. ) ;
#2420 = CARTESIAN_POINT ( 'NONE',  ( 13.72461462387981612, 4.400859472198536793, 5.500000000000000000 ) ) ;
#2421 = ORIENTED_EDGE ( 'NONE', *, *, #151, .T. ) ;
#2422 = CARTESIAN_POINT ( 'NONE',  ( 7.954312561556147188, -23.67743006393491711, 7.002977372882812190 ) ) ;
#2423 = CARTESIAN_POINT ( 'NONE',  ( 0.09999999999999245603, -27.49999999999999645, 0.000000000000000000 ) ) ;
#2424 = CARTESIAN_POINT ( 'NONE',  ( 25.00000000000000000, -22.69999999999999929, 6.382104175607510754 ) ) ;
#2425 = VERTEX_POINT ( 'NONE', #1790 ) ;
#2426 = DIRECTION ( 'NONE',  ( -1.000000000000000000, 0.000000000000000000, 0.000000000000000000 ) ) ;
ENDSEC;
END-ISO-10303-21;
