ISO-10303-21;
HEADER;
FILE_DESCRIPTION (( 'STEP AP203' ),
    '1' );
FILE_NAME ('EN02-PROXIMAL_PHALANX-M-2.STEP',
    '2025-11-16T04:24:57',
    ( '' ),
    ( '' ),
    'SwSTEP 2.0',
    'SolidWorks 2024',
    '' );
FILE_SCHEMA (( 'CONFIG_CONTROL_DESIGN' ));
ENDSEC;

DATA;
#1 = ORIENTED_EDGE ( 'NONE', *, *, #2804, .T. ) ;
#2 = CARTESIAN_POINT ( 'NONE',  ( -13.46799999999999997, -40.00000000000000000, 11.00000000000000000 ) ) ;
#3 = DIRECTION ( 'NONE',  ( 0.000000000000000000, 0.000000000000000000, -1.000000000000000000 ) ) ;
#4 = ORIENTED_EDGE ( 'NONE', *, *, #2188, .F. ) ;
#5 = CARTESIAN_POINT ( 'NONE',  ( -13.66800000000000104, -24.39786552070579262, 7.348253836090119506 ) ) ;
#6 = ORIENTED_EDGE ( 'NONE', *, *, #1117, .F. ) ;
#7 = CARTESIAN_POINT ( 'NONE',  ( -13.66799999999999926, -21.44615071005623719, 5.700000000000000178 ) ) ;
#8 = EDGE_CURVE ( 'NONE', #1765, #1401, #30, .T. ) ;
#9 = CIRCLE ( 'NONE', #1219, 7.949999999999998401 ) ;
#10 = EDGE_CURVE ( 'NONE', #2471, #3001, #583, .T. ) ;
#11 = EDGE_LOOP ( 'NONE', ( #503, #829, #2040, #2116 ) ) ;
#12 = PERSON_AND_ORGANIZATION ( #1670, #861 ) ;
#13 = CARTESIAN_POINT ( 'NONE',  ( -14.72208685331519362, -19.08081460360051551, 6.019007657703274283 ) ) ;
#14 = EDGE_CURVE ( 'NONE', #1945, #2020, #1183, .T. ) ;
#15 = VECTOR ( 'NONE', #2602, 1000.000000000000000 ) ;
#16 = DIRECTION ( 'NONE',  ( 0.000000000000000000, 0.000000000000000000, -1.000000000000000000 ) ) ;
#17 = EDGE_CURVE ( 'NONE', #2268, #1999, #3061, .T. ) ;
#18 = ORIENTED_EDGE ( 'NONE', *, *, #2814, .T. ) ;
#19 = CIRCLE ( 'NONE', #728, 1.099999999999996758 ) ;
#20 = DIRECTION ( 'NONE',  ( -1.000000000000000000, 0.000000000000000000, 0.000000000000000000 ) ) ;
#21 = CARTESIAN_POINT ( 'NONE',  ( -13.16799999999999926, -37.41898099794851618, 0.6159573907341293619 ) ) ;
#22 = ADVANCED_FACE ( 'NONE', ( #2796 ), #438, .F. ) ;
#23 = VERTEX_POINT ( 'NONE', #1640 ) ;
#24 = EDGE_LOOP ( 'NONE', ( #830, #756 ) ) ;
#25 = VECTOR ( 'NONE', #119, 1000.000000000000000 ) ;
#26 = CARTESIAN_POINT ( 'NONE',  ( -13.96362817750369878, -21.05835980462104118, 5.974077720509702871 ) ) ;
#27 = VERTEX_POINT ( 'NONE', #3221 ) ;
#28 = CARTESIAN_POINT ( 'NONE',  ( -13.96800000000000175, -40.00000000000000000, 0.2999999999999999889 ) ) ;
#29 = AXIS2_PLACEMENT_3D ( 'NONE', #2875, #1496, #1819 ) ;
#30 = CIRCLE ( 'NONE', #146, 1.100000000000000311 ) ;
#31 = ORIENTED_EDGE ( 'NONE', *, *, #1662, .F. ) ;
#32 = CYLINDRICAL_SURFACE ( 'NONE', #3051, 0.7249999999999999778 ) ;
#33 = FACE_OUTER_BOUND ( 'NONE', #1361, .T. ) ;
#34 = ORIENTED_EDGE ( 'NONE', *, *, #3167, .F. ) ;
#35 = LINE ( 'NONE', #1623, #3328 ) ;
#36 = CARTESIAN_POINT ( 'NONE',  ( -13.66799999999999926, -40.00000000000000000, 0.000000000000000000 ) ) ;
#37 = VECTOR ( 'NONE', #1384, 1000.000000000000114 ) ;
#38 = AXIS2_PLACEMENT_3D ( 'NONE', #3100, #258, #1271 ) ;
#39 = VERTEX_POINT ( 'NONE', #2717 ) ;
#40 = EDGE_LOOP ( 'NONE', ( #3288, #2120, #1119, #2531, #223, #3242, #558, #233, #2582, #1655, #710, #2597 ) ) ;
#41 = CARTESIAN_POINT ( 'NONE',  ( -13.41799999999999926, -29.01563350352790494, 10.33967998949085576 ) ) ;
#42 = CIRCLE ( 'NONE', #1417, 4.499999999999997335 ) ;
#43 = DIRECTION ( 'NONE',  ( 0.000000000000000000, 0.000000000000000000, -1.000000000000000000 ) ) ;
#44 = CC_DESIGN_PERSON_AND_ORGANIZATION_ASSIGNMENT ( #1855, #2607, ( #736 ) ) ;
#45 = ORIENTED_EDGE ( 'NONE', *, *, #282, .T. ) ;
#46 = CARTESIAN_POINT ( 'NONE',  ( -13.46799999999999997, -40.00000000000000000, 11.00000000000000000 ) ) ;
#47 = FACE_OUTER_BOUND ( 'NONE', #2819, .T. ) ;
#48 = DIRECTION ( 'NONE',  ( 0.000000000000000000, 0.000000000000000000, 1.000000000000000000 ) ) ;
#49 = ADVANCED_FACE ( 'NONE', ( #2435 ), #103, .F. ) ;
#50 = VECTOR ( 'NONE', #2928, 1000.000000000000000 ) ;
#51 = ORIENTED_EDGE ( 'NONE', *, *, #283, .T. ) ;
#52 = B_SPLINE_CURVE_WITH_KNOTS ( 'NONE', 3,
 ( #1123, #2068, #357, #1663 ),
 .UNSPECIFIED., .F., .F.,
 ( 4, 4 ),
 ( 0.000000000000000000, 0.0002853240390610581475 ),
 .UNSPECIFIED. ) ;
#53 = AXIS2_PLACEMENT_3D ( 'NONE', #2212, #2431, #399 ) ;
#54 = VERTEX_POINT ( 'NONE', #447 ) ;
#55 = DIRECTION ( 'NONE',  ( -1.000000000000000000, 0.000000000000000000, 0.000000000000000000 ) ) ;
#56 = DIRECTION ( 'NONE',  ( -1.000000000000000000, 0.000000000000000000, 0.000000000000000000 ) ) ;
#57 = ORIENTED_EDGE ( 'NONE', *, *, #3352, .T. ) ;
#58 = ORIENTED_EDGE ( 'NONE', *, *, #240, .T. ) ;
#59 = CARTESIAN_POINT ( 'NONE',  ( -26.57538537612019169, -4.400859472198537681, 5.500000000000000000 ) ) ;
#60 = ADVANCED_FACE ( 'NONE', ( #3303 ), #2459, .T. ) ;
#61 = CARTESIAN_POINT ( 'NONE',  ( -18.30000000000000426, -40.00000000000000000, 21.69999999999999574 ) ) ;
#62 = ORIENTED_EDGE ( 'NONE', *, *, #480, .F. ) ;
#63 = CARTESIAN_POINT ( 'NONE',  ( -22.79296878014760708, -23.00000000000000000, 6.382104175935173984 ) ) ;
#64 = CARTESIAN_POINT ( 'NONE',  ( -13.16799999999999926, -46.00000000000000000, 13.09999999999999787 ) ) ;
#65 = EDGE_CURVE ( 'NONE', #1042, #2434, #2983, .T. ) ;
#66 = EDGE_CURVE ( 'NONE', #191, #182, #3386, .T. ) ;
#67 = CARTESIAN_POINT ( 'NONE',  ( -13.96799999999999820, -24.52217131570533937, 0.000000000000000000 ) ) ;
#68 = CARTESIAN_POINT ( 'NONE',  ( -13.96800000000000175, -39.52468965347481600, 0.01027388537429632653 ) ) ;
#69 = AXIS2_PLACEMENT_3D ( 'NONE', #1766, #3039, #201 ) ;
#70 = ORIENTED_EDGE ( 'NONE', *, *, #312, .T. ) ;
#71 = DIRECTION ( 'NONE',  ( 0.000000000000000000, 0.000000000000000000, 1.000000000000000000 ) ) ;
#72 = B_SPLINE_CURVE_WITH_KNOTS ( 'NONE', 3,
 ( #2560, #3388, #717, #2847 ),
 .UNSPECIFIED., .F., .F.,
 ( 4, 4 ),
 ( 0.000000000000000000, 0.0006696170018049263893 ),
 .UNSPECIFIED. ) ;
#73 = CARTESIAN_POINT ( 'NONE',  ( -18.30000000000000426, -40.00000000000000000, 11.00000000000000000 ) ) ;
#74 = CARTESIAN_POINT ( 'NONE',  ( -13.66799999999999926, -27.26632411961000102, 8.688399131949010368 ) ) ;
#75 = EDGE_CURVE ( 'NONE', #1466, #2218, #597, .T. ) ;
#76 = CIRCLE ( 'NONE', #2428, 0.2999999999999999334 ) ;
#77 = ORIENTED_EDGE ( 'NONE', *, *, #2108, .F. ) ;
#78 = CARTESIAN_POINT ( 'NONE',  ( -18.30000000000000426, -40.00000000000000000, 22.00000000000000000 ) ) ;
#79 = CARTESIAN_POINT ( 'NONE',  ( -19.88000396158500394, -23.81380416159573699, 7.095081292241057547 ) ) ;
#80 = CIRCLE ( 'NONE', #2326, 1.099999999999996758 ) ;
#81 = DIRECTION ( 'NONE',  ( -1.000000000000000000, 0.000000000000000000, 0.000000000000000000 ) ) ;
#82 = CARTESIAN_POINT ( 'NONE',  ( -13.96800000000000175, -36.93208776333745647, -59.93368673985678896 ) ) ;
#83 = AXIS2_PLACEMENT_3D ( 'NONE', #310, #2158, #48 ) ;
#84 = ADVANCED_FACE ( 'NONE', ( #1929 ), #1915, .F. ) ;
#85 = CYLINDRICAL_SURFACE ( 'NONE', #1290, 0.7499999999999937828 ) ;
#86 = CARTESIAN_POINT ( 'NONE',  ( -15.80000000000000426, -46.00000000000000000, 9.899999999999998579 ) ) ;
#87 = ORIENTED_EDGE ( 'NONE', *, *, #946, .F. ) ;
#88 = CARTESIAN_POINT ( 'NONE',  ( -13.66799999999999926, -40.00000000000000000, 11.00000000000000000 ) ) ;
#89 = DIRECTION ( 'NONE',  ( 0.000000000000000000, 0.000000000000000000, -1.000000000000000000 ) ) ;
#90 = EDGE_CURVE ( 'NONE', #1782, #2681, #2946, .T. ) ;
#91 = CARTESIAN_POINT ( 'NONE',  ( -13.16799999999889437, -29.02640156366305391, 10.81573797984590612 ) ) ;
#92 = ORIENTED_EDGE ( 'NONE', *, *, #452, .F. ) ;
#93 = SECURITY_CLASSIFICATION_LEVEL ( 'unclassified' ) ;
#94 = FACE_OUTER_BOUND ( 'NONE', #2100, .T. ) ;
#95 = DIRECTION ( 'NONE',  ( 0.000000000000000000, -0.04070803854593537524, -0.9991710842482095511 ) ) ;
#96 = AXIS2_PLACEMENT_3D ( 'NONE', #2810, #1499, #1232 ) ;
#97 = DIRECTION ( 'NONE',  ( -1.000000000000000000, 0.000000000000000000, 0.000000000000000000 ) ) ;
#98 = CARTESIAN_POINT ( 'NONE',  ( -37.20000000000000284, 7.950000000000000178, 5.500000000000000000 ) ) ;
#99 = CIRCLE ( 'NONE', #2029, 0.2999999999999999334 ) ;
#100 = DIRECTION ( 'NONE',  ( 0.000000000000000000, 0.000000000000000000, -1.000000000000000000 ) ) ;
#101 = AXIS2_PLACEMENT_3D ( 'NONE', #1642, #530, #2107 ) ;
#102 = DIRECTION ( 'NONE',  ( -0.3003909947151847115, 0.9534569378918925642, -0.02617475653826931842 ) ) ;
#103 = CONICAL_SURFACE ( 'NONE', #1755, 2.099999999999997868, 0.7853981633974482790 ) ;
#104 = AXIS2_PLACEMENT_3D ( 'NONE', #1781, #177, #2071 ) ;
#105 = ORIENTED_EDGE ( 'NONE', *, *, #1561, .T. ) ;
#106 = DIRECTION ( 'NONE',  ( 1.000000000000000000, -0.000000000000000000, -0.000000000000000000 ) ) ;
#107 = CARTESIAN_POINT ( 'NONE',  ( -28.27538537612019098, -4.400859472198537681, 5.500000000000000000 ) ) ;
#108 = ORIENTED_EDGE ( 'NONE', *, *, #978, .F. ) ;
#109 = CARTESIAN_POINT ( 'NONE',  ( -37.20000000000000284, 4.499999999999998224, 2.000000000000000000 ) ) ;
#110 = VERTEX_POINT ( 'NONE', #1402 ) ;
#111 = EDGE_CURVE ( 'NONE', #2218, #811, #2353, .T. ) ;
#112 = CARTESIAN_POINT ( 'NONE',  ( -13.46799999999999997, -36.38929476581419920, 0.9187070570279469717 ) ) ;
#113 = EDGE_CURVE ( 'NONE', #1779, #2177, #1383, .T. ) ;
#114 = DIRECTION ( 'NONE',  ( 0.000000000000000000, 0.000000000000000000, -1.000000000000000000 ) ) ;
#115 = PLANE ( 'NONE',  #892 ) ;
#116 = DIRECTION ( 'NONE',  ( 0.000000000000000000, 1.000000000000000000, 0.000000000000000000 ) ) ;
#117 = CIRCLE ( 'NONE', #450, 1.099999999999999867 ) ;
#118 = EDGE_CURVE ( 'NONE', #1031, #3383, #2949, .T. ) ;
#119 = DIRECTION ( 'NONE',  ( -1.000000000000000000, 0.000000000000000000, 0.000000000000000000 ) ) ;
#120 = FACE_OUTER_BOUND ( 'NONE', #760, .T. ) ;
#121 = EDGE_LOOP ( 'NONE', ( #456, #2871, #1106, #2784 ) ) ;
#122 = LINE ( 'NONE', #1657, #1081 ) ;
#123 = CARTESIAN_POINT ( 'NONE',  ( -13.41800000000001347, -40.00000000000000000, 11.00000000000000000 ) ) ;
#124 = VECTOR ( 'NONE', #1211, 1000.000000000000000 ) ;
#125 = EDGE_CURVE ( 'NONE', #1073, #23, #617, .T. ) ;
#126 = EDGE_CURVE ( 'NONE', #2644, #1263, #918, .T. ) ;
#127 = ORIENTED_EDGE ( 'NONE', *, *, #2901, .F. ) ;
#128 = FACE_OUTER_BOUND ( 'NONE', #712, .T. ) ;
#129 = ORIENTED_EDGE ( 'NONE', *, *, #2837, .F. ) ;
#130 = CYLINDRICAL_SURFACE ( 'NONE', #2270, 5.000000000000000888 ) ;
#131 = DIRECTION ( 'NONE',  ( -1.000000000000000000, 0.000000000000000000, 0.000000000000000000 ) ) ;
#132 = CARTESIAN_POINT ( 'NONE',  ( -13.12615621971549196, -46.00000000000000000, 11.00000000000000000 ) ) ;
#133 = CARTESIAN_POINT ( 'NONE',  ( -31.19999999999999574, 0.000000000000000000, 5.999999999999998224 ) ) ;
#134 = CIRCLE ( 'NONE', #2658, 11.00000000000000000 ) ;
#135 = AXIS2_PLACEMENT_3D ( 'NONE', #2082, #3354, #2157 ) ;
#136 = CARTESIAN_POINT ( 'NONE',  ( -13.36800000000000210, -28.72036255190231202, 10.32192991551589678 ) ) ;
#137 = DIRECTION ( 'NONE',  ( -1.000000000000000000, 0.000000000000000000, 0.000000000000000000 ) ) ;
#138 = EDGE_LOOP ( 'NONE', ( #747, #3052, #1596, #2856 ) ) ;
#139 = DIRECTION ( 'NONE',  ( -0.9537837210131052679, -0.3004939492409041124, 0.000000000000000000 ) ) ;
#140 = DIRECTION ( 'NONE',  ( 0.000000000000000000, -1.891704009198515763E-15, 1.000000000000000000 ) ) ;
#141 = EDGE_LOOP ( 'NONE', ( #1187, #2311, #2258, #3103 ) ) ;
#142 = CYLINDRICAL_SURFACE ( 'NONE', #1065, 1.100000000000000311 ) ;
#143 = CC_DESIGN_DATE_AND_TIME_ASSIGNMENT ( #2738, #1714, ( #1250 ) ) ;
#144 = EDGE_LOOP ( 'NONE', ( #953, #1418, #1301, #864 ) ) ;
#145 = DIRECTION ( 'NONE',  ( 0.000000000000000000, 0.000000000000000000, -1.000000000000000000 ) ) ;
#146 = AXIS2_PLACEMENT_3D ( 'NONE', #2682, #1756, #3284 ) ;
#147 = PLANE ( 'NONE',  #1443 ) ;
#148 = DIRECTION ( 'NONE',  ( 0.000000000000000000, 0.000000000000000000, 1.000000000000000000 ) ) ;
#149 = DIRECTION ( 'NONE',  ( 0.000000000000000000, 0.000000000000000000, 1.000000000000000000 ) ) ;
#150 = AXIS2_PLACEMENT_3D ( 'NONE', #2095, #1538, #2829 ) ;
#151 = EDGE_CURVE ( 'NONE', #980, #1042, #1040, .T. ) ;
#152 = CARTESIAN_POINT ( 'NONE',  ( -35.10000000000000853, 13.49999999999999822, 2.500000000000000000 ) ) ;
#153 = CARTESIAN_POINT ( 'NONE',  ( -19.43736648158963476, -24.81992007336926065, 7.121228525142982768 ) ) ;
#154 = DIRECTION ( 'NONE',  ( 0.000000000000000000, 0.000000000000000000, -1.000000000000000000 ) ) ;
#155 = ORIENTED_EDGE ( 'NONE', *, *, #619, .F. ) ;
#156 = CARTESIAN_POINT ( 'NONE',  ( -13.39238201613360602, -36.82323192755533370, 0.4650247857655760431 ) ) ;
#157 = AXIS2_PLACEMENT_3D ( 'NONE', #2, #1054, #2887 ) ;
#158 = CARTESIAN_POINT ( 'NONE',  ( -13.16800000000000104, -29.30003396165218632, 11.02695882422016815 ) ) ;
#159 = AXIS2_PLACEMENT_3D ( 'NONE', #353, #2457, #2217 ) ;
#160 = EDGE_CURVE ( 'NONE', #1401, #1765, #2126, .T. ) ;
#161 = ORIENTED_EDGE ( 'NONE', *, *, #3018, .T. ) ;
#162 = DIRECTION ( 'NONE',  ( -1.000000000000000000, 0.000000000000000000, 0.000000000000000000 ) ) ;
#163 = ORIENTED_EDGE ( 'NONE', *, *, #887, .T. ) ;
#164 = CARTESIAN_POINT ( 'NONE',  ( -18.60000000000000142, -40.00000000000000000, 11.00000000000000000 ) ) ;
#165 = DIRECTION ( 'NONE',  ( 0.000000000000000000, -6.484947573745073600E-16, -1.000000000000000000 ) ) ;
#166 = DIRECTION ( 'NONE',  ( 0.000000000000000000, 0.000000000000000000, 1.000000000000000000 ) ) ;
#167 = CYLINDRICAL_SURFACE ( 'NONE', #3088, 0.7499999999999937828 ) ;
#168 = EDGE_CURVE ( 'NONE', #2850, #980, #72, .T. ) ;
#169 = DIRECTION ( 'NONE',  ( -1.000000000000000000, 0.000000000000000000, 0.000000000000000000 ) ) ;
#170 = VERTEX_POINT ( 'NONE', #536 ) ;
#171 = FACE_OUTER_BOUND ( 'NONE', #2006, .T. ) ;
#172 = CYLINDRICAL_SURFACE ( 'NONE', #235, 8.049999999999998934 ) ;
#173 = B_SPLINE_CURVE_WITH_KNOTS ( 'NONE', 3,
 ( #2501, #1996, #1238, #467, #926, #2781, #3033, #718, #433, #1483, #3047, #153, #1198, #1274, #1216, #1793 ),
 .UNSPECIFIED., .F., .F.,
 ( 4, 2, 2, 2, 2, 2, 2, 4 ),
 ( 0.000000000000000000, 0.0009299781715150464475, 0.001859956343030092895, 0.002324945428787609288, 0.002789934514545125682, 0.003719912686060155866, 0.005579869029090208862, 0.007439825372120264027 ),
 .UNSPECIFIED. ) ;
#174 = EDGE_CURVE ( 'NONE', #902, #271, #638, .T. ) ;
#175 = ORIENTED_EDGE ( 'NONE', *, *, #2883, .T. ) ;
#176 = DIRECTION ( 'NONE',  ( 0.000000000000000000, 0.000000000000000000, 1.000000000000000000 ) ) ;
#177 = DIRECTION ( 'NONE',  ( 0.000000000000000000, 0.000000000000000000, 1.000000000000000000 ) ) ;
#178 = VECTOR ( 'NONE', #2788, 1000.000000000000000 ) ;
#179 = ORIENTED_EDGE ( 'NONE', *, *, #2524, .F. ) ;
#180 = AXIS2_PLACEMENT_3D ( 'NONE', #1938, #2466, #114 ) ;
#181 = CARTESIAN_POINT ( 'NONE',  ( -13.82669370300795109, -28.98305341351785813, 11.64465759362614072 ) ) ;
#182 = VERTEX_POINT ( 'NONE', #2066 ) ;
#183 = PLANE ( 'NONE',  #29 ) ;
#184 = AXIS2_PLACEMENT_3D ( 'NONE', #1647, #3168, #804 ) ;
#185 = EDGE_CURVE ( 'NONE', #2177, #1612, #2566, .T. ) ;
#186 = ORIENTED_EDGE ( 'NONE', *, *, #668, .F. ) ;
#187 = CARTESIAN_POINT ( 'NONE',  ( -37.20000000000000284, 0.000000000000000000, 0.000000000000000000 ) ) ;
#188 = CARTESIAN_POINT ( 'NONE',  ( -13.96800000000000175, -18.18257577072857245, 21.00000000000000000 ) ) ;
#189 = AXIS2_PLACEMENT_3D ( 'NONE', #1377, #1920, #1108 ) ;
#190 = EDGE_LOOP ( 'NONE', ( #2037, #1601 ) ) ;
#191 = VERTEX_POINT ( 'NONE', #979 ) ;
#192 = CARTESIAN_POINT ( 'NONE',  ( -23.10000000000000142, -27.49999999999999645, 0.000000000000000000 ) ) ;
#193 = ADVANCED_FACE ( 'NONE', ( #244 ), #2994, .T. ) ;
#194 = DIRECTION ( 'NONE',  ( 0.000000000000000000, 0.000000000000000000, 1.000000000000000000 ) ) ;
#195 = AXIS2_PLACEMENT_3D ( 'NONE', #394, #2441, #95 ) ;
#196 = ORIENTED_EDGE ( 'NONE', *, *, #225, .T. ) ;
#197 = DIRECTION ( 'NONE',  ( 0.000000000000000000, -1.000000000000000000, 0.000000000000000000 ) ) ;
#198 = CARTESIAN_POINT ( 'NONE',  ( -13.16799999999999926, -40.00000000000002132, 14.90000000000000391 ) ) ;
#199 = EDGE_CURVE ( 'NONE', #3316, #639, #2444, .T. ) ;
#200 = ORIENTED_EDGE ( 'NONE', *, *, #2056, .T. ) ;
#201 = DIRECTION ( 'NONE',  ( -1.000000000000000000, 0.000000000000000000, 0.000000000000000000 ) ) ;
#202 = EDGE_LOOP ( 'NONE', ( #6, #2529, #1155, #3147 ) ) ;
#203 = LINE ( 'NONE', #993, #1544 ) ;
#204 = ORIENTED_EDGE ( 'NONE', *, *, #631, .T. ) ;
#205 = CARTESIAN_POINT ( 'NONE',  ( -13.16799999999999926, -37.41898099794851618, 0.6159573907341293619 ) ) ;
#206 = CARTESIAN_POINT ( 'NONE',  ( -19.45131128995516789, -24.80108368059547175, 7.112006064931601479 ) ) ;
#207 = CIRCLE ( 'NONE', #3263, 0.2999999999999999889 ) ;
#208 = AXIS2_PLACEMENT_3D ( 'NONE', #280, #1292, #3083 ) ;
#209 = CARTESIAN_POINT ( 'NONE',  ( -18.60533562581651168, -27.28092886213437751, 8.688399131949008591 ) ) ;
#210 = VERTEX_POINT ( 'NONE', #1575 ) ;
#211 = DIRECTION ( 'NONE',  ( 1.000000000000000000, 0.000000000000000000, -0.000000000000000000 ) ) ;
#212 = VERTEX_POINT ( 'NONE', #2594 ) ;
#213 = CARTESIAN_POINT ( 'NONE',  ( -37.20000000000000284, 0.000000000000000000, 2.000000000000000000 ) ) ;
#214 = CARTESIAN_POINT ( 'NONE',  ( -37.20000000000000284, -4.499999999999998224, 2.000000000000000000 ) ) ;
#215 = ORIENTED_EDGE ( 'NONE', *, *, #1287, .T. ) ;
#216 = CIRCLE ( 'NONE', #984, 15.50000000000000000 ) ;
#217 = CARTESIAN_POINT ( 'NONE',  ( -32.79914052780147671, 10.62461462387979871, 5.500000000000000000 ) ) ;
#218 = ORIENTED_EDGE ( 'NONE', *, *, #2433, .T. ) ;
#219 = CARTESIAN_POINT ( 'NONE',  ( -18.60533562581651168, -27.28092886213437396, 8.688399131949012144 ) ) ;
#220 = AXIS2_PLACEMENT_3D ( 'NONE', #671, #1695, #1726 ) ;
#221 = EDGE_CURVE ( 'NONE', #1782, #2511, #2315, .T. ) ;
#222 = VECTOR ( 'NONE', #3, 1000.000000000000000 ) ;
#223 = ORIENTED_EDGE ( 'NONE', *, *, #516, .F. ) ;
#224 = VERTEX_POINT ( 'NONE', #1792 ) ;
#225 = EDGE_CURVE ( 'NONE', #811, #2173, #2394, .T. ) ;
#226 = DIRECTION ( 'NONE',  ( 0.000000000000000000, 0.000000000000000000, 1.000000000000000000 ) ) ;
#227 = DIRECTION ( 'NONE',  ( 0.000000000000000000, 1.000000000000000000, 0.000000000000000000 ) ) ;
#228 = ADVANCED_FACE ( 'NONE', ( #3118 ), #538, .F. ) ;
#229 = CARTESIAN_POINT ( 'NONE',  ( -23.10000000000000142, -27.49999999999999645, -6.938893903907228378E-15 ) ) ;
#230 = EDGE_LOOP ( 'NONE', ( #2067, #1571, #3126, #2500 ) ) ;
#231 = FACE_OUTER_BOUND ( 'NONE', #2672, .T. ) ;
#232 = EDGE_CURVE ( 'NONE', #601, #932, #2889, .T. ) ;
#233 = ORIENTED_EDGE ( 'NONE', *, *, #2144, .F. ) ;
#234 = CARTESIAN_POINT ( 'NONE',  ( -5.389825406947982955, -40.00000000000000000, 11.00000000000000000 ) ) ;
#235 = AXIS2_PLACEMENT_3D ( 'NONE', #1217, #628, #2517 ) ;
#236 = ORIENTED_EDGE ( 'NONE', *, *, #90, .F. ) ;
#237 = CARTESIAN_POINT ( 'NONE',  ( -13.65173012716790701, -28.99961073059144923, 11.15442733515694762 ) ) ;
#238 = VERTEX_POINT ( 'NONE', #209 ) ;
#239 = DIRECTION ( 'NONE',  ( 0.000000000000000000, -0.6377988311633798757, -0.7702029933508610648 ) ) ;
#240 = EDGE_CURVE ( 'NONE', #1215, #2374, #1255, .T. ) ;
#241 = ORIENTED_EDGE ( 'NONE', *, *, #174, .F. ) ;
#242 = DIRECTION ( 'NONE',  ( 1.000000000000000000, -0.000000000000000000, -0.000000000000000000 ) ) ;
#243 = CARTESIAN_POINT ( 'NONE',  ( -37.20000000000000284, 0.000000000000000000, 6.000000000000000000 ) ) ;
#244 = FACE_OUTER_BOUND ( 'NONE', #261, .T. ) ;
#245 = ORIENTED_EDGE ( 'NONE', *, *, #2952, .T. ) ;
#246 = CARTESIAN_POINT ( 'NONE',  ( -21.07055506743056128, -23.04983066078325038, 6.811481213693924452 ) ) ;
#247 = ORIENTED_EDGE ( 'NONE', *, *, #1692, .T. ) ;
#248 = DIRECTION ( 'NONE',  ( 0.000000000000000000, -1.000000000000000000, 0.000000000000000000 ) ) ;
#249 = AXIS2_PLACEMENT_3D ( 'NONE', #2413, #3120, #2351 ) ;
#250 = FACE_OUTER_BOUND ( 'NONE', #1548, .T. ) ;
#251 = ORIENTED_EDGE ( 'NONE', *, *, #2310, .T. ) ;
#252 = LINE ( 'NONE', #2041, #178 ) ;
#253 = VERTEX_POINT ( 'NONE', #2628 ) ;
#254 = TOROIDAL_SURFACE ( 'NONE', #737, 10.70839202169003812, 0.2999999999999999889 ) ;
#255 = FACE_OUTER_BOUND ( 'NONE', #3181, .T. ) ;
#256 = ORIENTED_EDGE ( 'NONE', *, *, #65, .F. ) ;
#257 = CARTESIAN_POINT ( 'NONE',  ( -20.36407678894979512, -23.91460051668043718, 7.133981198029101023 ) ) ;
#258 = DIRECTION ( 'NONE',  ( 0.000000000000000000, 0.000000000000000000, 1.000000000000000000 ) ) ;
#259 = ORIENTED_EDGE ( 'NONE', *, *, #487, .T. ) ;
#260 = DIRECTION ( 'NONE',  ( 0.7071067811865474617, 0.000000000000000000, 0.7071067811865474617 ) ) ;
#261 = EDGE_LOOP ( 'NONE', ( #2534, #1969, #552 ) ) ;
#262 = EDGE_LOOP ( 'NONE', ( #2272, #3358 ) ) ;
#263 = ADVANCED_FACE ( 'NONE', ( #1015 ), #3136, .F. ) ;
#264 = FACE_OUTER_BOUND ( 'NONE', #393, .T. ) ;
#265 = CARTESIAN_POINT ( 'NONE',  ( -37.20000000000000284, 0.000000000000000000, 5.500000000000000000 ) ) ;
#266 = CIRCLE ( 'NONE', #589, 0.2999999999999999334 ) ;
#267 = EDGE_CURVE ( 'NONE', #1981, #3055, #809, .T. ) ;
#268 = VECTOR ( 'NONE', #227, 1000.000000000000000 ) ;
#269 = ORIENTED_EDGE ( 'NONE', *, *, #1600, .T. ) ;
#270 = CARTESIAN_POINT ( 'NONE',  ( -14.43339058904936678, -19.01676041485709234, 5.719403244288447929 ) ) ;
#271 = VERTEX_POINT ( 'NONE', #1522 ) ;
#272 = DIRECTION ( 'NONE',  ( -0.7071067811865477948, 0.000000000000000000, 0.7071067811865473507 ) ) ;
#273 = EDGE_CURVE ( 'NONE', #2359, #3165, #2643, .T. ) ;
#274 = CIRCLE ( 'NONE', #3003, 8.049999999999998934 ) ;
#275 = ORIENTED_EDGE ( 'NONE', *, *, #1449, .F. ) ;
#276 = PERSON_AND_ORGANIZATION ( #1670, #861 ) ;
#277 = DIRECTION ( 'NONE',  ( -1.000000000000000000, 0.000000000000000000, 0.000000000000000000 ) ) ;
#278 = AXIS2_PLACEMENT_3D ( 'NONE', #961, #1236, #1912 ) ;
#279 = VECTOR ( 'NONE', #272, 999.9999999999998863 ) ;
#280 = CARTESIAN_POINT ( 'NONE',  ( -13.46799999999999997, -29.31090445515349785, 10.35743006346581652 ) ) ;
#281 = VERTEX_POINT ( 'NONE', #2128 ) ;
#282 = EDGE_CURVE ( 'NONE', #622, #2013, #2661, .T. ) ;
#283 = EDGE_CURVE ( 'NONE', #1051, #2359, #361, .T. ) ;
#284 = CARTESIAN_POINT ( 'NONE',  ( -13.96800000000000175, -39.52468965347481600, 0.01027388537431036739 ) ) ;
#285 = CARTESIAN_POINT ( 'NONE',  ( 7.068838354206817165, -40.00000000000000000, 2.950000000000001066 ) ) ;
#286 = EDGE_CURVE ( 'NONE', #2291, #2155, #3037, .T. ) ;
#287 = VERTEX_POINT ( 'NONE', #1327 ) ;
#288 = CARTESIAN_POINT ( 'NONE',  ( -13.96800000000000175, -36.93208776333745647, -59.93368673985678896 ) ) ;
#289 = CARTESIAN_POINT ( 'NONE',  ( -37.20000000000000284, 0.000000000000000000, 2.000000000000000000 ) ) ;
#290 = TOROIDAL_SURFACE ( 'NONE', #1001, 11.29999999999999893, 0.2999999999999999889 ) ;
#291 = ORIENTED_EDGE ( 'NONE', *, *, #1158, .T. ) ;
#292 =( NAMED_UNIT ( * ) SI_UNIT ( $, .STERADIAN. ) SOLID_ANGLE_UNIT ( ) );
#293 = CARTESIAN_POINT ( 'NONE',  ( -23.10000000000000142, -22.61142305432801081, 6.668729583928930893 ) ) ;
#294 = DIRECTION ( 'NONE',  ( 0.000000000000000000, 0.000000000000000000, 1.000000000000000000 ) ) ;
#295 = EDGE_LOOP ( 'NONE', ( #2135, #655, #1305, #3373 ) ) ;
#296 = VECTOR ( 'NONE', #97, 1000.000000000000000 ) ;
#297 = CC_DESIGN_DATE_AND_TIME_ASSIGNMENT ( #2656, #1602, ( #736 ) ) ;
#298 = DIRECTION ( 'NONE',  ( -0.000000000000000000, -0.000000000000000000, -1.000000000000000000 ) ) ;
#299 = DIRECTION ( 'NONE',  ( -0.000000000000000000, -0.000000000000000000, 1.000000000000000000 ) ) ;
#300 = ORIENTED_EDGE ( 'NONE', *, *, #2202, .F. ) ;
#301 = ORIENTED_EDGE ( 'NONE', *, *, #2752, .T. ) ;
#302 = VECTOR ( 'NONE', #1448, 1000.000000000000000 ) ;
#303 = AXIS2_PLACEMENT_3D ( 'NONE', #594, #2866, #3194 ) ;
#304 = LINE ( 'NONE', #3161, #2967 ) ;
#305 = LINE ( 'NONE', #1585, #2355 ) ;
#306 = AXIS2_PLACEMENT_3D ( 'NONE', #3012, #886, #1462 ) ;
#307 = EDGE_CURVE ( 'NONE', #807, #27, #2162, .T. ) ;
#308 = VERTEX_POINT ( 'NONE', #2368 ) ;
#309 = DIRECTION ( 'NONE',  ( 1.000000000000000000, -0.000000000000000000, -0.000000000000000000 ) ) ;
#310 = CARTESIAN_POINT ( 'NONE',  ( -13.96800000000000175, -36.93208776333745647, 0.3663132601432125823 ) ) ;
#311 = ORIENTED_EDGE ( 'NONE', *, *, #1093, .F. ) ;
#312 = EDGE_CURVE ( 'NONE', #2155, #2291, #2008, .T. ) ;
#313 = CARTESIAN_POINT ( 'NONE',  ( -18.30000000000000426, -33.67544467966323651, -3.469446951953614189E-15 ) ) ;
#314 = DIRECTION ( 'NONE',  ( 0.000000000000000000, -1.000000000000000000, 0.000000000000000000 ) ) ;
#315 = CIRCLE ( 'NONE', #761, 0.2999999999999999889 ) ;
#316 = ORIENTED_EDGE ( 'NONE', *, *, #1192, .F. ) ;
#317 = ORIENTED_EDGE ( 'NONE', *, *, #1983, .F. ) ;
#318 = CYLINDRICAL_SURFACE ( 'NONE', #1853, 0.7499999999999937828 ) ;
#319 = AXIS2_PLACEMENT_3D ( 'NONE', #750, #1990, #445 ) ;
#320 = CARTESIAN_POINT ( 'NONE',  ( -13.96800000000000175, -29.08227050894843302, 12.34282640733002978 ) ) ;
#321 = ORIENTED_EDGE ( 'NONE', *, *, #2019, .F. ) ;
#322 = CALENDAR_DATE ( 2025, 16, 11 ) ;
#323 = CARTESIAN_POINT ( 'NONE',  ( -21.04389685869816873, -23.49436048388329468, 6.555365861628403401 ) ) ;
#324 = EDGE_CURVE ( 'NONE', #992, #1981, #2432, .T. ) ;
#325 = ADVANCED_FACE ( 'NONE', ( #1651 ), #1905, .F. ) ;
#326 = DIRECTION ( 'NONE',  ( -1.000000000000000000, 0.000000000000000000, 0.000000000000000000 ) ) ;
#327 = CIRCLE ( 'NONE', #925, 6.000000000000008882 ) ;
#328 = AXIS2_PLACEMENT_3D ( 'NONE', #2181, #2751, #419 ) ;
#329 = AXIS2_PLACEMENT_3D ( 'NONE', #2132, #2149, #2372 ) ;
#330 = DIRECTION ( 'NONE',  ( -1.000000000000000000, 0.000000000000000000, 0.000000000000000000 ) ) ;
#331 = CARTESIAN_POINT ( 'NONE',  ( -62.20000000000000284, -18.18257577072857245, 21.00000000000000000 ) ) ;
#332 = EDGE_CURVE ( 'NONE', #2233, #1382, #413, .T. ) ;
#333 = ORIENTED_EDGE ( 'NONE', *, *, #2733, .T. ) ;
#334 = CARTESIAN_POINT ( 'NONE',  ( -25.85038537612021869, 4.400859472198558109, 6.000000000000000000 ) ) ;
#335 = CARTESIAN_POINT ( 'NONE',  ( -14.16799999999999926, -34.00000000000000000, 12.09999999999999609 ) ) ;
#336 = DIRECTION ( 'NONE',  ( 0.000000000000000000, 1.000000000000000000, 0.000000000000000000 ) ) ;
#337 = ORIENTED_EDGE ( 'NONE', *, *, #525, .F. ) ;
#338 = CARTESIAN_POINT ( 'NONE',  ( -13.91387119759587954, -39.09212193687893944, 0.02898262380203184274 ) ) ;
#339 = ADVANCED_FACE ( 'NONE', ( #2710 ), #872, .T. ) ;
#340 = CARTESIAN_POINT ( 'NONE',  ( -29.67538537612018956, -4.400859472198537681, 5.500000000000000000 ) ) ;
#341 = VECTOR ( 'NONE', #154, 1000.000000000000000 ) ;
#342 = DIRECTION ( 'NONE',  ( 1.000000000000000000, 0.000000000000000000, 0.000000000000000000 ) ) ;
#343 = FACE_OUTER_BOUND ( 'NONE', #1972, .T. ) ;
#344 = CONICAL_SURFACE ( 'NONE', #783, 2.099999999999997868, 0.7853981633974482790 ) ;
#345 = EDGE_CURVE ( 'NONE', #27, #54, #1408, .T. ) ;
#346 = AXIS2_PLACEMENT_3D ( 'NONE', #2064, #715, #226 ) ;
#347 = CYLINDRICAL_SURFACE ( 'NONE', #1014, 0.2999999999999999889 ) ;
#348 = FACE_OUTER_BOUND ( 'NONE', #1820, .T. ) ;
#349 = AXIS2_PLACEMENT_3D ( 'NONE', #1226, #3056, #2586 ) ;
#350 = ORIENTED_EDGE ( 'NONE', *, *, #452, .T. ) ;
#351 = CARTESIAN_POINT ( 'NONE',  ( -13.16799999999999926, -39.99999999999993605, 5.000000000000000888 ) ) ;
#352 = CARTESIAN_POINT ( 'NONE',  ( -28.27538537612019098, -4.400859472198537681, -6.938893903907228378E-15 ) ) ;
#353 = CARTESIAN_POINT ( 'NONE',  ( -18.60000000000000142, -22.69999999999999929, 0.2999999999999999889 ) ) ;
#354 = VECTOR ( 'NONE', #1148, 1000.000000000000000 ) ;
#355 = ORIENTED_EDGE ( 'NONE', *, *, #2097, .T. ) ;
#356 = FACE_OUTER_BOUND ( 'NONE', #691, .T. ) ;
#357 = CARTESIAN_POINT ( 'NONE',  ( -18.59999999999999432, -27.42871784186282724, 8.808162795508339471 ) ) ;
#358 = CARTESIAN_POINT ( 'NONE',  ( -13.66799999999999926, -24.52217131570533937, 0.2999999999999999889 ) ) ;
#359 = DIRECTION ( 'NONE',  ( 1.000000000000000000, 0.000000000000000000, 0.000000000000000000 ) ) ;
#360 = CARTESIAN_POINT ( 'NONE',  ( -13.12615621971549196, -34.00000000000000000, 12.09999999999999964 ) ) ;
#361 = CIRCLE ( 'NONE', #1578, 1.099999999999996758 ) ;
#362 = DIRECTION ( 'NONE',  ( 0.000000000000000000, 0.000000000000000000, -1.000000000000000000 ) ) ;
#363 = PLANE ( 'NONE',  #496 ) ;
#364 = EDGE_CURVE ( 'NONE', #802, #2081, #1845, .T. ) ;
#365 = EDGE_LOOP ( 'NONE', ( #2686, #1639, #2561, #1354 ) ) ;
#366 = DIRECTION ( 'NONE',  ( 0.000000000000000000, 0.000000000000000000, -1.000000000000000000 ) ) ;
#367 = FACE_OUTER_BOUND ( 'NONE', #935, .T. ) ;
#368 = EDGE_CURVE ( 'NONE', #651, #673, #551, .T. ) ;
#369 = CARTESIAN_POINT ( 'NONE',  ( -13.43988213786437136, -28.99947684626851796, 10.80621747625496276 ) ) ;
#370 = AXIS2_PLACEMENT_3D ( 'NONE', #73, #389, #2768 ) ;
#371 = AXIS2_PLACEMENT_3D ( 'NONE', #2830, #2080, #483 ) ;
#372 = ORIENTED_EDGE ( 'NONE', *, *, #283, .F. ) ;
#373 = CIRCLE ( 'NONE', #2729, 0.7499999999999885647 ) ;
#374 = DIRECTION ( 'NONE',  ( 1.000000000000000000, 0.000000000000000000, 0.000000000000000000 ) ) ;
#375 = EDGE_LOOP ( 'NONE', ( #858, #3341 ) ) ;
#376 = FACE_OUTER_BOUND ( 'NONE', #1932, .T. ) ;
#377 = EDGE_CURVE ( 'NONE', #815, #2341, #2691, .T. ) ;
#378 = DIRECTION ( 'NONE',  ( -1.000000000000000000, 0.000000000000000000, 0.000000000000000000 ) ) ;
#379 = CARTESIAN_POINT ( 'NONE',  ( -13.16799999999999926, -40.00000000000000000, 11.00000000000000000 ) ) ;
#380 = CARTESIAN_POINT ( 'NONE',  ( -13.66799999999999926, -21.44615071005623719, -6.938893903907228378E-15 ) ) ;
#381 = AXIS2_PLACEMENT_3D ( 'NONE', #234, #3104, #1813 ) ;
#382 = ADVANCED_FACE ( 'NONE', ( #343 ), #1296, .T. ) ;
#383 = CARTESIAN_POINT ( 'NONE',  ( -23.10000000000000142, -22.69999999999999929, 6.382104175607510754 ) ) ;
#384 = AXIS2_PLACEMENT_3D ( 'NONE', #2933, #1058, #1883 ) ;
#385 = ADVANCED_FACE ( 'NONE', ( #33 ), #254, .T. ) ;
#386 = FACE_OUTER_BOUND ( 'NONE', #1816, .T. ) ;
#387 = AXIS2_PLACEMENT_3D ( 'NONE', #2929, #1331, #540 ) ;
#388 = ORIENTED_EDGE ( 'NONE', *, *, #332, .F. ) ;
#389 = DIRECTION ( 'NONE',  ( -1.000000000000000000, 0.000000000000000000, 0.000000000000000000 ) ) ;
#390 = FACE_OUTER_BOUND ( 'NONE', #141, .T. ) ;
#391 = EDGE_LOOP ( 'NONE', ( #2569, #3330, #3131, #259 ) ) ;
#392 = CARTESIAN_POINT ( 'NONE',  ( -13.16799999999999926, -46.00000000000000000, 11.00000000000000000 ) ) ;
#393 = EDGE_LOOP ( 'NONE', ( #3261, #3271, #2383 ) ) ;
#394 = CARTESIAN_POINT ( 'NONE',  ( -18.30000000000000426, -34.47739303901801122, 0.3163296403102587306 ) ) ;
#395 = LINE ( 'NONE', #2479, #2970 ) ;
#396 = FACE_OUTER_BOUND ( 'NONE', #3368, .T. ) ;
#397 = DIRECTION ( 'NONE',  ( -0.000000000000000000, -0.000000000000000000, -1.000000000000000000 ) ) ;
#398 = CARTESIAN_POINT ( 'NONE',  ( -26.57538537612019169, -4.400859472198537681, 4.099999999999999645 ) ) ;
#399 = DIRECTION ( 'NONE',  ( 0.000000000000000000, 0.000000000000000000, -1.000000000000000000 ) ) ;
#400 = ORIENTED_EDGE ( 'NONE', *, *, #3363, .F. ) ;
#401 = DIRECTION ( 'NONE',  ( -0.000000000000000000, 1.000000000000000000, 0.000000000000000000 ) ) ;
#402 = CARTESIAN_POINT ( 'NONE',  ( -13.16799999999999926, -39.99999999999993605, 7.099999999999998757 ) ) ;
#403 = EDGE_LOOP ( 'NONE', ( #236, #1566, #291, #1495 ) ) ;
#404 = CARTESIAN_POINT ( 'NONE',  ( -13.69345724490141869, -36.93208776333745647, 0.2453741199822156438 ) ) ;
#405 = ORIENTED_EDGE ( 'NONE', *, *, #1308, .T. ) ;
#406 = CARTESIAN_POINT ( 'NONE',  ( -13.46799999999999997, -40.00000000000000000, 0.000000000000000000 ) ) ;
#407 = ADVANCED_FACE ( 'NONE', ( #2172, #1396 ), #565, .F. ) ;
#408 = DIRECTION ( 'NONE',  ( -1.000000000000000000, 0.000000000000000000, 0.000000000000000000 ) ) ;
#409 = FACE_BOUND ( 'NONE', #1827, .T. ) ;
#410 = DIRECTION ( 'NONE',  ( 0.000000000000000000, 0.000000000000000000, -1.000000000000000000 ) ) ;
#411 = CIRCLE ( 'NONE', #1168, 15.29999999999999716 ) ;
#412 = CIRCLE ( 'NONE', #3195, 0.3000000000000004885 ) ;
#413 = CIRCLE ( 'NONE', #2881, 2.749999999999999112 ) ;
#414 = DIRECTION ( 'NONE',  ( 0.000000000000000000, 0.000000000000000000, 1.000000000000000000 ) ) ;
#415 = PLANE ( 'NONE',  #2860 ) ;
#416 = EDGE_CURVE ( 'NONE', #210, #2020, #2925, .T. ) ;
#417 = ORIENTED_EDGE ( 'NONE', *, *, #118, .T. ) ;
#418 = CARTESIAN_POINT ( 'NONE',  ( -14.68135298318646775, -18.22971463390460301, 5.999176408803452709 ) ) ;
#419 = DIRECTION ( 'NONE',  ( 0.000000000000000000, 0.000000000000000000, -1.000000000000000000 ) ) ;
#420 = VERTEX_POINT ( 'NONE', #1465 ) ;
#421 = FACE_OUTER_BOUND ( 'NONE', #3025, .T. ) ;
#422 = ORIENTED_EDGE ( 'NONE', *, *, #225, .F. ) ;
#423 = DIRECTION ( 'NONE',  ( -1.000000000000000000, 0.000000000000000000, 0.000000000000000000 ) ) ;
#424 = EDGE_CURVE ( 'NONE', #3152, #420, #3016, .T. ) ;
#425 = DIRECTION ( 'NONE',  ( 0.000000000000000000, 6.479865408225974646E-16, -1.000000000000000000 ) ) ;
#426 = LINE ( 'NONE', #2518, #1535 ) ;
#427 = CARTESIAN_POINT ( 'NONE',  ( -14.72460589923979235, -18.09242758595630107, 5.700000000000001954 ) ) ;
#428 = EDGE_CURVE ( 'NONE', #2681, #2109, #1431, .T. ) ;
#429 = AXIS2_PLACEMENT_3D ( 'NONE', #1789, #2828, #1537 ) ;
#430 = AXIS2_PLACEMENT_3D ( 'NONE', #3193, #2411, #1107 ) ;
#431 = ORIENTED_EDGE ( 'NONE', *, *, #1491, .F. ) ;
#432 = VERTEX_POINT ( 'NONE', #2745 ) ;
#433 = CARTESIAN_POINT ( 'NONE',  ( -20.63807296052725704, -23.73023963335416298, 6.645620507213974015 ) ) ;
#434 = DIRECTION ( 'NONE',  ( 0.000000000000000000, -0.5937090424105530007, -0.8046797952974489299 ) ) ;
#435 = EDGE_LOOP ( 'NONE', ( #1272, #531, #944, #2906, #459 ) ) ;
#436 = ADVANCED_FACE ( 'NONE', ( #1412 ), #1195, .T. ) ;
#437 = LINE ( 'NONE', #2527, #1599 ) ;
#438 = CONICAL_SURFACE ( 'NONE', #2631, 0.7499999999999988898, 1.029744258676653645 ) ;
#439 = ORIENTED_EDGE ( 'NONE', *, *, #3115, .T. ) ;
#440 = CARTESIAN_POINT ( 'NONE',  ( -13.75204134596383909, -29.01458325763146462, 11.65293212736093409 ) ) ;
#441 = ORIENTED_EDGE ( 'NONE', *, *, #1600, .F. ) ;
#442 = CARTESIAN_POINT ( 'NONE',  ( -37.20000000000000284, 15.50000000000000000, 5.999999999999998224 ) ) ;
#443 = EDGE_CURVE ( 'NONE', #210, #767, #134, .T. ) ;
#444 = ORIENTED_EDGE ( 'NONE', *, *, #168, .F. ) ;
#445 = DIRECTION ( 'NONE',  ( -1.000000000000000000, 0.000000000000000000, 0.000000000000000000 ) ) ;
#446 = CARTESIAN_POINT ( 'NONE',  ( -13.91799999999999926, -40.00000000000000000, 11.00000000000000000 ) ) ;
#447 = CARTESIAN_POINT ( 'NONE',  ( -13.96800000000000175, -34.48960545058179150, 0.01657831503579579313 ) ) ;
#448 = VERTEX_POINT ( 'NONE', #2996 ) ;
#449 = CARTESIAN_POINT ( 'NONE',  ( -18.60000000000000142, -27.49999999999999645, 0.2999999999999999334 ) ) ;
#451 = FACE_OUTER_BOUND ( 'NONE', #230, .T. ) ;
#450 = AXIS2_PLACEMENT_3D ( 'NONE', #2557, #242, #678 ) ;
#452 = EDGE_CURVE ( 'NONE', #1259, #1373, #3360, .T. ) ;
#453 = ORIENTED_EDGE ( 'NONE', *, *, #3045, .T. ) ;
#454 = FACE_BOUND ( 'NONE', #1205, .T. ) ;
#455 = VECTOR ( 'NONE', #527, 1000.000000000000000 ) ;
#456 = ORIENTED_EDGE ( 'NONE', *, *, #908, .F. ) ;
#457 = AXIS2_PLACEMENT_3D ( 'NONE', #2727, #1958, #2480 ) ;
#458 = CARTESIAN_POINT ( 'NONE',  ( -13.16799999999999926, -40.00000000000002132, 17.00000000000000000 ) ) ;
#459 = ORIENTED_EDGE ( 'NONE', *, *, #2757, .T. ) ;
#460 = DIRECTION ( 'NONE',  ( 0.000000000000000000, 0.000000000000000000, -1.000000000000000000 ) ) ;
#461 = ORIENTED_EDGE ( 'NONE', *, *, #3259, .F. ) ;
#462 = FACE_OUTER_BOUND ( 'NONE', #403, .T. ) ;
#463 = CARTESIAN_POINT ( 'NONE',  ( -18.88764523267381890, -24.98996305979861887, 7.619963066527180473 ) ) ;
#464 = AXIS2_PLACEMENT_3D ( 'NONE', #1180, #2226, #362 ) ;
#465 = DIRECTION ( 'NONE',  ( 0.000000000000000000, 0.000000000000000000, -1.000000000000000000 ) ) ;
#466 = ORIENTED_EDGE ( 'NONE', *, *, #14, .T. ) ;
#467 = CARTESIAN_POINT ( 'NONE',  ( -21.87721987315197936, -23.15845100295980785, 6.435239482766156982 ) ) ;
#468 = ORIENTED_EDGE ( 'NONE', *, *, #1501, .T. ) ;
#469 = CARTESIAN_POINT ( 'NONE',  ( -13.71710256677116568, -37.28924432631745134, 0.1961615269765083769 ) ) ;
#470 = CARTESIAN_POINT ( 'NONE',  ( -24.87538537612018885, -4.400859472198537681, -6.938893903907228378E-15 ) ) ;
#471 = EDGE_CURVE ( 'NONE', #1132, #2490, #1013, .T. ) ;
#472 = ORIENTED_EDGE ( 'NONE', *, *, #1133, .F. ) ;
#473 = EDGE_CURVE ( 'NONE', #917, #191, #3300, .T. ) ;
#474 = DIRECTION ( 'NONE',  ( -1.000000000000000000, 0.000000000000000000, 0.000000000000000000 ) ) ;
#475 = ORIENTED_EDGE ( 'NONE', *, *, #1528, .T. ) ;
#476 = CARTESIAN_POINT ( 'NONE',  ( -18.60776118645275190, -27.16900338768449430, 8.989692301494748961 ) ) ;
#477 = ORIENTED_EDGE ( 'NONE', *, *, #581, .T. ) ;
#478 = CARTESIAN_POINT ( 'NONE',  ( -13.16799999999999926, -39.99999999999993605, 5.000000000000000888 ) ) ;
#479 = CARTESIAN_POINT ( 'NONE',  ( -20.62589768591756112, -23.28163038476744617, 6.893042390880540715 ) ) ;
#480 = EDGE_CURVE ( 'NONE', #1698, #3316, #1686, .T. ) ;
#481 = AXIS2_PLACEMENT_3D ( 'NONE', #1404, #670, #2718 ) ;
#482 = AXIS2_PLACEMENT_3D ( 'NONE', #2298, #2863, #515 ) ;
#483 = DIRECTION ( 'NONE',  ( 0.000000000000000000, 0.04321003150229337647, -0.9990660104205181247 ) ) ;
#484 = AXIS2_PLACEMENT_3D ( 'NONE', #2861, #787, #1340 ) ;
#485 = CARTESIAN_POINT ( 'NONE',  ( -37.20000000000000284, -23.00000000000000000, -6.938893903907228378E-15 ) ) ;
#486 = EDGE_LOOP ( 'NONE', ( #2463, #792, #1760, #920, #964 ) ) ;
#487 = EDGE_CURVE ( 'NONE', #2257, #3097, #411, .T. ) ;
#488 = LINE ( 'NONE', #2070, #2083 ) ;
#489 = FACE_BOUND ( 'NONE', #2655, .T. ) ;
#490 = ORIENTED_EDGE ( 'NONE', *, *, #2225, .F. ) ;
#491 = AXIS2_PLACEMENT_3D ( 'NONE', #1741, #176, #2054 ) ;
#492 = CARTESIAN_POINT ( 'NONE',  ( -13.51457494953143446, -29.00058202750614100, 11.20132996202253395 ) ) ;
#493 = EDGE_LOOP ( 'NONE', ( #521, #175, #2535, #1901 ) ) ;
#494 = DIRECTION ( 'NONE',  ( 0.000000000000000000, 0.000000000000000000, -1.000000000000000000 ) ) ;
#495 = VECTOR ( 'NONE', #3072, 1000.000000000000000 ) ;
#496 = AXIS2_PLACEMENT_3D ( 'NONE', #2764, #1112, #1963 ) ;
#497 = ORIENTED_EDGE ( 'NONE', *, *, #908, .T. ) ;
#498 = DIRECTION ( 'NONE',  ( 0.000000000000000000, 0.000000000000000000, 1.000000000000000000 ) ) ;
#499 = CARTESIAN_POINT ( 'NONE',  ( -18.44212393429211971, -26.04525908747162433, 8.211562992097135805 ) ) ;
#500 = DIRECTION ( 'NONE',  ( 1.000000000000000000, -0.000000000000000000, -0.000000000000000000 ) ) ;
#501 = ORIENTED_EDGE ( 'NONE', *, *, #533, .F. ) ;
#502 = CYLINDRICAL_SURFACE ( 'NONE', #1517, 8.049999999999998934 ) ;
#503 = ORIENTED_EDGE ( 'NONE', *, *, #471, .T. ) ;
#504 = B_SPLINE_CURVE_WITH_KNOTS ( 'NONE', 3,
 ( #2626, #13, #1064, #2111, #1171, #2755, #865, #1681 ),
 .UNSPECIFIED., .F., .F.,
 ( 4, 2, 2, 4 ),
 ( 0.000000000000000000, 0.001528928701736375099, 0.003057857403472750198, 0.006115714806945489121 ),
 .UNSPECIFIED. ) ;
#505 = CYLINDRICAL_SURFACE ( 'NONE', #646, 11.00000000000000000 ) ;
#506 = CARTESIAN_POINT ( 'NONE',  ( -37.20000000000000284, 0.000000000000000000, 5.500000000000000000 ) ) ;
#507 = AXIS2_PLACEMENT_3D ( 'NONE', #1399, #2984, #2747 ) ;
#508 = VERTEX_POINT ( 'NONE', #133 ) ;
#509 = DIRECTION ( 'NONE',  ( 0.000000000000000000, 0.000000000000000000, -1.000000000000000000 ) ) ;
#510 = ORIENTED_EDGE ( 'NONE', *, *, #1406, .F. ) ;
#511 = CARTESIAN_POINT ( 'NONE',  ( -13.77952633268445659, -38.79525894128077823, 0.04182207510740240664 ) ) ;
#512 = ORIENTED_EDGE ( 'NONE', *, *, #2092, .F. ) ;
#513 =( LENGTH_UNIT ( ) NAMED_UNIT ( * ) SI_UNIT ( .MILLI., .METRE. ) );
#514 = DIRECTION ( 'NONE',  ( 1.000000000000000000, -0.000000000000000000, -0.000000000000000000 ) ) ;
#515 = DIRECTION ( 'NONE',  ( 0.000000000000000000, 0.000000000000000000, -1.000000000000000000 ) ) ;
#516 = EDGE_CURVE ( 'NONE', #1466, #2767, #924, .T. ) ;
#517 = ORIENTED_EDGE ( 'NONE', *, *, #1654, .T. ) ;
#518 = LINE ( 'NONE', #838, #2548 ) ;
#519 = ORIENTED_EDGE ( 'NONE', *, *, #1096, .T. ) ;
#520 = AXIS2_PLACEMENT_3D ( 'NONE', #2714, #1908, #1398 ) ;
#521 = ORIENTED_EDGE ( 'NONE', *, *, #3187, .T. ) ;
#522 = DIRECTION ( 'NONE',  ( 0.3004939492409032797, -0.9537837210131053789, 0.000000000000000000 ) ) ;
#523 = AXIS2_PLACEMENT_3D ( 'NONE', #1683, #2742, #625 ) ;
#524 = DIRECTION ( 'NONE',  ( 1.000000000000000000, 0.000000000000000000, 0.000000000000000000 ) ) ;
#525 = EDGE_CURVE ( 'NONE', #2359, #1765, #645, .T. ) ;
#526 = ORIENTED_EDGE ( 'NONE', *, *, #1941, .F. ) ;
#527 = DIRECTION ( 'NONE',  ( -1.000000000000000000, 0.000000000000000000, 0.000000000000000000 ) ) ;
#528 = ORIENTED_EDGE ( 'NONE', *, *, #3253, .T. ) ;
#529 = AXIS2_PLACEMENT_3D ( 'NONE', #3185, #1862, #1889 ) ;
#530 = DIRECTION ( 'NONE',  ( -3.013546166177860810E-13, 0.002519516281810722184, -0.9999968260138158982 ) ) ;
#531 = ORIENTED_EDGE ( 'NONE', *, *, #307, .T. ) ;
#532 = CARTESIAN_POINT ( 'NONE',  ( -14.16799999999999926, -39.99999999999993605, 3.900000000000004352 ) ) ;
#533 = EDGE_CURVE ( 'NONE', #3160, #2639, #2210, .T. ) ;
#534 = CARTESIAN_POINT ( 'NONE',  ( -5.389825406947982955, -40.00000000000000000, 11.00000000000000000 ) ) ;
#535 = ADVANCED_FACE ( 'NONE', ( #2481 ), #167, .F. ) ;
#536 = CARTESIAN_POINT ( 'NONE',  ( -28.27538537612019098, -4.400859472198537681, 4.099999999999999645 ) ) ;
#537 = ORIENTED_EDGE ( 'NONE', *, *, #2550, .F. ) ;
#538 = CONICAL_SURFACE ( 'NONE', #971, 0.7499999999999988898, 1.029744258676653645 ) ;
#539 = DIRECTION ( 'NONE',  ( -1.000000000000000000, 0.000000000000000000, 0.000000000000000000 ) ) ;
#540 = DIRECTION ( 'NONE',  ( -0.9537837210131043797, -0.3004939492409066659, 0.000000000000000000 ) ) ;
#541 = LOCAL_TIME ( 12, 24, 57.00000000000000000, #1872 ) ;
#542 = ORIENTED_EDGE ( 'NONE', *, *, #2914, .F. ) ;
#543 = DIRECTION ( 'NONE',  ( -1.000000000000000000, 0.000000000000000000, 0.000000000000000000 ) ) ;
#544 = DIRECTION ( 'NONE',  ( 0.000000000000000000, 0.000000000000000000, -1.000000000000000000 ) ) ;
#545 = CIRCLE ( 'NONE', #2456, 0.7249999999999965361 ) ;
#546 = ORIENTED_EDGE ( 'NONE', *, *, #681, .F. ) ;
#547 = APPROVAL_STATUS ( 'not_yet_approved' ) ;
#548 = CIRCLE ( 'NONE', #1646, 0.3000000000000014322 ) ;
#549 = CARTESIAN_POINT ( 'NONE',  ( -21.23458717757331016, -23.40181125767193748, 6.932464949540775301 ) ) ;
#550 = VECTOR ( 'NONE', #71, 1000.000000000000000 ) ;
#551 = LINE ( 'NONE', #612, #1894 ) ;
#552 = ORIENTED_EDGE ( 'NONE', *, *, #1671, .T. ) ;
#553 = LINE ( 'NONE', #2356, #818 ) ;
#554 = DIRECTION ( 'NONE',  ( -1.000000000000000000, 0.000000000000000000, 0.000000000000000000 ) ) ;
#555 = EDGE_CURVE ( 'NONE', #1051, #1401, #3267, .T. ) ;
#556 = PRODUCT_DEFINITION_SHAPE ( 'NONE', 'NONE',  #736 ) ;
#557 = ORIENTED_EDGE ( 'NONE', *, *, #2188, .T. ) ;
#558 = ORIENTED_EDGE ( 'NONE', *, *, #1707, .F. ) ;
#559 = FACE_OUTER_BOUND ( 'NONE', #2076, .T. ) ;
#560 = CARTESIAN_POINT ( 'NONE',  ( -13.74622869960098903, -28.89351362262295453, 11.16615655550814168 ) ) ;
#561 = AXIS2_PLACEMENT_3D ( 'NONE', #1447, #148, #644 ) ;
#562 = EDGE_LOOP ( 'NONE', ( #3128, #2905, #405, #417 ) ) ;
#563 = CARTESIAN_POINT ( 'NONE',  ( -37.20000000000000284, -13.49999999999999822, 2.500000000000000000 ) ) ;
#564 = FACE_OUTER_BOUND ( 'NONE', #2057, .T. ) ;
#565 = PLANE ( 'NONE',  #2061 ) ;
#566 = EDGE_LOOP ( 'NONE', ( #1680, #1131, #196, #3038 ) ) ;
#567 = CARTESIAN_POINT ( 'NONE',  ( -13.16799999999999926, -40.00000000000002132, 17.00000000000000000 ) ) ;
#568 = DIRECTION ( 'NONE',  ( 0.000000000000000000, 0.000000000000000000, 1.000000000000000000 ) ) ;
#569 = VERTEX_POINT ( 'NONE', #1991 ) ;
#570 = ORIENTED_EDGE ( 'NONE', *, *, #473, .F. ) ;
#571 = VECTOR ( 'NONE', #2193, 1000.000000000000000 ) ;
#572 = EDGE_CURVE ( 'NONE', #2511, #2247, #1254, .T. ) ;
#573 = CARTESIAN_POINT ( 'NONE',  ( -14.72190976367691384, -19.08136567476022094, 6.019022785972694578 ) ) ;
#574 = CARTESIAN_POINT ( 'NONE',  ( -13.90013605431111010, -29.04081103449892254, 12.00574387424155454 ) ) ;
#575 = EDGE_CURVE ( 'NONE', #3055, #3327, #3249, .T. ) ;
#576 = ADVANCED_FACE ( 'NONE', ( #1212 ), #2278, .T. ) ;
#577 = ORIENTED_EDGE ( 'NONE', *, *, #2757, .F. ) ;
#578 = CARTESIAN_POINT ( 'NONE',  ( -13.66799999999999926, -33.67544467966323651, 0.2999999999999930500 ) ) ;
#579 = CARTESIAN_POINT ( 'NONE',  ( -22.44919787471425110, -22.64420583258259612, 6.678746641138935125 ) ) ;
#580 = CARTESIAN_POINT ( 'NONE',  ( -37.20000000000000284, 0.000000000000000000, 22.00000000000000000 ) ) ;
#581 = EDGE_CURVE ( 'NONE', #2072, #569, #1907, .T. ) ;
#582 = DIRECTION ( 'NONE',  ( -1.000000000000000000, 0.000000000000000000, 0.000000000000000000 ) ) ;
#583 = CIRCLE ( 'NONE', #2499, 11.30000000000000071 ) ;
#584 = CARTESIAN_POINT ( 'NONE',  ( -15.01074101554372753, -18.18257577072857245, 6.000000000000001776 ) ) ;
#585 = EDGE_CURVE ( 'NONE', #1928, #224, #2346, .T. ) ;
#586 = ORIENTED_EDGE ( 'NONE', *, *, #3356, .T. ) ;
#587 = DIRECTION ( 'NONE',  ( 0.000000000000000000, 0.000000000000000000, -1.000000000000000000 ) ) ;
#588 = CYLINDRICAL_SURFACE ( 'NONE', #1507, 1.700000000000000178 ) ;
#589 = AXIS2_PLACEMENT_3D ( 'NONE', #2293, #2392, #2110 ) ;
#590 = DIRECTION ( 'NONE',  ( -0.000000000000000000, -1.000000000000000000, -1.224646799147353207E-16 ) ) ;
#591 = AXIS2_PLACEMENT_3D ( 'NONE', #1556, #514, #2065 ) ;
#592 = ORIENTED_EDGE ( 'NONE', *, *, #1807, .T. ) ;
#593 = CARTESIAN_POINT ( 'NONE',  ( -15.80000000000000426, -40.00000000000002132, 18.10000000000000142 ) ) ;
#594 = CARTESIAN_POINT ( 'NONE',  ( -13.96800000000000175, -24.11966619483408181, 12.95320204702549916 ) ) ;
#595 = CYLINDRICAL_SURFACE ( 'NONE', #2813, 1.100000000000000311 ) ;
#596 = DIRECTION ( 'NONE',  ( 1.000000000000000000, -0.000000000000000000, -0.000000000000000000 ) ) ;
#597 = CIRCLE ( 'NONE', #2791, 20.00000000000000355 ) ;
#598 = AXIS2_PLACEMENT_3D ( 'NONE', #2769, #2951, #2200 ) ;
#599 = DIRECTION ( 'NONE',  ( -1.000000000000000000, 0.000000000000000000, 0.000000000000000000 ) ) ;
#600 = CARTESIAN_POINT ( 'NONE',  ( -37.20000000000000284, 0.000000000000000000, 2.000000000000000000 ) ) ;
#601 = VERTEX_POINT ( 'NONE', #1233 ) ;
#602 = CARTESIAN_POINT ( 'NONE',  ( -18.30000000000000426, -33.67544467966323651, 19.99999999999999645 ) ) ;
#603 = DIRECTION ( 'NONE',  ( 0.7071067811865474617, -8.659560562354932858E-17, -0.7071067811865474617 ) ) ;
#604 = CARTESIAN_POINT ( 'NONE',  ( -18.30000000000000426, -36.93208776333745647, -59.93368673985678896 ) ) ;
#605 = VERTEX_POINT ( 'NONE', #1269 ) ;
#606 = FACE_OUTER_BOUND ( 'NONE', #2033, .T. ) ;
#607 = TOROIDAL_SURFACE ( 'NONE', #1156, 4.799999999999999822, 0.2999999999999999889 ) ;
#608 = CARTESIAN_POINT ( 'NONE',  ( -20.50946985650544718, -23.35258976232628925, 6.918817282314917883 ) ) ;
#609 = AXIS2_PLACEMENT_3D ( 'NONE', #3216, #1434, #2470 ) ;
#610 = CARTESIAN_POINT ( 'NONE',  ( -13.16799999999999926, -40.00000000000002132, 17.00000000000000000 ) ) ;
#611 = CARTESIAN_POINT ( 'NONE',  ( -37.20000000000000284, 0.000000000000000000, 0.000000000000000000 ) ) ;
#612 = CARTESIAN_POINT ( 'NONE',  ( -13.12615621971549196, -40.00000000000002132, 18.10000000000000142 ) ) ;
#613 = EDGE_CURVE ( 'NONE', #2546, #2341, #3378, .T. ) ;
#614 = DIRECTION ( 'NONE',  ( 0.000000000000000000, 0.000000000000000000, -1.000000000000000000 ) ) ;
#615 = CARTESIAN_POINT ( 'NONE',  ( -37.20000000000000284, 0.000000000000000000, 6.000000000000000000 ) ) ;
#616 = EDGE_LOOP ( 'NONE', ( #624, #3309 ) ) ;
#617 = LINE ( 'NONE', #2048, #1319 ) ;
#618 = CARTESIAN_POINT ( 'NONE',  ( -13.16799999999999926, -40.00000000000002132, 14.90000000000000391 ) ) ;
#619 = EDGE_CURVE ( 'NONE', #992, #767, #1288, .T. ) ;
#620 = CARTESIAN_POINT ( 'NONE',  ( -15.80000000000000426, -40.00000000000002132, 17.00000000000000000 ) ) ;
#621 = CIRCLE ( 'NONE', #303, 5.000000000000000888 ) ;
#622 = VERTEX_POINT ( 'NONE', #3370 ) ;
#623 = DIRECTION ( 'NONE',  ( 1.000000000000000000, -0.000000000000000000, -0.000000000000000000 ) ) ;
#624 = ORIENTED_EDGE ( 'NONE', *, *, #1406, .T. ) ;
#625 = DIRECTION ( 'NONE',  ( -1.000000000000000000, 0.000000000000000000, 0.000000000000000000 ) ) ;
#626 = CIRCLE ( 'NONE', #1521, 7.949999999999998401 ) ;
#627 = EDGE_CURVE ( 'NONE', #1804, #1716, #3107, .T. ) ;
#628 = DIRECTION ( 'NONE',  ( -1.000000000000000000, 0.000000000000000000, 0.000000000000000000 ) ) ;
#629 = DIRECTION ( 'NONE',  ( 0.000000000000000000, 0.000000000000000000, 1.000000000000000000 ) ) ;
#630 = CARTESIAN_POINT ( 'NONE',  ( -13.66799999999999926, -18.18257577072857245, 21.00000000000000000 ) ) ;
#631 = EDGE_CURVE ( 'NONE', #932, #601, #1636, .T. ) ;
#632 = FACE_OUTER_BOUND ( 'NONE', #3244, .T. ) ;
#633 = CARTESIAN_POINT ( 'NONE',  ( -13.96800000000000175, -33.67544467966323651, -3.469446951953614189E-15 ) ) ;
#634 = ORIENTED_EDGE ( 'NONE', *, *, #377, .F. ) ;
#635 = CARTESIAN_POINT ( 'NONE',  ( -13.66799999999999926, -36.18981364674953483, 0.3617445060995118644 ) ) ;
#636 = CARTESIAN_POINT ( 'NONE',  ( -13.16800000000000104, -29.31090445515349785, 10.35743006346581652 ) ) ;
#637 = CIRCLE ( 'NONE', #1960, 0.7499999999999988898 ) ;
#638 = CIRCLE ( 'NONE', #1082, 1.700000000000000178 ) ;
#639 = VERTEX_POINT ( 'NONE', #1500 ) ;
#640 = FACE_OUTER_BOUND ( 'NONE', #706, .T. ) ;
#641 = VERTEX_POINT ( 'NONE', #3385 ) ;
#642 = CARTESIAN_POINT ( 'NONE',  ( -18.60000000000000142, -40.00000000000000000, 11.00000000000000000 ) ) ;
#643 = DIRECTION ( 'NONE',  ( 1.000000000000000000, -0.000000000000000000, -0.000000000000000000 ) ) ;
#644 = DIRECTION ( 'NONE',  ( 1.000000000000000000, 0.000000000000000000, 0.000000000000000000 ) ) ;
#645 = LINE ( 'NONE', #3044, #1289 ) ;
#646 = AXIS2_PLACEMENT_3D ( 'NONE', #2869, #55, #2336 ) ;
#647 = DIRECTION ( 'NONE',  ( -1.000000000000000000, 0.000000000000000000, 0.000000000000000000 ) ) ;
#648 = AXIS2_PLACEMENT_3D ( 'NONE', #2438, #1454, #2969 ) ;
#649 = DIRECTION ( 'NONE',  ( 1.000000000000000000, -0.000000000000000000, -0.000000000000000000 ) ) ;
#650 = AXIS2_PLACEMENT_3D ( 'NONE', #2916, #1084, #1893 ) ;
#651 = VERTEX_POINT ( 'NONE', #2795 ) ;
#652 = CARTESIAN_POINT ( 'NONE',  ( -14.43355502021370640, -19.01623850162663487, 5.719389131694378570 ) ) ;
#653 = EDGE_CURVE ( 'NONE', #448, #1466, #1806, .T. ) ;
#654 = CARTESIAN_POINT ( 'NONE',  ( -15.80000000000000426, -40.00000000000002132, 17.00000000000000000 ) ) ;
#655 = ORIENTED_EDGE ( 'NONE', *, *, #1179, .F. ) ;
#656 = CARTESIAN_POINT ( 'NONE',  ( -13.67987230915821328, -28.78635212553625777, 10.63864496671858717 ) ) ;
#657 = ORIENTED_EDGE ( 'NONE', *, *, #1413, .F. ) ;
#658 = CARTESIAN_POINT ( 'NONE',  ( -13.96800000000000175, -24.39786552070579617, 7.348253836090123059 ) ) ;
#659 = LINE ( 'NONE', #2725, #3233 ) ;
#660 = B_SPLINE_CURVE_WITH_KNOTS ( 'NONE', 3,
 ( #692, #2022, #2322, #3365, #711, #1022 ),
 .UNSPECIFIED., .F., .F.,
 ( 4, 2, 4 ),
 ( -1.126089683248215613E-05, 0.0006937463731206748412, 0.001398753643073831791 ),
 .UNSPECIFIED. ) ;
#661 = DIRECTION ( 'NONE',  ( 1.000000000000000000, 0.000000000000000000, 0.000000000000000000 ) ) ;
#662 = CARTESIAN_POINT ( 'NONE',  ( -22.22559558009425018, 4.717755003082197973, 0.000000000000000000 ) ) ;
#663 = B_SPLINE_CURVE_WITH_KNOTS ( 'NONE', 3,
 ( #1887, #1559, #3390, #2956, #2924, #79, #1050, #608, #1294, #2334, #246, #1577, #2706, #579, #1633, #773 ),
 .UNSPECIFIED., .F., .F.,
 ( 4, 2, 2, 2, 2, 2, 2, 4 ),
 ( 3.878959614448864246E-18, 0.001920080963900549446, 0.003840161927801096723, 0.004800202409751366459, 0.005280222650726508482, 0.005760242891701651373, 0.006720283373651935420, 0.007680323855602219467 ),
 .UNSPECIFIED. ) ;
#664 = EDGE_CURVE ( 'NONE', #3097, #2921, #1028, .T. ) ;
#665 = VECTOR ( 'NONE', #1738, 1000.000000000000000 ) ;
#666 = DIRECTION ( 'NONE',  ( -1.000000000000000000, 0.000000000000000000, 0.000000000000000000 ) ) ;
#667 = DIRECTION ( 'NONE',  ( 1.000000000000000000, -0.000000000000000000, -0.000000000000000000 ) ) ;
#668 = EDGE_CURVE ( 'NONE', #605, #2639, #3351, .T. ) ;
#669 = EDGE_LOOP ( 'NONE', ( #1076, #1245, #2105, #1964 ) ) ;
#670 = DIRECTION ( 'NONE',  ( -1.000000000000000000, 0.000000000000000000, 0.000000000000000000 ) ) ;
#671 = CARTESIAN_POINT ( 'NONE',  ( -32.79914052780147671, 10.62461462387979871, 4.099999999999999645 ) ) ;
#672 = ADVANCED_FACE ( 'NONE', ( #2537 ), #2545, .T. ) ;
#673 = VERTEX_POINT ( 'NONE', #593 ) ;
#674 = CARTESIAN_POINT ( 'NONE',  ( -37.20000000000000284, 0.000000000000000000, 6.000000000000000000 ) ) ;
#675 = VERTEX_POINT ( 'NONE', #578 ) ;
#676 = DIRECTION ( 'NONE',  ( 0.000000000000000000, 0.3371846330310155904, -0.9414385392832287369 ) ) ;
#677 = LINE ( 'NONE', #1477, #1061 ) ;
#678 = DIRECTION ( 'NONE',  ( 0.000000000000000000, 0.000000000000000000, -1.000000000000000000 ) ) ;
#679 = CARTESIAN_POINT ( 'NONE',  ( -18.60000000000000142, -27.49999999999999645, 6.794633978836429833 ) ) ;
#680 = VECTOR ( 'NONE', #1737, 1000.000000000000000 ) ;
#681 = EDGE_CURVE ( 'NONE', #3379, #1023, #1747, .T. ) ;
#682 = DIRECTION ( 'NONE',  ( -1.000000000000000000, 0.000000000000000000, 0.000000000000000000 ) ) ;
#683 = AXIS2_PLACEMENT_3D ( 'NONE', #2414, #2382, #1360 ) ;
#684 = ORIENTED_EDGE ( 'NONE', *, *, #1244, .F. ) ;
#685 = DIRECTION ( 'NONE',  ( -0.000000000000000000, 0.9991710842482095511, -0.04070803854593536136 ) ) ;
#686 = LINE ( 'NONE', #1776, #665 ) ;
#687 = ORIENTED_EDGE ( 'NONE', *, *, #1291, .T. ) ;
#688 = DIRECTION ( 'NONE',  ( -0.000000000000000000, -0.000000000000000000, -1.000000000000000000 ) ) ;
#689 = CARTESIAN_POINT ( 'NONE',  ( -13.66799999999999926, -33.67544467966323651, 19.99999999999999645 ) ) ;
#690 = EDGE_CURVE ( 'NONE', #1866, #1911, #1618, .T. ) ;
#691 = EDGE_LOOP ( 'NONE', ( #475, #4, #3031, #256 ) ) ;
#692 = CARTESIAN_POINT ( 'NONE',  ( -13.96800000000000175, -29.08227050894843302, 12.34282640733002978 ) ) ;
#693 = ORIENTED_EDGE ( 'NONE', *, *, #1117, .T. ) ;
#694 = DIRECTION ( 'NONE',  ( -0.000000000000000000, -0.000000000000000000, -1.000000000000000000 ) ) ;
#695 = ORIENTED_EDGE ( 'NONE', *, *, #1900, .T. ) ;
#696 = DIRECTION ( 'NONE',  ( 1.000000000000000000, -0.000000000000000000, -0.000000000000000000 ) ) ;
#697 = CARTESIAN_POINT ( 'NONE',  ( -23.10000000000000142, -23.00000000000000000, 6.382104175607510754 ) ) ;
#698 = ADVANCED_FACE ( 'NONE', ( #47 ), #1389, .T. ) ;
#699 = CIRCLE ( 'NONE', #2622, 0.7499999999999885647 ) ;
#700 = VECTOR ( 'NONE', #3320, 1000.000000000000000 ) ;
#701 = DIRECTION ( 'NONE',  ( -0.3004939492409066659, 0.9537837210131044907, 0.000000000000000000 ) ) ;
#702 = ORIENTED_EDGE ( 'NONE', *, *, #2310, .F. ) ;
#703 = DIRECTION ( 'NONE',  ( 0.000000000000000000, 0.000000000000000000, 1.000000000000000000 ) ) ;
#704 = LINE ( 'NONE', #1486, #1717 ) ;
#705 = TOROIDAL_SURFACE ( 'NONE', #1542, 10.69999999999999929, 0.2999999999999999889 ) ;
#706 = EDGE_LOOP ( 'NONE', ( #155, #753, #87, #2554, #472 ) ) ;
#707 = CARTESIAN_POINT ( 'NONE',  ( -14.72460589923979768, -18.09242758595629752, 5.700000000000001954 ) ) ;
#708 = DIRECTION ( 'NONE',  ( 0.000000000000000000, 0.000000000000000000, -1.000000000000000000 ) ) ;
#709 = AXIS2_PLACEMENT_3D ( 'NONE', #2002, #2320, #1742 ) ;
#710 = ORIENTED_EDGE ( 'NONE', *, *, #3096, .T. ) ;
#711 = CARTESIAN_POINT ( 'NONE',  ( -13.52763132316721162, -29.00060749048493136, 11.25497053117899071 ) ) ;
#712 = EDGE_LOOP ( 'NONE', ( #1523, #2345, #3349, #1087 ) ) ;
#713 = DIRECTION ( 'NONE',  ( 1.000000000000000000, 0.000000000000000000, 0.000000000000000000 ) ) ;
#714 = ORIENTED_EDGE ( 'NONE', *, *, #2498, .T. ) ;
#715 = DIRECTION ( 'NONE',  ( 1.000000000000000000, -0.000000000000000000, -0.000000000000000000 ) ) ;
#716 = CARTESIAN_POINT ( 'NONE',  ( -18.33134064154066323, -26.57228517150475966, 8.549142249981736441 ) ) ;
#717 = CARTESIAN_POINT ( 'NONE',  ( -13.16799999999999926, -29.29749786845074766, 10.58044747846110845 ) ) ;
#718 = CARTESIAN_POINT ( 'NONE',  ( -20.76500348996273004, -23.65022776913665226, 6.614502934249207655 ) ) ;
#719 = EDGE_CURVE ( 'NONE', #3383, #2268, #2783, .T. ) ;
#721 = CARTESIAN_POINT ( 'NONE',  ( -13.16800000000000104, -36.72655482482709033, 0.7979143553857417359 ) ) ;
#720 = AXIS2_PLACEMENT_3D ( 'NONE', #1666, #408, #425 ) ;
#722 = ORIENTED_EDGE ( 'NONE', *, *, #2904, .T. ) ;
#723 = CARTESIAN_POINT ( 'NONE',  ( -14.59466580831289484, -18.50486432135852510, 6.003196394691055815 ) ) ;
#724 = CARTESIAN_POINT ( 'NONE',  ( -18.30000000000000426, -40.00000000000000000, 11.00000000000000000 ) ) ;
#725 = APPLICATION_CONTEXT ( 'configuration controlled 3d designs of mechanical parts and assemblies' ) ;
#726 = ADVANCED_FACE ( 'NONE', ( #564 ), #32, .F. ) ;
#727 = ORIENTED_EDGE ( 'NONE', *, *, #2939, .T. ) ;
#728 = AXIS2_PLACEMENT_3D ( 'NONE', #3014, #2977, #3246 ) ;
#729 = DIRECTION ( 'NONE',  ( 0.000000000000000000, 0.9925208628228697760, 0.1220751279390940303 ) ) ;
#730 = ORIENTED_EDGE ( 'NONE', *, *, #2524, .T. ) ;
#731 = LINE ( 'NONE', #2153, #2736 ) ;
#732 = EDGE_LOOP ( 'NONE', ( #215, #3111, #2134, #2772, #3178 ) ) ;
#733 = DIRECTION ( 'NONE',  ( 1.000000000000000000, -0.000000000000000000, -0.000000000000000000 ) ) ;
#734 = DIRECTION ( 'NONE',  ( 0.000000000000000000, 0.000000000000000000, 1.000000000000000000 ) ) ;
#735 = EDGE_CURVE ( 'NONE', #842, #1799, #1136, .T. ) ;
#736 = PRODUCT_DEFINITION ( 'UNKNOWN', '', #3268, #1456 ) ;
#737 = AXIS2_PLACEMENT_3D ( 'NONE', #855, #2113, #1079 ) ;
#738 = AXIS2_PLACEMENT_3D ( 'NONE', #1825, #2464, #2758 ) ;
#739 = CARTESIAN_POINT ( 'NONE',  ( -13.96800000000000175, -36.93208776333745647, -59.93368673985678896 ) ) ;
#740 = CARTESIAN_POINT ( 'NONE',  ( -13.46799999999999997, -40.00000000000000000, 0.2999999999999999334 ) ) ;
#741 = AXIS2_PLACEMENT_3D ( 'NONE', #112, #1988, #676 ) ;
#742 = VERTEX_POINT ( 'NONE', #820 ) ;
#743 = CARTESIAN_POINT ( 'NONE',  ( -13.91799999999999926, -40.00000000000000000, 13.74999999999999822 ) ) ;
#744 = FACE_BOUND ( 'NONE', #1794, .T. ) ;
#745 = ORIENTED_EDGE ( 'NONE', *, *, #978, .T. ) ;
#746 = DIRECTION ( 'NONE',  ( 0.000000000000000000, -1.000000000000000000, 0.000000000000000000 ) ) ;
#747 = ORIENTED_EDGE ( 'NONE', *, *, #2964, .T. ) ;
#748 = DIRECTION ( 'NONE',  ( 0.000000000000000000, 0.000000000000000000, 1.000000000000000000 ) ) ;
#749 = ORIENTED_EDGE ( 'NONE', *, *, #480, .T. ) ;
#750 = CARTESIAN_POINT ( 'NONE',  ( -32.79914052780147671, 10.62461462387979871, 5.500000000000000000 ) ) ;
#751 = CARTESIAN_POINT ( 'NONE',  ( -18.30569133420427619, -27.08821140688683471, 8.929803070538245180 ) ) ;
#752 = CARTESIAN_POINT ( 'NONE',  ( -14.96664065544465672, -18.31980800628268113, 5.999999999999998224 ) ) ;
#753 = ORIENTED_EDGE ( 'NONE', *, *, #3352, .F. ) ;
#754 = FACE_OUTER_BOUND ( 'NONE', #1846, .T. ) ;
#755 = PRODUCT_RELATED_PRODUCT_CATEGORY ( 'detail', '', ( #1764 ) ) ;
#756 = ORIENTED_EDGE ( 'NONE', *, *, #232, .F. ) ;
#757 = CARTESIAN_POINT ( 'NONE',  ( -37.20000000000000284, 0.000000000000000000, 5.500000000000000000 ) ) ;
#758 = FACE_BOUND ( 'NONE', #2601, .T. ) ;
#759 = EDGE_CURVE ( 'NONE', #2809, #807, #2250, .T. ) ;
#760 = EDGE_LOOP ( 'NONE', ( #1324, #1616, #1344, #2618 ) ) ;
#761 = AXIS2_PLACEMENT_3D ( 'NONE', #2968, #3272, #933 ) ;
#762 = CARTESIAN_POINT ( 'NONE',  ( -13.82692718993018133, -29.04283924577937981, 12.02223406388178262 ) ) ;
#763 = EDGE_LOOP ( 'NONE', ( #1423, #2854, #1368, #2145, #577, #2328, #772 ) ) ;
#764 = FACE_BOUND ( 'NONE', #2363, .T. ) ;
#765 = CIRCLE ( 'NONE', #648, 1.700000000000000178 ) ;
#766 = AXIS2_PLACEMENT_3D ( 'NONE', #1638, #554, #1609 ) ;
#767 = VERTEX_POINT ( 'NONE', #78 ) ;
#768 = APPROVAL_DATE_TIME ( #3369, #1769 ) ;
#769 = DIRECTION ( 'NONE',  ( -0.000000000000000000, -0.000000000000000000, -1.000000000000000000 ) ) ;
#770 = DIRECTION ( 'NONE',  ( 0.000000000000000000, 0.000000000000000000, -1.000000000000000000 ) ) ;
#771 = ADVANCED_FACE ( 'NONE', ( #2365 ), #1839, .F. ) ;
#772 = ORIENTED_EDGE ( 'NONE', *, *, #929, .F. ) ;
#773 = CARTESIAN_POINT ( 'NONE',  ( -23.10000000000000142, -22.61142305432801081, 6.668729583928930893 ) ) ;
#774 = ORIENTED_EDGE ( 'NONE', *, *, #759, .T. ) ;
#775 = CARTESIAN_POINT ( 'NONE',  ( -35.10000000000000853, 13.49999999999999822, 2.500000000000000000 ) ) ;
#776 = CYLINDRICAL_SURFACE ( 'NONE', #2581, 15.00000000000000355 ) ;
#777 = AXIS2_PLACEMENT_3D ( 'NONE', #3255, #649, #194 ) ;
#778 = EDGE_CURVE ( 'NONE', #1263, #1928, #504, .T. ) ;
#779 = EDGE_LOOP ( 'NONE', ( #1438, #2187, #3366, #586 ) ) ;
#780 = DIRECTION ( 'NONE',  ( -1.000000000000000000, 0.000000000000000000, 0.000000000000000000 ) ) ;
#781 = VERTEX_POINT ( 'NONE', #2440 ) ;
#782 = CARTESIAN_POINT ( 'NONE',  ( -18.60000000000000142, -27.42854873207238597, 8.808013421356305273 ) ) ;
#783 = AXIS2_PLACEMENT_3D ( 'NONE', #458, #954, #2839 ) ;
#784 = ADVANCED_FACE ( 'NONE', ( #1409, #421 ), #1424, .T. ) ;
#785 = CIRCLE ( 'NONE', #2207, 10.69999999999999929 ) ;
#786 = VERTEX_POINT ( 'NONE', #2740 ) ;
#787 = DIRECTION ( 'NONE',  ( 0.000000000000000000, 0.000000000000000000, 1.000000000000000000 ) ) ;
#788 = CARTESIAN_POINT ( 'NONE',  ( -19.86225400725594170, -23.82957143964054936, 7.101456330014827678 ) ) ;
#789 = DIRECTION ( 'NONE',  ( 1.000000000000000000, -0.000000000000000000, -0.000000000000000000 ) ) ;
#790 = EDGE_LOOP ( 'NONE', ( #1844, #2749, #1584, #1207 ) ) ;
#791 = EDGE_CURVE ( 'NONE', #2124, #3165, #2263, .T. ) ;
#792 = ORIENTED_EDGE ( 'NONE', *, *, #1635, .T. ) ;
#793 = VECTOR ( 'NONE', #260, 1000.000000000000114 ) ;
#794 = ORIENTED_EDGE ( 'NONE', *, *, #2733, .F. ) ;
#795 = DIRECTION ( 'NONE',  ( -1.000000000000000000, 0.000000000000000000, 0.000000000000000000 ) ) ;
#796 = VECTOR ( 'NONE', #956, 1000.000000000000000 ) ;
#797 = CARTESIAN_POINT ( 'NONE',  ( -21.70000000000000284, 0.000000000000000000, 22.00000000000000000 ) ) ;
#798 = ORIENTED_EDGE ( 'NONE', *, *, #2564, .F. ) ;
#799 = CARTESIAN_POINT ( 'NONE',  ( -14.06029676432424047, -20.54567500767462818, 5.884534036458536121 ) ) ;
#800 = CARTESIAN_POINT ( 'NONE',  ( -13.41799999999999926, -36.63647234048890766, 0.5159739489762682485 ) ) ;
#801 = EDGE_CURVE ( 'NONE', #432, #2072, #2540, .T. ) ;
#802 = VERTEX_POINT ( 'NONE', #1460 ) ;
#803 = APPROVAL_DATE_TIME ( #3148, #2327 ) ;
#804 = DIRECTION ( 'NONE',  ( -1.000000000000000000, 0.000000000000000000, 0.000000000000000000 ) ) ;
#805 = DIRECTION ( 'NONE',  ( 1.000000000000000000, 0.000000000000000000, -0.000000000000000000 ) ) ;
#806 = ADVANCED_FACE ( 'NONE', ( #128 ), #142, .F. ) ;
#807 = VERTEX_POINT ( 'NONE', #404 ) ;
#808 = AXIS2_PLACEMENT_3D ( 'NONE', #288, #1628, #2375 ) ;
#809 = CIRCLE ( 'NONE', #1249, 11.00000000000000000 ) ;
#810 = LOCAL_TIME ( 12, 24, 57.00000000000000000, #2922 ) ;
#811 = VERTEX_POINT ( 'NONE', #1189 ) ;
#812 = DIRECTION ( 'NONE',  ( 0.000000000000000000, 0.000000000000000000, -1.000000000000000000 ) ) ;
#813 = CARTESIAN_POINT ( 'NONE',  ( -37.20000000000000284, 7.950000000000000178, 5.999999999999998224 ) ) ;
#814 = ORIENTED_EDGE ( 'NONE', *, *, #585, .F. ) ;
#815 = VERTEX_POINT ( 'NONE', #109 ) ;
#816 = CARTESIAN_POINT ( 'NONE',  ( -14.03613710067672216, -22.51459402354101158, 6.604401099963582489 ) ) ;
#817 = CARTESIAN_POINT ( 'NONE',  ( -35.89914052780147102, 10.62461462387979871, 5.500000000000000000 ) ) ;
#818 = VECTOR ( 'NONE', #522, 1000.000000000000114 ) ;
#819 = ORIENTED_EDGE ( 'NONE', *, *, #3085, .F. ) ;
#820 = CARTESIAN_POINT ( 'NONE',  ( -37.20000000000000284, -7.950000000000000178, 5.500000000000000000 ) ) ;
#821 = CIRCLE ( 'NONE', #766, 2.099999999999997868 ) ;
#822 = CARTESIAN_POINT ( 'NONE',  ( -37.20000000000000284, 0.000000000000000000, 6.000000000000000000 ) ) ;
#823 = ORIENTED_EDGE ( 'NONE', *, *, #572, .F. ) ;
#824 = ADVANCED_FACE ( 'NONE', ( #94 ), #3139, .F. ) ;
#825 = ADVANCED_FACE ( 'NONE', ( #640 ), #2204, .T. ) ;
#826 = CARTESIAN_POINT ( 'NONE',  ( -15.80000000000000426, -34.00000000000000000, 12.09999999999999964 ) ) ;
#827 = DIRECTION ( 'NONE',  ( 0.000000000000000000, 0.000000000000000000, 1.000000000000000000 ) ) ;
#828 = EDGE_CURVE ( 'NONE', #1072, #2644, #1968, .T. ) ;
#829 = ORIENTED_EDGE ( 'NONE', *, *, #2137, .T. ) ;
#830 = ORIENTED_EDGE ( 'NONE', *, *, #631, .F. ) ;
#831 = CARTESIAN_POINT ( 'NONE',  ( -62.20000000000000284, -27.08821140688683826, 8.929803070538241627 ) ) ;
#832 = FACE_OUTER_BOUND ( 'NONE', #295, .T. ) ;
#833 = CIRCLE ( 'NONE', #3287, 0.3000000000000003220 ) ;
#834 = ADVANCED_FACE ( 'NONE', ( #606 ), #1728, .T. ) ;
#835 = ORIENTED_EDGE ( 'NONE', *, *, #273, .T. ) ;
#836 = DIRECTION ( 'NONE',  ( 0.000000000000000000, 0.000000000000000000, 1.000000000000000000 ) ) ;
#837 = CARTESIAN_POINT ( 'NONE',  ( -21.80594162909070022, -22.77448189126039324, 6.719978522089987472 ) ) ;
#838 = CARTESIAN_POINT ( 'NONE',  ( -37.20000000000000284, 0.000000000000000000, 0.000000000000000000 ) ) ;
#839 = DIRECTION ( 'NONE',  ( 0.000000000000000000, 0.000000000000000000, 1.000000000000000000 ) ) ;
#840 = EDGE_CURVE ( 'NONE', #902, #2894, #3260, .T. ) ;
#841 = ORIENTED_EDGE ( 'NONE', *, *, #2498, .F. ) ;
#842 = VERTEX_POINT ( 'NONE', #936 ) ;
#843 = CARTESIAN_POINT ( 'NONE',  ( -37.20000000000000284, 13.49999999999999822, 3.249999999999988454 ) ) ;
#844 = CARTESIAN_POINT ( 'NONE',  ( -13.16799999999999926, -36.72666762033033194, 0.7978739517343648169 ) ) ;
#845 = EDGE_LOOP ( 'NONE', ( #1532, #2274, #444, #1588, #34, #31 ) ) ;
#846 = DIRECTION ( 'NONE',  ( 0.000000000000000000, -1.842184222276255301E-15, 1.000000000000000000 ) ) ;
#847 = AXIS2_PLACEMENT_3D ( 'NONE', #380, #907, #2468 ) ;
#848 = CARTESIAN_POINT ( 'NONE',  ( -23.10000000000000142, -23.00000000000000000, 0.2999999999999999889 ) ) ;
#849 = CYLINDRICAL_SURFACE ( 'NONE', #2403, 0.2999999999999999889 ) ;
#850 = ORIENTED_EDGE ( 'NONE', *, *, #1491, .T. ) ;
#851 = AXIS2_PLACEMENT_3D ( 'NONE', #3213, #1924, #1669 ) ;
#852 = APPROVAL_DATE_TIME ( #2754, #3078 ) ;
#853 = CARTESIAN_POINT ( 'NONE',  ( -26.57538537612021656, 4.400859472198558109, 6.000000000000000000 ) ) ;
#854 = DIRECTION ( 'NONE',  ( -1.000000000000000000, 0.000000000000000000, 0.000000000000000000 ) ) ;
#855 = CARTESIAN_POINT ( 'NONE',  ( -13.46799999999999997, -40.00000000000000000, 11.00000000000000000 ) ) ;
#856 = CYLINDRICAL_SURFACE ( 'NONE', #464, 0.7499999999999937828 ) ;
#857 = DIRECTION ( 'NONE',  ( -1.000000000000000000, 0.000000000000000000, 0.000000000000000000 ) ) ;
#858 = ORIENTED_EDGE ( 'NONE', *, *, #1047, .T. ) ;
#859 = VERTEX_POINT ( 'NONE', #900 ) ;
#860 = DIRECTION ( 'NONE',  ( 0.000000000000000000, 0.000000000000000000, -1.000000000000000000 ) ) ;
#861 = ORGANIZATION ( 'UNSPECIFIED', 'UNSPECIFIED', '' ) ;
#862 = CARTESIAN_POINT ( 'NONE',  ( -21.70000000000000284, 0.000000000000000000, 5.999999999999998224 ) ) ;
#863 = AXIS2_PLACEMENT_3D ( 'NONE', #188, #2811, #2330 ) ;
#864 = ORIENTED_EDGE ( 'NONE', *, *, #168, .T. ) ;
#865 = CARTESIAN_POINT ( 'NONE',  ( -13.96799999999999997, -23.46753989787714545, 6.924700450443808109 ) ) ;
#866 = EDGE_CURVE ( 'NONE', #569, #1999, #1440, .T. ) ;
#867 = DIRECTION ( 'NONE',  ( 0.000000000000000000, -1.000000000000000000, 0.000000000000000000 ) ) ;
#868 = B_SPLINE_CURVE_WITH_KNOTS ( 'NONE', 3,
 ( #879, #2472, #913, #896, #3222, #1930, #652, #1965 ),
 .UNSPECIFIED., .F., .F.,
 ( 4, 2, 2, 4 ),
 ( 0.000000000000000000, 0.003126407273990018925, 0.004689610910985032508, 0.006252814547980047391 ),
 .UNSPECIFIED. ) ;
#869 = ADVANCED_FACE ( 'NONE', ( #356 ), #3340, .F. ) ;
#870 = DIRECTION ( 'NONE',  ( 1.000000000000000000, -0.000000000000000000, -0.000000000000000000 ) ) ;
#871 = DIRECTION ( 'NONE',  ( 1.000000000000000000, 0.000000000000000000, 0.000000000000000000 ) ) ;
#872 = PLANE ( 'NONE',  #1731 ) ;
#873 = VECTOR ( 'NONE', #3180, 1000.000000000000114 ) ;
#874 = EDGE_CURVE ( 'NONE', #569, #1072, #2703, .T. ) ;
#875 = CYLINDRICAL_SURFACE ( 'NONE', #2926, 6.000000000000008882 ) ;
#876 = LINE ( 'NONE', #600, #3020 ) ;
#877 = ORIENTED_EDGE ( 'NONE', *, *, #2338, .T. ) ;
#878 = CARTESIAN_POINT ( 'NONE',  ( -18.60000000000000142, -40.00000000000000000, 11.00000000000000000 ) ) ;
#879 = CARTESIAN_POINT ( 'NONE',  ( -13.66799999999999926, -24.52217131570533937, 7.075218912811924277 ) ) ;
#880 = CARTESIAN_POINT ( 'NONE',  ( -13.96800000000000175, -24.52217131570533937, 0.000000000000000000 ) ) ;
#881 = ADVANCED_FACE ( 'NONE', ( #1530 ), #1783, .F. ) ;
#882 = ORIENTED_EDGE ( 'NONE', *, *, #2635, .F. ) ;
#883 = DIRECTION ( 'NONE',  ( 0.000000000000000000, 0.000000000000000000, -1.000000000000000000 ) ) ;
#884 = ORIENTED_EDGE ( 'NONE', *, *, #2707, .F. ) ;
#885 = AXIS2_PLACEMENT_3D ( 'NONE', #478, #696, #3319 ) ;
#886 = DIRECTION ( 'NONE',  ( 1.000000000000000000, -0.000000000000000000, -0.000000000000000000 ) ) ;
#887 = EDGE_CURVE ( 'NONE', #1568, #639, #1993, .T. ) ;
#888 = FACE_OUTER_BOUND ( 'NONE', #790, .T. ) ;
#889 = CARTESIAN_POINT ( 'NONE',  ( -32.79914052780147671, 10.62461462387979871, -6.938893903907228378E-15 ) ) ;
#890 = CARTESIAN_POINT ( 'NONE',  ( -26.57538537612019169, -4.400859472198537681, -6.938893903907228378E-15 ) ) ;
#891 = AXIS2_PLACEMENT_3D ( 'NONE', #2073, #1006, #509 ) ;
#892 = AXIS2_PLACEMENT_3D ( 'NONE', #1194, #1650, #1464 ) ;
#893 = DIRECTION ( 'NONE',  ( 0.000000000000000000, 1.599512856787901759E-14, -1.000000000000000000 ) ) ;
#894 = CARTESIAN_POINT ( 'NONE',  ( -32.79914052780147671, 10.62461462387979871, 5.500000000000000000 ) ) ;
#895 = ORIENTED_EDGE ( 'NONE', *, *, #2019, .T. ) ;
#896 = CARTESIAN_POINT ( 'NONE',  ( -13.96400066383139738, -21.05624718086061620, 5.973674558908109056 ) ) ;
#897 = DIRECTION ( 'NONE',  ( 1.000000000000000000, -0.000000000000000000, -0.000000000000000000 ) ) ;
#898 = CONICAL_SURFACE ( 'NONE', #2001, 3.099999999999998757, 0.7853981633974489451 ) ;
#899 = EDGE_LOOP ( 'NONE', ( #3023, #2509, #1833, #241 ) ) ;
#900 = CARTESIAN_POINT ( 'NONE',  ( -13.96800000000000175, -29.08227050894843302, 12.34282640733002978 ) ) ;
#901 = CC_DESIGN_PERSON_AND_ORGANIZATION_ASSIGNMENT ( #1617, #1821, ( #3268 ) ) ;
#902 = VERTEX_POINT ( 'NONE', #1282 ) ;
#903 = CARTESIAN_POINT ( 'NONE',  ( -26.57538537612019169, -4.400859472198537681, -6.938893903907228378E-15 ) ) ;
#904 = CIRCLE ( 'NONE', #3146, 1.700000000000000178 ) ;
#905 = CYLINDRICAL_SURFACE ( 'NONE', #180, 1.100000000000000311 ) ;
#906 = CARTESIAN_POINT ( 'NONE',  ( -37.20000000000000284, 15.69999999999999929, 0.2999999999999999334 ) ) ;
#907 = DIRECTION ( 'NONE',  ( 0.9537837210131054899, 0.3004939492409033353, 0.000000000000000000 ) ) ;
#908 = EDGE_CURVE ( 'NONE', #3379, #2155, #3294, .T. ) ;
#909 = B_SPLINE_CURVE_WITH_KNOTS ( 'NONE', 3,
 ( #1386, #1614, #800, #1899 ),
 .UNSPECIFIED., .F., .F.,
 ( 4, 4 ),
 ( 7.222975704331988530E-18, 0.001104827315971561915 ),
 .UNSPECIFIED. ) ;
#910 = FACE_OUTER_BOUND ( 'NONE', #2985, .T. ) ;
#911 = DIRECTION ( 'NONE',  ( 0.000000000000000000, 0.000000000000000000, -1.000000000000000000 ) ) ;
#912 = VERTEX_POINT ( 'NONE', #2825 ) ;
#913 = CARTESIAN_POINT ( 'NONE',  ( -13.73739905588233157, -22.56973033087021818, 6.315830819988415001 ) ) ;
#914 = CARTESIAN_POINT ( 'NONE',  ( -13.41800003258096119, -29.00143980599697713, 10.57579083353049221 ) ) ;
#915 = VECTOR ( 'NONE', #2986, 1000.000000000000000 ) ;
#916 = ADVANCED_FACE ( 'NONE', ( #3315 ), #2538, .F. ) ;
#917 = VERTEX_POINT ( 'NONE', #1817 ) ;
#918 =( BOUNDED_CURVE ( )  B_SPLINE_CURVE ( 3, ( #1823, #752, #2032, #1842 ),
 .UNSPECIFIED., .F., .T. ) 
 B_SPLINE_CURVE_WITH_KNOTS ( ( 4, 4 ),
 ( 4.712388980384689674, 4.739834566057588461 ),
 .UNSPECIFIED. ) 
 CURVE ( )  GEOMETRIC_REPRESENTATION_ITEM ( )  RATIONAL_B_SPLINE_CURVE ( ( 1.000000000000000000, 0.9999372293039874293, 0.9999372293039874293, 1.000000000000000000 ) ) 
 REPRESENTATION_ITEM ( '' )  );
#919 = CARTESIAN_POINT ( 'NONE',  ( -29.69914052780147529, 10.62461462387979871, 5.500000000000000000 ) ) ;
#920 = ORIENTED_EDGE ( 'NONE', *, *, #1856, .T. ) ;
#921 = CYLINDRICAL_SURFACE ( 'NONE', #2712, 0.3000000000000003220 ) ;
#922 = FACE_OUTER_BOUND ( 'NONE', #1010, .T. ) ;
#923 = DIRECTION ( 'NONE',  ( -0.000000000000000000, 1.000000000000000000, -0.000000000000000000 ) ) ;
#924 = LINE ( 'NONE', #3283, #2765 ) ;
#925 = AXIS2_PLACEMENT_3D ( 'NONE', #213, #2000, #3342 ) ;
#926 = CARTESIAN_POINT ( 'NONE',  ( -21.58703604257365427, -23.25099421693499480, 6.466897214502262514 ) ) ;
#927 = AXIS2_PLACEMENT_3D ( 'NONE', #1105, #2122, #1914 ) ;
#928 = CARTESIAN_POINT ( 'NONE',  ( -35.10000000000000853, -13.49999999999999822, 2.500000000000000000 ) ) ;
#929 = EDGE_CURVE ( 'NONE', #2921, #675, #3093, .T. ) ;
#930 = AXIS2_PLACEMENT_3D ( 'NONE', #689, #3054, #1512 ) ;
#931 = ADVANCED_FACE ( 'NONE', ( #1800 ), #344, .F. ) ;
#932 = VERTEX_POINT ( 'NONE', #3346 ) ;
#933 = DIRECTION ( 'NONE',  ( 0.000000000000000000, 0.000000000000000000, -1.000000000000000000 ) ) ;
#934 = FACE_OUTER_BOUND ( 'NONE', #144, .T. ) ;
#935 = EDGE_LOOP ( 'NONE', ( #372, #1267, #1811, #337 ) ) ;
#936 = CARTESIAN_POINT ( 'NONE',  ( -23.47538537612019027, -4.400859472198537681, 5.500000000000000000 ) ) ;
#937 = EDGE_LOOP ( 'NONE', ( #2119, #2045, #2918, #814, #1746, #2912, #431, #1824 ) ) ;
#938 = LINE ( 'NONE', #1426, #796 ) ;
#939 = EDGE_CURVE ( 'NONE', #1779, #2452, #1936, .T. ) ;
#940 = FACE_OUTER_BOUND ( 'NONE', #2316, .T. ) ;
#941 = CYLINDRICAL_SURFACE ( 'NONE', #319, 1.700000000000000178 ) ;
#942 = CARTESIAN_POINT ( 'NONE',  ( -18.30000000000000426, -40.00000000000000000, 0.2999999999999999334 ) ) ;
#943 = AXIS2_PLACEMENT_3D ( 'NONE', #3270, #667, #2963 ) ;
#944 = ORIENTED_EDGE ( 'NONE', *, *, #345, .T. ) ;
#945 = CARTESIAN_POINT ( 'NONE',  ( -26.57538537612019169, -4.400859472198537681, 5.500000000000000000 ) ) ;
#946 = EDGE_CURVE ( 'NONE', #859, #2434, #660, .T. ) ;
#947 = CARTESIAN_POINT ( 'NONE',  ( -15.80000000000000426, -46.00000000000000000, 12.09999999999999964 ) ) ;
#948 = CIRCLE ( 'NONE', #1162, 15.00000000000000355 ) ;
#949 = ORIENTED_EDGE ( 'NONE', *, *, #2876, .F. ) ;
#950 = VECTOR ( 'NONE', #3243, 999.9999999999998863 ) ;
#951 = CARTESIAN_POINT ( 'NONE',  ( -14.72460589923979946, -18.09242758595629752, 6.000000000000001776 ) ) ;
#952 = CARTESIAN_POINT ( 'NONE',  ( -18.60000000000000142, -33.67544467966323651, 0.2999999999999930500 ) ) ;
#953 = ORIENTED_EDGE ( 'NONE', *, *, #151, .T. ) ;
#954 = DIRECTION ( 'NONE',  ( 1.000000000000000000, -0.000000000000000000, -0.000000000000000000 ) ) ;
#955 = ORIENTED_EDGE ( 'NONE', *, *, #3049, .T. ) ;
#956 = DIRECTION ( 'NONE',  ( 0.000000000000000000, 0.000000000000000000, -1.000000000000000000 ) ) ;
#957 = ORIENTED_EDGE ( 'NONE', *, *, #2611, .T. ) ;
#958 = FACE_OUTER_BOUND ( 'NONE', #138, .T. ) ;
#959 = DIRECTION ( 'NONE',  ( -0.3004939492409032797, 0.9537837210131053789, -0.000000000000000000 ) ) ;
#960 = CIRCLE ( 'NONE', #741, 0.3000000000000004885 ) ;
#961 = CARTESIAN_POINT ( 'NONE',  ( -18.60000000000000142, -40.00000000000000000, 11.00000000000000000 ) ) ;
#962 = ORIENTED_EDGE ( 'NONE', *, *, #735, .F. ) ;
#963 = CARTESIAN_POINT ( 'NONE',  ( -14.16799999999999926, -40.00000000000002132, 17.00000000000000000 ) ) ;
#964 = ORIENTED_EDGE ( 'NONE', *, *, #1501, .F. ) ;
#965 = CARTESIAN_POINT ( 'NONE',  ( -14.87846069604181132, -18.59420787360210170, 6.005649096680313548 ) ) ;
#966 = CARTESIAN_POINT ( 'NONE',  ( -18.30000000000000426, -33.67544467966323651, 19.99999999999999645 ) ) ;
#967 = ORIENTED_EDGE ( 'NONE', *, *, #2146, .F. ) ;
#968 = DIRECTION ( 'NONE',  ( 0.000000000000000000, 0.000000000000000000, 1.000000000000000000 ) ) ;
#969 = ORIENTED_EDGE ( 'NONE', *, *, #1442, .F. ) ;
#970 = CARTESIAN_POINT ( 'NONE',  ( -13.12615621971549196, -39.99999999999993605, 5.000000000000000888 ) ) ;
#971 = AXIS2_PLACEMENT_3D ( 'NONE', #3353, #2579, #770 ) ;
#972 = APPROVAL_PERSON_ORGANIZATION ( #12, #2327, #1358 ) ;
#973 = EDGE_LOOP ( 'NONE', ( #477, #2874, #1091, #2827 ) ) ;
#974 = EDGE_CURVE ( 'NONE', #2756, #2859, #3135, .T. ) ;
#975 = DIRECTION ( 'NONE',  ( -0.000000000000000000, -0.000000000000000000, -1.000000000000000000 ) ) ;
#976 = CARTESIAN_POINT ( 'NONE',  ( -13.66799999999999926, -40.00000000000000000, 22.00000000000000000 ) ) ;
#977 = CC_DESIGN_APPROVAL ( #3078, ( #1250 ) ) ;
#978 = EDGE_CURVE ( 'NONE', #1576, #2473, #1567, .T. ) ;
#979 = CARTESIAN_POINT ( 'NONE',  ( -13.16799999999999926, -46.00000000000000000, 8.900000000000002132 ) ) ;
#980 = VERTEX_POINT ( 'NONE', #991 ) ;
#981 = CARTESIAN_POINT ( 'NONE',  ( -18.09999999999999787, -40.00000000000000000, 19.04999999999999716 ) ) ;
#982 = CARTESIAN_POINT ( 'NONE',  ( -13.16800000000000104, -37.34661597919787823, 0.3248160091669048954 ) ) ;
#983 = EDGE_CURVE ( 'NONE', #2546, #508, #252, .T. ) ;
#984 = AXIS2_PLACEMENT_3D ( 'NONE', #2017, #3325, #3359 ) ;
#985 = ORIENTED_EDGE ( 'NONE', *, *, #118, .F. ) ;
#986 = CIRCLE ( 'NONE', #3173, 0.7499999999999988898 ) ;
#987 = CARTESIAN_POINT ( 'NONE',  ( -13.66799999999999571, -36.29096903665884355, 0.6441760678844780097 ) ) ;
#988 = DIRECTION ( 'NONE',  ( 1.000000000000000000, -0.000000000000000000, -0.000000000000000000 ) ) ;
#989 = AXIS2_PLACEMENT_3D ( 'NONE', #1004, #2055, #3186 ) ;
#990 = ORIENTED_EDGE ( 'NONE', *, *, #1244, .T. ) ;
#991 = CARTESIAN_POINT ( 'NONE',  ( -13.16799999999999926, -29.31090445515350140, 10.35743006346581652 ) ) ;
#992 = VERTEX_POINT ( 'NONE', #1302 ) ;
#993 = CARTESIAN_POINT ( 'NONE',  ( -24.87538537612018885, -4.400859472198537681, 5.500000000000000000 ) ) ;
#994 = EDGE_CURVE ( 'NONE', #224, #1987, #2005, .T. ) ;
#995 = ORIENTED_EDGE ( 'NONE', *, *, #1316, .F. ) ;
#996 = DIRECTION ( 'NONE',  ( 0.000000000000000000, 0.000000000000000000, -1.000000000000000000 ) ) ;
#997 = CARTESIAN_POINT ( 'NONE',  ( -19.20806537641511724, -24.49490925772385452, 7.384319669082258564 ) ) ;
#998 = DIRECTION ( 'NONE',  ( 0.000000000000000000, 0.000000000000000000, -1.000000000000000000 ) ) ;
#999 = VERTEX_POINT ( 'NONE', #2619 ) ;
#1000 = DIRECTION ( 'NONE',  ( 0.000000000000000000, 0.000000000000000000, 1.000000000000000000 ) ) ;
#1001 = AXIS2_PLACEMENT_3D ( 'NONE', #1268, #1805, #1011 ) ;
#1002 = EDGE_LOOP ( 'NONE', ( #204, #1871, #2780, #798 ) ) ;
#1003 = DIRECTION ( 'NONE',  ( 1.000000000000000000, -0.000000000000000000, -0.000000000000000000 ) ) ;
#1004 = CARTESIAN_POINT ( 'NONE',  ( -13.95413511630393089, -21.53629889482850857, 5.700000000000000178 ) ) ;
#1005 = ORIENTED_EDGE ( 'NONE', *, *, #240, .F. ) ;
#1006 = DIRECTION ( 'NONE',  ( 1.000000000000000000, -0.000000000000000000, -0.000000000000000000 ) ) ;
#1007 = VERTEX_POINT ( 'NONE', #3380 ) ;
#1008 = DIRECTION ( 'NONE',  ( -0.7071067811865474617, 0.000000000000000000, -0.7071067811865474617 ) ) ;
#1009 = CC_DESIGN_PERSON_AND_ORGANIZATION_ASSIGNMENT ( #1917, #2184, ( #3268 ) ) ;
#1010 = EDGE_LOOP ( 'NONE', ( #995, #2088, #730, #526, #18, #108, #1332, #657, #1826, #1281, #2016, #439, #1854, #985 ) ) ;
#1011 = DIRECTION ( 'NONE',  ( 0.000000000000000000, 0.000000000000000000, 1.000000000000000000 ) ) ;
#1012 = CARTESIAN_POINT ( 'NONE',  ( -37.20000000000000284, 15.69999999999999929, 5.700000000000000178 ) ) ;
#1013 = CIRCLE ( 'NONE', #1890, 1.700000000000000178 ) ;
#1014 = AXIS2_PLACEMENT_3D ( 'NONE', #3254, #1433, #2982 ) ;
#1015 = FACE_OUTER_BOUND ( 'NONE', #2521, .T. ) ;
#1016 = FACE_OUTER_BOUND ( 'NONE', #1459, .T. ) ;
#1017 = ADVANCED_FACE ( 'NONE', ( #2121 ), #588, .F. ) ;
#1018 = ORIENTED_EDGE ( 'NONE', *, *, #3214, .T. ) ;
#1019 = CARTESIAN_POINT ( 'NONE',  ( -15.01074101554372930, -18.18257577072856890, 6.000000000000001776 ) ) ;
#1020 = DIRECTION ( 'NONE',  ( 0.7071067811865474617, 0.000000000000000000, 0.7071067811865474617 ) ) ;
#1021 = ORIENTED_EDGE ( 'NONE', *, *, #75, .F. ) ;
#1022 = CARTESIAN_POINT ( 'NONE',  ( -13.46800000000072295, -29.00003491384804022, 11.02771467910484304 ) ) ;
#1023 = VERTEX_POINT ( 'NONE', #2360 ) ;
#1024 = DIRECTION ( 'NONE',  ( 0.000000000000000000, 0.000000000000000000, 1.000000000000000000 ) ) ;
#1025 = EDGE_CURVE ( 'NONE', #1999, #3143, #304, .T. ) ;
#1026 = ORIENTED_EDGE ( 'NONE', *, *, #1707, .T. ) ;
#1027 = PERSON_AND_ORGANIZATION ( #1670, #861 ) ;
#1028 = LINE ( 'NONE', #1573, #2077 ) ;
#1029 = DIRECTION ( 'NONE',  ( -1.000000000000000000, 0.000000000000000000, 0.000000000000000000 ) ) ;
#1030 = APPROVAL_PERSON_ORGANIZATION ( #1027, #1769, #3166 ) ;
#1031 = VERTEX_POINT ( 'NONE', #2670 ) ;
#1032 = CARTESIAN_POINT ( 'NONE',  ( -15.80000000000000426, -34.00000000000000000, 9.899999999999998579 ) ) ;
#1033 = AXIS2_PLACEMENT_3D ( 'NONE', #2314, #3065, #2027 ) ;
#1034 = ADVANCED_FACE ( 'NONE', ( #1057 ), #1337, .F. ) ;
#1035 = ORIENTED_EDGE ( 'NONE', *, *, #1897, .T. ) ;
#1036 = CARTESIAN_POINT ( 'NONE',  ( -13.96800000000000175, -39.52468965347481600, 0.01027388537431036739 ) ) ;
#1037 = FACE_OUTER_BOUND ( 'NONE', #2571, .T. ) ;
#1038 = ADVANCED_FACE ( 'NONE', ( #1641 ), #2513, .T. ) ;
#1039 = VERTEX_POINT ( 'NONE', #848 ) ;
#1040 = CIRCLE ( 'NONE', #208, 0.3000000000000004885 ) ;
#1041 = DIRECTION ( 'NONE',  ( 1.000000000000000000, -0.000000000000000000, -0.000000000000000000 ) ) ;
#1042 = VERTEX_POINT ( 'NONE', #41 ) ;
#1043 = DIRECTION ( 'NONE',  ( 1.000000000000000000, -0.000000000000000000, -0.000000000000000000 ) ) ;
#1044 = CIRCLE ( 'NONE', #1428, 0.3000000000000000444 ) ;
#1045 = ORIENTED_EDGE ( 'NONE', *, *, #1606, .T. ) ;
#1046 = CARTESIAN_POINT ( 'NONE',  ( -20.28867325382061537, -23.97376228136930720, 6.743181823059111402 ) ) ;
#1047 = EDGE_CURVE ( 'NONE', #253, #308, #2812, .T. ) ;
#1048 = DIRECTION ( 'NONE',  ( 1.000000000000000000, -0.000000000000000000, -0.000000000000000000 ) ) ;
#1049 = ORIENTED_EDGE ( 'NONE', *, *, #1487, .F. ) ;
#1050 = CARTESIAN_POINT ( 'NONE',  ( -20.11973988459306995, -23.61543218702804481, 7.017186378683624604 ) ) ;
#1051 = VERTEX_POINT ( 'NONE', #335 ) ;
#1052 = ADVANCED_FACE ( 'NONE', ( #1834 ), #1829, .T. ) ;
#1053 = AXIS2_PLACEMENT_3D ( 'NONE', #1975, #81, #1685 ) ;
#1054 = DIRECTION ( 'NONE',  ( -1.000000000000000000, 0.000000000000000000, 0.000000000000000000 ) ) ;
#1055 = LINE ( 'NONE', #36, #2241 ) ;
#1056 = ORIENTED_EDGE ( 'NONE', *, *, #1941, .T. ) ;
#1057 = FACE_OUTER_BOUND ( 'NONE', #2492, .T. ) ;
#1058 = DIRECTION ( 'NONE',  ( 0.000000000000000000, 0.000000000000000000, 1.000000000000000000 ) ) ;
#1059 = VECTOR ( 'NONE', #2307, 1000.000000000000114 ) ;
#1060 = ADVANCED_FACE ( 'NONE', ( #559 ), #318, .F. ) ;
#1061 = VECTOR ( 'NONE', #1732, 1000.000000000000000 ) ;
#1062 = EDGE_LOOP ( 'NONE', ( #1881, #2909, #2898, #2807 ) ) ;
#1063 = APPROVAL_STATUS ( 'not_yet_approved' ) ;
#1064 = CARTESIAN_POINT ( 'NONE',  ( -14.58624503346355894, -19.57070867272107506, 6.056106885814215524 ) ) ;
#1065 = AXIS2_PLACEMENT_3D ( 'NONE', #2510, #1715, #883 ) ;
#1066 = EDGE_LOOP ( 'NONE', ( #2404, #3094, #2410, #2354 ) ) ;
#1067 = ORIENTED_EDGE ( 'NONE', *, *, #3253, .F. ) ;
#1068 = AXIS2_PLACEMENT_3D ( 'NONE', #2797, #211, #1000 ) ;
#1069 = DIRECTION ( 'NONE',  ( 0.000000000000000000, 0.000000000000000000, 1.000000000000000000 ) ) ;
#1070 = CONICAL_SURFACE ( 'NONE', #2215, 8.550000000000002487, 0.7853981633974482790 ) ;
#1071 = LINE ( 'NONE', #265, #1201 ) ;
#1072 = VERTEX_POINT ( 'NONE', #2388 ) ;
#1073 = VERTEX_POINT ( 'NONE', #1370 ) ;
#1074 = CARTESIAN_POINT ( 'NONE',  ( -13.96799999926801483, -23.46823060907250635, 6.925014913528692695 ) ) ;
#1075 = CARTESIAN_POINT ( 'NONE',  ( -22.22559558009425729, 4.717755003082197085, 5.700000000000000178 ) ) ;
#1076 = ORIENTED_EDGE ( 'NONE', *, *, #1229, .F. ) ;
#1077 = DIRECTION ( 'NONE',  ( -1.000000000000000000, 0.000000000000000000, 0.000000000000000000 ) ) ;
#1078 = EDGE_CURVE ( 'NONE', #2894, #1007, #1362, .T. ) ;
#1079 = DIRECTION ( 'NONE',  ( 0.000000000000000000, 0.000000000000000000, 1.000000000000000000 ) ) ;
#1080 = ORIENTED_EDGE ( 'NONE', *, *, #840, .T. ) ;
#1081 = VECTOR ( 'NONE', #1694, 1000.000000000000114 ) ;
#1082 = AXIS2_PLACEMENT_3D ( 'NONE', #2332, #3372, #1029 ) ;
#1083 = CARTESIAN_POINT ( 'NONE',  ( -15.80000000000000426, -40.00000000000000000, 13.74999999999999822 ) ) ;
#1084 = DIRECTION ( 'NONE',  ( -0.000000000000000000, -0.000000000000000000, -1.000000000000000000 ) ) ;
#1085 = EDGE_CURVE ( 'NONE', #170, #1799, #2199, .T. ) ;
#1086 = ORIENTED_EDGE ( 'NONE', *, *, #1352, .T. ) ;
#1087 = ORIENTED_EDGE ( 'NONE', *, *, #2396, .F. ) ;
#1088 = DIRECTION ( 'NONE',  ( 0.000000000000000000, 0.000000000000000000, -1.000000000000000000 ) ) ;
#1089 = CARTESIAN_POINT ( 'NONE',  ( -13.68170576263253757, -28.79101009479217410, 10.66088821398213327 ) ) ;
#1090 = CIRCLE ( 'NONE', #1754, 0.2999999999999999889 ) ;
#1091 = ORIENTED_EDGE ( 'NONE', *, *, #2266, .T. ) ;
#1092 = DIRECTION ( 'NONE',  ( -1.000000000000000000, -0.000000000000000000, -0.000000000000000000 ) ) ;
#1093 = EDGE_CURVE ( 'NONE', #2668, #2013, #637, .T. ) ;
#1094 = TOROIDAL_SURFACE ( 'NONE', #1973, 19.70000000000000284, 0.2999999999999999889 ) ;
#1095 = CARTESIAN_POINT ( 'NONE',  ( -22.50055263324034271, -23.03028777852108178, 6.799071125651199310 ) ) ;
#1096 = EDGE_CURVE ( 'NONE', #1073, #2398, #2950, .T. ) ;
#1097 = AXIS2_PLACEMENT_3D ( 'NONE', #2616, #1350, #3176 ) ;
#1098 = CARTESIAN_POINT ( 'NONE',  ( -14.16799999999999926, -34.00000000000000000, 11.00000000000000000 ) ) ;
#1099 = ORIENTED_EDGE ( 'NONE', *, *, #2964, .F. ) ;
#1100 = CARTESIAN_POINT ( 'NONE',  ( -37.20000000000000284, -22.69999999999999929, 0.2999999999999999889 ) ) ;
#1101 = CARTESIAN_POINT ( 'NONE',  ( -14.59232557973788502, -18.51229233088727710, 5.705762078613921595 ) ) ;
#1102 = EDGE_LOOP ( 'NONE', ( #3291, #269, #2251, #2505 ) ) ;
#1103 = ORIENTED_EDGE ( 'NONE', *, *, #2814, .F. ) ;
#1104 = CARTESIAN_POINT ( 'NONE',  ( -37.20000000000000284, 13.49999999999999822, 2.500000000000000000 ) ) ;
#1105 = CARTESIAN_POINT ( 'NONE',  ( -15.80000000000000426, -40.00000000000000000, 11.00000000000000000 ) ) ;
#1106 = ORIENTED_EDGE ( 'NONE', *, *, #1124, .T. ) ;
#1107 = DIRECTION ( 'NONE',  ( 0.000000000000000000, 0.000000000000000000, 1.000000000000000000 ) ) ;
#1108 = DIRECTION ( 'NONE',  ( 0.000000000000000000, -1.963837897332234886E-15, 1.000000000000000000 ) ) ;
#1109 = AXIS2_PLACEMENT_3D ( 'NONE', #2462, #2705, #1933 ) ;
#1110 = DIRECTION ( 'NONE',  ( -0.5150380749100549327, -1.049727191138618079E-16, 0.8571673007021118895 ) ) ;
#1111 = DIRECTION ( 'NONE',  ( 1.000000000000000000, 0.000000000000000000, 0.000000000000000000 ) ) ;
#1112 = DIRECTION ( 'NONE',  ( 0.000000000000000000, -1.000000000000000000, -0.000000000000000000 ) ) ;
#1113 = ORIENTED_EDGE ( 'NONE', *, *, #3123, .F. ) ;
#1114 = CARTESIAN_POINT ( 'NONE',  ( -37.20000000000000284, 0.000000000000000000, 5.999999999999998224 ) ) ;
#1115 = CIRCLE ( 'NONE', #1891, 10.69999999999999929 ) ;
#1116 = CARTESIAN_POINT ( 'NONE',  ( -13.66799999999999926, -36.93208776333745647, -59.93368673985678896 ) ) ;
#1117 = EDGE_CURVE ( 'NONE', #1716, #802, #122, .T. ) ;
#1118 = CARTESIAN_POINT ( 'NONE',  ( -13.16799999999999926, -39.99999999999993605, 2.900000000000003464 ) ) ;
#1119 = ORIENTED_EDGE ( 'NONE', *, *, #2412, .F. ) ;
#1120 = AXIS2_PLACEMENT_3D ( 'NONE', #1619, #1604, #294 ) ;
#1121 = APPROVAL_STATUS ( 'not_yet_approved' ) ;
#1122 = CARTESIAN_POINT ( 'NONE',  ( -21.64075886904269552, -23.23285400710648219, 6.870062935980785213 ) ) ;
#1123 = CARTESIAN_POINT ( 'NONE',  ( -18.60533562581651168, -27.28092886213437751, 8.688399131949008591 ) ) ;
#1124 = EDGE_CURVE ( 'NONE', #1023, #2291, #3002, .T. ) ;
#1125 = ADVANCED_BREP_SHAPE_REPRESENTATION ( 'EN02-PROXIMAL_PHALANX-M-2', ( #3355, #484 ), #3050 ) ;
#1126 = CARTESIAN_POINT ( 'NONE',  ( -37.20000000000000284, 16.00000000000000000, 6.000000000000000000 ) ) ;
#1127 = DIRECTION ( 'NONE',  ( 0.000000000000000000, 1.000000000000000000, 0.000000000000000000 ) ) ;
#1128 = EDGE_CURVE ( 'NONE', #807, #2471, #1492, .T. ) ;
#1129 = DIRECTION ( 'NONE',  ( -1.000000000000000000, 0.000000000000000000, 0.000000000000000000 ) ) ;
#1130 = DIRECTION ( 'NONE',  ( -0.9537837210131043797, -0.3004939492409066659, 0.000000000000000000 ) ) ;
#1131 = ORIENTED_EDGE ( 'NONE', *, *, #111, .T. ) ;
#1132 = VERTEX_POINT ( 'NONE', #352 ) ;
#1133 = EDGE_CURVE ( 'NONE', #767, #1568, #2992, .T. ) ;
#1134 = DIRECTION ( 'NONE',  ( -0.000000000000000000, -0.000000000000000000, -1.000000000000000000 ) ) ;
#1135 = CARTESIAN_POINT ( 'NONE',  ( -13.16800000000000104, -29.05781506804584424, 10.34221571434442133 ) ) ;
#1136 = CIRCLE ( 'NONE', #184, 3.099999999999998757 ) ;
#1137 = VERTEX_POINT ( 'NONE', #3239 ) ;
#1138 = COORDINATED_UNIVERSAL_TIME_OFFSET ( 8, 0, .AHEAD. ) ;
#1139 = CARTESIAN_POINT ( 'NONE',  ( -13.66800000000000104, -28.72036255190231202, 10.32192991551589678 ) ) ;
#1140 = DIRECTION ( 'NONE',  ( -1.000000000000000000, 0.000000000000000000, 0.000000000000000000 ) ) ;
#1141 = AXIS2_PLACEMENT_3D ( 'NONE', #2450, #330, #893 ) ;
#1142 = DIRECTION ( 'NONE',  ( 0.000000000000000000, 0.000000000000000000, 1.000000000000000000 ) ) ;
#1143 = CARTESIAN_POINT ( 'NONE',  ( -23.10000000000000142, -22.61142305432801081, 6.668729583928930893 ) ) ;
#1144 = CARTESIAN_POINT ( 'NONE',  ( -14.59232557973788502, -18.51229233088727710, 5.705762078613921595 ) ) ;
#1145 = ADVANCED_FACE ( 'NONE', ( #3205 ), #1687, .T. ) ;
#1146 = AXIS2_PLACEMENT_3D ( 'NONE', #2966, #2520, #366 ) ;
#1147 = VECTOR ( 'NONE', #1527, 1000.000000000000000 ) ;
#1148 = DIRECTION ( 'NONE',  ( -1.000000000000000000, 0.000000000000000000, 0.000000000000000000 ) ) ;
#1149 = FACE_OUTER_BOUND ( 'NONE', #1066, .T. ) ;
#1150 = EDGE_LOOP ( 'NONE', ( #2308, #2917 ) ) ;
#1151 = CARTESIAN_POINT ( 'NONE',  ( -33.66799999999999926, -24.52217131570533937, 0.2999999999999999889 ) ) ;
#1152 = FACE_OUTER_BOUND ( 'NONE', #1770, .T. ) ;
#1153 = ORIENTED_EDGE ( 'NONE', *, *, #1380, .F. ) ;
#1154 = DIRECTION ( 'NONE',  ( 0.000000000000000000, 0.000000000000000000, 1.000000000000000000 ) ) ;
#1155 = ORIENTED_EDGE ( 'NONE', *, *, #2051, .T. ) ;
#1156 = AXIS2_PLACEMENT_3D ( 'NONE', #1555, #3350, #2591 ) ;
#1157 = DIRECTION ( 'NONE',  ( 0.9537837210131043797, 0.3004939492409066659, 0.000000000000000000 ) ) ;
#1158 = EDGE_CURVE ( 'NONE', #2921, #1553, #207, .T. ) ;
#1159 = CARTESIAN_POINT ( 'NONE',  ( -18.30569133420427264, -27.08821140688683826, 8.929803070538241627 ) ) ;
#1160 = CARTESIAN_POINT ( 'NONE',  ( -37.20000000000000284, 15.50000000000000000, 5.500000000000000000 ) ) ;
#1161 = CARTESIAN_POINT ( 'NONE',  ( -13.16799999999999926, -46.00000000000000000, 8.900000000000002132 ) ) ;
#1162 = AXIS2_PLACEMENT_3D ( 'NONE', #3266, #342, #2495 ) ;
#1163 = CARTESIAN_POINT ( 'NONE',  ( -37.20000000000000284, 13.49999999999999822, 2.500000000000000000 ) ) ;
#1164 = CARTESIAN_POINT ( 'NONE',  ( -13.16799999999999926, -29.30003396165210461, 11.02695882422016638 ) ) ;
#1165 = ORIENTED_EDGE ( 'NONE', *, *, #2242, .F. ) ;
#1166 = CARTESIAN_POINT ( 'NONE',  ( -35.10000000000000853, 13.49999999999999822, 2.500000000000000000 ) ) ;
#1167 = FACE_OUTER_BOUND ( 'NONE', #566, .T. ) ;
#1168 = AXIS2_PLACEMENT_3D ( 'NONE', #630, #2979, #2761 ) ;
#1169 = AXIS2_PLACEMENT_3D ( 'NONE', #1672, #2416, #100 ) ;
#1170 = ORIENTED_EDGE ( 'NONE', *, *, #2593, .T. ) ;
#1171 = CARTESIAN_POINT ( 'NONE',  ( -14.25941446487067488, -21.05166969291382983, 6.268460130760792559 ) ) ;
#1172 = ORIENTED_EDGE ( 'NONE', *, *, #185, .F. ) ;
#1173 = CARTESIAN_POINT ( 'NONE',  ( -13.66799999999999926, -40.00000000000000000, 11.00000000000000000 ) ) ;
#1174 = AXIS2_PLACEMENT_3D ( 'NONE', #2775, #3296, #2512 ) ;
#1175 = LINE ( 'NONE', #2239, #2803 ) ;
#1176 = CARTESIAN_POINT ( 'NONE',  ( -18.30000000000000426, -33.67544467966323651, 0.2999999999999999889 ) ) ;
#1177 = DIRECTION ( 'NONE',  ( -1.000000000000000000, 0.000000000000000000, 0.000000000000000000 ) ) ;
#1178 = EDGE_CURVE ( 'NONE', #1782, #2921, #2123, .T. ) ;
#1179 = EDGE_CURVE ( 'NONE', #3097, #2511, #868, .T. ) ;
#1180 = CARTESIAN_POINT ( 'NONE',  ( -37.20000000000000284, -13.49999999999999822, 2.500000000000000000 ) ) ;
#1181 = DIRECTION ( 'NONE',  ( 0.000000000000000000, 0.000000000000000000, 1.000000000000000000 ) ) ;
#1182 = ORIENTED_EDGE ( 'NONE', *, *, #3060, .F. ) ;
#1183 = CIRCLE ( 'NONE', #2934, 10.69999999999999929 ) ;
#1184 = CARTESIAN_POINT ( 'NONE',  ( -34.64935453572933710, -13.49999999999999822, 2.500000000000000000 ) ) ;
#1185 = EDGE_CURVE ( 'NONE', #2809, #811, #1947, .T. ) ;
#1186 = DIRECTION ( 'NONE',  ( 1.000000000000000000, -0.000000000000000000, -0.000000000000000000 ) ) ;
#1187 = ORIENTED_EDGE ( 'NONE', *, *, #1413, .T. ) ;
#1188 = LOCAL_TIME ( 12, 24, 57.00000000000000000, #1374 ) ;
#1189 = CARTESIAN_POINT ( 'NONE',  ( -18.30000000000000426, -39.52468965347481600, 0.01027388537429632653 ) ) ;
#1190 = ORIENTED_EDGE ( 'NONE', *, *, #2608, .F. ) ;
#1191 = DIRECTION ( 'NONE',  ( -0.000000000000000000, -0.000000000000000000, 1.000000000000000000 ) ) ;
#1192 = EDGE_CURVE ( 'NONE', #3140, #2109, #3157, .T. ) ;
#1193 = CARTESIAN_POINT ( 'NONE',  ( -18.30000000000000071, -27.30866035065098174, 9.102187080271194830 ) ) ;
#1194 = CARTESIAN_POINT ( 'NONE',  ( -13.16799999999999926, -40.00000000000000000, 11.00000000000000000 ) ) ;
#1195 = PLANE ( 'NONE',  #847 ) ;
#1196 = DIRECTION ( 'NONE',  ( 0.000000000000000000, 0.000000000000000000, 1.000000000000000000 ) ) ;
#1197 = ORIENTED_EDGE ( 'NONE', *, *, #2665, .T. ) ;
#1198 = CARTESIAN_POINT ( 'NONE',  ( -19.14054860130588054, -25.29395622549786893, 7.363088312051512929 ) ) ;
#1199 = AXIS2_PLACEMENT_3D ( 'NONE', #123, #2489, #140 ) ;
#1200 = CARTESIAN_POINT ( 'NONE',  ( -13.41799999999999926, -36.28955420628187056, 0.6402257815637277805 ) ) ;
#1201 = VECTOR ( 'NONE', #314, 1000.000000000000000 ) ;
#1202 = ORIENTED_EDGE ( 'NONE', *, *, #1397, .T. ) ;
#1203 = CARTESIAN_POINT ( 'NONE',  ( -13.46620513075590431, -37.36039882176957150, 0.3177687831370170080 ) ) ;
#1204 = DIRECTION ( 'NONE',  ( -0.03919017717068203066, 0.8040616160722666717, -0.5932529372641871523 ) ) ;
#1205 = EDGE_LOOP ( 'NONE', ( #3202, #2098 ) ) ;
#1206 = CARTESIAN_POINT ( 'NONE',  ( -13.39174462622562523, -29.00304660266211343, 10.68972797783313489 ) ) ;
#1207 = ORIENTED_EDGE ( 'NONE', *, *, #160, .F. ) ;
#1208 = LINE ( 'NONE', #3280, #1234 ) ;
#1209 = B_SPLINE_CURVE_WITH_KNOTS ( 'NONE', 3,
 ( #1193, #2958, #2776, #1159 ),
 .UNSPECIFIED., .F., .F.,
 ( 4, 4 ),
 ( 0.000000000000000000, 0.0002799042245186076803 ),
 .UNSPECIFIED. ) ;
#1210 = ORIENTED_EDGE ( 'NONE', *, *, #2635, .T. ) ;
#1211 = DIRECTION ( 'NONE',  ( -1.000000000000000000, 0.000000000000000000, 0.000000000000000000 ) ) ;
#1212 = FACE_OUTER_BOUND ( 'NONE', #2306, .T. ) ;
#1213 = CONICAL_SURFACE ( 'NONE', #3132, 3.099999999999998757, 0.7853981633974485010 ) ;
#1214 = DIRECTION ( 'NONE',  ( 0.000000000000000000, 0.000000000000000000, -1.000000000000000000 ) ) ;
#1215 = VERTEX_POINT ( 'NONE', #1184 ) ;
#1216 = CARTESIAN_POINT ( 'NONE',  ( -18.62902473726281016, -26.79490132646197864, 8.305891446978424852 ) ) ;
#1217 = CARTESIAN_POINT ( 'NONE',  ( 7.068838354206817165, -40.00000000000000000, 11.00000000000000000 ) ) ;
#1218 = VECTOR ( 'NONE', #746, 1000.000000000000000 ) ;
#1219 = AXIS2_PLACEMENT_3D ( 'NONE', #2978, #1923, #3231 ) ;
#1220 = ORIENTED_EDGE ( 'NONE', *, *, #2974, .T. ) ;
#1221 = AXIS2_PLACEMENT_3D ( 'NONE', #2955, #1697, #1919 ) ;
#1222 = CARTESIAN_POINT ( 'NONE',  ( -13.16799999999999926, -40.00000000000002132, 19.09999999999999787 ) ) ;
#1223 = DIRECTION ( 'NONE',  ( -1.000000000000000000, 0.000000000000000000, 0.000000000000000000 ) ) ;
#1224 = EDGE_CURVE ( 'NONE', #2386, #2552, #2832, .T. ) ;
#1225 = ORIENTED_EDGE ( 'NONE', *, *, #613, .F. ) ;
#1226 = CARTESIAN_POINT ( 'NONE',  ( -37.20000000000000284, 0.000000000000000000, 2.000000000000000000 ) ) ;
#1227 = ORIENTED_EDGE ( 'NONE', *, *, #3130, .T. ) ;
#1228 = CYLINDRICAL_SURFACE ( 'NONE', #1375, 1.099999999999999867 ) ;
#1229 = EDGE_CURVE ( 'NONE', #448, #1698, #315, .T. ) ;
#1230 = TOROIDAL_SURFACE ( 'NONE', #3144, 19.70000000000000284, 0.2999999999999999889 ) ;
#1231 = ORIENTED_EDGE ( 'NONE', *, *, #1762, .F. ) ;
#1232 = DIRECTION ( 'NONE',  ( 0.000000000000000000, 0.000000000000000000, 1.000000000000000000 ) ) ;
#1233 = CARTESIAN_POINT ( 'NONE',  ( -15.80000000000000426, -40.00000000000000000, 19.04999999999999716 ) ) ;
#1234 = VECTOR ( 'NONE', #3245, 1000.000000000000114 ) ;
#1235 = ADVANCED_FACE ( 'NONE', ( #1982 ), #1725, .F. ) ;
#1236 = DIRECTION ( 'NONE',  ( -1.000000000000000000, 0.000000000000000000, 0.000000000000000000 ) ) ;
#1237 = ORIENTED_EDGE ( 'NONE', *, *, #1671, .F. ) ;
#1238 = CARTESIAN_POINT ( 'NONE',  ( -22.47815295297117544, -23.03261315952864408, 6.392730387445459073 ) ) ;
#1239 = CARTESIAN_POINT ( 'NONE',  ( -13.16800000000000104, -37.07134565078339961, 0.7023643297791196671 ) ) ;
#1240 = ADVANCED_FACE ( 'NONE', ( #367 ), #1420, .F. ) ;
#1241 = VERTEX_POINT ( 'NONE', #1545 ) ;
#1242 = DIRECTION ( 'NONE',  ( 0.000000000000000000, 0.000000000000000000, -1.000000000000000000 ) ) ;
#1243 = FACE_OUTER_BOUND ( 'NONE', #24, .T. ) ;
#1244 = EDGE_CURVE ( 'NONE', #1472, #2546, #327, .T. ) ;
#1245 = ORIENTED_EDGE ( 'NONE', *, *, #653, .T. ) ;
#1246 = CARTESIAN_POINT ( 'NONE',  ( -13.96800000000000175, -29.08227050894842947, 12.34282640733002978 ) ) ;
#1247 = EDGE_LOOP ( 'NONE', ( #1364, #1347 ) ) ;
#1248 = CARTESIAN_POINT ( 'NONE',  ( -18.60000000000000142, -40.00000000000000000, 11.00000000000000000 ) ) ;
#1249 = AXIS2_PLACEMENT_3D ( 'NONE', #3067, #2816, #465 ) ;
#1250 = SECURITY_CLASSIFICATION ( '', '', #93 ) ;
#1251 = ORIENTED_EDGE ( 'NONE', *, *, #111, .F. ) ;
#1252 = CARTESIAN_POINT ( 'NONE',  ( -18.60000000000000142, -34.47739303901801122, 0.3163296403102656695 ) ) ;
#1253 = CARTESIAN_POINT ( 'NONE',  ( -18.65991011729472859, -26.58838282947383291, 8.560354642191882135 ) ) ;
#1254 =( BOUNDED_CURVE ( )  B_SPLINE_CURVE ( 3, ( #1144, #3232, #2778, #427 ),
 .UNSPECIFIED., .F., .T. ) 
 B_SPLINE_CURVE_WITH_KNOTS ( ( 4, 4 ),
 ( 1.543350741121997993, 1.570796326794896780 ),
 .UNSPECIFIED. ) 
 CURVE ( )  GEOMETRIC_REPRESENTATION_ITEM ( )  RATIONAL_B_SPLINE_CURVE ( ( 1.000000000000000000, 0.9999372293039874293, 0.9999372293039874293, 1.000000000000000000 ) ) 
 REPRESENTATION_ITEM ( '' )  );
#1255 = LINE ( 'NONE', #2096, #1415 ) ;
#1256 = ORIENTED_EDGE ( 'NONE', *, *, #2108, .T. ) ;
#1257 = CARTESIAN_POINT ( 'NONE',  ( -37.20000000000000284, -13.49999999999999822, 3.249999999999988454 ) ) ;
#1258 = CIRCLE ( 'NONE', #1372, 1.099999999999996758 ) ;
#1259 = VERTEX_POINT ( 'NONE', #743 ) ;
#1260 = CIRCLE ( 'NONE', #1199, 11.00419601084493948 ) ;
#1261 = CARTESIAN_POINT ( 'NONE',  ( -14.59232557973787969, -18.51229233088729842, 5.705762078613920707 ) ) ;
#1262 = FACE_BOUND ( 'NONE', #375, .T. ) ;
#1263 = VERTEX_POINT ( 'NONE', #2801 ) ;
#1264 = CARTESIAN_POINT ( 'NONE',  ( -13.62791258789962079, -28.99876578645242375, 10.98060870967295344 ) ) ;
#1265 = ORIENTED_EDGE ( 'NONE', *, *, #2707, .T. ) ;
#1266 = CYLINDRICAL_SURFACE ( 'NONE', #2429, 0.2999999999999999334 ) ;
#1267 = ORIENTED_EDGE ( 'NONE', *, *, #555, .T. ) ;
#1268 = CARTESIAN_POINT ( 'NONE',  ( -13.36799999999999855, -40.00000000000000000, 11.00000000000000000 ) ) ;
#1269 = CARTESIAN_POINT ( 'NONE',  ( -37.20000000000000284, 6.000000000000008882, 5.999999999999998224 ) ) ;
#1270 = ADVANCED_FACE ( 'NONE', ( #1795 ), #1701, .T. ) ;
#1271 = DIRECTION ( 'NONE',  ( -1.000000000000000000, 0.000000000000000000, 0.000000000000000000 ) ) ;
#1272 = ORIENTED_EDGE ( 'NONE', *, *, #1128, .F. ) ;
#1273 =( BOUNDED_SURFACE ( )  B_SPLINE_SURFACE ( 3, 2, ( 
 ( #219, #2309, #3077 ),
 ( #1785, #476, #2290 ),
 ( #782, #2533, #3367 ),
 ( #2091, #3129, #3058 ) ),
 .UNSPECIFIED., .F., .F., .T. ) 
 B_SPLINE_SURFACE_WITH_KNOTS ( ( 4, 4 ),
 ( 3, 3 ),
 ( 0.000000000000000000, 0.0002966917310586672930 ),
 ( 0.000000000000000000, 1.000000000000000000 ),
 .UNSPECIFIED. ) 
 GEOMETRIC_REPRESENTATION_ITEM ( )  RATIONAL_B_SPLINE_SURFACE ( (
 ( 1.000000000000000000, 0.6968130216698518176, 1.000000000000000000),
 ( 1.000000000000000000, 0.7000817619472640141, 1.000000000000000000),
 ( 1.000000000000000000, 0.7035263775290589994, 1.000000000000000000),
 ( 1.000000000000000000, 0.7071067811865475727, 1.000000000000000000) ) ) 
 REPRESENTATION_ITEM ( '' )  SURFACE ( )  );
#1274 = CARTESIAN_POINT ( 'NONE',  ( -18.72991322638116074, -26.29740858780625956, 7.965000036194147981 ) ) ;
#1275 = AXIS2_PLACEMENT_3D ( 'NONE', #2196, #3236, #2176 ) ;
#1276 = ORIENTED_EDGE ( 'NONE', *, *, #3123, .T. ) ;
#1277 = CYLINDRICAL_SURFACE ( 'NONE', #381, 2.749999999999999112 ) ;
#1278 = LINE ( 'NONE', #1814, #495 ) ;
#1279 = EDGE_CURVE ( 'NONE', #781, #742, #3036, .T. ) ;
#1280 = UNCERTAINTY_MEASURE_WITH_UNIT (LENGTH_MEASURE( 1.000000000000000082E-05 ), #513, 'distance_accuracy_value', 'NONE');
#1281 = ORIENTED_EDGE ( 'NONE', *, *, #3337, .F. ) ;
#1282 = CARTESIAN_POINT ( 'NONE',  ( -31.09914052780147387, 10.62461462387979871, 4.099999999999999645 ) ) ;
#1283 = ORIENTED_EDGE ( 'NONE', *, *, #221, .F. ) ;
#1284 = DIRECTION ( 'NONE',  ( -1.000000000000000000, 0.000000000000000000, 0.000000000000000000 ) ) ;
#1285 = ORIENTED_EDGE ( 'NONE', *, *, #1955, .F. ) ;
#1286 = CARTESIAN_POINT ( 'NONE',  ( -37.20000000000000284, 13.49999999999999822, 2.500000000000000000 ) ) ;
#1287 = EDGE_CURVE ( 'NONE', #1568, #859, #3310, .T. ) ;
#1288 = LINE ( 'NONE', #976, #2940 ) ;
#1289 = VECTOR ( 'NONE', #2728, 1000.000000000000000 ) ;
#1290 = AXIS2_PLACEMENT_3D ( 'NONE', #1163, #647, #2175 ) ;
#1291 = EDGE_CURVE ( 'NONE', #2552, #912, #488, .T. ) ;
#1292 = DIRECTION ( 'NONE',  ( -0.000000000000000000, 0.06000620216673540480, 0.9981980042564326805 ) ) ;
#1293 = ORIENTED_EDGE ( 'NONE', *, *, #2692, .T. ) ;
#1294 = CARTESIAN_POINT ( 'NONE',  ( -20.64443132933295288, -23.27079263345753191, 6.889135560559264349 ) ) ;
#1295 = ADVANCED_FACE ( 'NONE', ( #2785 ), #1610, .T. ) ;
#1296 = TOROIDAL_SURFACE ( 'NONE', #3198, 5.299999999999999822, 0.2999999999999999889 ) ;
#1297 = ORIENTED_EDGE ( 'NONE', *, *, #1025, .F. ) ;
#1298 = DIRECTION ( 'NONE',  ( -1.000000000000000000, 0.000000000000000000, 0.000000000000000000 ) ) ;
#1299 = FACE_OUTER_BOUND ( 'NONE', #2890, .T. ) ;
#1300 = ADVANCED_FACE ( 'NONE', ( #1511 ), #1277, .F. ) ;
#1301 = ORIENTED_EDGE ( 'NONE', *, *, #2225, .T. ) ;
#1302 = CARTESIAN_POINT ( 'NONE',  ( -13.46799999999999997, -40.00000000000000000, 22.00000000000000000 ) ) ;
#1303 = ORIENTED_EDGE ( 'NONE', *, *, #3371, .T. ) ;
#1304 = LINE ( 'NONE', #2857, #2846 ) ;
#1305 = ORIENTED_EDGE ( 'NONE', *, *, #664, .T. ) ;
#1306 = DIRECTION ( 'NONE',  ( -1.000000000000000000, 0.000000000000000000, 0.000000000000000000 ) ) ;
#1307 = DIRECTION ( 'NONE',  ( -1.000000000000000000, 0.000000000000000000, 0.000000000000000000 ) ) ;
#1308 = EDGE_CURVE ( 'NONE', #2606, #1031, #216, .T. ) ;
#1309 = DIRECTION ( 'NONE',  ( 0.000000000000000000, 0.000000000000000000, 1.000000000000000000 ) ) ;
#1310 = CIRCLE ( 'NONE', #2344, 11.00000000000000000 ) ;
#1311 = VERTEX_POINT ( 'NONE', #1222 ) ;
#1312 = LINE ( 'NONE', #2674, #2711 ) ;
#1313 = ORIENTED_EDGE ( 'NONE', *, *, #828, .F. ) ;
#1314 = CARTESIAN_POINT ( 'NONE',  ( -32.79914052780147671, 10.62461462387979871, 5.500000000000000000 ) ) ;
#1315 = CARTESIAN_POINT ( 'NONE',  ( -23.10000000000000142, -27.49999999999999645, 0.2999999999999999889 ) ) ;
#1316 = EDGE_CURVE ( 'NONE', #742, #1031, #2547, .T. ) ;
#1317 = EDGE_LOOP ( 'NONE', ( #2391, #1210 ) ) ;
#1318 = ORIENTED_EDGE ( 'NONE', *, *, #1179, .T. ) ;
#1319 = VECTOR ( 'NONE', #1539, 1000.000000000000000 ) ;
#1320 = CARTESIAN_POINT ( 'NONE',  ( -14.87846069604182020, -18.59420787360207683, 6.005649096680311771 ) ) ;
#1321 = ORIENTED_EDGE ( 'NONE', *, *, #2617, .T. ) ;
#1322 = CARTESIAN_POINT ( 'NONE',  ( -13.46799999999999997, -40.00000000000000000, 21.69999999999999574 ) ) ;
#1323 = VECTOR ( 'NONE', #2987, 1000.000000000000000 ) ;
#1324 = ORIENTED_EDGE ( 'NONE', *, *, #840, .F. ) ;
#1325 = PERSON_AND_ORGANIZATION_ROLE ( 'design_owner' ) ;
#1326 = DIRECTION ( 'NONE',  ( -1.000000000000000000, 0.000000000000000000, 0.000000000000000000 ) ) ;
#1327 = CARTESIAN_POINT ( 'NONE',  ( -13.16799999999999926, -40.00000000000000000, 21.69999999999999574 ) ) ;
#1328 = ORIENTED_EDGE ( 'NONE', *, *, #3219, .T. ) ;
#1329 = ORIENTED_EDGE ( 'NONE', *, *, #1858, .T. ) ;
#1330 = DIRECTION ( 'NONE',  ( 0.000000000000000000, 0.000000000000000000, 1.000000000000000000 ) ) ;
#1331 = DIRECTION ( 'NONE',  ( -0.3004939492409034463, 0.9537837210131056009, -0.000000000000000000 ) ) ;
#1332 = ORIENTED_EDGE ( 'NONE', *, *, #1385, .T. ) ;
#1333 = EDGE_LOOP ( 'NONE', ( #1863, #1525, #1884, #1197 ) ) ;
#1334 = CARTESIAN_POINT ( 'NONE',  ( -13.73717472203390777, -22.57198154206462348, 6.316489121989508959 ) ) ;
#1335 = DIRECTION ( 'NONE',  ( -1.000000000000000000, 0.000000000000000000, 0.000000000000000000 ) ) ;
#1336 = ADVANCED_FACE ( 'NONE', ( #1761 ), #2893, .F. ) ;
#1337 = CONICAL_SURFACE ( 'NONE', #3238, 3.099999999999998757, 0.7853981633974489451 ) ;
#1338 = CIRCLE ( 'NONE', #457, 1.700000000000000178 ) ;
#1339 = ORIENTED_EDGE ( 'NONE', *, *, #3301, .T. ) ;
#1340 = DIRECTION ( 'NONE',  ( 1.000000000000000000, 0.000000000000000000, 0.000000000000000000 ) ) ;
#1341 = CARTESIAN_POINT ( 'NONE',  ( -22.44222135064966750, -22.64494682159439165, 6.678971411461271934 ) ) ;
#1342 = CARTESIAN_POINT ( 'NONE',  ( -18.30000000000000426, -24.11966619483408181, 12.95320204702549916 ) ) ;
#1343 = EDGE_CURVE ( 'NONE', #2398, #1311, #1593, .T. ) ;
#1344 = ORIENTED_EDGE ( 'NONE', *, *, #2146, .T. ) ;
#1345 = VECTOR ( 'NONE', #2496, 1000.000000000000000 ) ;
#1346 = AXIS2_PLACEMENT_3D ( 'NONE', #1979, #2299, #3017 ) ;
#1347 = ORIENTED_EDGE ( 'NONE', *, *, #2232, .T. ) ;
#1348 = FACE_OUTER_BOUND ( 'NONE', #365, .T. ) ;
#1349 = CIRCLE ( 'NONE', #2660, 10.69999999999999929 ) ;
#1350 = DIRECTION ( 'NONE',  ( 1.000000000000000000, -0.000000000000000000, -0.000000000000000000 ) ) ;
#1351 = ADVANCED_FACE ( 'NONE', ( #1348 ), #505, .T. ) ;
#1352 = EDGE_CURVE ( 'NONE', #1373, #2233, #35, .T. ) ;
#1353 = ORIENTED_EDGE ( 'NONE', *, *, #471, .F. ) ;
#1354 = ORIENTED_EDGE ( 'NONE', *, *, #2593, .F. ) ;
#1355 = CARTESIAN_POINT ( 'NONE',  ( -26.57538537612019169, -4.400859472198537681, 5.500000000000000000 ) ) ;
#1356 = DIRECTION ( 'NONE',  ( 0.000000000000000000, 0.000000000000000000, 1.000000000000000000 ) ) ;
#1357 = ORIENTED_EDGE ( 'NONE', *, *, #1185, .T. ) ;
#1358 = APPROVAL_ROLE ( '' ) ;
#1359 = DIRECTION ( 'NONE',  ( 0.000000000000000000, 0.000000000000000000, 1.000000000000000000 ) ) ;
#1360 = DIRECTION ( 'NONE',  ( 0.000000000000000000, 0.000000000000000000, -1.000000000000000000 ) ) ;
#1361 = EDGE_LOOP ( 'NONE', ( #2630, #1220, #2167, #877 ) ) ;
#1362 = CIRCLE ( 'NONE', #1531, 3.099999999999998757 ) ;
#1363 = AXIS2_PLACEMENT_3D ( 'NONE', #2347, #1092, #836 ) ;
#1364 = ORIENTED_EDGE ( 'NONE', *, *, #332, .T. ) ;
#1365 = CARTESIAN_POINT ( 'NONE',  ( -37.20000000000000284, -6.000000000000008882, 2.000000000000000000 ) ) ;
#1366 = DIRECTION ( 'NONE',  ( -1.000000000000000000, 0.000000000000000000, 0.000000000000000000 ) ) ;
#1367 = B_SPLINE_CURVE_WITH_KNOTS ( 'NONE', 3,
 ( #1803, #2588, #511, #2060 ),
 .UNSPECIFIED., .F., .F.,
 ( 4, 4 ),
 ( 0.001107406348329311807, 0.003369546387230666108 ),
 .UNSPECIFIED. ) ;
#1368 = ORIENTED_EDGE ( 'NONE', *, *, #1807, .F. ) ;
#1369 = EDGE_LOOP ( 'NONE', ( #1005, #3057, #2975 ) ) ;
#1370 = CARTESIAN_POINT ( 'NONE',  ( -14.16799999999999926, -40.00000000000002132, 15.90000000000000391 ) ) ;
#1371 = CARTESIAN_POINT ( 'NONE',  ( -13.66799999999999571, -28.75542859155269326, 10.49208616780562053 ) ) ;
#1372 = AXIS2_PLACEMENT_3D ( 'NONE', #3124, #795, #1330 ) ;
#1373 = VERTEX_POINT ( 'NONE', #3175 ) ;
#1374 = COORDINATED_UNIVERSAL_TIME_OFFSET ( 8, 0, .AHEAD. ) ;
#1375 = AXIS2_PLACEMENT_3D ( 'NONE', #970, #2808, #460 ) ;
#1376 = CARTESIAN_POINT ( 'NONE',  ( -22.48333251606546312, -23.03205710176888132, 6.392550839240754179 ) ) ;
#1377 = CARTESIAN_POINT ( 'NONE',  ( -13.66799999999999926, -24.11966619483408181, 12.95320204702549916 ) ) ;
#1378 = CIRCLE ( 'NONE', #2035, 10.69999999999999929 ) ;
#1379 = CARTESIAN_POINT ( 'NONE',  ( -13.16799999999999926, -34.00000000000000000, 8.900000000000002132 ) ) ;
#1380 = EDGE_CURVE ( 'NONE', #1241, #917, #1258, .T. ) ;
#1381 = FACE_OUTER_BOUND ( 'NONE', #1709, .T. ) ;
#1382 = VERTEX_POINT ( 'NONE', #1083 ) ;
#1383 = LINE ( 'NONE', #334, #550 ) ;
#1384 = DIRECTION ( 'NONE',  ( 0.7071067811865474617, 0.000000000000000000, 0.7071067811865474617 ) ) ;
#1385 = EDGE_CURVE ( 'NONE', #1576, #212, #2384, .T. ) ;
#1386 = CARTESIAN_POINT ( 'NONE',  ( -13.46799999999988273, -37.34661597919940590, 0.3248160091659278992 ) ) ;
#1387 = TOROIDAL_SURFACE ( 'NONE', #777, 15.29999999999999893, 0.2999999999999999889 ) ;
#1388 = ORIENTED_EDGE ( 'NONE', *, *, #364, .F. ) ;
#1389 = CYLINDRICAL_SURFACE ( 'NONE', #1589, 20.00000000000000355 ) ;
#1390 = DIRECTION ( 'NONE',  ( -1.000000000000000000, 0.000000000000000000, 0.000000000000000000 ) ) ;
#1391 = AXIS2_PLACEMENT_3D ( 'NONE', #2891, #1041, #1088 ) ;
#1392 = AXIS2_PLACEMENT_3D ( 'NONE', #2993, #643, #2743 ) ;
#1393 = ADVANCED_FACE ( 'NONE', ( #264 ), #1644, .F. ) ;
#1394 = CARTESIAN_POINT ( 'NONE',  ( -35.10000000000000853, 13.49999999999999822, 1.750000000000001110 ) ) ;
#1395 = AXIS2_PLACEMENT_3D ( 'NONE', #392, #623, #1154 ) ;
#1396 = FACE_OUTER_BOUND ( 'NONE', #1425, .T. ) ;
#1397 = EDGE_CURVE ( 'NONE', #3140, #1782, #553, .T. ) ;
#1398 = DIRECTION ( 'NONE',  ( 0.000000000000000000, 0.000000000000000000, -1.000000000000000000 ) ) ;
#1399 = CARTESIAN_POINT ( 'NONE',  ( -15.80000000000000426, -46.00000000000000000, 11.00000000000000000 ) ) ;
#1400 = TOROIDAL_SURFACE ( 'NONE', #249, 15.69999999999999929, 0.2999999999999999889 ) ;
#1401 = VERTEX_POINT ( 'NONE', #826 ) ;
#1402 = CARTESIAN_POINT ( 'NONE',  ( -37.20000000000000284, 13.49999999999999822, 1.750000000000011546 ) ) ;
#1403 = AXIS2_PLACEMENT_3D ( 'NONE', #3331, #1836, #239 ) ;
#1404 = CARTESIAN_POINT ( 'NONE',  ( -13.46799999999999997, -40.00000000000000000, 11.00000000000000000 ) ) ;
#1405 = DIRECTION ( 'NONE',  ( 0.000000000000000000, 0.000000000000000000, -1.000000000000000000 ) ) ;
#1406 = EDGE_CURVE ( 'NONE', #1311, #2398, #2133, .T. ) ;
#1407 = ORIENTED_EDGE ( 'NONE', *, *, #1777, .F. ) ;
#1408 = CIRCLE ( 'NONE', #3312, 60.00000000000000000 ) ;
#1409 = FACE_BOUND ( 'NONE', #2333, .T. ) ;
#1410 = FACE_BOUND ( 'NONE', #1317, .T. ) ;
#1411 = DIRECTION ( 'NONE',  ( -0.000000000000000000, -0.000000000000000000, 1.000000000000000000 ) ) ;
#1412 = FACE_OUTER_BOUND ( 'NONE', #1727, .T. ) ;
#1413 = EDGE_CURVE ( 'NONE', #39, #212, #2180, .T. ) ;
#1414 = LINE ( 'NONE', #2997, #50 ) ;
#1415 = VECTOR ( 'NONE', #1774, 1000.000000000000000 ) ;
#1416 = DIRECTION ( 'NONE',  ( 1.000000000000000000, -0.000000000000000000, -0.000000000000000000 ) ) ;
#1417 = AXIS2_PLACEMENT_3D ( 'NONE', #187, #2777, #2277 ) ;
#1418 = ORIENTED_EDGE ( 'NONE', *, *, #65, .T. ) ;
#1419 = CARTESIAN_POINT ( 'NONE',  ( -13.43898821020595591, -28.99945910383492631, 10.79917549793312226 ) ) ;
#1420 = CYLINDRICAL_SURFACE ( 'NONE', #1427, 1.100000000000000311 ) ;
#1421 = ADVANCED_FACE ( 'NONE', ( #2615 ), #3116, .T. ) ;
#1422 = CARTESIAN_POINT ( 'NONE',  ( -13.16800000000000104, -29.29947142236946789, 10.80369623474393315 ) ) ;
#1423 = ORIENTED_EDGE ( 'NONE', *, *, #664, .F. ) ;
#1424 = PLANE ( 'NONE',  #3027 ) ;
#1425 = EDGE_LOOP ( 'NONE', ( #1297, #2280, #1461, #1579, #2205, #3347, #1837, #3092, #949, #2183, #501, #537 ) ) ;
#1426 = CARTESIAN_POINT ( 'NONE',  ( -37.20000000000000284, 4.499999999999998224, -0.09738620076059964492 ) ) ;
#1427 = AXIS2_PLACEMENT_3D ( 'NONE', #2526, #2834, #1242 ) ;
#1428 = AXIS2_PLACEMENT_3D ( 'NONE', #1075, #1869, #3206 ) ;
#1429 = PLANE ( 'NONE',  #2197 ) ;
#1430 = FACE_BOUND ( 'NONE', #616, .T. ) ;
#1431 = LINE ( 'NONE', #662, #2484 ) ;
#1432 = CONICAL_SURFACE ( 'NONE', #2685, 2.099999999999997868, 0.7853981633974482790 ) ;
#1433 = DIRECTION ( 'NONE',  ( 0.000000000000000000, -1.000000000000000000, 0.000000000000000000 ) ) ;
#1434 = DIRECTION ( 'NONE',  ( 0.000000000000000000, 0.000000000000000000, 1.000000000000000000 ) ) ;
#1435 = VERTEX_POINT ( 'NONE', #843 ) ;
#1436 = CARTESIAN_POINT ( 'NONE',  ( -13.96799999999999820, -24.52217131570533937, 0.2999999999999999889 ) ) ;
#1437 = CARTESIAN_POINT ( 'NONE',  ( -14.16799999999999926, -34.00000000000000000, 9.900000000000002132 ) ) ;
#1438 = ORIENTED_EDGE ( 'NONE', *, *, #1291, .F. ) ;
#1439 = PERSON_AND_ORGANIZATION_ROLE ( 'classification_officer' ) ;
#1440 = LINE ( 'NONE', #2773, #1832 ) ;
#1441 = ORIENTED_EDGE ( 'NONE', *, *, #1590, .F. ) ;
#1442 = EDGE_CURVE ( 'NONE', #1007, #2894, #2577, .T. ) ;
#1443 = AXIS2_PLACEMENT_3D ( 'NONE', #2170, #2494, #1922 ) ;
#1444 = DIRECTION ( 'NONE',  ( 0.000000000000000000, 0.000000000000000000, -1.000000000000000000 ) ) ;
#1445 = EDGE_CURVE ( 'NONE', #786, #1039, #1090, .T. ) ;
#1446 = LINE ( 'NONE', #2238, #296 ) ;
#1447 = CARTESIAN_POINT ( 'NONE',  ( -37.20000000000000284, 0.000000000000000000, 5.999999999999998224 ) ) ;
#1448 = DIRECTION ( 'NONE',  ( 0.000000000000000000, 0.000000000000000000, 1.000000000000000000 ) ) ;
#1449 = EDGE_CURVE ( 'NONE', #1716, #1804, #274, .T. ) ;
#1450 = DIRECTION ( 'NONE',  ( -0.000000000000000000, -0.000000000000000000, -1.000000000000000000 ) ) ;
#1451 = CARTESIAN_POINT ( 'NONE',  ( -13.12615621971549196, -46.00000000000000000, 11.00000000000000000 ) ) ;
#1452 = ORIENTED_EDGE ( 'NONE', *, *, #2611, .F. ) ;
#1453 = CARTESIAN_POINT ( 'NONE',  ( -13.66799999999999926, -39.52468965347481600, 0.01027388537429632653 ) ) ;
#1454 = DIRECTION ( 'NONE',  ( -0.000000000000000000, -0.000000000000000000, -1.000000000000000000 ) ) ;
#1455 = EDGE_CURVE ( 'NONE', #2452, #1779, #545, .T. ) ;
#1456 = DESIGN_CONTEXT ( 'detailed design', #2305, 'design' ) ;
#1457 = VECTOR ( 'NONE', #1752, 1000.000000000000114 ) ;
#1458 = CIRCLE ( 'NONE', #3361, 0.2999999999999999889 ) ;
#1459 = EDGE_LOOP ( 'NONE', ( #1231, #1620, #2587, #275 ) ) ;
#1460 = CARTESIAN_POINT ( 'NONE',  ( -18.60000000000000142, -40.00000000000000000, 19.55000000000000071 ) ) ;
#1461 = ORIENTED_EDGE ( 'NONE', *, *, #581, .F. ) ;
#1462 = DIRECTION ( 'NONE',  ( 0.000000000000000000, 0.000000000000000000, -1.000000000000000000 ) ) ;
#1463 = DIRECTION ( 'NONE',  ( -1.949740328858416059E-15, -0.9414385392832285149, -0.3371846330310159789 ) ) ;
#1464 = DIRECTION ( 'NONE',  ( 0.000000000000000000, 0.000000000000000000, -1.000000000000000000 ) ) ;
#1465 = CARTESIAN_POINT ( 'NONE',  ( -23.10000000000000142, -23.00000000000000000, 6.382104175607510754 ) ) ;
#1466 = VERTEX_POINT ( 'NONE', #313 ) ;
#1467 = DIRECTION ( 'NONE',  ( 0.000000000000000000, 0.000000000000000000, 1.000000000000000000 ) ) ;
#1468 = CARTESIAN_POINT ( 'NONE',  ( -37.29999999999999716, -23.00000000000000000, 0.2999999999999999889 ) ) ;
#1469 = ORIENTED_EDGE ( 'NONE', *, *, #2190, .T. ) ;
#1470 = CARTESIAN_POINT ( 'NONE',  ( -13.36800001778173019, -36.55654971146022092, 0.5490559738619736896 ) ) ;
#1471 = CARTESIAN_POINT ( 'NONE',  ( -13.41800000000000104, -29.01563350352790138, 10.33967998949085576 ) ) ;
#1472 = VERTEX_POINT ( 'NONE', #1365 ) ;
#1473 = CARTESIAN_POINT ( 'NONE',  ( -13.36800004207283799, -29.00919785333234557, 10.51666276198510985 ) ) ;
#1474 = ORIENTED_EDGE ( 'NONE', *, *, #2627, .T. ) ;
#1475 = AXIS2_PLACEMENT_3D ( 'NONE', #446, #2576, #2862 ) ;
#1476 = FACE_OUTER_BOUND ( 'NONE', #202, .T. ) ;
#1477 = CARTESIAN_POINT ( 'NONE',  ( -18.60000000000000142, -27.49999999999999645, 0.2999999999999999889 ) ) ;
#1478 = DIRECTION ( 'NONE',  ( 1.000000000000000000, 0.000000000000000000, 0.000000000000000000 ) ) ;
#1479 = DIRECTION ( 'NONE',  ( -1.000000000000000000, 0.000000000000000000, 0.000000000000000000 ) ) ;
#1480 = AXIS2_PLACEMENT_3D ( 'NONE', #1736, #169, #1503 ) ;
#1481 = DIRECTION ( 'NONE',  ( 1.000000000000000000, -0.000000000000000000, -0.000000000000000000 ) ) ;
#1482 = ORIENTED_EDGE ( 'NONE', *, *, #2876, .T. ) ;
#1483 = CARTESIAN_POINT ( 'NONE',  ( -20.27229394739810431, -23.98676924205631167, 6.748567377469048445 ) ) ;
#1484 = AXIS2_PLACEMENT_3D ( 'NONE', #654, #988, #2039 ) ;
#1485 = ADVANCED_FACE ( 'NONE', ( #2694 ), #705, .T. ) ;
#1486 = CARTESIAN_POINT ( 'NONE',  ( -62.20000000000000284, -34.48960545058179150, 0.01657831503579579313 ) ) ;
#1487 = EDGE_CURVE ( 'NONE', #2173, #3334, #2629, .T. ) ;
#1488 = ORIENTED_EDGE ( 'NONE', *, *, #3013, .F. ) ;
#1489 = CARTESIAN_POINT ( 'NONE',  ( -14.68050692257345169, -18.23240007513270200, 5.700000000000510880 ) ) ;
#1490 = FACE_BOUND ( 'NONE', #1626, .T. ) ;
#1491 = EDGE_CURVE ( 'NONE', #2276, #2644, #1414, .T. ) ;
#1492 = B_SPLINE_CURVE_WITH_KNOTS ( 'NONE', 3,
 ( #2420, #2699, #2179, #635 ),
 .UNSPECIFIED., .F., .F.,
 ( 4, 4 ),
 ( 0.002598444317349459312, 0.003349870578281846038 ),
 .UNSPECIFIED. ) ;
#1493 = EDGE_LOOP ( 'NONE', ( #1802, #1558, #163, #895 ) ) ;
#1494 = CARTESIAN_POINT ( 'NONE',  ( -13.68538739913445390, -29.01728379106396005, 11.70061588826159671 ) ) ;
#1495 = ORIENTED_EDGE ( 'NONE', *, *, #2412, .T. ) ;
#1496 = DIRECTION ( 'NONE',  ( 0.000000000000000000, 0.000000000000000000, 1.000000000000000000 ) ) ;
#1497 = ORIENTED_EDGE ( 'NONE', *, *, #2700, .F. ) ;
#1498 = CIRCLE ( 'NONE', #2367, 1.700000000000000178 ) ;
#1499 = DIRECTION ( 'NONE',  ( -1.000000000000000000, 0.000000000000000000, 0.000000000000000000 ) ) ;
#1500 = CARTESIAN_POINT ( 'NONE',  ( -18.60000000000000142, -29.38002676779529310, 12.30620386894830176 ) ) ;
#1501 = EDGE_CURVE ( 'NONE', #912, #3063, #99, .T. ) ;
#1502 = ADVANCED_FACE ( 'NONE', ( #2677 ), #347, .T. ) ;
#1503 = DIRECTION ( 'NONE',  ( 0.000000000000000000, 0.000000000000000000, 1.000000000000000000 ) ) ;
#1504 = ORIENTED_EDGE ( 'NONE', *, *, #1158, .F. ) ;
#1505 = DIRECTION ( 'NONE',  ( -1.000000000000000000, 0.000000000000000000, 0.000000000000000000 ) ) ;
#1506 = CARTESIAN_POINT ( 'NONE',  ( -13.46799999999936759, -37.34661597919772191, 0.3248160091662903870 ) ) ;
#1507 = AXIS2_PLACEMENT_3D ( 'NONE', #59, #2873, #780 ) ;
#1508 = ADVANCED_FACE ( 'NONE', ( #2482 ), #2659, .T. ) ;
#1509 = AXIS2_PLACEMENT_3D ( 'NONE', #611, #1939, #871 ) ;
#1510 = ORIENTED_EDGE ( 'NONE', *, *, #2804, .F. ) ;
#1511 = FACE_OUTER_BOUND ( 'NONE', #3101, .T. ) ;
#1512 = DIRECTION ( 'NONE',  ( 0.000000000000000000, 0.000000000000000000, 1.000000000000000000 ) ) ;
#1513 = ORIENTED_EDGE ( 'NONE', *, *, #1735, .T. ) ;
#1514 = DIRECTION ( 'NONE',  ( -0.000000000000000000, -0.000000000000000000, -1.000000000000000000 ) ) ;
#1515 = ORIENTED_EDGE ( 'NONE', *, *, #3096, .F. ) ;
#1516 = FACE_BOUND ( 'NONE', #262, .T. ) ;
#1517 = AXIS2_PLACEMENT_3D ( 'NONE', #1648, #1390, #2425 ) ;
#1518 = ORIENTED_EDGE ( 'NONE', *, *, #2137, .F. ) ;
#1519 = CARTESIAN_POINT ( 'NONE',  ( -18.60000000000000142, -27.49999999999999645, 8.871126182265935967 ) ) ;
#1520 = CARTESIAN_POINT ( 'NONE',  ( -19.53982409329555381, -24.68762175546771331, 7.475331716156232709 ) ) ;
#1521 = AXIS2_PLACEMENT_3D ( 'NONE', #2024, #1024, #713 ) ;
#1522 = CARTESIAN_POINT ( 'NONE',  ( -34.49914052780147244, 10.62461462387979871, 4.099999999999999645 ) ) ;
#1523 = ORIENTED_EDGE ( 'NONE', *, *, #368, .F. ) ;
#1524 = FACE_OUTER_BOUND ( 'NONE', #763, .T. ) ;
#1525 = ORIENTED_EDGE ( 'NONE', *, *, #75, .T. ) ;
#1526 = CARTESIAN_POINT ( 'NONE',  ( -14.63640794842522830, -18.37237255631645283, 5.701920933944969683 ) ) ;
#1527 = DIRECTION ( 'NONE',  ( 0.000000000000000000, -1.000000000000000000, 0.000000000000000000 ) ) ;
#1528 = EDGE_CURVE ( 'NONE', #1042, #3001, #412, .T. ) ;
#1529 = ORIENTED_EDGE ( 'NONE', *, *, #1078, .T. ) ;
#1530 = FACE_OUTER_BOUND ( 'NONE', #2074, .T. ) ;
#1531 = AXIS2_PLACEMENT_3D ( 'NONE', #2152, #2932, #2732 ) ;
#1532 = ORIENTED_EDGE ( 'NONE', *, *, #2600, .F. ) ;
#1533 = LINE ( 'NONE', #3348, #3091 ) ;
#1534 = VECTOR ( 'NONE', #1309, 1000.000000000000000 ) ;
#1535 = VECTOR ( 'NONE', #166, 1000.000000000000000 ) ;
#1536 = ORIENTED_EDGE ( 'NONE', *, *, #1561, .F. ) ;
#1537 = DIRECTION ( 'NONE',  ( -1.000000000000000000, 0.000000000000000000, 0.000000000000000000 ) ) ;
#1538 = DIRECTION ( 'NONE',  ( 1.000000000000000000, -0.000000000000000000, -0.000000000000000000 ) ) ;
#1539 = DIRECTION ( 'NONE',  ( -1.000000000000000000, 0.000000000000000000, 0.000000000000000000 ) ) ;
#1540 = EDGE_CURVE ( 'NONE', #1568, #1880, #2821, .T. ) ;
#1541 = DIRECTION ( 'NONE',  ( 0.000000000000000000, 0.000000000000000000, -1.000000000000000000 ) ) ;
#1542 = AXIS2_PLACEMENT_3D ( 'NONE', #1961, #1129, #614 ) ;
#1543 = ORIENTED_EDGE ( 'NONE', *, *, #428, .T. ) ;
#1544 = VECTOR ( 'NONE', #2043, 1000.000000000000000 ) ;
#1545 = CARTESIAN_POINT ( 'NONE',  ( -14.16799999999999926, -46.00000000000000000, 12.09999999999999609 ) ) ;
#1546 = FACE_BOUND ( 'NONE', #2556, .T. ) ;
#1547 = CIRCLE ( 'NONE', #53, 2.749999999999999112 ) ;
#1548 = EDGE_LOOP ( 'NONE', ( #1276, #3364, #1293, #422 ) ) ;
#1549 = CARTESIAN_POINT ( 'NONE',  ( -13.89742509982648677, -29.03915479738266470, 11.99227798713238968 ) ) ;
#1550 = ORIENTED_EDGE ( 'NONE', *, *, #3219, .F. ) ;
#1551 = CARTESIAN_POINT ( 'NONE',  ( -62.20000000000000284, -22.69999999999999929, 6.382104175607510754 ) ) ;
#1552 = ADVANCED_FACE ( 'NONE', ( #1688 ), #856, .F. ) ;
#1553 = VERTEX_POINT ( 'NONE', #67 ) ;
#1554 = ADVANCED_FACE ( 'NONE', ( #632 ), #2944, .F. ) ;
#1555 = CARTESIAN_POINT ( 'NONE',  ( -23.10000000000000142, -27.49999999999999645, 0.2999999999999999889 ) ) ;
#1556 = CARTESIAN_POINT ( 'NONE',  ( -18.09999999999999787, -40.00000000000000000, 11.00000000000000000 ) ) ;
#1557 = DIRECTION ( 'NONE',  ( 0.000000000000000000, 0.000000000000000000, 1.000000000000000000 ) ) ;
#1558 = ORIENTED_EDGE ( 'NONE', *, *, #1133, .T. ) ;
#1559 = CARTESIAN_POINT ( 'NONE',  ( -18.33161031451016143, -26.56686084786329971, 8.545140074192399737 ) ) ;
#1560 = CIRCLE ( 'NONE', #943, 60.29999999999999716 ) ;
#1561 = EDGE_CURVE ( 'NONE', #2972, #1729, #2430, .T. ) ;
#1562 = ORIENTED_EDGE ( 'NONE', *, *, #613, .T. ) ;
#1563 = DIRECTION ( 'NONE',  ( 0.000000000000000000, 0.000000000000000000, 1.000000000000000000 ) ) ;
#1564 = DIRECTION ( 'NONE',  ( 0.000000000000000000, 0.000000000000000000, 1.000000000000000000 ) ) ;
#1565 = AXIS2_PLACEMENT_3D ( 'NONE', #674, #3278, #374 ) ;
#1566 = ORIENTED_EDGE ( 'NONE', *, *, #1178, .T. ) ;
#1567 = LINE ( 'NONE', #2553, #15 ) ;
#1568 = VERTEX_POINT ( 'NONE', #2160 ) ;
#1569 = CARTESIAN_POINT ( 'NONE',  ( -13.16799999999999926, -34.00000000000000000, 13.09999999999999787 ) ) ;
#1570 = ADVANCED_FACE ( 'NONE', ( #910 ), #85, .F. ) ;
#1571 = ORIENTED_EDGE ( 'NONE', *, *, #2154, .T. ) ;
#1572 = DIRECTION ( 'NONE',  ( 0.000000000000000000, 0.000000000000000000, -1.000000000000000000 ) ) ;
#1573 = CARTESIAN_POINT ( 'NONE',  ( -13.66799999999999926, -24.52217131570533937, -6.938893903907228378E-15 ) ) ;
#1574 = CIRCLE ( 'NONE', #3250, 1.099999999999996758 ) ;
#1575 = CARTESIAN_POINT ( 'NONE',  ( -18.30000000000000426, -40.00000000000000000, 0.000000000000000000 ) ) ;
#1576 = VERTEX_POINT ( 'NONE', #1892 ) ;
#1577 = CARTESIAN_POINT ( 'NONE',  ( -21.51320783995727481, -22.86487916236217188, 6.748930671518611035 ) ) ;
#1578 = AXIS2_PLACEMENT_3D ( 'NONE', #1098, #2143, #1634 ) ;
#1579 = ORIENTED_EDGE ( 'NONE', *, *, #3085, .T. ) ;
#1580 = DIRECTION ( 'NONE',  ( -1.000000000000000000, 0.000000000000000000, 0.000000000000000000 ) ) ;
#1581 = LINE ( 'NONE', #3155, #2900 ) ;
#1582 = ORIENTED_EDGE ( 'NONE', *, *, #1841, .T. ) ;
#1583 = CARTESIAN_POINT ( 'NONE',  ( -14.30244923172929461, -19.49804055787920376, 6.049052901351375411 ) ) ;
#1584 = ORIENTED_EDGE ( 'NONE', *, *, #525, .T. ) ;
#1585 = CARTESIAN_POINT ( 'NONE',  ( -34.49914052780147244, 10.62461462387979871, 5.500000000000000000 ) ) ;
#1586 = ORIENTED_EDGE ( 'NONE', *, *, #974, .T. ) ;
#1587 = DIRECTION ( 'NONE',  ( 0.000000000000000000, 0.000000000000000000, -1.000000000000000000 ) ) ;
#1588 = ORIENTED_EDGE ( 'NONE', *, *, #3000, .F. ) ;
#1589 = AXIS2_PLACEMENT_3D ( 'NONE', #2156, #309, #3182 ) ;
#1590 = EDGE_CURVE ( 'NONE', #1953, #170, #2485, .T. ) ;
#1591 = CARTESIAN_POINT ( 'NONE',  ( -13.75304928793005743, -38.39694082219360638, 0.1045994614210556672 ) ) ;
#1592 = LINE ( 'NONE', #2634, #1870 ) ;
#1593 = CIRCLE ( 'NONE', #2845, 2.099999999999997868 ) ;
#1594 = ADVANCED_FACE ( 'NONE', ( #3215 ), #875, .F. ) ;
#1595 = AXIS2_PLACEMENT_3D ( 'NONE', #724, #1223, #3362 ) ;
#1596 = ORIENTED_EDGE ( 'NONE', *, *, #1528, .F. ) ;
#1597 = CARTESIAN_POINT ( 'NONE',  ( -13.67392428326385101, -23.46555064471253615, 6.923794795449377482 ) ) ;
#1598 = DIRECTION ( 'NONE',  ( 0.000000000000000000, 0.000000000000000000, 1.000000000000000000 ) ) ;
#1599 = VECTOR ( 'NONE', #1020, 1000.000000000000114 ) ;
#1600 = EDGE_CURVE ( 'NONE', #1023, #308, #3200, .T. ) ;
#1601 = ORIENTED_EDGE ( 'NONE', *, *, #66, .T. ) ;
#1602 = DATE_TIME_ROLE ( 'creation_date' ) ;
#1603 = CARTESIAN_POINT ( 'NONE',  ( -22.80154259581225062, -23.00000000094365404, 6.788813003259655865 ) ) ;
#1604 = DIRECTION ( 'NONE',  ( -1.000000000000000000, 0.000000000000000000, 0.000000000000000000 ) ) ;
#1605 = VERTEX_POINT ( 'NONE', #2195 ) ;
#1606 = EDGE_CURVE ( 'NONE', #3063, #2386, #3235, .T. ) ;
#1607 = VECTOR ( 'NONE', #2575, 1000.000000000000000 ) ;
#1608 = CARTESIAN_POINT ( 'NONE',  ( -13.51629967473060923, -37.63109702886601582, 0.2545916691220745376 ) ) ;
#1609 = DIRECTION ( 'NONE',  ( 0.000000000000000000, 0.000000000000000000, 1.000000000000000000 ) ) ;
#1610 =( BOUNDED_SURFACE ( )  B_SPLINE_SURFACE ( 3, 2, ( 
 ( #1019, #951, #707 ),
 ( #2583, #418, #1489 ),
 ( #3071, #2319, #1526 ),
 ( #965, #723, #1261 ) ),
 .UNSPECIFIED., .F., .F., .T. ) 
 B_SPLINE_SURFACE_WITH_KNOTS ( ( 4, 4 ),
 ( 3, 3 ),
 ( 4.712388980384689674, 4.739834566057588461 ),
 ( 0.000000000000000000, 1.000000000000000000 ),
 .UNSPECIFIED. ) 
 GEOMETRIC_REPRESENTATION_ITEM ( )  RATIONAL_B_SPLINE_SURFACE ( (
 ( 1.000000000000000000, 0.7071067811865485719, 1.000000000000000000),
 ( 1.000000000000000000, 0.7080787269487334168, 1.000000000000000000),
 ( 1.000000000000000000, 0.7090486681822754100, 1.000000000000000000),
 ( 1.000000000000000000, 0.7100162663917589656, 1.000000000000000000) ) ) 
 REPRESENTATION_ITEM ( '' )  SURFACE ( )  );
#1611 = ORIENTED_EDGE ( 'NONE', *, *, #443, .T. ) ;
#1612 = VERTEX_POINT ( 'NONE', #1722 ) ;
#1613 = DIRECTION ( 'NONE',  ( 0.000000000000000000, 0.000000000000000000, -1.000000000000000000 ) ) ;
#1614 = CARTESIAN_POINT ( 'NONE',  ( -13.43887526934536680, -36.99019307614514673, 0.4134071600515174527 ) ) ;
#1615 = AXIS2_PLACEMENT_3D ( 'NONE', #1176, #923, #2690 ) ;
#1616 = ORIENTED_EDGE ( 'NONE', *, *, #174, .T. ) ;
#1617 = PERSON_AND_ORGANIZATION ( #1670, #861 ) ;
#1618 = LINE ( 'NONE', #2424, #2624 ) ;
#1619 = CARTESIAN_POINT ( 'NONE',  ( -13.16799999999999926, -39.99999999999993605, 5.000000000000000888 ) ) ;
#1620 = ORIENTED_EDGE ( 'NONE', *, *, #232, .T. ) ;
#1621 = AXIS2_PLACEMENT_3D ( 'NONE', #1721, #1479, #1959 ) ;
#1622 = CIRCLE ( 'NONE', #2980, 4.799999999999998934 ) ;
#1623 = CARTESIAN_POINT ( 'NONE',  ( -5.389825406947982955, -40.00000000000000000, 8.250000000000000000 ) ) ;
#1624 = VECTOR ( 'NONE', #1191, 1000.000000000000000 ) ;
#1625 = CARTESIAN_POINT ( 'NONE',  ( -31.19999999999999574, 0.000000000000000000, 2.000000000000000000 ) ) ;
#1626 = EDGE_LOOP ( 'NONE', ( #251, #2595 ) ) ;
#1627 = ORIENTED_EDGE ( 'NONE', *, *, #2097, .F. ) ;
#1628 = DIRECTION ( 'NONE',  ( 1.000000000000000000, -0.000000000000000000, -0.000000000000000000 ) ) ;
#1629 = DIRECTION ( 'NONE',  ( 1.000000000000000000, 0.000000000000000000, 0.000000000000000000 ) ) ;
#1630 = ADVANCED_FACE ( 'NONE', ( #231 ), #898, .F. ) ;
#1631 = ORIENTED_EDGE ( 'NONE', *, *, #364, .T. ) ;
#1632 = CARTESIAN_POINT ( 'NONE',  ( -20.78052908087193629, -23.64088576016903076, 6.610903239136605158 ) ) ;
#1633 = CARTESIAN_POINT ( 'NONE',  ( -22.77472459955826167, -22.61142305432800725, 6.668729583928930005 ) ) ;
#1634 = DIRECTION ( 'NONE',  ( 0.000000000000000000, 0.000000000000000000, 1.000000000000000000 ) ) ;
#1635 = EDGE_CURVE ( 'NONE', #420, #238, #173, .T. ) ;
#1636 = CIRCLE ( 'NONE', #150, 8.049999999999998934 ) ;
#1637 = DIRECTION ( 'NONE',  ( -0.000000000000000000, -0.000000000000000000, 1.000000000000000000 ) ) ;
#1638 = CARTESIAN_POINT ( 'NONE',  ( -13.16799999999999926, -34.00000000000000000, 11.00000000000000000 ) ) ;
#1639 = ORIENTED_EDGE ( 'NONE', *, *, #619, .T. ) ;
#1640 = CARTESIAN_POINT ( 'NONE',  ( -15.80000000000000426, -40.00000000000002132, 15.90000000000000036 ) ) ;
#1641 = FACE_OUTER_BOUND ( 'NONE', #2930, .T. ) ;
#1642 = CARTESIAN_POINT ( 'NONE',  ( -13.46800000000001063, -29.30003396165218632, 11.02695882422025697 ) ) ;
#1643 = ADVANCED_FACE ( 'NONE', ( #1524 ), #2265, .T. ) ;
#1644 = CONICAL_SURFACE ( 'NONE', #2295, 0.7499999999999988898, 1.029744258676653645 ) ;
#1645 = EDGE_LOOP ( 'NONE', ( #300, #1950, #490, #57 ) ) ;
#1646 = AXIS2_PLACEMENT_3D ( 'NONE', #3290, #1204, #2735 ) ;
#1647 = CARTESIAN_POINT ( 'NONE',  ( -26.57538537612019169, -4.400859472198537681, 5.500000000000000000 ) ) ;
#1648 = CARTESIAN_POINT ( 'NONE',  ( 7.068838354206817165, -40.00000000000000000, 11.00000000000000000 ) ) ;
#1649 = EDGE_CURVE ( 'NONE', #641, #54, #1458, .T. ) ;
#1650 = DIRECTION ( 'NONE',  ( -1.000000000000000000, 0.000000000000000000, 0.000000000000000000 ) ) ;
#1651 = FACE_OUTER_BOUND ( 'NONE', #562, .T. ) ;
#1652 = CARTESIAN_POINT ( 'NONE',  ( -37.20000000000000284, -13.49999999999999822, 3.249999999999993783 ) ) ;
#1653 = DIRECTION ( 'NONE',  ( 0.000000000000000000, 0.000000000000000000, -1.000000000000000000 ) ) ;
#1654 = EDGE_CURVE ( 'NONE', #2109, #999, #2605, .T. ) ;
#1655 = ORIENTED_EDGE ( 'NONE', *, *, #3308, .T. ) ;
#1656 = CARTESIAN_POINT ( 'NONE',  ( -37.20000000000000284, -15.50000000000000000, 22.00000000000000000 ) ) ;
#1657 = CARTESIAN_POINT ( 'NONE',  ( -18.60000000000000142, -40.00000000000000000, 19.55000000000000071 ) ) ;
#1658 = CYLINDRICAL_SURFACE ( 'NONE', #159, 0.2999999999999999889 ) ;
#1659 = AXIS2_PLACEMENT_3D ( 'NONE', #2267, #3306, #434 ) ;
#1660 = ORIENTED_EDGE ( 'NONE', *, *, #1442, .T. ) ;
#1661 = CARTESIAN_POINT ( 'NONE',  ( -13.36800000000000210, -29.01982195317924251, 10.33993177616591552 ) ) ;
#1662 = EDGE_CURVE ( 'NONE', #3327, #2645, #1115, .T. ) ;
#1663 = CARTESIAN_POINT ( 'NONE',  ( -18.60000000000000142, -27.49999999999999645, 8.871126182265935967 ) ) ;
#1664 = AXIS2_PLACEMENT_3D ( 'NONE', #2273, #2058, #729 ) ;
#1665 = CONICAL_SURFACE ( 'NONE', #1392, 2.099999999999997868, 0.7853981633974482790 ) ;
#1666 = CARTESIAN_POINT ( 'NONE',  ( -13.16799999999999926, -40.00000000000000000, 11.00000000000000000 ) ) ;
#1667 = DIRECTION ( 'NONE',  ( 0.000000000000000000, -0.000000000000000000, -1.000000000000000000 ) ) ;
#1668 = VECTOR ( 'NONE', #2721, 1000.000000000000114 ) ;
#1669 = DIRECTION ( 'NONE',  ( 0.000000000000000000, 0.000000000000000000, -1.000000000000000000 ) ) ;
#1670 = PERSON ( 'UNSPECIFIED', 'UNSPECIFIED', 'UNSPECIFIED', ('UNSPECIFIED'), ('UNSPECIFIED'), ('UNSPECIFIED') ) ;
#1671 = EDGE_CURVE ( 'NONE', #2809, #27, #3089, .T. ) ;
#1672 = CARTESIAN_POINT ( 'NONE',  ( -13.46799999999999997, -40.00000000000000000, 11.00000000000000000 ) ) ;
#1673 = FACE_OUTER_BOUND ( 'NONE', #391, .T. ) ;
#1674 = CIRCLE ( 'NONE', #189, 5.299999999999998934 ) ;
#1675 = ORIENTED_EDGE ( 'NONE', *, *, #2653, .F. ) ;
#1676 = DIRECTION ( 'NONE',  ( 0.000000000000000000, 0.000000000000000000, -1.000000000000000000 ) ) ;
#1677 = AXIS2_PLACEMENT_3D ( 'NONE', #2991, #694, #2790 ) ;
#1678 = CARTESIAN_POINT ( 'NONE',  ( -37.20000000000000284, -22.69999999999999929, 6.382104175607510754 ) ) ;
#1679 = CARTESIAN_POINT ( 'NONE',  ( -37.20000000000000284, -18.18257577072857245, 6.000000000000001776 ) ) ;
#1680 = ORIENTED_EDGE ( 'NONE', *, *, #2003, .F. ) ;
#1681 = CARTESIAN_POINT ( 'NONE',  ( -13.96800000000000175, -24.39786552070579617, 7.348253836090123059 ) ) ;
#1682 = ORIENTED_EDGE ( 'NONE', *, *, #1590, .T. ) ;
#1683 = CARTESIAN_POINT ( 'NONE',  ( -26.57538537612021656, 4.400859472198558109, 5.500000000000000000 ) ) ;
#1684 = CARTESIAN_POINT ( 'NONE',  ( -13.66799999999999926, -28.72036255190231557, 10.32192991551589678 ) ) ;
#1685 = DIRECTION ( 'NONE',  ( 0.000000000000000000, 2.207829878515936417E-14, -1.000000000000000000 ) ) ;
#1686 = LINE ( 'NONE', #679, #2213 ) ;
#1687 = TOROIDAL_SURFACE ( 'NONE', #481, 10.69999999999999929, 0.2999999999999999889 ) ;
#1688 = FACE_OUTER_BOUND ( 'NONE', #2369, .T. ) ;
#1689 = AXIS2_PLACEMENT_3D ( 'NONE', #1808, #789, #2882 ) ;
#1690 = LINE ( 'NONE', #1468, #3009 ) ;
#1691 = LOCAL_TIME ( 12, 24, 57.00000000000000000, #3225 ) ;
#1692 = EDGE_CURVE ( 'NONE', #1023, #3379, #1574, .T. ) ;
#1693 = EDGE_LOOP ( 'NONE', ( #2793, #693, #1631, #2965 ) ) ;
#1694 = DIRECTION ( 'NONE',  ( -0.7071067811865474617, -8.659560562354932858E-17, 0.7071067811865474617 ) ) ;
#1695 = DIRECTION ( 'NONE',  ( -0.000000000000000000, -0.000000000000000000, -1.000000000000000000 ) ) ;
#1696 = ORIENTED_EDGE ( 'NONE', *, *, #983, .F. ) ;
#1697 = DIRECTION ( 'NONE',  ( 0.000000000000000000, 0.000000000000000000, 1.000000000000000000 ) ) ;
#1698 = VERTEX_POINT ( 'NONE', #449 ) ;
#1699 = CYLINDRICAL_SURFACE ( 'NONE', #3307, 11.00000000000000000 ) ;
#1700 = EDGE_CURVE ( 'NONE', #651, #1073, #80, .T. ) ;
#1701 = TOROIDAL_SURFACE ( 'NONE', #491, 15.69999999999999929, 0.2999999999999999889 ) ;
#1702 = CIRCLE ( 'NONE', #220, 1.700000000000000178 ) ;
#1703 = CARTESIAN_POINT ( 'NONE',  ( -13.36799999999999855, -36.18981364674953483, 0.3617445060995101436 ) ) ;
#1704 = DIRECTION ( 'NONE',  ( 0.000000000000000000, 0.000000000000000000, -1.000000000000000000 ) ) ;
#1705 = DIRECTION ( 'NONE',  ( 0.000000000000000000, 0.000000000000000000, -1.000000000000000000 ) ) ;
#1706 = ADVANCED_FACE ( 'NONE', ( #171 ), #2014, .F. ) ;
#1707 = EDGE_CURVE ( 'NONE', #786, #448, #1622, .T. ) ;
#1708 = CYLINDRICAL_SURFACE ( 'NONE', #1275, 15.50000000000000000 ) ;
#1709 = EDGE_LOOP ( 'NONE', ( #2069, #2053, #745, #528 ) ) ;
#1710 = CARTESIAN_POINT ( 'NONE',  ( -29.67538537612018956, -4.400859472198537681, 5.500000000000000000 ) ) ;
#1711 =( BOUNDED_SURFACE ( )  B_SPLINE_SURFACE ( 3, 2, ( 
 ( #1471, #1135, #636 ),
 ( #914, #3274, #2719 ),
 ( #369, #91, #1422 ),
 ( #2508, #2701, #158 ) ),
 .UNSPECIFIED., .F., .F., .F. ) 
 B_SPLINE_SURFACE_WITH_KNOTS ( ( 4, 4 ),
 ( 3, 3 ),
 ( 0.000000000000000000, 0.0006696170018050150771 ),
 ( 0.000000000000000000, 1.000000000000000000 ),
 .UNSPECIFIED. ) 
 GEOMETRIC_REPRESENTATION_ITEM ( )  RATIONAL_B_SPLINE_SURFACE ( (
 ( 1.000000000000000000, 0.7637626158259727127, 1.000000000000000000),
 ( 1.000000000000000000, 0.7633597143039162480, 1.000000000000000000),
 ( 1.000000000000000000, 0.7399570904276221439, 1.000000000000000000),
 ( 1.000000000000000000, 0.7071067811876229348, 1.000000000000000000) ) ) 
 REPRESENTATION_ITEM ( '' )  SURFACE ( )  );
#1712 = DIRECTION ( 'NONE',  ( -1.000000000000000000, 0.000000000000000000, 0.000000000000000000 ) ) ;
#1713 = ORIENTED_EDGE ( 'NONE', *, *, #690, .T. ) ;
#1714 = DATE_TIME_ROLE ( 'classification_date' ) ;
#1715 = DIRECTION ( 'NONE',  ( -1.000000000000000000, 0.000000000000000000, 0.000000000000000000 ) ) ;
#1716 = VERTEX_POINT ( 'NONE', #981 ) ;
#1717 = VECTOR ( 'NONE', #2523, 1000.000000000000000 ) ;
#1718 = CARTESIAN_POINT ( 'NONE',  ( -24.87538537612018885, -4.400859472198537681, 4.099999999999999645 ) ) ;
#1719 = DIRECTION ( 'NONE',  ( 0.000000000000000000, 0.000000000000000000, -1.000000000000000000 ) ) ;
#1720 = CARTESIAN_POINT ( 'NONE',  ( -13.46799999999988273, -37.34661597919940590, 0.3248160091659278992 ) ) ;
#1721 = CARTESIAN_POINT ( 'NONE',  ( -13.91799999999999926, -40.00000000000000000, 11.00000000000000000 ) ) ;
#1722 = CARTESIAN_POINT ( 'NONE',  ( -27.30038537612021798, 4.400859472198558109, 5.500000000000000000 ) ) ;
#1723 = FACE_OUTER_BOUND ( 'NONE', #2988, .T. ) ;
#1724 = EDGE_LOOP ( 'NONE', ( #3162, #3318, #3042, #2585 ) ) ;
#1725 = CYLINDRICAL_SURFACE ( 'NONE', #2237, 60.00000000000000000 ) ;
#1726 = DIRECTION ( 'NONE',  ( -1.000000000000000000, 0.000000000000000000, 0.000000000000000000 ) ) ;
#1727 = EDGE_LOOP ( 'NONE', ( #957, #1165, #823, #1283, #2302 ) ) ;
#1728 = CYLINDRICAL_SURFACE ( 'NONE', #1565, 16.00000000000000000 ) ;
#1729 = VERTEX_POINT ( 'NONE', #1257 ) ;
#1730 = CARTESIAN_POINT ( 'NONE',  ( -18.30000000000000071, -27.30866035065098174, 9.102187080271194830 ) ) ;
#1731 = AXIS2_PLACEMENT_3D ( 'NONE', #822, #839, #2911 ) ;
#1732 = DIRECTION ( 'NONE',  ( 0.000000000000000000, 1.000000000000000000, 0.000000000000000000 ) ) ;
#1733 = DIRECTION ( 'NONE',  ( -1.000000000000000000, 0.000000000000000000, 0.000000000000000000 ) ) ;
#1734 = CARTESIAN_POINT ( 'NONE',  ( -13.46799999999999997, -37.41898099794851618, 0.6159573907341289178 ) ) ;
#1735 = EDGE_CURVE ( 'NONE', #2645, #1981, #76, .T. ) ;
#1736 = CARTESIAN_POINT ( 'NONE',  ( -13.16799999999999926, -46.00000000000000000, 11.00000000000000000 ) ) ;
#1737 = DIRECTION ( 'NONE',  ( -1.000000000000000000, 0.000000000000000000, 0.000000000000000000 ) ) ;
#1738 = DIRECTION ( 'NONE',  ( 0.000000000000000000, 0.000000000000000000, 1.000000000000000000 ) ) ;
#1739 = EDGE_CURVE ( 'NONE', #3152, #39, #2317, .T. ) ;
#1740 = ORIENTED_EDGE ( 'NONE', *, *, #1085, .T. ) ;
#1741 = CARTESIAN_POINT ( 'NONE',  ( -37.20000000000000284, 0.000000000000000000, 0.2999999999999999334 ) ) ;
#1742 = DIRECTION ( 'NONE',  ( -1.000000000000000000, 0.000000000000000000, 0.000000000000000000 ) ) ;
#1743 = ORIENTED_EDGE ( 'NONE', *, *, #1797, .F. ) ;
#1744 = AXIS2_PLACEMENT_3D ( 'NONE', #1772, #2794, #1733 ) ;
#1745 = CARTESIAN_POINT ( 'NONE',  ( -13.71632580386892286, -28.85365018884816024, 10.96626684143131669 ) ) ;
#1746 = ORIENTED_EDGE ( 'NONE', *, *, #778, .F. ) ;
#1747 = CIRCLE ( 'NONE', #430, 1.099999999999996758 ) ;
#1748 = CARTESIAN_POINT ( 'NONE',  ( -37.20000000000000284, -6.000000000000008882, 2.000000000000000000 ) ) ;
#1749 = EDGE_CURVE ( 'NONE', #238, #3316, #52, .T. ) ;
#1750 = ORIENTED_EDGE ( 'NONE', *, *, #2201, .F. ) ;
#1751 = FACE_OUTER_BOUND ( 'NONE', #121, .T. ) ;
#1752 = DIRECTION ( 'NONE',  ( 0.7071067811865474617, -8.659560562354932858E-17, -0.7071067811865474617 ) ) ;
#1753 = ADVANCED_FACE ( 'NONE', ( #2580 ), #1400, .T. ) ;
#1754 = AXIS2_PLACEMENT_3D ( 'NONE', #2371, #20, #1069 ) ;
#1755 = AXIS2_PLACEMENT_3D ( 'NONE', #351, #2012, #1196 ) ;
#1756 = DIRECTION ( 'NONE',  ( 1.000000000000000000, -0.000000000000000000, -0.000000000000000000 ) ) ;
#1757 = DIRECTION ( 'NONE',  ( -1.000000000000000000, 0.000000000000000000, 0.000000000000000000 ) ) ;
#1758 = CIRCLE ( 'NONE', #1484, 1.100000000000000311 ) ;
#1759 = FACE_OUTER_BOUND ( 'NONE', #1002, .T. ) ;
#1760 = ORIENTED_EDGE ( 'NONE', *, *, #2352, .T. ) ;
#1761 = FACE_OUTER_BOUND ( 'NONE', #2090, .T. ) ;
#1762 = EDGE_CURVE ( 'NONE', #601, #1716, #2689, .T. ) ;
#1763 = LINE ( 'NONE', #2802, #1147 ) ;
#1764 = PRODUCT ( 'EN02-PROXIMAL_PHALANX-M-2', 'EN02-PROXIMAL_PHALANX-M-2', '', ( #2879 ) ) ;
#1765 = VERTEX_POINT ( 'NONE', #1032 ) ;
#1766 = CARTESIAN_POINT ( 'NONE',  ( -37.20000000000000284, 0.000000000000000000, 6.000000000000000000 ) ) ;
#1767 = ORIENTED_EDGE ( 'NONE', *, *, #3060, .T. ) ;
#1768 = FACE_OUTER_BOUND ( 'NONE', #1102, .T. ) ;
#1769 = APPROVAL ( #547, 'UNSPECIFIED' ) ;
#1770 = EDGE_LOOP ( 'NONE', ( #127, #1582, #557, #592 ) ) ;
#1771 = AXIS2_PLACEMENT_3D ( 'NONE', #3247, #1411, #661 ) ;
#1772 = CARTESIAN_POINT ( 'NONE',  ( -26.57538537612021656, 4.400859472198558109, 6.000000000000000000 ) ) ;
#1773 = CARTESIAN_POINT ( 'NONE',  ( -18.73324118890201717, -26.28360570603072333, 7.955794253597324506 ) ) ;
#1774 = DIRECTION ( 'NONE',  ( -0.5150380749100549327, 0.000000000000000000, -0.8571673007021118895 ) ) ;
#1775 = DIRECTION ( 'NONE',  ( 0.000000000000000000, -0.04070803854593537524, -0.9991710842482095511 ) ) ;
#1776 = CARTESIAN_POINT ( 'NONE',  ( -31.09914052780147387, 10.62461462387979871, 5.500000000000000000 ) ) ;
#1777 = EDGE_CURVE ( 'NONE', #1241, #182, #2596, .T. ) ;
#1778 = CONICAL_SURFACE ( 'NONE', #885, 2.099999999999997868, 0.7853981633974482790 ) ;
#1779 = VERTEX_POINT ( 'NONE', #2613 ) ;
#1780 = DIRECTION ( 'NONE',  ( 1.000000000000000000, -0.000000000000000000, -0.000000000000000000 ) ) ;
#1781 = CARTESIAN_POINT ( 'NONE',  ( -26.57538537612019169, -4.400859472198537681, 5.500000000000000000 ) ) ;
#1782 = VERTEX_POINT ( 'NONE', #1903 ) ;
#1783 = CYLINDRICAL_SURFACE ( 'NONE', #349, 6.000000000000008882 ) ;
#1784 = ORIENTED_EDGE ( 'NONE', *, *, #2914, .T. ) ;
#1785 = CARTESIAN_POINT ( 'NONE',  ( -18.60169991634569797, -27.35552241193995471, 8.747104871889975541 ) ) ;
#1786 = AXIS2_PLACEMENT_3D ( 'NONE', #1734, #1940, #2519 ) ;
#1787 = AXIS2_PLACEMENT_3D ( 'NONE', #3068, #1505, #2543 ) ;
#1788 = ORIENTED_EDGE ( 'NONE', *, *, #3108, .F. ) ;
#1789 = CARTESIAN_POINT ( 'NONE',  ( -33.66799999999999926, -24.52217131570533937, 0.2999999999999999889 ) ) ;
#1790 = CARTESIAN_POINT ( 'NONE',  ( -20.14451482314058950, -24.09296901228499266, 7.208820026087765953 ) ) ;
#1791 = CIRCLE ( 'NONE', #523, 0.7249999999999999778 ) ;
#1792 = CARTESIAN_POINT ( 'NONE',  ( -13.96800000000000175, -27.08821140688683826, 8.929803070538241627 ) ) ;
#1793 = CARTESIAN_POINT ( 'NONE',  ( -18.60533562581651168, -27.28092886213437751, 8.688399131949008591 ) ) ;
#1794 = EDGE_LOOP ( 'NONE', ( #2289, #1172 ) ) ;
#1795 = FACE_OUTER_BOUND ( 'NONE', #2953, .T. ) ;
#1796 = DIRECTION ( 'NONE',  ( -1.000000000000000000, 0.000000000000000000, 0.000000000000000000 ) ) ;
#1797 = EDGE_CURVE ( 'NONE', #1241, #2859, #1312, .T. ) ;
#1798 = ADVANCED_FACE ( 'NONE', ( #1809 ), #1230, .T. ) ;
#1799 = VERTEX_POINT ( 'NONE', #340 ) ;
#1800 = FACE_OUTER_BOUND ( 'NONE', #3159, .T. ) ;
#1801 = AXIS2_PLACEMENT_3D ( 'NONE', #1678, #2230, #1913 ) ;
#1802 = ORIENTED_EDGE ( 'NONE', *, *, #2190, .F. ) ;
#1803 = CARTESIAN_POINT ( 'NONE',  ( -13.46799999999988273, -37.34661597919940590, 0.3248160091659278992 ) ) ;
#1804 = VERTEX_POINT ( 'NONE', #3374 ) ;
#1805 = DIRECTION ( 'NONE',  ( 1.000000000000000000, -0.000000000000000000, -0.000000000000000000 ) ) ;
#1806 = LINE ( 'NONE', #3099, #700 ) ;
#1807 = EDGE_CURVE ( 'NONE', #3001, #2257, #1674, .T. ) ;
#1808 = CARTESIAN_POINT ( 'NONE',  ( -15.80000000000000426, -34.00000000000000000, 11.00000000000000000 ) ) ;
#1809 = FACE_OUTER_BOUND ( 'NONE', #2044, .T. ) ;
#1810 = AXIS2_PLACEMENT_3D ( 'NONE', #1100, #1847, #1828 ) ;
#1811 = ORIENTED_EDGE ( 'NONE', *, *, #8, .F. ) ;
#1812 = ADVANCED_FACE ( 'NONE', ( #754 ), #2937, .T. ) ;
#1813 = DIRECTION ( 'NONE',  ( 0.000000000000000000, 0.000000000000000000, -1.000000000000000000 ) ) ;
#1814 = CARTESIAN_POINT ( 'NONE',  ( -23.10000000000000142, -23.00000000000000000, -6.938893903907228378E-15 ) ) ;
#1815 = CIRCLE ( 'NONE', #930, 19.70000000000000284 ) ;
#1816 = EDGE_LOOP ( 'NONE', ( #3011, #2264, #2063, #1407 ) ) ;
#1817 = CARTESIAN_POINT ( 'NONE',  ( -14.16799999999999926, -46.00000000000000000, 9.900000000000002132 ) ) ;
#1818 = ORIENTED_EDGE ( 'NONE', *, *, #267, .F. ) ;
#1819 = DIRECTION ( 'NONE',  ( -1.000000000000000000, 0.000000000000000000, 0.000000000000000000 ) ) ;
#1820 = EDGE_LOOP ( 'NONE', ( #2620, #1497, #2323, #1995 ) ) ;
#1821 = PERSON_AND_ORGANIZATION_ROLE ( 'creator' ) ;
#1822 = CARTESIAN_POINT ( 'NONE',  ( -19.15091740512855267, -25.27447888089412231, 7.352362326199478382 ) ) ;
#1823 = CARTESIAN_POINT ( 'NONE',  ( -15.01074101554372753, -18.18257577072857245, 6.000000000000001776 ) ) ;
#1824 = ORIENTED_EDGE ( 'NONE', *, *, #3115, .F. ) ;
#1825 = CARTESIAN_POINT ( 'NONE',  ( -13.96799999999999820, -24.52217131570533937, 7.075218912811925165 ) ) ;
#1826 = ORIENTED_EDGE ( 'NONE', *, *, #1739, .F. ) ;
#1827 = EDGE_LOOP ( 'NONE', ( #2805, #70 ) ) ;
#1828 = DIRECTION ( 'NONE',  ( 0.000000000000000000, 0.000000000000000000, 1.000000000000000000 ) ) ;
#1829 = TOROIDAL_SURFACE ( 'NONE', #808, 60.29999999999999716, 0.2999999999999999889 ) ;
#1830 = LINE ( 'NONE', #285, #2409 ) ;
#1831 = CIRCLE ( 'NONE', #561, 6.000000000000008882 ) ;
#1832 = VECTOR ( 'NONE', #2475, 1000.000000000000000 ) ;
#1833 = ORIENTED_EDGE ( 'NONE', *, *, #2194, .T. ) ;
#1834 = FACE_OUTER_BOUND ( 'NONE', #435, .T. ) ;
#1835 = VERTEX_POINT ( 'NONE', #3183 ) ;
#1836 = DIRECTION ( 'NONE',  ( -0.000000000000000000, 0.7702029933508611759, -0.6377988311633799867 ) ) ;
#1837 = ORIENTED_EDGE ( 'NONE', *, *, #1906, .F. ) ;
#1838 = APPLICATION_PROTOCOL_DEFINITION ( 'international standard', 'config_control_design', 1994, #725 ) ;
#1839 = CYLINDRICAL_SURFACE ( 'NONE', #2971, 2.749999999999999112 ) ;
#1840 = AXIS2_PLACEMENT_3D ( 'NONE', #2211, #599, #2469 ) ;
#1841 = EDGE_CURVE ( 'NONE', #224, #859, #621, .T. ) ;
#1842 = CARTESIAN_POINT ( 'NONE',  ( -14.87846069604181665, -18.59420787360207683, 6.005649096680314436 ) ) ;
#1843 = ADVANCED_FACE ( 'NONE', ( #1016 ), #502, .F. ) ;
#1844 = ORIENTED_EDGE ( 'NONE', *, *, #555, .F. ) ;
#1845 = CIRCLE ( 'NONE', #851, 8.550000000000002487 ) ;
#1846 = EDGE_LOOP ( 'NONE', ( #1627, #3086, #1767, #3345 ) ) ;
#1847 = DIRECTION ( 'NONE',  ( 1.000000000000000000, 0.000000000000000000, 0.000000000000000000 ) ) ;
#1848 = CARTESIAN_POINT ( 'NONE',  ( -21.70000000000000284, 0.000000000000000000, 5.500000000000000000 ) ) ;
#1849 = EDGE_CURVE ( 'NONE', #999, #1605, #518, .T. ) ;
#1850 = ORIENTED_EDGE ( 'NONE', *, *, #3214, .F. ) ;
#1851 = CARTESIAN_POINT ( 'NONE',  ( -14.58599880937180160, -19.57162635211959412, 6.056186191328827739 ) ) ;
#1852 = CYLINDRICAL_SURFACE ( 'NONE', #384, 19.99999999999999645 ) ;
#1853 = AXIS2_PLACEMENT_3D ( 'NONE', #1104, #543, #1613 ) ;
#1854 = ORIENTED_EDGE ( 'NONE', *, *, #2433, .F. ) ;
#1855 = PERSON_AND_ORGANIZATION ( #1670, #861 ) ;
#1856 = EDGE_CURVE ( 'NONE', #1987, #3063, #663, .T. ) ;
#1857 = CARTESIAN_POINT ( 'NONE',  ( -20.90682331629055213, -23.12840133858382075, 6.838593982418488260 ) ) ;
#1858 = EDGE_CURVE ( 'NONE', #1928, #3097, #1944, .T. ) ;
#1859 = AXIS2_PLACEMENT_3D ( 'NONE', #2349, #1048, #998 ) ;
#1860 = TOROIDAL_SURFACE ( 'NONE', #429, 19.69999999999999929, 0.2999999999999999889 ) ;
#1861 = EDGE_CURVE ( 'NONE', #1215, #2972, #2236, .T. ) ;
#1862 = DIRECTION ( 'NONE',  ( -1.000000000000000000, 0.000000000000000000, 0.000000000000000000 ) ) ;
#1863 = ORIENTED_EDGE ( 'NONE', *, *, #3059, .F. ) ;
#1864 = DIRECTION ( 'NONE',  ( -0.000000000000000000, -0.000000000000000000, -1.000000000000000000 ) ) ;
#1865 = CARTESIAN_POINT ( 'NONE',  ( -13.16799999999999926, -40.00000000000000000, 0.2999999999999999334 ) ) ;
#1866 = VERTEX_POINT ( 'NONE', #2477 ) ;
#1867 = ORIENTED_EDGE ( 'NONE', *, *, #3313, .F. ) ;
#1868 = DIRECTION ( 'NONE',  ( 0.000000000000000000, 0.000000000000000000, -1.000000000000000000 ) ) ;
#1869 = DIRECTION ( 'NONE',  ( -0.3004939492409034463, 0.9537837210131056009, -0.000000000000000000 ) ) ;
#1870 = VECTOR ( 'NONE', #2903, 1000.000000000000000 ) ;
#1871 = ORIENTED_EDGE ( 'NONE', *, *, #1762, .T. ) ;
#1872 = COORDINATED_UNIVERSAL_TIME_OFFSET ( 8, 0, .AHEAD. ) ;
#1873 = CARTESIAN_POINT ( 'NONE',  ( -13.85959609311734297, -38.65964661673560698, 0.05760338699862268402 ) ) ;
#1874 = DIRECTION ( 'NONE',  ( 1.000000000000000000, 0.000000000000000000, 0.000000000000000000 ) ) ;
#1875 = ORIENTED_EDGE ( 'NONE', *, *, #575, .T. ) ;
#1876 = AXIS2_PLACEMENT_3D ( 'NONE', #1451, #137, #1980 ) ;
#1877 = CARTESIAN_POINT ( 'NONE',  ( -18.09999999999999787, -40.00000000000000000, 11.00000000000000000 ) ) ;
#1878 = CARTESIAN_POINT ( 'NONE',  ( -35.10000000000000853, 13.49999999999999822, 1.750000000000001110 ) ) ;
#1879 = ADVANCED_FACE ( 'NONE', ( #376 ), #1699, .T. ) ;
#1880 = VERTEX_POINT ( 'NONE', #1730 ) ;
#1881 = ORIENTED_EDGE ( 'NONE', *, *, #2627, .F. ) ;
#1882 = DIRECTION ( 'NONE',  ( 0.000000000000000000, 0.000000000000000000, 1.000000000000000000 ) ) ;
#1883 = DIRECTION ( 'NONE',  ( -1.000000000000000000, 0.000000000000000000, 0.000000000000000000 ) ) ;
#1884 = ORIENTED_EDGE ( 'NONE', *, *, #2003, .T. ) ;
#1885 = CARTESIAN_POINT ( 'NONE',  ( -37.20000000000000284, -15.50000000000000000, 5.999999999999998224 ) ) ;
#1886 = CARTESIAN_POINT ( 'NONE',  ( -21.92073929563771983, -23.14707492206268213, 6.839819301193326595 ) ) ;
#1887 = CARTESIAN_POINT ( 'NONE',  ( -18.30569133420427264, -27.08821140688683826, 8.929803070538241627 ) ) ;
#1888 = EDGE_CURVE ( 'NONE', #3172, #2885, #960, .T. ) ;
#1889 = DIRECTION ( 'NONE',  ( 0.000000000000000000, 0.000000000000000000, 1.000000000000000000 ) ) ;
#1890 = AXIS2_PLACEMENT_3D ( 'NONE', #890, #397, #2224 ) ;
#1891 = AXIS2_PLACEMENT_3D ( 'NONE', #3305, #666, #3339 ) ;
#1892 = CARTESIAN_POINT ( 'NONE',  ( -37.20000000000000284, -4.499999999999998224, 0.000000000000000000 ) ) ;
#1893 = DIRECTION ( 'NONE',  ( -1.000000000000000000, 0.000000000000000000, 0.000000000000000000 ) ) ;
#1894 = VECTOR ( 'NONE', #2676, 1000.000000000000000 ) ;
#1895 = ORIENTED_EDGE ( 'NONE', *, *, #1229, .T. ) ;
#1896 = DIRECTION ( 'NONE',  ( 1.000000000000000000, -0.000000000000000000, -0.000000000000000000 ) ) ;
#1897 = EDGE_CURVE ( 'NONE', #2013, #2668, #2823, .T. ) ;
#1898 = CARTESIAN_POINT ( 'NONE',  ( -13.74616825398806341, -22.48968662185034617, 6.595814510845024792 ) ) ;
#1899 = CARTESIAN_POINT ( 'NONE',  ( -13.41799999999999926, -36.28955420628187056, 0.6402257815637277805 ) ) ;
#1900 = EDGE_CURVE ( 'NONE', #54, #2767, #3252, .T. ) ;
#1901 = ORIENTED_EDGE ( 'NONE', *, *, #2194, .F. ) ;
#1902 = DIRECTION ( 'NONE',  ( 0.000000000000000000, 0.000000000000000000, 1.000000000000000000 ) ) ;
#1903 = CARTESIAN_POINT ( 'NONE',  ( -14.59232557973788502, -18.51229233088727710, 0.2999999999999999889 ) ) ;
#1904 = CARTESIAN_POINT ( 'NONE',  ( -13.16799999999999926, -34.00000000000000000, 8.900000000000002132 ) ) ;
#1905 = CYLINDRICAL_SURFACE ( 'NONE', #2610, 15.50000000000000000 ) ;
#1906 = EDGE_CURVE ( 'NONE', #815, #1605, #938, .T. ) ;
#1907 = CIRCLE ( 'NONE', #2504, 0.2999999999999999334 ) ;
#1908 = DIRECTION ( 'NONE',  ( 1.000000000000000000, -0.000000000000000000, -0.000000000000000000 ) ) ;
#1909 = CYLINDRICAL_SURFACE ( 'NONE', #1876, 1.100000000000000311 ) ;
#1910 = ADVANCED_FACE ( 'NONE', ( #3026 ), #130, .F. ) ;
#1911 = VERTEX_POINT ( 'NONE', #2189 ) ;
#1912 = DIRECTION ( 'NONE',  ( 0.000000000000000000, 0.000000000000000000, -1.000000000000000000 ) ) ;
#1913 = DIRECTION ( 'NONE',  ( 0.000000000000000000, 1.156482317317871607E-14, 1.000000000000000000 ) ) ;
#1914 = DIRECTION ( 'NONE',  ( 0.000000000000000000, 0.000000000000000000, -1.000000000000000000 ) ) ;
#1915 = CONICAL_SURFACE ( 'NONE', #278, 8.550000000000002487, 0.7853981633974482790 ) ;
#1916 = ORIENTED_EDGE ( 'NONE', *, *, #778, .T. ) ;
#1917 = PERSON_AND_ORGANIZATION ( #1670, #861 ) ;
#1918 = AXIS2_PLACEMENT_3D ( 'NONE', #2568, #2835, #2584 ) ;
#1919 = DIRECTION ( 'NONE',  ( -1.000000000000000000, 0.000000000000000000, 0.000000000000000000 ) ) ;
#1920 = DIRECTION ( 'NONE',  ( 1.000000000000000000, -0.000000000000000000, -0.000000000000000000 ) ) ;
#1921 = EDGE_CURVE ( 'NONE', #1612, #2177, #1791, .T. ) ;
#1922 = DIRECTION ( 'NONE',  ( 1.000000000000000000, 0.000000000000000000, -0.000000000000000000 ) ) ;
#1923 = DIRECTION ( 'NONE',  ( -0.000000000000000000, 0.000000000000000000, 1.000000000000000000 ) ) ;
#1924 = DIRECTION ( 'NONE',  ( -1.000000000000000000, 0.000000000000000000, 0.000000000000000000 ) ) ;
#1925 = CARTESIAN_POINT ( 'NONE',  ( -37.20000000000000284, 0.000000000000000000, 2.000000000000000000 ) ) ;
#1926 = DIRECTION ( 'NONE',  ( -1.000000000000000000, 0.000000000000000000, 0.000000000000000000 ) ) ;
#1927 = CIRCLE ( 'NONE', #1937, 0.2999999999999999334 ) ;
#1928 = VERTEX_POINT ( 'NONE', #658 ) ;
#1929 = FACE_OUTER_BOUND ( 'NONE', #1693, .T. ) ;
#1930 = CARTESIAN_POINT ( 'NONE',  ( -14.29567713962494935, -19.52344874961587351, 5.757232699071738402 ) ) ;
#1931 = CARTESIAN_POINT ( 'NONE',  ( -37.20000000000000284, 6.000000000000008882, 2.000000000000000000 ) ) ;
#1932 = EDGE_LOOP ( 'NONE', ( #1818, #1170, #1113, #2378, #2405 ) ) ;
#1933 = DIRECTION ( 'NONE',  ( 0.000000000000000000, 0.000000000000000000, 1.000000000000000000 ) ) ;
#1934 = ORIENTED_EDGE ( 'NONE', *, *, #324, .T. ) ;
#1935 = CARTESIAN_POINT ( 'NONE',  ( -18.60000000000000142, -40.00000000000000000, 21.69999999999999574 ) ) ;
#1936 = CIRCLE ( 'NONE', #2261, 0.7249999999999965361 ) ;
#1937 = AXIS2_PLACEMENT_3D ( 'NONE', #906, #359, #629 ) ;
#1938 = CARTESIAN_POINT ( 'NONE',  ( -13.12615621971549196, -34.00000000000000000, 11.00000000000000000 ) ) ;
#1939 = DIRECTION ( 'NONE',  ( 0.000000000000000000, 0.000000000000000000, 1.000000000000000000 ) ) ;
#1940 = DIRECTION ( 'NONE',  ( 3.487036023988128791E-16, -0.9704712718940089466, -0.2412167291636815869 ) ) ;
#1941 = EDGE_CURVE ( 'NONE', #1472, #2042, #2221, .T. ) ;
#1942 = DIRECTION ( 'NONE',  ( -1.000000000000000000, -0.000000000000000000, -0.000000000000000000 ) ) ;
#1943 = CARTESIAN_POINT ( 'NONE',  ( -37.20000000000000284, 0.000000000000000000, 5.500000000000000000 ) ) ;
#1944 = CIRCLE ( 'NONE', #738, 0.2999999999999999889 ) ;
#1945 = VERTEX_POINT ( 'NONE', #1935 ) ;
#1946 = CIRCLE ( 'NONE', #1677, 16.00000000000000000 ) ;
#1947 = LINE ( 'NONE', #1453, #915 ) ;
#1948 = ADVANCED_FACE ( 'NONE', ( #3262 ), #921, .T. ) ;
#1949 = CARTESIAN_POINT ( 'NONE',  ( -35.10000000000000853, -13.49999999999999822, 1.750000000000001110 ) ) ;
#1950 = ORIENTED_EDGE ( 'NONE', *, *, #3000, .T. ) ;
#1951 = B_SPLINE_CURVE_WITH_KNOTS ( 'NONE', 3,
 ( #2102, #844, #2118, #21 ),
 .UNSPECIFIED., .F., .F.,
 ( 4, 4 ),
 ( 0.000000000000000000, 0.001073271213201946106 ),
 .UNSPECIFIED. ) ;
#1952 = CARTESIAN_POINT ( 'NONE',  ( -13.66800000000000104, -28.75267990624010750, 10.47874828852968321 ) ) ;
#1953 = VERTEX_POINT ( 'NONE', #1718 ) ;
#1954 = DIRECTION ( 'NONE',  ( -0.000000000000000000, -0.000000000000000000, -1.000000000000000000 ) ) ;
#1955 = EDGE_CURVE ( 'NONE', #1953, #842, #1208, .T. ) ;
#1956 = CC_DESIGN_PERSON_AND_ORGANIZATION_ASSIGNMENT ( #276, #1325, ( #1764 ) ) ;
#1957 = FACE_OUTER_BOUND ( 'NONE', #2935, .T. ) ;
#1958 = DIRECTION ( 'NONE',  ( -0.000000000000000000, -0.000000000000000000, -1.000000000000000000 ) ) ;
#1959 = DIRECTION ( 'NONE',  ( 0.000000000000000000, 0.000000000000000000, -1.000000000000000000 ) ) ;
#1960 = AXIS2_PLACEMENT_3D ( 'NONE', #1166, #106, #2216 ) ;
#1961 = CARTESIAN_POINT ( 'NONE',  ( -18.30000000000000426, -40.00000000000000000, 11.00000000000000000 ) ) ;
#1962 = AXIS2_PLACEMENT_3D ( 'NONE', #739, #500, #1557 ) ;
#1963 = DIRECTION ( 'NONE',  ( -0.000000000000000000, 0.000000000000000000, -1.000000000000000000 ) ) ;
#1964 = ORIENTED_EDGE ( 'NONE', *, *, #2999, .T. ) ;
#1965 = CARTESIAN_POINT ( 'NONE',  ( -14.59232557973788502, -18.51229233088727710, 5.705762078613921595 ) ) ;
#1966 = FACE_OUTER_BOUND ( 'NONE', #2565, .T. ) ;
#1967 = ORIENTED_EDGE ( 'NONE', *, *, #2242, .T. ) ;
#1968 = LINE ( 'NONE', #1986, #1668 ) ;
#1969 = ORIENTED_EDGE ( 'NONE', *, *, #759, .F. ) ;
#1970 = DIRECTION ( 'NONE',  ( -0.3004939492409032797, 0.9537837210131054899, 0.000000000000000000 ) ) ;
#1971 = AXIS2_PLACEMENT_3D ( 'NONE', #2646, #1580, #2148 ) ;
#1972 = EDGE_LOOP ( 'NONE', ( #512, #2886, #2542, #2253 ) ) ;
#1973 = AXIS2_PLACEMENT_3D ( 'NONE', #966, #1796, #2018 ) ;
#1974 = DIRECTION ( 'NONE',  ( -1.000000000000000000, 0.000000000000000000, 0.000000000000000000 ) ) ;
#1975 = CARTESIAN_POINT ( 'NONE',  ( -18.30000000000000426, -40.00000000000000000, 11.00000000000000000 ) ) ;
#1976 = CARTESIAN_POINT ( 'NONE',  ( -18.30000000000000426, -40.00000000000000000, 11.00000000000000000 ) ) ;
#1977 = CIRCLE ( 'NONE', #387, 0.3000000000000003220 ) ;
#1978 = CC_DESIGN_PERSON_AND_ORGANIZATION_ASSIGNMENT ( #2687, #1439, ( #1250 ) ) ;
#1979 = CARTESIAN_POINT ( 'NONE',  ( -37.20000000000000284, 0.000000000000000000, 0.000000000000000000 ) ) ;
#1980 = DIRECTION ( 'NONE',  ( 0.000000000000000000, 0.000000000000000000, -1.000000000000000000 ) ) ;
#1981 = VERTEX_POINT ( 'NONE', #406 ) ;
#1982 = FACE_OUTER_BOUND ( 'NONE', #2774, .T. ) ;
#1983 = EDGE_CURVE ( 'NONE', #2490, #1132, #904, .T. ) ;
#1984 = DIRECTION ( 'NONE',  ( 0.000000000000000000, 0.000000000000000000, 1.000000000000000000 ) ) ;
#1985 = ORIENTED_EDGE ( 'NONE', *, *, #866, .T. ) ;
#1986 = CARTESIAN_POINT ( 'NONE',  ( -22.22559558009424308, 4.717755003082181986, 6.000000000000000000 ) ) ;
#1987 = VERTEX_POINT ( 'NONE', #3228 ) ;
#1988 = DIRECTION ( 'NONE',  ( -0.000000000000000000, 0.9414385392832301802, 0.3371846330310115936 ) ) ;
#1989 = DIRECTION ( 'NONE',  ( 0.000000000000000000, 0.000000000000000000, 1.000000000000000000 ) ) ;
#1990 = DIRECTION ( 'NONE',  ( 0.000000000000000000, 0.000000000000000000, 1.000000000000000000 ) ) ;
#1991 = CARTESIAN_POINT ( 'NONE',  ( -37.20000000000000284, 15.69999999999999929, 6.000000000000000000 ) ) ;
#1992 = ADVANCED_FACE ( 'NONE', ( #1476 ), #1070, .F. ) ;
#1993 = CIRCLE ( 'NONE', #1664, 0.2999999999999993783 ) ;
#1994 = CARTESIAN_POINT ( 'NONE',  ( -13.41799999999999926, -29.01563350352790494, 10.33967998949085576 ) ) ;
#1995 = ORIENTED_EDGE ( 'NONE', *, *, #424, .F. ) ;
#1996 = CARTESIAN_POINT ( 'NONE',  ( -22.78919727979289434, -23.00000000000000000, 6.382104175607509866 ) ) ;
#1997 = CARTESIAN_POINT ( 'NONE',  ( -13.16800000000000281, -37.01650389905254457, 0.4352218511881631446 ) ) ;
#1998 = EDGE_CURVE ( 'NONE', #2623, #3140, #1946, .T. ) ;
#1999 = VERTEX_POINT ( 'NONE', #442 ) ;
#2000 = DIRECTION ( 'NONE',  ( 0.000000000000000000, 0.000000000000000000, 1.000000000000000000 ) ) ;
#2001 = AXIS2_PLACEMENT_3D ( 'NONE', #945, #703, #1757 ) ;
#2002 = CARTESIAN_POINT ( 'NONE',  ( -33.66799999999999926, -24.52217131570533937, 0.000000000000000000 ) ) ;
#2003 = EDGE_CURVE ( 'NONE', #2218, #3334, #2381, .T. ) ;
#2004 = ORIENTED_EDGE ( 'NONE', *, *, #3229, .F. ) ;
#2005 = LINE ( 'NONE', #831, #455 ) ;
#2006 = EDGE_LOOP ( 'NONE', ( #441, #546, #453, #2004 ) ) ;
#2007 = DIRECTION ( 'NONE',  ( 0.000000000000000000, 0.000000000000000000, -1.000000000000000000 ) ) ;
#2008 = CIRCLE ( 'NONE', #529, 2.099999999999997868 ) ;
#2009 = ORIENTED_EDGE ( 'NONE', *, *, #90, .T. ) ;
#2010 = DIRECTION ( 'NONE',  ( 0.000000000000000000, 0.000000000000000000, 1.000000000000000000 ) ) ;
#2011 = EDGE_CURVE ( 'NONE', #2081, #802, #2112, .T. ) ;
#2012 = DIRECTION ( 'NONE',  ( 1.000000000000000000, -0.000000000000000000, -0.000000000000000000 ) ) ;
#2013 = VERTEX_POINT ( 'NONE', #3382 ) ;
#2014 = CYLINDRICAL_SURFACE ( 'NONE', #1787, 1.099999999999999867 ) ;
#2015 = CARTESIAN_POINT ( 'NONE',  ( -13.16799999999999926, -46.00000000000000000, 11.00000000000000000 ) ) ;
#2016 = ORIENTED_EDGE ( 'NONE', *, *, #1224, .F. ) ;
#2017 = CARTESIAN_POINT ( 'NONE',  ( -37.20000000000000284, 0.000000000000000000, 5.500000000000000000 ) ) ;
#2018 = DIRECTION ( 'NONE',  ( 0.000000000000000000, 0.000000000000000000, -1.000000000000000000 ) ) ;
#2019 = EDGE_CURVE ( 'NONE', #639, #1945, #1349, .T. ) ;
#2020 = VERTEX_POINT ( 'NONE', #2324 ) ;
#2021 = AXIS2_PLACEMENT_3D ( 'NONE', #3029, #498, #1478 ) ;
#2022 = CARTESIAN_POINT ( 'NONE',  ( -13.87394274570620567, -29.05598056457328937, 12.12907837597185612 ) ) ;
#2023 = ORIENTED_EDGE ( 'NONE', *, *, #160, .T. ) ;
#2024 = CARTESIAN_POINT ( 'NONE',  ( -37.20000000000000284, 0.000000000000000000, 5.999999999999998224 ) ) ;
#2025 = ORIENTED_EDGE ( 'NONE', *, *, #1455, .F. ) ;
#2026 = FACE_OUTER_BOUND ( 'NONE', #2373, .T. ) ;
#2027 = DIRECTION ( 'NONE',  ( 1.000000000000000000, 0.000000000000000000, 0.000000000000000000 ) ) ;
#2028 = ADVANCED_FACE ( 'NONE', ( #2555 ), #1266, .T. ) ;
#2029 = AXIS2_PLACEMENT_3D ( 'NONE', #383, #1942, #2746 ) ;
#2030 = CIRCLE ( 'NONE', #3062, 0.3000000000000016542 ) ;
#2031 = AXIS2_PLACEMENT_3D ( 'NONE', #3203, #1896, #587 ) ;
#2032 = CARTESIAN_POINT ( 'NONE',  ( -14.92254444766103205, -18.45702732059238471, 6.001883150433431346 ) ) ;
#2033 = EDGE_LOOP ( 'NONE', ( #2318, #1452, #3276, #819 ) ) ;
#2034 = DIRECTION ( 'NONE',  ( 0.000000000000000000, 0.000000000000000000, 1.000000000000000000 ) ) ;
#2035 = AXIS2_PLACEMENT_3D ( 'NONE', #2695, #2715, #1653 ) ;
#2036 = CARTESIAN_POINT ( 'NONE',  ( -13.41800001299348821, -36.64015655297125562, 0.5146544129913548371 ) ) ;
#2037 = ORIENTED_EDGE ( 'NONE', *, *, #2981, .T. ) ;
#2038 = CARTESIAN_POINT ( 'NONE',  ( -13.36800000000000210, -36.29096903665884355, 0.6441760678844788979 ) ) ;
#2039 = DIRECTION ( 'NONE',  ( 0.000000000000000000, 0.000000000000000000, -1.000000000000000000 ) ) ;
#2040 = ORIENTED_EDGE ( 'NONE', *, *, #2301, .F. ) ;
#2041 = CARTESIAN_POINT ( 'NONE',  ( -31.19999999999999574, 0.000000000000000000, 2.000000000000000000 ) ) ;
#2042 = VERTEX_POINT ( 'NONE', #2075 ) ;
#2043 = DIRECTION ( 'NONE',  ( 0.000000000000000000, 0.000000000000000000, 1.000000000000000000 ) ) ;
#2044 = EDGE_LOOP ( 'NONE', ( #841, #2650, #2990, #695 ) ) ;
#2045 = ORIENTED_EDGE ( 'NONE', *, *, #1856, .F. ) ;
#2046 = CARTESIAN_POINT ( 'NONE',  ( -37.20000000000000284, -13.49999999999999822, 1.750000000000006217 ) ) ;
#2047 = CARTESIAN_POINT ( 'NONE',  ( -20.72077728204159541, -23.67690188979176114, 7.038243237623309945 ) ) ;
#2048 = CARTESIAN_POINT ( 'NONE',  ( -13.12615621971549196, -40.00000000000002132, 15.90000000000000036 ) ) ;
#2049 = DIRECTION ( 'NONE',  ( -1.000000000000000000, 0.000000000000000000, 0.000000000000000000 ) ) ;
#2050 = ADVANCED_FACE ( 'NONE', ( #255 ), #1273, .T. ) ;
#2051 = EDGE_CURVE ( 'NONE', #1804, #2081, #1533, .T. ) ;
#2052 = CIRCLE ( 'NONE', #1053, 11.00000000000000000 ) ;
#2053 = ORIENTED_EDGE ( 'NONE', *, *, #3308, .F. ) ;
#2054 = DIRECTION ( 'NONE',  ( -1.000000000000000000, 0.000000000000000000, 0.000000000000000000 ) ) ;
#2055 = DIRECTION ( 'NONE',  ( -0.3004939492409032797, 0.9537837210131054899, 0.000000000000000000 ) ) ;
#2056 = EDGE_CURVE ( 'NONE', #3055, #2809, #1367, .T. ) ;
#2057 = EDGE_LOOP ( 'NONE', ( #2151, #2720, #2150, #1867 ) ) ;
#2058 = DIRECTION ( 'NONE',  ( -0.000000000000000000, -0.1220751279390940164, 0.9925208628228697760 ) ) ;
#2059 = ORIENTED_EDGE ( 'NONE', *, *, #2201, .T. ) ;
#2060 = CARTESIAN_POINT ( 'NONE',  ( -13.96800000000000175, -39.52468965347481600, 0.01027388537429632653 ) ) ;
#2061 = AXIS2_PLACEMENT_3D ( 'NONE', #3151, #805, #149 ) ;
#2062 = VECTOR ( 'NONE', #3041, 1000.000000000000000 ) ;
#2063 = ORIENTED_EDGE ( 'NONE', *, *, #2981, .F. ) ;
#2064 = CARTESIAN_POINT ( 'NONE',  ( -62.20000000000000284, -22.69999999999999929, 6.382104175607510754 ) ) ;
#2065 = DIRECTION ( 'NONE',  ( 0.000000000000000000, 0.000000000000000000, -1.000000000000000000 ) ) ;
#2066 = CARTESIAN_POINT ( 'NONE',  ( -13.16799999999999926, -46.00000000000000000, 13.09999999999999787 ) ) ;
#2067 = ORIENTED_EDGE ( 'NONE', *, *, #575, .F. ) ;
#2068 = CARTESIAN_POINT ( 'NONE',  ( -18.60169553656617580, -27.35561227151333696, 8.747175591985863363 ) ) ;
#2069 = ORIENTED_EDGE ( 'NONE', *, *, #690, .F. ) ;
#2070 = CARTESIAN_POINT ( 'NONE',  ( -62.20000000000000284, -22.69999999999999929, 6.682104175607510577 ) ) ;
#2071 = DIRECTION ( 'NONE',  ( -1.000000000000000000, 0.000000000000000000, 0.000000000000000000 ) ) ;
#2072 = VERTEX_POINT ( 'NONE', #2841 ) ;
#2073 = CARTESIAN_POINT ( 'NONE',  ( -15.80000000000000426, -46.00000000000000000, 11.00000000000000000 ) ) ;
#2074 = EDGE_LOOP ( 'NONE', ( #1225, #3032, #1, #1482 ) ) ;
#2075 = CARTESIAN_POINT ( 'NONE',  ( -37.20000000000000284, -6.000000000000008882, 5.999999999999998224 ) ) ;
#2076 = EDGE_LOOP ( 'NONE', ( #2460, #1328, #461, #2229 ) ) ;
#2077 = VECTOR ( 'NONE', #769, 1000.000000000000000 ) ;
#2078 = CALENDAR_DATE ( 2025, 16, 11 ) ;
#2079 = DIRECTION ( 'NONE',  ( 1.000000000000000000, 0.000000000000000000, 0.000000000000000000 ) ) ;
#2080 = DIRECTION ( 'NONE',  ( 0.000000000000000000, 0.9990660104205182357, 0.04321003150229337647 ) ) ;
#2081 = VERTEX_POINT ( 'NONE', #2604 ) ;
#2082 = CARTESIAN_POINT ( 'NONE',  ( -37.20000000000000284, 0.000000000000000000, 28.48599564173220955 ) ) ;
#2083 = VECTOR ( 'NONE', #1003, 1000.000000000000000 ) ;
#2084 = ORIENTED_EDGE ( 'NONE', *, *, #345, .F. ) ;
#2085 = TOROIDAL_SURFACE ( 'NONE', #598, 5.299999999999999822, 0.2999999999999999889 ) ;
#2086 = DIRECTION ( 'NONE',  ( -1.000000000000000000, 0.000000000000000000, 0.000000000000000000 ) ) ;
#2087 = CARTESIAN_POINT ( 'NONE',  ( -37.20000000000000284, 0.000000000000000000, -0.09738620076059964492 ) ) ;
#2088 = ORIENTED_EDGE ( 'NONE', *, *, #1279, .F. ) ;
#2089 = CARTESIAN_POINT ( 'NONE',  ( -14.06973912766312829, -20.50050342026725048, 6.171502105467677524 ) ) ;
#2090 = EDGE_LOOP ( 'NONE', ( #200, #774, #2573, #1099, #3314 ) ) ;
#2091 = CARTESIAN_POINT ( 'NONE',  ( -18.60000000000000142, -27.49999999999999645, 8.871126182265935967 ) ) ;
#2092 = EDGE_CURVE ( 'NONE', #3316, #1880, #2877, .T. ) ;
#2093 = ORIENTED_EDGE ( 'NONE', *, *, #1861, .F. ) ;
#2094 = DIRECTION ( 'NONE',  ( 1.000000000000000000, -0.000000000000000000, -0.000000000000000000 ) ) ;
#2095 = CARTESIAN_POINT ( 'NONE',  ( -15.80000000000000426, -40.00000000000000000, 11.00000000000000000 ) ) ;
#2096 = CARTESIAN_POINT ( 'NONE',  ( -35.10000000000000853, -13.49999999999999822, 1.750000000000001110 ) ) ;
#2097 = EDGE_CURVE ( 'NONE', #781, #2639, #626, .T. ) ;
#2098 = ORIENTED_EDGE ( 'NONE', *, *, #735, .T. ) ;
#2099 = CIRCLE ( 'NONE', #609, 6.000000000000008882 ) ;
#2100 = EDGE_LOOP ( 'NONE', ( #570, #3122, #2884, #2487 ) ) ;
#2101 = CARTESIAN_POINT ( 'NONE',  ( -13.82731627802083274, -38.40402849209635860, 0.07536346572783711451 ) ) ;
#2102 = CARTESIAN_POINT ( 'NONE',  ( -13.16799999999999926, -36.38929476581419920, 0.9187070570279469717 ) ) ;
#2103 = AXIS2_PLACEMENT_3D ( 'NONE', #3281, #3211, #1989 ) ;
#2104 = ADVANCED_FACE ( 'NONE', ( #3112, #764, #1516, #3095 ), #183, .F. ) ;
#2105 = ORIENTED_EDGE ( 'NONE', *, *, #3059, .T. ) ;
#2106 = CARTESIAN_POINT ( 'NONE',  ( -13.97330632777369530, -21.00474816518859456, 6.259073866724354396 ) ) ;
#2107 = DIRECTION ( 'NONE',  ( 0.000000000000000000, -0.9999968260138157872, -0.002519516281810721750 ) ) ;
#2108 = EDGE_CURVE ( 'NONE', #1051, #2124, #1304, .T. ) ;
#2109 = VERTEX_POINT ( 'NONE', #3317 ) ;
#2110 = DIRECTION ( 'NONE',  ( 0.000000000000000000, 0.000000000000000000, 1.000000000000000000 ) ) ;
#2111 = CARTESIAN_POINT ( 'NONE',  ( -14.35467859908861676, -20.55655310258657309, 6.180719113613243998 ) ) ;
#2112 = CIRCLE ( 'NONE', #2551, 8.550000000000002487 ) ;
#2113 = DIRECTION ( 'NONE',  ( 1.000000000000000000, -0.000000000000000000, -0.000000000000000000 ) ) ;
#2114 = CLOSED_SHELL ( 'NONE', ( #881, #3150, #1060, #22, #1552, #228, #771, #84, #49, #2858, #2943, #1554, #3169, #2129, #2516, #1240, #2908, #1508, #1145, #60, #2454, #3251, #1052, #1630, #2442, #916, #3292, #325, #1351, #1879, #726, #407, #2957, #3106, #784, #3264, #2104, #834, #339, #698, #2654, #436, #1643, #2713, #825, #263, #2159, #2478, #2771, #2246, #2815, #1017, #1034, #1910, #1235, #1753, #2507, #1295, #1038, #1270, #2853, #1948, #2377, #3257, #869, #2256, #3196, #1798, #1336, #193, #2296, #3199, #1502, #2028, #2486, #672, #2395, #2050, #1485, #382, #2343, #1421, #385, #2867, #1843, #2401, #3004, #3043, #1706, #2798, #806, #931, #824, #3204, #1992, #1300, #576, #2271, #535, #1393, #1570, #1594, #2848, #2662, #2913, #1812 ) ) ;
#2115 = ORIENTED_EDGE ( 'NONE', *, *, #1983, .T. ) ;
#2116 = ORIENTED_EDGE ( 'NONE', *, *, #2366, .F. ) ;
#2117 = CARTESIAN_POINT ( 'NONE',  ( -13.96800000000000175, -39.52468965347481600, 0.01027388537431036739 ) ) ;
#2118 = CARTESIAN_POINT ( 'NONE',  ( -13.16799999999999926, -37.07147655419151988, 0.7023318025511363638 ) ) ;
#2119 = ORIENTED_EDGE ( 'NONE', *, *, #1606, .F. ) ;
#2120 = ORIENTED_EDGE ( 'NONE', *, *, #428, .F. ) ;
#2121 = FACE_OUTER_BOUND ( 'NONE', #2243, .T. ) ;
#2122 = DIRECTION ( 'NONE',  ( 1.000000000000000000, -0.000000000000000000, -0.000000000000000000 ) ) ;
#2123 = CIRCLE ( 'NONE', #2390, 19.99999999999999645 ) ;
#2124 = VERTEX_POINT ( 'NONE', #1569 ) ;
#2125 = CARTESIAN_POINT ( 'NONE',  ( -23.10000000000001208, -23.00000000000000355, 6.788813002938239194 ) ) ;
#2126 = CIRCLE ( 'NONE', #1689, 1.100000000000000311 ) ;
#2127 = LOCAL_TIME ( 12, 24, 57.00000000000000000, #1138 ) ;
#2128 = CARTESIAN_POINT ( 'NONE',  ( -31.09914052780147387, 10.62461462387979871, -6.938893903907228378E-15 ) ) ;
#2129 = ADVANCED_FACE ( 'NONE', ( #1768 ), #1228, .F. ) ;
#2130 = ORIENTED_EDGE ( 'NONE', *, *, #267, .T. ) ;
#2131 = DIRECTION ( 'NONE',  ( 0.000000000000000000, 0.000000000000000000, -1.000000000000000000 ) ) ;
#2132 = CARTESIAN_POINT ( 'NONE',  ( -37.20000000000000284, -13.49999999999999822, 2.500000000000000000 ) ) ;
#2133 = CIRCLE ( 'NONE', #1971, 2.099999999999997868 ) ;
#2134 = ORIENTED_EDGE ( 'NONE', *, *, #994, .T. ) ;
#2135 = ORIENTED_EDGE ( 'NONE', *, *, #221, .T. ) ;
#2136 = CARTESIAN_POINT ( 'NONE',  ( -14.59466580831290905, -18.50486432135850734, 6.003196394691051374 ) ) ;
#2137 = EDGE_CURVE ( 'NONE', #2490, #1953, #203, .T. ) ;
#2138 = LINE ( 'NONE', #7, #873 ) ;
#2139 = CIRCLE ( 'NONE', #1097, 19.70000000000000284 ) ;
#2140 = EDGE_LOOP ( 'NONE', ( #2361, #3188, #1934, #2842 ) ) ;
#2141 = CARTESIAN_POINT ( 'NONE',  ( -21.10097030630823411, -23.46525486307626096, 6.956281311969516601 ) ) ;
#2142 = DIRECTION ( 'NONE',  ( -1.000000000000000000, 0.000000000000000000, 0.000000000000000000 ) ) ;
#2143 = DIRECTION ( 'NONE',  ( -1.000000000000000000, 0.000000000000000000, 0.000000000000000000 ) ) ;
#2144 = EDGE_CURVE ( 'NONE', #212, #786, #731, .T. ) ;
#2145 = ORIENTED_EDGE ( 'NONE', *, *, #10, .F. ) ;
#2146 = EDGE_CURVE ( 'NONE', #271, #1007, #2621, .T. ) ;
#2147 = CIRCLE ( 'NONE', #2415, 15.50000000000000000 ) ;
#2148 = DIRECTION ( 'NONE',  ( 0.000000000000000000, 0.000000000000000000, 1.000000000000000000 ) ) ;
#2149 = DIRECTION ( 'NONE',  ( 1.000000000000000000, -0.000000000000000000, -0.000000000000000000 ) ) ;
#2150 = ORIENTED_EDGE ( 'NONE', *, *, #185, .T. ) ;
#2151 = ORIENTED_EDGE ( 'NONE', *, *, #1455, .T. ) ;
#2152 = CARTESIAN_POINT ( 'NONE',  ( -32.79914052780147671, 10.62461462387979871, 5.500000000000000000 ) ) ;
#2153 = CARTESIAN_POINT ( 'NONE',  ( -23.10000000000000142, -22.69999999999999929, 0.000000000000000000 ) ) ;
#2154 = EDGE_CURVE ( 'NONE', #3055, #2885, #909, .T. ) ;
#2155 = VERTEX_POINT ( 'NONE', #1118 ) ;
#2156 = CARTESIAN_POINT ( 'NONE',  ( -62.20000000000000284, -33.67544467966323651, 19.99999999999999645 ) ) ;
#2157 = DIRECTION ( 'NONE',  ( -1.000000000000000000, 0.000000000000000000, 0.000000000000000000 ) ) ;
#2158 = DIRECTION ( 'NONE',  ( 0.000000000000000000, 1.000000000000000000, -0.000000000000000000 ) ) ;
#2159 = ADVANCED_FACE ( 'NONE', ( #832 ), #1852, .T. ) ;
#2160 = CARTESIAN_POINT ( 'NONE',  ( -18.30000000000000426, -29.08227050894843302, 12.34282640733002978 ) ) ;
#2161 = DIRECTION ( 'NONE',  ( 0.000000000000000000, 0.000000000000000000, 1.000000000000000000 ) ) ;
#2162 = CIRCLE ( 'NONE', #83, 0.2999999999999999334 ) ;
#2163 = ORIENTED_EDGE ( 'NONE', *, *, #719, .F. ) ;
#2164 = CARTESIAN_POINT ( 'NONE',  ( -13.46800000000072295, -29.00003491384804022, 11.02771467910484304 ) ) ;
#2165 = DIRECTION ( 'NONE',  ( -1.000000000000000000, 0.000000000000000000, 0.000000000000000000 ) ) ;
#2166 = FACE_OUTER_BOUND ( 'NONE', #2824, .T. ) ;
#2167 = ORIENTED_EDGE ( 'NONE', *, *, #1888, .T. ) ;
#2168 = CARTESIAN_POINT ( 'NONE',  ( -21.49846962093289449, -22.86979062226371440, 6.750525793189632751 ) ) ;
#2169 = CARTESIAN_POINT ( 'NONE',  ( 7.068838354206817165, -40.00000000000000000, 19.04999999999999716 ) ) ;
#2170 = CARTESIAN_POINT ( 'NONE',  ( -37.20000000000000284, 0.000000000000000000, 2.000000000000000000 ) ) ;
#2171 = CARTESIAN_POINT ( 'NONE',  ( -13.66799999999999926, -24.52217131570533937, 7.075218912811924277 ) ) ;
#2172 = FACE_BOUND ( 'NONE', #2864, .T. ) ;
#2173 = VERTEX_POINT ( 'NONE', #2907 ) ;
#2174 = AXIS2_PLACEMENT_3D ( 'NONE', #2657, #1902, #277 ) ;
#2175 = DIRECTION ( 'NONE',  ( 0.000000000000000000, 0.000000000000000000, -1.000000000000000000 ) ) ;
#2176 = DIRECTION ( 'NONE',  ( 1.000000000000000000, 0.000000000000000000, 0.000000000000000000 ) ) ;
#2177 = VERTEX_POINT ( 'NONE', #2920 ) ;
#2178 = DIRECTION ( 'NONE',  ( 0.000000000000000000, 0.000000000000000000, 1.000000000000000000 ) ) ;
#2179 = CARTESIAN_POINT ( 'NONE',  ( -13.66800000000000104, -36.43704472727985433, 0.3188876251777547632 ) ) ;
#2180 = CIRCLE ( 'NONE', #1810, 0.2999999999999999889 ) ;
#2181 = CARTESIAN_POINT ( 'NONE',  ( -35.10000000000000853, -13.49999999999999822, 2.500000000000000000 ) ) ;
#2182 = AXIS2_PLACEMENT_3D ( 'NONE', #1114, #2178, #2419 ) ;
#2183 = ORIENTED_EDGE ( 'NONE', *, *, #668, .T. ) ;
#2184 = PERSON_AND_ORGANIZATION_ROLE ( 'design_supplier' ) ;
#2185 = CIRCLE ( 'NONE', #709, 19.70000000000000284 ) ;
#2186 = CARTESIAN_POINT ( 'NONE',  ( -13.62889999310187328, -29.01138903059302621, 10.48021263177528439 ) ) ;
#2187 = ORIENTED_EDGE ( 'NONE', *, *, #3337, .T. ) ;
#2188 = EDGE_CURVE ( 'NONE', #859, #3001, #3357, .T. ) ;
#2189 = CARTESIAN_POINT ( 'NONE',  ( -32.70000000000000995, 0.000000000000000000, 2.000000000000000000 ) ) ;
#2190 = EDGE_CURVE ( 'NONE', #767, #1945, #2030, .T. ) ;
#2191 = CARTESIAN_POINT ( 'NONE',  ( -35.10000000000000853, -13.49999999999999822, 3.249999999999999112 ) ) ;
#2192 = CARTESIAN_POINT ( 'NONE',  ( -13.16799999999999926, -36.38929476581419920, 0.9187070570279469717 ) ) ;
#2193 = DIRECTION ( 'NONE',  ( 1.000000000000000000, -0.000000000000000000, -0.000000000000000000 ) ) ;
#2194 = EDGE_CURVE ( 'NONE', #1137, #271, #305, .T. ) ;
#2195 = CARTESIAN_POINT ( 'NONE',  ( -37.20000000000000284, 4.499999999999998224, 0.000000000000000000 ) ) ;
#2196 = CARTESIAN_POINT ( 'NONE',  ( -37.20000000000000284, 0.000000000000000000, 22.00000000000000000 ) ) ;
#2197 = AXIS2_PLACEMENT_3D ( 'NONE', #2443, #2708, #1142 ) ;
#2198 = ORIENTED_EDGE ( 'NONE', *, *, #2266, .F. ) ;
#2199 = LINE ( 'NONE', #1710, #2283 ) ;
#2200 = DIRECTION ( 'NONE',  ( 0.000000000000000000, 0.000000000000000000, 1.000000000000000000 ) ) ;
#2201 = EDGE_CURVE ( 'NONE', #1911, #815, #2297, .T. ) ;
#2202 = EDGE_CURVE ( 'NONE', #287, #992, #3275, .T. ) ;
#2203 = ORIENTED_EDGE ( 'NONE', *, *, #2665, .F. ) ;
#2204 = CYLINDRICAL_SURFACE ( 'NONE', #2422, 11.00000000000000000 ) ;
#2205 = ORIENTED_EDGE ( 'NONE', *, *, #3130, .F. ) ;
#2206 = CARTESIAN_POINT ( 'NONE',  ( -35.10000000000000853, -13.49999999999999822, 3.249999999999999112 ) ) ;
#2207 = AXIS2_PLACEMENT_3D ( 'NONE', #3230, #1974, #165 ) ;
#2208 = CARTESIAN_POINT ( 'NONE',  ( -37.20000000000000284, 13.49999999999999822, 2.500000000000000000 ) ) ;
#2209 = CYLINDRICAL_SURFACE ( 'NONE', #1771, 4.499999999999997335 ) ;
#2210 = LINE ( 'NONE', #3248, #302 ) ;
#2211 = CARTESIAN_POINT ( 'NONE',  ( -13.12615621971549196, -40.00000000000002132, 17.00000000000000000 ) ) ;
#2212 = CARTESIAN_POINT ( 'NONE',  ( -13.91799999999999926, -40.00000000000000000, 11.00000000000000000 ) ) ;
#2213 = VECTOR ( 'NONE', #2010, 1000.000000000000000 ) ;
#2214 = ORIENTED_EDGE ( 'NONE', *, *, #2692, .F. ) ;
#2215 = AXIS2_PLACEMENT_3D ( 'NONE', #164, #2255, #2007 ) ;
#2216 = DIRECTION ( 'NONE',  ( 0.000000000000000000, 0.000000000000000000, -1.000000000000000000 ) ) ;
#2217 = DIRECTION ( 'NONE',  ( 0.000000000000000000, 0.000000000000000000, 1.000000000000000000 ) ) ;
#2218 = VERTEX_POINT ( 'NONE', #2362 ) ;
#2219 = DIRECTION ( 'NONE',  ( -1.000000000000000000, 0.000000000000000000, 0.000000000000000000 ) ) ;
#2220 = ORIENTED_EDGE ( 'NONE', *, *, #2999, .F. ) ;
#2221 = LINE ( 'NONE', #1748, #1624 ) ;
#2222 = DIRECTION ( 'NONE',  ( 1.000000000000000000, -0.000000000000000000, -0.000000000000000000 ) ) ;
#2223 = FACE_OUTER_BOUND ( 'NONE', #845, .T. ) ;
#2224 = DIRECTION ( 'NONE',  ( -1.000000000000000000, 0.000000000000000000, 0.000000000000000000 ) ) ;
#2225 = EDGE_CURVE ( 'NONE', #2434, #2850, #2947, .T. ) ;
#2226 = DIRECTION ( 'NONE',  ( -1.000000000000000000, 0.000000000000000000, 0.000000000000000000 ) ) ;
#2227 = DIRECTION ( 'NONE',  ( -1.000000000000000000, 0.000000000000000000, 0.000000000000000000 ) ) ;
#2228 = AXIS2_PLACEMENT_3D ( 'NONE', #2640, #1306, #3384 ) ;
#2229 = ORIENTED_EDGE ( 'NONE', *, *, #3018, .F. ) ;
#2230 = DIRECTION ( 'NONE',  ( 1.000000000000000000, 0.000000000000000000, 0.000000000000000000 ) ) ;
#2231 = LINE ( 'NONE', #107, #3218 ) ;
#2232 = EDGE_CURVE ( 'NONE', #1382, #2233, #2515, .T. ) ;
#2233 = VERTEX_POINT ( 'NONE', #2671 ) ;
#2234 = CARTESIAN_POINT ( 'NONE',  ( -13.66799999999999926, -40.00000000000000000, 11.00000000000000000 ) ) ;
#2235 = ORIENTED_EDGE ( 'NONE', *, *, #1316, .T. ) ;
#2236 = LINE ( 'NONE', #2206, #2062 ) ;
#2237 = AXIS2_PLACEMENT_3D ( 'NONE', #1116, #2165, #860 ) ;
#2238 = CARTESIAN_POINT ( 'NONE',  ( -5.389825406947982955, -40.00000000000000000, 13.74999999999999822 ) ) ;
#2239 = CARTESIAN_POINT ( 'NONE',  ( -13.12615621971549196, -46.00000000000000000, 9.899999999999998579 ) ) ;
#2240 = CARTESIAN_POINT ( 'NONE',  ( -37.20000000000000284, -13.49999999999999822, 2.500000000000000000 ) ) ;
#2241 = VECTOR ( 'NONE', #2400, 1000.000000000000000 ) ;
#2242 = EDGE_CURVE ( 'NONE', #2247, #432, #2138, .T. ) ;
#2243 = EDGE_LOOP ( 'NONE', ( #1518, #2115, #3256, #1441 ) ) ;
#2244 = CARTESIAN_POINT ( 'NONE',  ( -13.96800000000000175, -36.93208776333745647, -59.93368673985678896 ) ) ;
#2245 = DIRECTION ( 'NONE',  ( 1.000000000000000000, -0.000000000000000000, -0.000000000000000000 ) ) ;
#2246 = ADVANCED_FACE ( 'NONE', ( #2684 ), #3164, .F. ) ;
#2247 = VERTEX_POINT ( 'NONE', #2376 ) ;
#2248 = CARTESIAN_POINT ( 'NONE',  ( -13.74214983685419789, -37.56850379088427871, 0.1625592528765321121 ) ) ;
#2249 = CARTESIAN_POINT ( 'NONE',  ( -35.10000000000000853, -13.49999999999999822, 2.500000000000000000 ) ) ;
#2250 = B_SPLINE_CURVE_WITH_KNOTS ( 'NONE', 3,
 ( #2688, #338, #1873, #2910, #3209, #2880 ),
 .UNSPECIFIED., .F., .F.,
 ( 4, 2, 4 ),
 ( -1.961050389027229487E-05, 0.001289416906729593361, 0.002598444317349459312 ),
 .UNSPECIFIED. ) ;
#2251 = ORIENTED_EDGE ( 'NONE', *, *, #1047, .F. ) ;
#2252 = CARTESIAN_POINT ( 'NONE',  ( -13.46465159982865067, -28.99871628109562494, 11.03176927966451260 ) ) ;
#2253 = ORIENTED_EDGE ( 'NONE', *, *, #1540, .T. ) ;
#2254 = CIRCLE ( 'NONE', #1659, 0.3000000000000007105 ) ;
#2255 = DIRECTION ( 'NONE',  ( -1.000000000000000000, 0.000000000000000000, 0.000000000000000000 ) ) ;
#2256 = ADVANCED_FACE ( 'NONE', ( #2166 ), #849, .T. ) ;
#2257 = VERTEX_POINT ( 'NONE', #74 ) ;
#2258 = ORIENTED_EDGE ( 'NONE', *, *, #1445, .T. ) ;
#2259 = DIRECTION ( 'NONE',  ( -1.000000000000000000, 0.000000000000000000, 0.000000000000000000 ) ) ;
#2260 = DIRECTION ( 'NONE',  ( 0.000000000000000000, 0.000000000000000000, 1.000000000000000000 ) ) ;
#2261 = AXIS2_PLACEMENT_3D ( 'NONE', #2855, #1514, #474 ) ;
#2262 = CONICAL_SURFACE ( 'NONE', #3082, 2.099999999999997868, 0.7853981633974482790 ) ;
#2263 = CIRCLE ( 'NONE', #1109, 2.099999999999997868 ) ;
#2264 = ORIENTED_EDGE ( 'NONE', *, *, #473, .T. ) ;
#2265 = PLANE ( 'NONE',  #1068 ) ;
#2266 = EDGE_CURVE ( 'NONE', #1072, #432, #1044, .T. ) ;
#2267 = CARTESIAN_POINT ( 'NONE',  ( -13.96800000000000175, -27.26632411961000102, 8.688399131949010368 ) ) ;
#2268 = VERTEX_POINT ( 'NONE', #862 ) ;
#2269 = PLANE ( 'NONE',  #3006 ) ;
#2270 = AXIS2_PLACEMENT_3D ( 'NONE', #2493, #1140, #145 ) ;
#2271 = ADVANCED_FACE ( 'NONE', ( #1966 ), #3332, .F. ) ;
#2272 = ORIENTED_EDGE ( 'NONE', *, *, #3187, .F. ) ;
#2273 = CARTESIAN_POINT ( 'NONE',  ( -18.30000000000000426, -29.38002676779529310, 12.30620386894830176 ) ) ;
#2274 = ORIENTED_EDGE ( 'NONE', *, *, #2974, .F. ) ;
#2275 = DIRECTION ( 'NONE',  ( 0.7071067811865474617, 0.000000000000000000, 0.7071067811865474617 ) ) ;
#2276 = VERTEX_POINT ( 'NONE', #1679 ) ;
#2277 = DIRECTION ( 'NONE',  ( 1.000000000000000000, 0.000000000000000000, 0.000000000000000000 ) ) ;
#2278 = PLANE ( 'NONE',  #1475 ) ;
#2279 = DIRECTION ( 'NONE',  ( 0.000000000000000000, 0.000000000000000000, -1.000000000000000000 ) ) ;
#2280 = ORIENTED_EDGE ( 'NONE', *, *, #866, .F. ) ;
#2281 = DIRECTION ( 'NONE',  ( -0.000000000000000000, -0.000000000000000000, -1.000000000000000000 ) ) ;
#2282 = CARTESIAN_POINT ( 'NONE',  ( -37.20000000000000284, 6.000000000000008882, 2.000000000000000000 ) ) ;
#2283 = VECTOR ( 'NONE', #2750, 1000.000000000000114 ) ;
#2284 = ORIENTED_EDGE ( 'NONE', *, *, #1797, .T. ) ;
#2285 = CARTESIAN_POINT ( 'NONE',  ( -13.66800000000000104, -36.18981364674953483, 0.3617445060995170825 ) ) ;
#2286 = DIRECTION ( 'NONE',  ( -0.000000000000000000, 1.000000000000000000, 0.000000000000000000 ) ) ;
#2287 = EDGE_LOOP ( 'NONE', ( #2737, #519, #510, #2741 ) ) ;
#2288 = CARTESIAN_POINT ( 'NONE',  ( -13.16799999999999926, -39.99999999999993605, 2.900000000000003464 ) ) ;
#2289 = ORIENTED_EDGE ( 'NONE', *, *, #1921, .F. ) ;
#2290 = CARTESIAN_POINT ( 'NONE',  ( -18.30181324757012717, -27.16327407021120166, 8.985185823061096144 ) ) ;
#2291 = VERTEX_POINT ( 'NONE', #402 ) ;
#2292 = EDGE_CURVE ( 'NONE', #2767, #1553, #3223, .T. ) ;
#2293 = CARTESIAN_POINT ( 'NONE',  ( -37.20000000000000284, -22.69999999999999929, 6.382104175607510754 ) ) ;
#2294 = CARTESIAN_POINT ( 'NONE',  ( -20.06461313201944918, -24.16485439415601988, 6.823485455381274711 ) ) ;
#2295 = AXIS2_PLACEMENT_3D ( 'NONE', #775, #3141, #2131 ) ;
#2296 = ADVANCED_FACE ( 'NONE', ( #390 ), #1658, .T. ) ;
#2297 = CIRCLE ( 'NONE', #3117, 4.499999999999997335 ) ;
#2298 = CARTESIAN_POINT ( 'NONE',  ( -18.60000000000000142, -24.11966619483408181, 12.95320204702549916 ) ) ;
#2299 = DIRECTION ( 'NONE',  ( 0.000000000000000000, 0.000000000000000000, 1.000000000000000000 ) ) ;
#2300 = CIRCLE ( 'NONE', #329, 0.7499999999999885647 ) ;
#2301 = EDGE_CURVE ( 'NONE', #170, #1953, #765, .T. ) ;
#2302 = ORIENTED_EDGE ( 'NONE', *, *, #1397, .F. ) ;
#2303 = CARTESIAN_POINT ( 'NONE',  ( -13.62402234500509302, -36.52217643222078891, 0.5613670688000781395 ) ) ;
#2304 = FACE_OUTER_BOUND ( 'NONE', #2663, .T. ) ;
#2305 = APPLICATION_CONTEXT ( 'configuration controlled 3d designs of mechanical parts and assemblies' ) ;
#2306 = EDGE_LOOP ( 'NONE', ( #1265, #350 ) ) ;
#2307 = DIRECTION ( 'NONE',  ( 0.7071067811865474617, -8.659560562354932858E-17, -0.7071067811865474617 ) ) ;
#2308 = ORIENTED_EDGE ( 'NONE', *, *, #791, .T. ) ;
#2309 = CARTESIAN_POINT ( 'NONE',  ( -18.61425408462295650, -27.09794958215942984, 8.936988093387965293 ) ) ;
#2310 = EDGE_CURVE ( 'NONE', #23, #673, #2680, .T. ) ;
#2311 = ORIENTED_EDGE ( 'NONE', *, *, #2144, .T. ) ;
#2312 = CIRCLE ( 'NONE', #2693, 0.7499999999999988898 ) ;
#2313 = FACE_OUTER_BOUND ( 'NONE', #1724, .T. ) ;
#2314 = CARTESIAN_POINT ( 'NONE',  ( -37.20000000000000284, 0.000000000000000000, 2.000000000000000000 ) ) ;
#2315 = LINE ( 'NONE', #3338, #1534 ) ;
#2316 = EDGE_LOOP ( 'NONE', ( #1103, #990, #1562, #634, #1750, #1067 ) ) ;
#2317 = LINE ( 'NONE', #485, #2872 ) ;
#2318 = ORIENTED_EDGE ( 'NONE', *, *, #801, .F. ) ;
#2319 = CARTESIAN_POINT ( 'NONE',  ( -14.63803377648390480, -18.36721209188934978, 6.000236594058320883 ) ) ;
#2320 = DIRECTION ( 'NONE',  ( 0.000000000000000000, 0.000000000000000000, 1.000000000000000000 ) ) ;
#2321 = ORIENTED_EDGE ( 'NONE', *, *, #2550, .T. ) ;
#2322 = CARTESIAN_POINT ( 'NONE',  ( -13.77958090154833215, -29.03586636731835924, 11.91408056763425982 ) ) ;
#2323 = ORIENTED_EDGE ( 'NONE', *, *, #2449, .F. ) ;
#2324 = CARTESIAN_POINT ( 'NONE',  ( -18.60000000000000142, -40.00000000000000000, 0.2999999999999999334 ) ) ;
#2325 = AXIS2_PLACEMENT_3D ( 'NONE', #942, #116, #2260 ) ;
#2326 = AXIS2_PLACEMENT_3D ( 'NONE', #963, #2522, #3084 ) ;
#2327 = APPROVAL ( #1063, 'UNSPECIFIED' ) ;
#2328 = ORIENTED_EDGE ( 'NONE', *, *, #2497, .F. ) ;
#2329 = CYLINDRICAL_SURFACE ( 'NONE', #1744, 0.7249999999999999778 ) ;
#2330 = DIRECTION ( 'NONE',  ( 0.000000000000000000, 0.000000000000000000, 1.000000000000000000 ) ) ;
#2331 = VECTOR ( 'NONE', #1127, 1000.000000000000000 ) ;
#2332 = CARTESIAN_POINT ( 'NONE',  ( -32.79914052780147671, 10.62461462387979871, 4.099999999999999645 ) ) ;
#2333 = EDGE_LOOP ( 'NONE', ( #2574, #1388 ) ) ;
#2334 = CARTESIAN_POINT ( 'NONE',  ( -20.92475881183558784, -23.11944876214581157, 6.835476318031467713 ) ) ;
#2335 = ORIENTED_EDGE ( 'NONE', *, *, #3259, .T. ) ;
#2336 = DIRECTION ( 'NONE',  ( 0.000000000000000000, 0.000000000000000000, -1.000000000000000000 ) ) ;
#2337 = DIRECTION ( 'NONE',  ( -1.000000000000000000, 0.000000000000000000, 0.000000000000000000 ) ) ;
#2338 = EDGE_CURVE ( 'NONE', #2885, #1042, #1260, .T. ) ;
#2339 = ORIENTED_EDGE ( 'NONE', *, *, #1662, .T. ) ;
#2340 = CARTESIAN_POINT ( 'NONE',  ( -13.96799999999999820, -24.39786552070579617, 7.348253836090122171 ) ) ;
#2341 = VERTEX_POINT ( 'NONE', #1931 ) ;
#2342 = DIRECTION ( 'NONE',  ( 0.000000000000000000, 0.000000000000000000, -1.000000000000000000 ) ) ;
#2343 = ADVANCED_FACE ( 'NONE', ( #934 ), #1711, .T. ) ;
#2344 = AXIS2_PLACEMENT_3D ( 'NONE', #46, #2094, #1572 ) ;
#2345 = ORIENTED_EDGE ( 'NONE', *, *, #3371, .F. ) ;
#2346 = CIRCLE ( 'NONE', #863, 15.00000000000000355 ) ;
#2347 = CARTESIAN_POINT ( 'NONE',  ( -23.10000000000000142, -22.69999999999999929, 6.382104175607510754 ) ) ;
#2348 = CARTESIAN_POINT ( 'NONE',  ( -18.61425408462295650, -27.09794958215942984, 8.936988093387961740 ) ) ;
#2349 = CARTESIAN_POINT ( 'NONE',  ( -15.80000000000000426, -40.00000000000000000, 11.00000000000000000 ) ) ;
#2350 = ORIENTED_EDGE ( 'NONE', *, *, #2437, .T. ) ;
#2351 = DIRECTION ( 'NONE',  ( -1.000000000000000000, 0.000000000000000000, 0.000000000000000000 ) ) ;
#2352 = EDGE_CURVE ( 'NONE', #238, #1987, #548, .T. ) ;
#2353 = CIRCLE ( 'NONE', #2031, 60.00000000000000000 ) ;
#2354 = ORIENTED_EDGE ( 'NONE', *, *, #2837, .T. ) ;
#2355 = VECTOR ( 'NONE', #1356, 1000.000000000000000 ) ;
#2356 = CARTESIAN_POINT ( 'NONE',  ( -14.59232557973788502, -18.51229233088727710, 0.2999999999999999889 ) ) ;
#2357 = DIRECTION ( 'NONE',  ( 1.000000000000000000, -0.000000000000000000, -0.000000000000000000 ) ) ;
#2358 = EDGE_CURVE ( 'NONE', #2972, #2374, #986, .T. ) ;
#2359 = VERTEX_POINT ( 'NONE', #1437 ) ;
#2360 = CARTESIAN_POINT ( 'NONE',  ( -14.16799999999999926, -39.99999999999993605, 6.099999999999997868 ) ) ;
#2361 = ORIENTED_EDGE ( 'NONE', *, *, #3167, .T. ) ;
#2362 = CARTESIAN_POINT ( 'NONE',  ( -18.30000000000000426, -34.48960545058179150, 0.01657831503579579313 ) ) ;
#2363 = EDGE_LOOP ( 'NONE', ( #1353, #317 ) ) ;
#2364 =( NAMED_UNIT ( * ) PLANE_ANGLE_UNIT ( ) SI_UNIT ( $, .RADIAN. ) );
#2365 = FACE_OUTER_BOUND ( 'NONE', #2465, .T. ) ;
#2366 = EDGE_CURVE ( 'NONE', #1132, #170, #2231, .T. ) ;
#2367 = AXIS2_PLACEMENT_3D ( 'NONE', #889, #975, #2259 ) ;
#2368 = CARTESIAN_POINT ( 'NONE',  ( -15.80000000000000426, -39.99999999999993605, 6.100000000000001421 ) ) ;
#2369 = EDGE_LOOP ( 'NONE', ( #301, #105, #400, #1850 ) ) ;
#2370 = EDGE_CURVE ( 'NONE', #271, #902, #1702, .T. ) ;
#2371 = CARTESIAN_POINT ( 'NONE',  ( -23.10000000000000142, -22.69999999999999929, 0.2999999999999999889 ) ) ;
#2372 = DIRECTION ( 'NONE',  ( 0.000000000000000000, 0.000000000000000000, -1.000000000000000000 ) ) ;
#2373 = EDGE_LOOP ( 'NONE', ( #2838, #1026, #1895, #1321 ) ) ;
#2374 = VERTEX_POINT ( 'NONE', #1949 ) ;
#2375 = DIRECTION ( 'NONE',  ( 0.000000000000000000, 0.000000000000000000, 1.000000000000000000 ) ) ;
#2376 = CARTESIAN_POINT ( 'NONE',  ( -14.72460589923979235, -18.09242758595630107, 5.700000000000001954 ) ) ;
#2377 = ADVANCED_FACE ( 'NONE', ( #1152 ), #2085, .T. ) ;
#2378 = ORIENTED_EDGE ( 'NONE', *, *, #1185, .F. ) ;
#2379 = CARTESIAN_POINT ( 'NONE',  ( -23.10000000000000142, -23.00000000000000000, 6.382104175607509866 ) ) ;
#2380 = AXIS2_PLACEMENT_3D ( 'NONE', #398, #1450, #582 ) ;
#2381 = CIRCLE ( 'NONE', #195, 0.2999999999999999889 ) ;
#2382 = DIRECTION ( 'NONE',  ( 1.000000000000000000, -0.000000000000000000, -0.000000000000000000 ) ) ;
#2383 = ORIENTED_EDGE ( 'NONE', *, *, #1897, .F. ) ;
#2384 = LINE ( 'NONE', #2598, #3273 ) ;
#2385 = DIRECTION ( 'NONE',  ( 0.000000000000000000, 0.000000000000000000, 1.000000000000000000 ) ) ;
#2386 = VERTEX_POINT ( 'NONE', #3240 ) ;
#2387 = VERTEX_POINT ( 'NONE', #952 ) ;
#2388 = CARTESIAN_POINT ( 'NONE',  ( -22.22559558009425018, 4.717755003082198861, 6.000000000000000000 ) ) ;
#2389 = DIRECTION ( 'NONE',  ( 1.000000000000000000, -0.000000000000000000, -0.000000000000000000 ) ) ;
#2390 = AXIS2_PLACEMENT_3D ( 'NONE', #1151, #1134, #2455 ) ;
#2391 = ORIENTED_EDGE ( 'NONE', *, *, #3363, .T. ) ;
#2392 = DIRECTION ( 'NONE',  ( 1.000000000000000000, 0.000000000000000000, 0.000000000000000000 ) ) ;
#2393 = DIRECTION ( 'NONE',  ( -0.000000000000000000, -0.000000000000000000, 1.000000000000000000 ) ) ;
#2394 = CIRCLE ( 'NONE', #371, 0.2999999999999999889 ) ;
#2395 = ADVANCED_FACE ( 'NONE', ( #1167 ), #2632, .T. ) ;
#2396 = EDGE_CURVE ( 'NONE', #673, #23, #1758, .T. ) ;
#2397 = CARTESIAN_POINT ( 'NONE',  ( -15.80000000000000426, -40.00000000000000000, 11.00000000000000000 ) ) ;
#2398 = VERTEX_POINT ( 'NONE', #198 ) ;
#2399 = CARTESIAN_POINT ( 'NONE',  ( -13.89759217323833518, -38.96202852502881342, 0.03460921940797665602 ) ) ;
#2400 = DIRECTION ( 'NONE',  ( -1.000000000000000000, 0.000000000000000000, 0.000000000000000000 ) ) ;
#2401 = ADVANCED_FACE ( 'NONE', ( #2786, #1490, #489, #1262, #1546, #1243 ), #3311, .T. ) ;
#2402 = VECTOR ( 'NONE', #1780, 1000.000000000000000 ) ;
#2403 = AXIS2_PLACEMENT_3D ( 'NONE', #28, #336, #2421 ) ;
#2404 = ORIENTED_EDGE ( 'NONE', *, *, #2559, .F. ) ;
#2405 = ORIENTED_EDGE ( 'NONE', *, *, #2056, .F. ) ;
#2406 = CARTESIAN_POINT ( 'NONE',  ( -13.66799999999999748, -23.55949980877003114, 6.643513471598867071 ) ) ;
#2407 = ORIENTED_EDGE ( 'NONE', *, *, #2358, .F. ) ;
#2408 = CARTESIAN_POINT ( 'NONE',  ( -13.66799999999999926, -28.72036255190231557, 10.32192991551589678 ) ) ;
#2409 = VECTOR ( 'NONE', #1366, 1000.000000000000000 ) ;
#2410 = ORIENTED_EDGE ( 'NONE', *, *, #1025, .T. ) ;
#2411 = DIRECTION ( 'NONE',  ( -1.000000000000000000, 0.000000000000000000, 0.000000000000000000 ) ) ;
#2412 = EDGE_CURVE ( 'NONE', #1553, #2681, #2185, .T. ) ;
#2413 = CARTESIAN_POINT ( 'NONE',  ( -37.20000000000000284, 0.000000000000000000, 5.700000000000000178 ) ) ;
#2414 = CARTESIAN_POINT ( 'NONE',  ( -13.46799999999999997, -40.00000000000000000, 11.00000000000000000 ) ) ;
#2415 = AXIS2_PLACEMENT_3D ( 'NONE', #1943, #3201, #1926 ) ;
#2416 = DIRECTION ( 'NONE',  ( -1.000000000000000000, 0.000000000000000000, 0.000000000000000000 ) ) ;
#2417 = CYLINDRICAL_SURFACE ( 'NONE', #3121, 4.499999999999997335 ) ;
#2418 = ORIENTED_EDGE ( 'NONE', *, *, #2292, .T. ) ;
#2419 = DIRECTION ( 'NONE',  ( -1.000000000000000000, 0.000000000000000000, 0.000000000000000000 ) ) ;
#2420 = CARTESIAN_POINT ( 'NONE',  ( -13.69345724490141869, -36.93208776333745647, 0.2453741199822156438 ) ) ;
#2421 = DIRECTION ( 'NONE',  ( 0.000000000000000000, 0.000000000000000000, 1.000000000000000000 ) ) ;
#2422 = AXIS2_PLACEMENT_3D ( 'NONE', #2234, #162, #2491 ) ;
#2423 = EDGE_LOOP ( 'NONE', ( #179, #355, #186, #1510, #2722 ) ) ;
#2424 = CARTESIAN_POINT ( 'NONE',  ( -32.70000000000000995, 0.000000000000000000, -0.09738620076059964492 ) ) ;
#2425 = DIRECTION ( 'NONE',  ( 0.000000000000000000, 0.000000000000000000, -1.000000000000000000 ) ) ;
#2426 = FACE_BOUND ( 'NONE', #1150, .T. ) ;
#2427 = DIRECTION ( 'NONE',  ( 0.000000000000000000, 0.000000000000000000, -1.000000000000000000 ) ) ;
#2428 = AXIS2_PLACEMENT_3D ( 'NONE', #740, #2831, #2034 ) ;
#2429 = AXIS2_PLACEMENT_3D ( 'NONE', #1551, #2572, #748 ) ;
#2430 = LINE ( 'NONE', #1652, #25 ) ;
#2431 = DIRECTION ( 'NONE',  ( -1.000000000000000000, 0.000000000000000000, 0.000000000000000000 ) ) ;
#2432 = CIRCLE ( 'NONE', #683, 11.00000000000000000 ) ;
#2433 = EDGE_CURVE ( 'NONE', #3383, #2276, #1763, .T. ) ;
#2434 = VERTEX_POINT ( 'NONE', #3090 ) ;
#2435 = FACE_OUTER_BOUND ( 'NONE', #2664, .T. ) ;
#2436 = CARTESIAN_POINT ( 'NONE',  ( -13.16799999999999926, -39.99999999999993605, 7.099999999999998757 ) ) ;
#2437 = EDGE_CURVE ( 'NONE', #651, #1311, #437, .T. ) ;
#2438 = CARTESIAN_POINT ( 'NONE',  ( -26.57538537612019169, -4.400859472198537681, 4.099999999999999645 ) ) ;
#2439 = EDGE_LOOP ( 'NONE', ( #1788, #45, #311 ) ) ;
#2440 = CARTESIAN_POINT ( 'NONE',  ( -37.20000000000000284, -7.950000000000000178, 5.999999999999998224 ) ) ;
#2441 = DIRECTION ( 'NONE',  ( -0.000000000000000000, 0.9991710842482096622, -0.04070803854593536830 ) ) ;
#2442 = ADVANCED_FACE ( 'NONE', ( #3105 ), #2599, .F. ) ;
#2443 = CARTESIAN_POINT ( 'NONE',  ( -37.20000000000000284, 0.000000000000000000, 0.000000000000000000 ) ) ;
#2444 = CIRCLE ( 'NONE', #482, 5.299999999999999822 ) ;
#2445 = CARTESIAN_POINT ( 'NONE',  ( -37.20000000000000284, -23.00000000000000000, 6.382104175607510754 ) ) ;
#2446 = DIRECTION ( 'NONE',  ( 1.000000000000000000, -0.000000000000000000, -0.000000000000000000 ) ) ;
#2447 = CC_DESIGN_SECURITY_CLASSIFICATION ( #1250, ( #3268 ) ) ;
#2448 = APPROVAL_PERSON_ORGANIZATION ( #2474, #3078, #2973 ) ;
#2449 = EDGE_CURVE ( 'NONE', #420, #1039, #1278, .T. ) ;
#2450 = CARTESIAN_POINT ( 'NONE',  ( -18.60000000000000142, -36.93208776333745647, -59.93368673985678896 ) ) ;
#2451 = CARTESIAN_POINT ( 'NONE',  ( -14.87846069604181665, -18.60244051565954848, 5.705762078613921595 ) ) ;
#2452 = VERTEX_POINT ( 'NONE', #2852 ) ;
#2453 = DIRECTION ( 'NONE',  ( 0.000000000000000000, 0.000000000000000000, -1.000000000000000000 ) ) ;
#2454 = ADVANCED_FACE ( 'NONE', ( #250 ), #2578, .T. ) ;
#2455 = DIRECTION ( 'NONE',  ( -1.000000000000000000, 0.000000000000000000, 0.000000000000000000 ) ) ;
#2456 = AXIS2_PLACEMENT_3D ( 'NONE', #2915, #298, #2666 ) ;
#2457 = DIRECTION ( 'NONE',  ( 1.000000000000000000, 0.000000000000000000, 0.000000000000000000 ) ) ;
#2458 = AXIS2_PLACEMENT_3D ( 'NONE', #1322, #590, #43 ) ;
#2459 = TOROIDAL_SURFACE ( 'NONE', #1146, 10.69999999999999929, 0.2999999999999999889 ) ;
#2460 = ORIENTED_EDGE ( 'NONE', *, *, #1093, .T. ) ;
#2461 = AXIS2_PLACEMENT_3D ( 'NONE', #2549, #2286, #3326 ) ;
#2462 = CARTESIAN_POINT ( 'NONE',  ( -13.16799999999999926, -34.00000000000000000, 11.00000000000000000 ) ) ;
#2463 = ORIENTED_EDGE ( 'NONE', *, *, #3356, .F. ) ;
#2464 = DIRECTION ( 'NONE',  ( -1.197978782142596721E-15, 0.9101164109273267577, -0.4143526499984785394 ) ) ;
#2465 = EDGE_LOOP ( 'NONE', ( #92, #245, #388, #2787 ) ) ;
#2466 = DIRECTION ( 'NONE',  ( -1.000000000000000000, 0.000000000000000000, 0.000000000000000000 ) ) ;
#2467 = DIRECTION ( 'NONE',  ( -0.5150380749100549327, 0.000000000000000000, -0.8571673007021118895 ) ) ;
#2468 = DIRECTION ( 'NONE',  ( 0.3004939492409032797, -0.9537837210131053789, 0.000000000000000000 ) ) ;
#2469 = DIRECTION ( 'NONE',  ( 0.000000000000000000, 0.000000000000000000, -1.000000000000000000 ) ) ;
#2470 = DIRECTION ( 'NONE',  ( 1.000000000000000000, 0.000000000000000000, 0.000000000000000000 ) ) ;
#2471 = VERTEX_POINT ( 'NONE', #2822 ) ;
#2472 = CARTESIAN_POINT ( 'NONE',  ( -13.66799999999999748, -23.55793539541791048, 6.642811916917943371 ) ) ;
#2473 = VERTEX_POINT ( 'NONE', #214 ) ;
#2474 = PERSON_AND_ORGANIZATION ( #1670, #861 ) ;
#2475 = DIRECTION ( 'NONE',  ( 0.000000000000000000, -1.000000000000000000, 0.000000000000000000 ) ) ;
#2476 = ORIENTED_EDGE ( 'NONE', *, *, #939, .F. ) ;
#2477 = CARTESIAN_POINT ( 'NONE',  ( -32.70000000000000995, 0.000000000000000000, 0.000000000000000000 ) ) ;
#2478 = ADVANCED_FACE ( 'NONE', ( #1299, #454, #758, #744 ), #2269, .T. ) ;
#2479 = CARTESIAN_POINT ( 'NONE',  ( -13.12615621971549196, -39.99999999999993605, 3.900000000000001243 ) ) ;
#2480 = DIRECTION ( 'NONE',  ( -1.000000000000000000, 0.000000000000000000, 0.000000000000000000 ) ) ;
#2481 = FACE_OUTER_BOUND ( 'NONE', #2669, .T. ) ;
#2482 = FACE_OUTER_BOUND ( 'NONE', #2140, .T. ) ;
#2483 = CARTESIAN_POINT ( 'NONE',  ( -14.87846069604181665, -18.60244051565954848, 0.000000000000000000 ) ) ;
#2484 = VECTOR ( 'NONE', #959, 1000.000000000000114 ) ;
#2485 = CIRCLE ( 'NONE', #2380, 1.700000000000000178 ) ;
#2486 = ADVANCED_FACE ( 'NONE', ( #3377 ), #1094, .T. ) ;
#2487 = ORIENTED_EDGE ( 'NONE', *, *, #66, .F. ) ;
#2488 = CARTESIAN_POINT ( 'NONE',  ( -22.22559558009425018, 4.717755003082198861, 0.2999999999999999889 ) ) ;
#2489 = DIRECTION ( 'NONE',  ( 1.000000000000000000, -0.000000000000000000, -0.000000000000000000 ) ) ;
#2490 = VERTEX_POINT ( 'NONE', #470 ) ;
#2491 = DIRECTION ( 'NONE',  ( 0.000000000000000000, 0.000000000000000000, -1.000000000000000000 ) ) ;
#2492 = EDGE_LOOP ( 'NONE', ( #1285, #1682, #1740, #962 ) ) ;
#2493 = CARTESIAN_POINT ( 'NONE',  ( -13.66799999999999926, -24.11966619483408181, 12.95320204702549916 ) ) ;
#2494 = DIRECTION ( 'NONE',  ( 0.000000000000000000, 0.000000000000000000, 1.000000000000000000 ) ) ;
#2495 = DIRECTION ( 'NONE',  ( 0.000000000000000000, 0.000000000000000000, 1.000000000000000000 ) ) ;
#2496 = DIRECTION ( 'NONE',  ( -1.000000000000000000, 0.000000000000000000, 0.000000000000000000 ) ) ;
#2497 = EDGE_CURVE ( 'NONE', #675, #641, #1815, .T. ) ;
#2498 = EDGE_CURVE ( 'NONE', #675, #2767, #3174, .T. ) ;
#2499 = AXIS2_PLACEMENT_3D ( 'NONE', #88, #2541, #846 ) ;
#2500 = ORIENTED_EDGE ( 'NONE', *, *, #2600, .T. ) ;
#2501 = CARTESIAN_POINT ( 'NONE',  ( -23.10000000000000142, -23.00000000000000000, 6.382104175607510754 ) ) ;
#2502 = CARTESIAN_POINT ( 'NONE',  ( -13.16800000000000104, -37.41898099794880039, 0.6159573907340032406 ) ) ;
#2503 = CIRCLE ( 'NONE', #2228, 1.099999999999996758 ) ;
#2504 = AXIS2_PLACEMENT_3D ( 'NONE', #1012, #2079, #734 ) ;
#2505 = ORIENTED_EDGE ( 'NONE', *, *, #3045, .F. ) ;
#2506 = CARTESIAN_POINT ( 'NONE',  ( -13.61055903528469280, -36.78977011440296963, 0.4748673789004764778 ) ) ;
#2507 = ADVANCED_FACE ( 'NONE', ( #2304 ), #3343, .T. ) ;
#2508 = CARTESIAN_POINT ( 'NONE',  ( -13.46799999999909225, -29.00003491384803667, 11.02771467910383585 ) ) ;
#2509 = ORIENTED_EDGE ( 'NONE', *, *, #3156, .T. ) ;
#2510 = CARTESIAN_POINT ( 'NONE',  ( -13.12615621971549196, -40.00000000000002132, 17.00000000000000000 ) ) ;
#2511 = VERTEX_POINT ( 'NONE', #1101 ) ;
#2512 = DIRECTION ( 'NONE',  ( 0.000000000000000000, 0.000000000000000000, 1.000000000000000000 ) ) ;
#2513 =( BOUNDED_SURFACE ( )  B_SPLINE_SURFACE ( 3, 2, ( 
 ( #2919, #5, #2340 ),
 ( #2406, #1597, #1074 ),
 ( #1334, #1898, #816 ),
 ( #26, #2106, #2651 ),
 ( #799, #2089, #3190 ),
 ( #2683, #1583, #1851 ),
 ( #270, #3127, #573 ),
 ( #3179, #2136, #1320 ) ),
 .UNSPECIFIED., .F., .F., .F. ) 
 B_SPLINE_SURFACE_WITH_KNOTS ( ( 4, 2, 2, 4 ),
 ( 3, 3 ),
 ( -8.673617379884035472E-19, 0.003081967860728173757, 0.004622951791092261287, 0.006163935721456348382 ),
 ( 0.000000000000000000, 1.000000000000000000 ),
 .UNSPECIFIED. ) 
 GEOMETRIC_REPRESENTATION_ITEM ( )  RATIONAL_B_SPLINE_SURFACE ( (
 ( 1.000000000000000000, 0.7071067811865512365, 1.000000000000000000),
 ( 1.000000000000000000, 0.7141533274672009490, 1.000000000000000000),
 ( 1.000000000000000000, 0.7181362079697570788, 1.000000000000000000),
 ( 1.000000000000000000, 0.7190134158282251997, 1.000000000000000000),
 ( 1.000000000000000000, 0.7184453039378135841, 1.000000000000000000),
 ( 1.000000000000000000, 0.7155361067660355179, 1.000000000000000000),
 ( 1.000000000000000000, 0.7132083387151260112, 1.000000000000000000),
 ( 1.000000000000000000, 0.7100162663917608530, 1.000000000000000000) ) ) 
 REPRESENTATION_ITEM ( '' )  SURFACE ( )  );
#2514 = VECTOR ( 'NONE', #2697, 1000.000000000000000 ) ;
#2515 = CIRCLE ( 'NONE', #927, 2.749999999999999112 ) ;
#2516 = ADVANCED_FACE ( 'NONE', ( #1037 ), #1432, .F. ) ;
#2517 = DIRECTION ( 'NONE',  ( 0.000000000000000000, 0.000000000000000000, -1.000000000000000000 ) ) ;
#2518 = CARTESIAN_POINT ( 'NONE',  ( -27.30038537612021798, 4.400859472198558109, 6.000000000000000000 ) ) ;
#2519 = DIRECTION ( 'NONE',  ( 0.000000000000000000, -0.2412167291636808930, 0.9704712718940088356 ) ) ;
#2520 = DIRECTION ( 'NONE',  ( -1.000000000000000000, 0.000000000000000000, 0.000000000000000000 ) ) ;
#2521 = EDGE_LOOP ( 'NONE', ( #3295, #3227, #2948, #749, #3040 ) ) ;
#2522 = DIRECTION ( 'NONE',  ( -1.000000000000000000, 0.000000000000000000, 0.000000000000000000 ) ) ;
#2523 = DIRECTION ( 'NONE',  ( 1.000000000000000000, -0.000000000000000000, -0.000000000000000000 ) ) ;
#2524 = EDGE_CURVE ( 'NONE', #781, #2042, #1592, .T. ) ;
#2525 = ORIENTED_EDGE ( 'NONE', *, *, #1343, .F. ) ;
#2526 = CARTESIAN_POINT ( 'NONE',  ( -13.12615621971549196, -34.00000000000000000, 11.00000000000000000 ) ) ;
#2527 = CARTESIAN_POINT ( 'NONE',  ( -13.16799999999999926, -40.00000000000002132, 19.09999999999999787 ) ) ;
#2528 = VECTOR ( 'NONE', #1667, 1000.000000000000000 ) ;
#2529 = ORIENTED_EDGE ( 'NONE', *, *, #1449, .T. ) ;
#2530 = CARTESIAN_POINT ( 'NONE',  ( -13.74128747304321330, -28.88737915695910630, 11.13463647027242587 ) ) ;
#2531 = ORIENTED_EDGE ( 'NONE', *, *, #2292, .F. ) ;
#2532 = CIRCLE ( 'NONE', #507, 1.100000000000000311 ) ;
#2533 = CARTESIAN_POINT ( 'NONE',  ( -18.60305357559837702, -27.23923359050921889, 9.044695345937208586 ) ) ;
#2534 = ORIENTED_EDGE ( 'NONE', *, *, #307, .F. ) ;
#2535 = ORIENTED_EDGE ( 'NONE', *, *, #2370, .F. ) ;
#2536 = FACE_OUTER_BOUND ( 'NONE', #3113, .T. ) ;
#2537 = FACE_OUTER_BOUND ( 'NONE', #486, .T. ) ;
#2538 = CONICAL_SURFACE ( 'NONE', #2698, 3.099999999999998757, 0.7853981633974485010 ) ;
#2539 = CIRCLE ( 'NONE', #1509, 4.499999999999997335 ) ;
#2540 = CIRCLE ( 'NONE', #1221, 16.00000000000000000 ) ;
#2541 = DIRECTION ( 'NONE',  ( 1.000000000000000000, -0.000000000000000000, -0.000000000000000000 ) ) ;
#2542 = ORIENTED_EDGE ( 'NONE', *, *, #887, .F. ) ;
#2543 = DIRECTION ( 'NONE',  ( 0.000000000000000000, 0.000000000000000000, -1.000000000000000000 ) ) ;
#2544 = LINE ( 'NONE', #2282, #341 ) ;
#2545 =( BOUNDED_SURFACE ( )  B_SPLINE_SURFACE ( 3, 2, ( 
 ( #751, #2348, #2844 ),
 ( #716, #1253, #2558 ),
 ( #499, #2592, #1773 ),
 ( #463, #3134, #1822 ),
 ( #997, #1520, #206 ),
 ( #788, #1790, #2294 ),
 ( #2609, #257, #1046 ),
 ( #3336, #2047, #3081 ),
 ( #479, #2936, #1632 ),
 ( #1857, #2141, #323 ),
 ( #2641, #549, #2673 ),
 ( #2168, #1122, #2896 ),
 ( #837, #1886, #2923 ),
 ( #1341, #1095, #1376 ),
 ( #3149, #1603, #63 ),
 ( #293, #2125, #2379 ) ),
 .UNSPECIFIED., .F., .F., .F. ) 
 B_SPLINE_SURFACE_WITH_KNOTS ( ( 4, 2, 2, 2, 2, 2, 2, 4 ),
 ( 3, 3 ),
 ( 0.000000000000000000, 0.001940437532668841045, 0.003880875065337682089, 0.004851093831672102612, 0.005336203214839312439, 0.005821312598006523134, 0.006791531364340943656, 0.007761750130675364179 ),
 ( 0.000000000000000000, 1.000000000000000000 ),
 .UNSPECIFIED. ) 
 GEOMETRIC_REPRESENTATION_ITEM ( )  RATIONAL_B_SPLINE_SURFACE ( (
 ( 1.000000000000000000, 0.6968130216698518176, 1.000000000000000000),
 ( 1.000000000000000000, 0.6740495894375776453, 1.000000000000000000),
 ( 1.000000000000000000, 0.6537933828262186831, 1.000000000000000000),
 ( 1.000000000000000000, 0.6213445410745693787, 1.000000000000000000),
 ( 1.000000000000000000, 0.6102919779171364079, 1.000000000000000000),
 ( 1.000000000000000000, 0.6001293823414054485, 1.000000000000000000),
 ( 1.000000000000000000, 0.5979122664465988946, 1.000000000000000000),
 ( 1.000000000000000000, 0.5956969183507844212, 1.000000000000000000),
 ( 1.000000000000000000, 0.5951444022387081256, 1.000000000000000000),
 ( 1.000000000000000000, 0.5943138960709924978, 1.000000000000000000),
 ( 1.000000000000000000, 0.5940362678511528216, 1.000000000000000000),
 ( 1.000000000000000000, 0.5934867649877282325, 1.000000000000000000),
 ( 1.000000000000000000, 0.5934731689853818271, 1.000000000000000000),
 ( 1.000000000000000000, 0.5935353574038531033, 1.000000000000000000),
 ( 1.000000000000000000, 0.5936161964090175269, 1.000000000000000000),
 ( 1.000000000000000000, 0.5936090946181269423, 1.000000000000000000) ) ) 
 REPRESENTATION_ITEM ( '' )  SURFACE ( )  );
#2546 = VERTEX_POINT ( 'NONE', #1625 ) ;
#2547 = LINE ( 'NONE', #757, #2679 ) ;
#2548 = VECTOR ( 'NONE', #867, 1000.000000000000000 ) ;
#2549 = CARTESIAN_POINT ( 'NONE',  ( -13.96800000000000175, -33.67544467966323651, 0.2999999999999999889 ) ) ;
#2550 = EDGE_CURVE ( 'NONE', #3143, #3160, #1071, .T. ) ;
#2551 = AXIS2_PLACEMENT_3D ( 'NONE', #642, #1284, #2342 ) ;
#2552 = VERTEX_POINT ( 'NONE', #3125 ) ;
#2553 = CARTESIAN_POINT ( 'NONE',  ( -37.20000000000000284, -4.499999999999998224, -0.09738620076059964492 ) ) ;
#2554 = ORIENTED_EDGE ( 'NONE', *, *, #1287, .F. ) ;
#2555 = FACE_OUTER_BOUND ( 'NONE', #779, .T. ) ;
#2556 = EDGE_LOOP ( 'NONE', ( #3258, #2023 ) ) ;
#2557 = CARTESIAN_POINT ( 'NONE',  ( -15.80000000000000426, -39.99999999999993605, 5.000000000000000888 ) ) ;
#2558 = CARTESIAN_POINT ( 'NONE',  ( -18.62938189450242632, -26.78757356098585873, 8.300124436506093772 ) ) ;
#2559 = EDGE_CURVE ( 'NONE', #2268, #2606, #3142, .T. ) ;
#2560 = CARTESIAN_POINT ( 'NONE',  ( -13.16799999999999926, -29.30003396165210461, 11.02695882422016638 ) ) ;
#2561 = ORIENTED_EDGE ( 'NONE', *, *, #443, .F. ) ;
#2562 = CARTESIAN_POINT ( 'NONE',  ( -13.96800000000000175, -34.47739303901801122, 0.3163296403102587306 ) ) ;
#2563 = VECTOR ( 'NONE', #603, 1000.000000000000114 ) ;
#2564 = EDGE_CURVE ( 'NONE', #932, #1804, #1830, .T. ) ;
#2565 = EDGE_LOOP ( 'NONE', ( #2093, #58, #2407 ) ) ;
#2566 = CIRCLE ( 'NONE', #38, 0.7249999999999999778 ) ;
#2567 = CARTESIAN_POINT ( 'NONE',  ( -13.62546884978346107, -37.32349740791643455, 0.3272712339486782973 ) ) ;
#2568 = CARTESIAN_POINT ( 'NONE',  ( -15.80000000000000426, -40.00000000000000000, 11.00000000000000000 ) ) ;
#2569 = ORIENTED_EDGE ( 'NONE', *, *, #1858, .F. ) ;
#2570 = CARTESIAN_POINT ( 'NONE',  ( -13.96800000000000175, -29.08227050894842947, 12.34282640733002978 ) ) ;
#2571 = EDGE_LOOP ( 'NONE', ( #51, #835, #3297, #77 ) ) ;
#2572 = DIRECTION ( 'NONE',  ( 1.000000000000000000, -0.000000000000000000, -0.000000000000000000 ) ) ;
#2573 = ORIENTED_EDGE ( 'NONE', *, *, #1128, .T. ) ;
#2574 = ORIENTED_EDGE ( 'NONE', *, *, #2011, .F. ) ;
#2575 = DIRECTION ( 'NONE',  ( -1.000000000000000000, 0.000000000000000000, 0.000000000000000000 ) ) ;
#2576 = DIRECTION ( 'NONE',  ( -1.000000000000000000, 0.000000000000000000, 0.000000000000000000 ) ) ;
#2577 = CIRCLE ( 'NONE', #3171, 3.099999999999998757 ) ;
#2578 = TOROIDAL_SURFACE ( 'NONE', #1595, 10.69999999999999929, 0.2999999999999999889 ) ;
#2579 = DIRECTION ( 'NONE',  ( -1.000000000000000000, 0.000000000000000000, 0.000000000000000000 ) ) ;
#2580 = FACE_OUTER_BOUND ( 'NONE', #973, .T. ) ;
#2581 = AXIS2_PLACEMENT_3D ( 'NONE', #331, #2647, #2870 ) ;
#2582 = ORIENTED_EDGE ( 'NONE', *, *, #1385, .F. ) ;
#2583 = CARTESIAN_POINT ( 'NONE',  ( -14.96664203887942612, -18.31980370128665214, 6.000000000000001776 ) ) ;
#2584 = DIRECTION ( 'NONE',  ( 0.000000000000000000, 0.000000000000000000, -1.000000000000000000 ) ) ;
#2585 = ORIENTED_EDGE ( 'NONE', *, *, #1921, .T. ) ;
#2586 = DIRECTION ( 'NONE',  ( 1.000000000000000000, 0.000000000000000000, 0.000000000000000000 ) ) ;
#2587 = ORIENTED_EDGE ( 'NONE', *, *, #2564, .T. ) ;
#2588 = CARTESIAN_POINT ( 'NONE',  ( -13.58794404076811624, -38.07144358384375238, 0.1446555561330038209 ) ) ;
#2589 = ORIENTED_EDGE ( 'NONE', *, *, #273, .F. ) ;
#2590 = AXIS2_PLACEMENT_3D ( 'NONE', #2208, #2222, #1719 ) ;
#2591 = DIRECTION ( 'NONE',  ( -1.000000000000000000, 0.000000000000000000, 0.000000000000000000 ) ) ;
#2592 = CARTESIAN_POINT ( 'NONE',  ( -18.78838758188944169, -26.09877750797698326, 8.247115267846401920 ) ) ;
#2593 = EDGE_CURVE ( 'NONE', #1981, #210, #1055, .T. ) ;
#2594 = CARTESIAN_POINT ( 'NONE',  ( -37.20000000000000284, -22.69999999999999929, 0.000000000000000000 ) ) ;
#2595 = ORIENTED_EDGE ( 'NONE', *, *, #2396, .T. ) ;
#2596 = LINE ( 'NONE', #64, #793 ) ;
#2597 = ORIENTED_EDGE ( 'NONE', *, *, #1849, .F. ) ;
#2598 = CARTESIAN_POINT ( 'NONE',  ( -37.20000000000000284, 0.000000000000000000, 0.000000000000000000 ) ) ;
#2599 = CYLINDRICAL_SURFACE ( 'NONE', #104, 1.700000000000000178 ) ;
#2600 = EDGE_CURVE ( 'NONE', #3172, #3327, #1951, .T. ) ;
#2601 = EDGE_LOOP ( 'NONE', ( #1660, #1529 ) ) ;
#2602 = DIRECTION ( 'NONE',  ( -0.000000000000000000, -0.000000000000000000, 1.000000000000000000 ) ) ;
#2603 = ORIENTED_EDGE ( 'NONE', *, *, #2358, .T. ) ;
#2604 = CARTESIAN_POINT ( 'NONE',  ( -18.60000000000000142, -40.00000000000000000, 2.449999999999997513 ) ) ;
#2605 = CIRCLE ( 'NONE', #1346, 15.69999999999999929 ) ;
#2606 = VERTEX_POINT ( 'NONE', #1848 ) ;
#2607 = PERSON_AND_ORGANIZATION_ROLE ( 'creator' ) ;
#2608 = EDGE_CURVE ( 'NONE', #1799, #842, #3277, .T. ) ;
#2609 = CARTESIAN_POINT ( 'NONE',  ( -20.10125147029565440, -23.62973655092201852, 7.022727276532103602 ) ) ;
#2610 = AXIS2_PLACEMENT_3D ( 'NONE', #580, #2427, #1874 ) ;
#2611 = EDGE_CURVE ( 'NONE', #3140, #432, #1581, .T. ) ;
#2612 = ORIENTED_EDGE ( 'NONE', *, *, #1906, .T. ) ;
#2613 = CARTESIAN_POINT ( 'NONE',  ( -25.85038537612022225, 4.400859472198558109, 0.000000000000000000 ) ) ;
#2614 = ORIENTED_EDGE ( 'NONE', *, *, #3049, .F. ) ;
#2615 = FACE_OUTER_BOUND ( 'NONE', #1645, .T. ) ;
#2616 = CARTESIAN_POINT ( 'NONE',  ( -18.60000000000000142, -33.67544467966323651, 19.99999999999999645 ) ) ;
#2617 = EDGE_CURVE ( 'NONE', #1698, #1039, #2739, .T. ) ;
#2618 = ORIENTED_EDGE ( 'NONE', *, *, #1078, .F. ) ;
#2619 = CARTESIAN_POINT ( 'NONE',  ( -37.20000000000000284, 15.69999999999999929, -2.710505431213761085E-17 ) ) ;
#2620 = ORIENTED_EDGE ( 'NONE', *, *, #1739, .T. ) ;
#2621 = LINE ( 'NONE', #817, #279 ) ;
#2622 = AXIS2_PLACEMENT_3D ( 'NONE', #563, #3133, #2625 ) ;
#2623 = VERTEX_POINT ( 'NONE', #2888 ) ;
#2624 = VECTOR ( 'NONE', #2393, 1000.000000000000000 ) ;
#2625 = DIRECTION ( 'NONE',  ( 0.000000000000000000, 0.000000000000000000, -1.000000000000000000 ) ) ;
#2626 = CARTESIAN_POINT ( 'NONE',  ( -14.87846069604181665, -18.59420787360207683, 6.005649096680314436 ) ) ;
#2627 = EDGE_CURVE ( 'NONE', #2644, #2247, #1977, .T. ) ;
#2628 = CARTESIAN_POINT ( 'NONE',  ( -15.80000000000000426, -39.99999999999993605, 3.900000000000001243 ) ) ;
#2629 = CIRCLE ( 'NONE', #1141, 60.30000000000000426 ) ;
#2630 = ORIENTED_EDGE ( 'NONE', *, *, #151, .F. ) ;
#2631 = AXIS2_PLACEMENT_3D ( 'NONE', #152, #682, #1676 ) ;
#2632 = TOROIDAL_SURFACE ( 'NONE', #3387, 60.29999999999999716, 0.2999999999999999889 ) ;
#2633 = CARTESIAN_POINT ( 'NONE',  ( -13.86240571527918242, -38.97095832174087349, 0.03422300188839098173 ) ) ;
#2634 = CARTESIAN_POINT ( 'NONE',  ( -37.20000000000000284, 0.000000000000000000, 6.000000000000000000 ) ) ;
#2635 = EDGE_CURVE ( 'NONE', #1729, #1835, #2300, .T. ) ;
#2636 = ORIENTED_EDGE ( 'NONE', *, *, #199, .F. ) ;
#2637 = DIRECTION ( 'NONE',  ( -1.000000000000000000, 0.000000000000000000, 0.000000000000000000 ) ) ;
#2638 = CARTESIAN_POINT ( 'NONE',  ( -13.83173101393774296, -28.98732435712311428, 11.67012799511494947 ) ) ;
#2639 = VERTEX_POINT ( 'NONE', #813 ) ;
#2640 = CARTESIAN_POINT ( 'NONE',  ( -14.16799999999999926, -40.00000000000002132, 17.00000000000000000 ) ) ;
#2641 = CARTESIAN_POINT ( 'NONE',  ( -21.05328603231075846, -23.05772253941636762, 6.814186010577174990 ) ) ;
#2642 = CIRCLE ( 'NONE', #2961, 10.69999999999999929 ) ;
#2643 = LINE ( 'NONE', #1379, #3158 ) ;
#2644 = VERTEX_POINT ( 'NONE', #584 ) ;
#2645 = VERTEX_POINT ( 'NONE', #1865 ) ;
#2646 = CARTESIAN_POINT ( 'NONE',  ( -13.16799999999999926, -40.00000000000002132, 17.00000000000000000 ) ) ;
#2647 = DIRECTION ( 'NONE',  ( 1.000000000000000000, -0.000000000000000000, -0.000000000000000000 ) ) ;
#2648 = VECTOR ( 'NONE', #2467, 1000.000000000000000 ) ;
#2649 = ORIENTED_EDGE ( 'NONE', *, *, #416, .F. ) ;
#2650 = ORIENTED_EDGE ( 'NONE', *, *, #2497, .T. ) ;
#2651 = CARTESIAN_POINT ( 'NONE',  ( -14.25919375510448184, -21.05291028699790701, 6.268703647571596704 ) ) ;
#2652 = DIRECTION ( 'NONE',  ( -0.000000000000000000, -1.000000000000000000, -1.224646799147352961E-16 ) ) ;
#2653 = EDGE_CURVE ( 'NONE', #3165, #2124, #821, .T. ) ;
#2654 = ADVANCED_FACE ( 'NONE', ( #2678 ), #776, .F. ) ;
#2655 = EDGE_LOOP ( 'NONE', ( #1586, #333 ) ) ;
#2656 = DATE_AND_TIME ( #2895, #1188 ) ;
#2657 = CARTESIAN_POINT ( 'NONE',  ( -37.20000000000000284, 0.000000000000000000, 5.999999999999998224 ) ) ;
#2658 = AXIS2_PLACEMENT_3D ( 'NONE', #1976, #3030, #1705 ) ;
#2659 = TOROIDAL_SURFACE ( 'NONE', #1169, 10.69999999999999929, 0.2999999999999999889 ) ;
#2660 = AXIS2_PLACEMENT_3D ( 'NONE', #1248, #1043, #494 ) ;
#2661 = LINE ( 'NONE', #3170, #2770 ) ;
#2662 = ADVANCED_FACE ( 'NONE', ( #1381 ), #2417, .F. ) ;
#2663 = EDGE_LOOP ( 'NONE', ( #2198, #3224, #1474, #1967 ) ) ;
#2664 = EDGE_LOOP ( 'NONE', ( #247, #497, #2840, #2878 ) ) ;
#2665 = EDGE_CURVE ( 'NONE', #3334, #2387, #2139, .T. ) ;
#2666 = DIRECTION ( 'NONE',  ( -1.000000000000000000, 0.000000000000000000, 0.000000000000000000 ) ) ;
#2667 = CARTESIAN_POINT ( 'NONE',  ( -13.16799999999999926, -34.00000000000000000, 11.00000000000000000 ) ) ;
#2668 = VERTEX_POINT ( 'NONE', #1878 ) ;
#2669 = EDGE_LOOP ( 'NONE', ( #1536, #2603, #1018, #882 ) ) ;
#2670 = CARTESIAN_POINT ( 'NONE',  ( -37.20000000000000284, -15.50000000000000000, 5.500000000000000000 ) ) ;
#2671 = CARTESIAN_POINT ( 'NONE',  ( -15.80000000000000426, -40.00000000000000000, 8.250000000000000000 ) ) ;
#2672 = EDGE_LOOP ( 'NONE', ( #3153, #3279, #1190, #3298 ) ) ;
#2673 = CARTESIAN_POINT ( 'NONE',  ( -21.18120565520158394, -23.42677388226899282, 6.530469731223849550 ) ) ;
#2674 = CARTESIAN_POINT ( 'NONE',  ( -13.12615621971549196, -46.00000000000000000, 12.09999999999999964 ) ) ;
#2675 = CC_DESIGN_APPROVAL ( #2327, ( #736 ) ) ;
#2676 = DIRECTION ( 'NONE',  ( -1.000000000000000000, 0.000000000000000000, 0.000000000000000000 ) ) ;
#2677 = FACE_OUTER_BOUND ( 'NONE', #669, .T. ) ;
#2678 = FACE_OUTER_BOUND ( 'NONE', #937, .T. ) ;
#2679 = VECTOR ( 'NONE', #197, 1000.000000000000000 ) ;
#2680 = CIRCLE ( 'NONE', #2899, 1.100000000000000311 ) ;
#2681 = VERTEX_POINT ( 'NONE', #2483 ) ;
#2682 = CARTESIAN_POINT ( 'NONE',  ( -15.80000000000000426, -34.00000000000000000, 11.00000000000000000 ) ) ;
#2683 = CARTESIAN_POINT ( 'NONE',  ( -14.29540995869926689, -19.52444141525981891, 5.757309914907922099 ) ) ;
#2684 = FACE_OUTER_BOUND ( 'NONE', #899, .T. ) ;
#2685 = AXIS2_PLACEMENT_3D ( 'NONE', #2667, #2357, #568 ) ;
#2686 = ORIENTED_EDGE ( 'NONE', *, *, #324, .F. ) ;
#2687 = PERSON_AND_ORGANIZATION ( #1670, #861 ) ;
#2688 = CARTESIAN_POINT ( 'NONE',  ( -13.96800000000000175, -39.52468965347481600, 0.01027388537429632653 ) ) ;
#2689 = LINE ( 'NONE', #2169, #3302 ) ;
#2690 = DIRECTION ( 'NONE',  ( 0.000000000000000000, 0.000000000000000000, -1.000000000000000000 ) ) ;
#2691 = LINE ( 'NONE', #2927, #2331 ) ;
#2692 = EDGE_CURVE ( 'NONE', #2020, #2173, #1378, .T. ) ;
#2693 = AXIS2_PLACEMENT_3D ( 'NONE', #928, #1416, #911 ) ;
#2694 = FACE_OUTER_BOUND ( 'NONE', #1493, .T. ) ;
#2695 = CARTESIAN_POINT ( 'NONE',  ( -18.60000000000000142, -40.00000000000000000, 11.00000000000000000 ) ) ;
#2696 = EDGE_LOOP ( 'NONE', ( #2339, #1513, #2130, #1875 ) ) ;
#2697 = DIRECTION ( 'NONE',  ( -0.000000000000000000, -0.000000000000000000, 1.000000000000000000 ) ) ;
#2698 = AXIS2_PLACEMENT_3D ( 'NONE', #217, #968, #2806 ) ;
#2699 = CARTESIAN_POINT ( 'NONE',  ( -13.67809951538115421, -36.68441247403817584, 0.2802375510347317467 ) ) ;
#2700 = EDGE_CURVE ( 'NONE', #1039, #39, #1690, .T. ) ;
#2701 = CARTESIAN_POINT ( 'NONE',  ( -13.16800000000000637, -29.00003491384894971, 11.02771467910383407 ) ) ;
#2702 = CIRCLE ( 'NONE', #3073, 0.2999999999999999889 ) ;
#2703 = CIRCLE ( 'NONE', #69, 15.69999999999999929 ) ;
#2704 = ORIENTED_EDGE ( 'NONE', *, *, #1308, .F. ) ;
#2705 = DIRECTION ( 'NONE',  ( -1.000000000000000000, 0.000000000000000000, 0.000000000000000000 ) ) ;
#2706 = CARTESIAN_POINT ( 'NONE',  ( -21.81847430726440606, -22.77127185497804618, 6.718952810668177733 ) ) ;
#2707 = EDGE_CURVE ( 'NONE', #1373, #1259, #1547, .T. ) ;
#2708 = DIRECTION ( 'NONE',  ( 1.000000000000000000, 0.000000000000000000, -0.000000000000000000 ) ) ;
#2709 = LINE ( 'NONE', #1394, #2648 ) ;
#2710 = FACE_OUTER_BOUND ( 'NONE', #3076, .T. ) ;
#2711 = VECTOR ( 'NONE', #2142, 1000.000000000000000 ) ;
#2712 = AXIS2_PLACEMENT_3D ( 'NONE', #2723, #1970, #1157 ) ;
#2713 = ADVANCED_FACE ( 'NONE', ( #348 ), #363, .T. ) ;
#2714 = CARTESIAN_POINT ( 'NONE',  ( -18.30000000000000426, -24.11966619483408181, 12.95320204702549916 ) ) ;
#2715 = DIRECTION ( 'NONE',  ( 1.000000000000000000, -0.000000000000000000, -0.000000000000000000 ) ) ;
#2716 = ORIENTED_EDGE ( 'NONE', *, *, #368, .T. ) ;
#2717 = CARTESIAN_POINT ( 'NONE',  ( -37.20000000000000284, -23.00000000000000000, 0.2999999999999999889 ) ) ;
#2718 = DIRECTION ( 'NONE',  ( 0.000000000000000000, 0.000000000000000000, -1.000000000000000000 ) ) ;
#2719 = CARTESIAN_POINT ( 'NONE',  ( -13.16800000000000104, -29.29749660922551158, 10.58046859687022057 ) ) ;
#2720 = ORIENTED_EDGE ( 'NONE', *, *, #113, .T. ) ;
#2721 = DIRECTION ( 'NONE',  ( 0.3004939492409032797, -0.9537837210131053789, -0.000000000000000000 ) ) ;
#2722 = ORIENTED_EDGE ( 'NONE', *, *, #3066, .F. ) ;
#2723 = CARTESIAN_POINT ( 'NONE',  ( -13.95413511630393089, -21.53629889482850857, 0.2999999999999999889 ) ) ;
#2724 = AXIS2_PLACEMENT_3D ( 'NONE', #2488, #3022, #139 ) ;
#2725 = CARTESIAN_POINT ( 'NONE',  ( -37.20000000000000284, 13.49999999999999822, 1.750000000000006217 ) ) ;
#2726 = AXIS2_PLACEMENT_3D ( 'NONE', #229, #2279, #3321 ) ;
#2727 = CARTESIAN_POINT ( 'NONE',  ( -32.79914052780147671, 10.62461462387979871, -6.938893903907228378E-15 ) ) ;
#2728 = DIRECTION ( 'NONE',  ( -1.000000000000000000, 0.000000000000000000, 0.000000000000000000 ) ) ;
#2729 = AXIS2_PLACEMENT_3D ( 'NONE', #1286, #733, #996 ) ;
#2730 = DIRECTION ( 'NONE',  ( 6.939611173522926345E-16, -0.06000620216673367702, -0.9981980042564327915 ) ) ;
#2731 = ORIENTED_EDGE ( 'NONE', *, *, #2352, .F. ) ;
#2732 = DIRECTION ( 'NONE',  ( -1.000000000000000000, 0.000000000000000000, 0.000000000000000000 ) ) ;
#2733 = EDGE_CURVE ( 'NONE', #2859, #2756, #2532, .T. ) ;
#2734 = VECTOR ( 'NONE', #688, 1000.000000000000000 ) ;
#2735 = DIRECTION ( 'NONE',  ( 0.000000000000000000, -0.5937090424105631037, -0.8046797952974412693 ) ) ;
#2736 = VECTOR ( 'NONE', #2389, 1000.000000000000000 ) ;
#2737 = ORIENTED_EDGE ( 'NONE', *, *, #1700, .T. ) ;
#2738 = DATE_AND_TIME ( #2954, #2127 ) ;
#2739 = CIRCLE ( 'NONE', #3333, 4.500000000000000888 ) ;
#2740 = CARTESIAN_POINT ( 'NONE',  ( -23.10000000000000142, -22.69999999999999929, 0.000000000000000000 ) ) ;
#2741 = ORIENTED_EDGE ( 'NONE', *, *, #2437, .F. ) ;
#2742 = DIRECTION ( 'NONE',  ( 0.000000000000000000, 0.000000000000000000, 1.000000000000000000 ) ) ;
#2743 = DIRECTION ( 'NONE',  ( 0.000000000000000000, 0.000000000000000000, 1.000000000000000000 ) ) ;
#2744 = FACE_OUTER_BOUND ( 'NONE', #3070, .T. ) ;
#2745 = CARTESIAN_POINT ( 'NONE',  ( -21.93946046379031856, 4.807903187854469351, 5.699999999999998401 ) ) ;
#2746 = DIRECTION ( 'NONE',  ( 0.000000000000000000, 0.000000000000000000, 1.000000000000000000 ) ) ;
#2747 = DIRECTION ( 'NONE',  ( 0.000000000000000000, 0.000000000000000000, -1.000000000000000000 ) ) ;
#2748 = CONICAL_SURFACE ( 'NONE', #3184, 2.099999999999997868, 0.7853981633974482790 ) ;
#2749 = ORIENTED_EDGE ( 'NONE', *, *, #3301, .F. ) ;
#2750 = DIRECTION ( 'NONE',  ( -0.7071067811865479058, 0.000000000000000000, 0.7071067811865470176 ) ) ;
#2751 = DIRECTION ( 'NONE',  ( -1.000000000000000000, 0.000000000000000000, 0.000000000000000000 ) ) ;
#2752 = EDGE_CURVE ( 'NONE', #2374, #2972, #2312, .T. ) ;
#2753 = ORIENTED_EDGE ( 'NONE', *, *, #2952, .F. ) ;
#2754 = DATE_AND_TIME ( #3208, #1691 ) ;
#2755 = CARTESIAN_POINT ( 'NONE',  ( -14.03623534534636796, -22.51353955334939627, 6.604076266982877641 ) ) ;
#2756 = VERTEX_POINT ( 'NONE', #86 ) ;
#2757 = EDGE_CURVE ( 'NONE', #641, #2471, #1560, .T. ) ;
#2758 = DIRECTION ( 'NONE',  ( 0.000000000000000000, -0.4143526499984784284, -0.9101164109273265357 ) ) ;
#2759 = DIRECTION ( 'NONE',  ( 0.000000000000000000, -0.3371846330310161455, 0.9414385392832285149 ) ) ;
#2760 = DIRECTION ( 'NONE',  ( -1.000000000000000000, 0.000000000000000000, 0.000000000000000000 ) ) ;
#2761 = DIRECTION ( 'NONE',  ( 0.000000000000000000, 0.000000000000000000, 1.000000000000000000 ) ) ;
#2762 = EDGE_CURVE ( 'NONE', #1263, #2511, #833, .T. ) ;
#2763 = CARTESIAN_POINT ( 'NONE',  ( -14.16799999999999926, -39.99999999999993605, 5.000000000000000888 ) ) ;
#2764 = CARTESIAN_POINT ( 'NONE',  ( -18.60000000000000142, -23.00000000000000000, -6.938893903907228378E-15 ) ) ;
#2765 = VECTOR ( 'NONE', #2446, 1000.000000000000000 ) ;
#2766 = AXIS2_PLACEMENT_3D ( 'NONE', #2244, #3285, #1467 ) ;
#2767 = VERTEX_POINT ( 'NONE', #633 ) ;
#2768 = DIRECTION ( 'NONE',  ( 0.000000000000000000, -6.308085367188389255E-16, -1.000000000000000000 ) ) ;
#2769 = CARTESIAN_POINT ( 'NONE',  ( -13.96800000000000175, -24.11966619483408181, 12.95320204702549916 ) ) ;
#2770 = VECTOR ( 'NONE', #1110, 1000.000000000000000 ) ;
#2771 = ADVANCED_FACE ( 'NONE', ( #1149 ), #1708, .F. ) ;
#2772 = ORIENTED_EDGE ( 'NONE', *, *, #2939, .F. ) ;
#2773 = CARTESIAN_POINT ( 'NONE',  ( -37.20000000000000284, 0.000000000000000000, 6.000000000000000000 ) ) ;
#2774 = EDGE_LOOP ( 'NONE', ( #1357, #1251, #722, #2084, #1237 ) ) ;
#2775 = CARTESIAN_POINT ( 'NONE',  ( -13.96800000000000175, -33.67544467966323651, 19.99999999999999645 ) ) ;
#2776 = CARTESIAN_POINT ( 'NONE',  ( -18.30181581339915553, -27.16322436827435993, 8.985149151965957870 ) ) ;
#2777 = DIRECTION ( 'NONE',  ( 0.000000000000000000, 0.000000000000000000, 1.000000000000000000 ) ) ;
#2778 = CARTESIAN_POINT ( 'NONE',  ( -14.68050553914072331, -18.23240446622149236, 5.700000000000001066 ) ) ;
#2779 = CARTESIAN_POINT ( 'NONE',  ( -13.41799999999999926, -29.00179386054847086, 10.56990125834086847 ) ) ;
#2780 = ORIENTED_EDGE ( 'NONE', *, *, #627, .F. ) ;
#2781 = CARTESIAN_POINT ( 'NONE',  ( -21.16722158332382620, -23.43334964469792325, 6.532877426816013688 ) ) ;
#2782 = CARTESIAN_POINT ( 'NONE',  ( -29.69914052780147529, 10.62461462387979871, 5.500000000000000000 ) ) ;
#2783 = CIRCLE ( 'NONE', #2174, 15.50000000000000000 ) ;
#2784 = ORIENTED_EDGE ( 'NONE', *, *, #312, .F. ) ;
#2785 = FACE_OUTER_BOUND ( 'NONE', #1062, .T. ) ;
#2786 = FACE_BOUND ( 'NONE', #1247, .T. ) ;
#2787 = ORIENTED_EDGE ( 'NONE', *, *, #1352, .F. ) ;
#2788 = DIRECTION ( 'NONE',  ( -0.000000000000000000, -0.000000000000000000, 1.000000000000000000 ) ) ;
#2789 = EDGE_LOOP ( 'NONE', ( #3109, #1080, #969, #967 ) ) ;
#2790 = DIRECTION ( 'NONE',  ( -1.000000000000000000, 0.000000000000000000, 0.000000000000000000 ) ) ;
#2791 = AXIS2_PLACEMENT_3D ( 'NONE', #602, #2931, #1214 ) ;
#2792 = AXIS2_PLACEMENT_3D ( 'NONE', #3145, #1598, #1335 ) ;
#2793 = ORIENTED_EDGE ( 'NONE', *, *, #627, .T. ) ;
#2794 = DIRECTION ( 'NONE',  ( 0.000000000000000000, 0.000000000000000000, 1.000000000000000000 ) ) ;
#2795 = CARTESIAN_POINT ( 'NONE',  ( -14.16799999999999926, -40.00000000000002132, 18.09999999999999787 ) ) ;
#2796 = FACE_OUTER_BOUND ( 'NONE', #2439, .T. ) ;
#2797 = CARTESIAN_POINT ( 'NONE',  ( -13.66799999999999926, -40.00000000000000000, -6.938893903907228378E-15 ) ) ;
#2798 = ADVANCED_FACE ( 'NONE', ( #1723 ), #1909, .F. ) ;
#2799 = CARTESIAN_POINT ( 'NONE',  ( -13.16800000000000104, -36.30380285764361759, 0.6800088209157639785 ) ) ;
#2800 = ORIENTED_EDGE ( 'NONE', *, *, #2762, .F. ) ;
#2801 = CARTESIAN_POINT ( 'NONE',  ( -14.87846069604181665, -18.59420787360207683, 6.005649096680314436 ) ) ;
#2802 = CARTESIAN_POINT ( 'NONE',  ( -37.20000000000000284, 0.000000000000000000, 6.000000000000000000 ) ) ;
#2803 = VECTOR ( 'NONE', #2760, 1000.000000000000000 ) ;
#2804 = EDGE_CURVE ( 'NONE', #508, #605, #2099, .T. ) ;
#2805 = ORIENTED_EDGE ( 'NONE', *, *, #286, .T. ) ;
#2806 = DIRECTION ( 'NONE',  ( -1.000000000000000000, 0.000000000000000000, 0.000000000000000000 ) ) ;
#2807 = ORIENTED_EDGE ( 'NONE', *, *, #572, .T. ) ;
#2808 = DIRECTION ( 'NONE',  ( -1.000000000000000000, 0.000000000000000000, 0.000000000000000000 ) ) ;
#2809 = VERTEX_POINT ( 'NONE', #68 ) ;
#2810 = CARTESIAN_POINT ( 'NONE',  ( -14.16799999999999926, -34.00000000000000000, 11.00000000000000000 ) ) ;
#2811 = DIRECTION ( 'NONE',  ( -1.000000000000000000, 0.000000000000000000, 0.000000000000000000 ) ) ;
#2812 = CIRCLE ( 'NONE', #1391, 1.099999999999999867 ) ;
#2813 = AXIS2_PLACEMENT_3D ( 'NONE', #132, #3282, #2941 ) ;
#2814 = EDGE_CURVE ( 'NONE', #1472, #2473, #876, .T. ) ;
#2815 = ADVANCED_FACE ( 'NONE', ( #120 ), #1213, .F. ) ;
#2816 = DIRECTION ( 'NONE',  ( 1.000000000000000000, -0.000000000000000000, -0.000000000000000000 ) ) ;
#2817 = ORIENTED_EDGE ( 'NONE', *, *, #1900, .F. ) ;
#2818 = CARTESIAN_POINT ( 'NONE',  ( -62.20000000000000284, -22.61142305432801081, 6.668729583928930893 ) ) ;
#2819 = EDGE_LOOP ( 'NONE', ( #3137, #1021, #3207, #2817 ) ) ;
#2820 = CARTESIAN_POINT ( 'NONE',  ( -13.66800000000000281, -36.46201961787415513, 0.3145582916246513205 ) ) ;
#2821 = CIRCLE ( 'NONE', #520, 5.000000000000000888 ) ;
#2822 = CARTESIAN_POINT ( 'NONE',  ( -13.66799999999999926, -36.18981364674953483, 0.3617445060995118644 ) ) ;
#2823 = CIRCLE ( 'NONE', #306, 0.7499999999999988898 ) ;
#2824 = EDGE_LOOP ( 'NONE', ( #1504, #3007, #714, #2418 ) ) ;
#2825 = CARTESIAN_POINT ( 'NONE',  ( -23.10000000000000142, -22.69999999999999929, 6.682104175607510577 ) ) ;
#2826 = EDGE_LOOP ( 'NONE', ( #2025, #2476 ) ) ;
#2827 = ORIENTED_EDGE ( 'NONE', *, *, #801, .T. ) ;
#2828 = DIRECTION ( 'NONE',  ( 0.000000000000000000, 0.000000000000000000, 1.000000000000000000 ) ) ;
#2829 = DIRECTION ( 'NONE',  ( 0.000000000000000000, 0.000000000000000000, -1.000000000000000000 ) ) ;
#2830 = CARTESIAN_POINT ( 'NONE',  ( -18.30000000000000426, -39.53765266292550251, 0.3099936885004656584 ) ) ;
#2831 = DIRECTION ( 'NONE',  ( 0.000000000000000000, 1.000000000000000000, 0.000000000000000000 ) ) ;
#2832 = CIRCLE ( 'NONE', #1801, 0.2999999999999999334 ) ;
#2833 = ORIENTED_EDGE ( 'NONE', *, *, #2092, .T. ) ;
#2834 = DIRECTION ( 'NONE',  ( -1.000000000000000000, 0.000000000000000000, 0.000000000000000000 ) ) ;
#2835 = DIRECTION ( 'NONE',  ( -1.000000000000000000, 0.000000000000000000, 0.000000000000000000 ) ) ;
#2836 = CIRCLE ( 'NONE', #96, 1.099999999999996758 ) ;
#2837 = EDGE_CURVE ( 'NONE', #3143, #2606, #2147, .T. ) ;
#2838 = ORIENTED_EDGE ( 'NONE', *, *, #1445, .F. ) ;
#2839 = DIRECTION ( 'NONE',  ( 0.000000000000000000, 0.000000000000000000, 1.000000000000000000 ) ) ;
#2840 = ORIENTED_EDGE ( 'NONE', *, *, #286, .F. ) ;
#2841 = CARTESIAN_POINT ( 'NONE',  ( -37.20000000000000284, 16.00000000000000000, 5.700000000000000178 ) ) ;
#2842 = ORIENTED_EDGE ( 'NONE', *, *, #1735, .F. ) ;
#2843 = LINE ( 'NONE', #2046, #124 ) ;
#2844 = CARTESIAN_POINT ( 'NONE',  ( -18.60533562581651168, -27.28092886213437396, 8.688399131949010368 ) ) ;
#2845 = AXIS2_PLACEMENT_3D ( 'NONE', #567, #1298, #1563 ) ;
#2846 = VECTOR ( 'NONE', #2275, 1000.000000000000114 ) ;
#2847 = CARTESIAN_POINT ( 'NONE',  ( -13.16799999999999926, -29.31090445515350140, 10.35743006346581652 ) ) ;
#2848 = ADVANCED_FACE ( 'NONE', ( #2945 ), #415, .T. ) ;
#2849 = DIRECTION ( 'NONE',  ( 1.000000000000000000, -0.000000000000000000, -0.000000000000000000 ) ) ;
#2850 = VERTEX_POINT ( 'NONE', #1164 ) ;
#2851 = CARTESIAN_POINT ( 'NONE',  ( -13.65069936024037744, -37.59962762820661908, 0.2613046442197323738 ) ) ;
#2852 = CARTESIAN_POINT ( 'NONE',  ( -27.30038537612021443, 4.400859472198558109, 0.000000000000000000 ) ) ;
#2853 = ADVANCED_FACE ( 'NONE', ( #1673 ), #1387, .T. ) ;
#2854 = ORIENTED_EDGE ( 'NONE', *, *, #487, .F. ) ;
#2855 = CARTESIAN_POINT ( 'NONE',  ( -26.57538537612021656, 4.400859472198558109, 0.000000000000000000 ) ) ;
#2856 = ORIENTED_EDGE ( 'NONE', *, *, #2338, .F. ) ;
#2857 = CARTESIAN_POINT ( 'NONE',  ( -13.16799999999999926, -34.00000000000000000, 13.09999999999999787 ) ) ;
#2858 = ADVANCED_FACE ( 'NONE', ( #386 ), #2748, .F. ) ;
#2859 = VERTEX_POINT ( 'NONE', #947 ) ;
#2860 = AXIS2_PLACEMENT_3D ( 'NONE', #615, #2161, #857 ) ;
#2861 = CARTESIAN_POINT ( 'NONE',  ( 0.000000000000000000, 0.000000000000000000, 0.000000000000000000 ) ) ;
#2862 = DIRECTION ( 'NONE',  ( 0.000000000000000000, 0.000000000000000000, -1.000000000000000000 ) ) ;
#2863 = DIRECTION ( 'NONE',  ( -1.000000000000000000, 0.000000000000000000, 0.000000000000000000 ) ) ;
#2864 = EDGE_LOOP ( 'NONE', ( #2335, #1784 ) ) ;
#2865 = CIRCLE ( 'NONE', #2103, 2.099999999999997868 ) ;
#2866 = DIRECTION ( 'NONE',  ( -1.000000000000000000, 0.000000000000000000, 0.000000000000000000 ) ) ;
#2867 = ADVANCED_FACE ( 'NONE', ( #451 ), #3234, .T. ) ;
#2868 = ORIENTED_EDGE ( 'NONE', *, *, #874, .F. ) ;
#2869 = CARTESIAN_POINT ( 'NONE',  ( -13.66799999999999926, -40.00000000000000000, 11.00000000000000000 ) ) ;
#2870 = DIRECTION ( 'NONE',  ( 0.000000000000000000, 0.000000000000000000, 1.000000000000000000 ) ) ;
#2871 = ORIENTED_EDGE ( 'NONE', *, *, #681, .T. ) ;
#2872 = VECTOR ( 'NONE', #1541, 1000.000000000000000 ) ;
#2873 = DIRECTION ( 'NONE',  ( 0.000000000000000000, 0.000000000000000000, 1.000000000000000000 ) ) ;
#2874 = ORIENTED_EDGE ( 'NONE', *, *, #874, .T. ) ;
#2875 = CARTESIAN_POINT ( 'NONE',  ( -37.20000000000000284, 0.000000000000000000, 0.000000000000000000 ) ) ;
#2876 = EDGE_CURVE ( 'NONE', #605, #2341, #2544, .T. ) ;
#2877 = CIRCLE ( 'NONE', #1403, 0.3000000000000004330 ) ;
#2878 = ORIENTED_EDGE ( 'NONE', *, *, #1124, .F. ) ;
#2879 = MECHANICAL_CONTEXT ( 'NONE', #725, 'mechanical' ) ;
#2880 = CARTESIAN_POINT ( 'NONE',  ( -13.69345724490141869, -36.93208776333745647, 0.2453741199822156438 ) ) ;
#2881 = AXIS2_PLACEMENT_3D ( 'NONE', #2397, #596, #2960 ) ;
#2882 = DIRECTION ( 'NONE',  ( 0.000000000000000000, 0.000000000000000000, -1.000000000000000000 ) ) ;
#2883 = EDGE_CURVE ( 'NONE', #281, #902, #686, .T. ) ;
#2884 = ORIENTED_EDGE ( 'NONE', *, *, #1777, .T. ) ;
#2885 = VERTEX_POINT ( 'NONE', #1200 ) ;
#2886 = ORIENTED_EDGE ( 'NONE', *, *, #199, .T. ) ;
#2887 = DIRECTION ( 'NONE',  ( 0.000000000000000000, 0.000000000000000000, -1.000000000000000000 ) ) ;
#2888 = CARTESIAN_POINT ( 'NONE',  ( -37.20000000000000284, 16.00000000000000000, 0.2999999999999999334 ) ) ;
#2889 = CIRCLE ( 'NONE', #1859, 8.049999999999998934 ) ;
#2890 = EDGE_LOOP ( 'NONE', ( #2321, #1182, #2235, #2704, #129 ) ) ;
#2891 = CARTESIAN_POINT ( 'NONE',  ( -15.80000000000000426, -39.99999999999993605, 5.000000000000000888 ) ) ;
#2892 = CARTESIAN_POINT ( 'NONE',  ( -13.72059734937296227, -28.86004051445791418, 10.99788312873574547 ) ) ;
#2893 =( BOUNDED_SURFACE ( )  B_SPLINE_SURFACE ( 3, 2, ( 
 ( #2285, #987, #2038 ),
 ( #2820, #2303, #1470 ),
 ( #3087, #2506, #156 ),
 ( #469, #2567, #1203 ),
 ( #2248, #2851, #1608 ),
 ( #2101, #1591, #3376 ),
 ( #2399, #2633, #2902 ),
 ( #2117, #284, #1036 ) ),
 .UNSPECIFIED., .F., .F., .T. ) 
 B_SPLINE_SURFACE_WITH_KNOTS ( ( 4, 2, 2, 4 ),
 ( 3, 3 ),
 ( 0.000000000000000000, 0.0008645806907801473771, 0.001729161381560294754, 0.003458322763120589508 ),
 ( 0.000000000000000000, 1.000000000000000000 ),
 .UNSPECIFIED. ) 
 GEOMETRIC_REPRESENTATION_ITEM ( )  RATIONAL_B_SPLINE_SURFACE ( (
 ( 1.000000000000000000, 0.7071067811865572317, 1.000000000000000000),
 ( 1.000000000000000000, 0.7627657926872989380, 1.000000000000000000),
 ( 1.000000000000000000, 0.8071651561691517429, 1.000000000000000000),
 ( 1.000000000000000000, 0.8809119265677827215, 1.000000000000000000),
 ( 1.000000000000000000, 0.9101609295966248681, 1.000000000000000000),
 ( 1.000000000000000000, 0.9787810634800486742, 1.000000000000000000),
 ( 1.000000000000000000, 0.9997042942188011372, 1.000000000000000000),
 ( 1.000000000000000000, 1.000000000000000000, 1.000000000000000000) ) ) 
 REPRESENTATION_ITEM ( '' )  SURFACE ( )  );
#2894 = VERTEX_POINT ( 'NONE', #2782 ) ;
#2895 = CALENDAR_DATE ( 2025, 16, 11 ) ;
#2896 = CARTESIAN_POINT ( 'NONE',  ( -21.59856526980409797, -23.24706398753200887, 6.465536308183165382 ) ) ;
#2897 = DIRECTION ( 'NONE',  ( 0.000000000000000000, 0.000000000000000000, 1.000000000000000000 ) ) ;
#2898 = ORIENTED_EDGE ( 'NONE', *, *, #2762, .T. ) ;
#2899 = AXIS2_PLACEMENT_3D ( 'NONE', #620, #897, #1405 ) ;
#2900 = VECTOR ( 'NONE', #827, 1000.000000000000000 ) ;
#2901 = EDGE_CURVE ( 'NONE', #224, #2257, #2254, .T. ) ;
#2902 = CARTESIAN_POINT ( 'NONE',  ( -13.82720046479576048, -38.97976742875995626, 0.03384200424797334517 ) ) ;
#2903 = DIRECTION ( 'NONE',  ( 0.000000000000000000, 1.000000000000000000, 0.000000000000000000 ) ) ;
#2904 = EDGE_CURVE ( 'NONE', #2218, #54, #704, .T. ) ;
#2905 = ORIENTED_EDGE ( 'NONE', *, *, #2559, .T. ) ;
#2906 = ORIENTED_EDGE ( 'NONE', *, *, #1649, .F. ) ;
#2907 = CARTESIAN_POINT ( 'NONE',  ( -18.60000000000000142, -39.53765266292550251, 0.3099936885004535569 ) ) ;
#2908 = ADVANCED_FACE ( 'NONE', ( #1759 ), #172, .F. ) ;
#2909 = ORIENTED_EDGE ( 'NONE', *, *, #126, .T. ) ;
#2910 = CARTESIAN_POINT ( 'NONE',  ( -13.76304183771997458, -37.79579502922678813, 0.1353946373230818512 ) ) ;
#2911 = DIRECTION ( 'NONE',  ( -1.000000000000000000, 0.000000000000000000, 0.000000000000000000 ) ) ;
#2912 = ORIENTED_EDGE ( 'NONE', *, *, #126, .F. ) ;
#2913 = ADVANCED_FACE ( 'NONE', ( #940 ), #147, .T. ) ;
#2914 = EDGE_CURVE ( 'NONE', #1435, #110, #3344, .T. ) ;
#2915 = CARTESIAN_POINT ( 'NONE',  ( -26.57538537612021656, 4.400859472198558109, 0.000000000000000000 ) ) ;
#2916 = CARTESIAN_POINT ( 'NONE',  ( -26.57538537612019169, -4.400859472198537681, 5.500000000000000000 ) ) ;
#2917 = ORIENTED_EDGE ( 'NONE', *, *, #2653, .T. ) ;
#2918 = ORIENTED_EDGE ( 'NONE', *, *, #994, .F. ) ;
#2919 = CARTESIAN_POINT ( 'NONE',  ( -13.66799999999999748, -24.52217131570533937, 7.075218912811924277 ) ) ;
#2920 = CARTESIAN_POINT ( 'NONE',  ( -25.85038537612021869, 4.400859472198558109, 5.500000000000000000 ) ) ;
#2921 = VERTEX_POINT ( 'NONE', #358 ) ;
#2922 = COORDINATED_UNIVERSAL_TIME_OFFSET ( 8, 0, .AHEAD. ) ;
#2923 = CARTESIAN_POINT ( 'NONE',  ( -21.88682027744113512, -23.15592501349619070, 6.434378092981530628 ) ) ;
#2924 = CARTESIAN_POINT ( 'NONE',  ( -19.22225303965870680, -24.47615955886835692, 7.375727801470025824 ) ) ;
#2925 = CIRCLE ( 'NONE', #2325, 0.2999999999999999334 ) ;
#2926 = AXIS2_PLACEMENT_3D ( 'NONE', #1925, #1637, #1111 ) ;
#2927 = CARTESIAN_POINT ( 'NONE',  ( -37.20000000000000284, 0.000000000000000000, 2.000000000000000000 ) ) ;
#2928 = DIRECTION ( 'NONE',  ( 1.000000000000000000, -0.000000000000000000, -0.000000000000000000 ) ) ;
#2929 = CARTESIAN_POINT ( 'NONE',  ( -15.01074101554372753, -18.18257577072857245, 5.700000000000000178 ) ) ;
#2930 = EDGE_LOOP ( 'NONE', ( #2800, #1916, #1329, #1318 ) ) ;
#2931 = DIRECTION ( 'NONE',  ( -1.000000000000000000, 0.000000000000000000, 0.000000000000000000 ) ) ;
#2932 = DIRECTION ( 'NONE',  ( -0.000000000000000000, -0.000000000000000000, -1.000000000000000000 ) ) ;
#2933 = CARTESIAN_POINT ( 'NONE',  ( -33.66799999999999926, -24.52217131570533937, -6.938893903907228378E-15 ) ) ;
#2934 = AXIS2_PLACEMENT_3D ( 'NONE', #878, #1481, #2453 ) ;
#2935 = EDGE_LOOP ( 'NONE', ( #2589, #1339, #1256, #1675 ) ) ;
#2936 = CARTESIAN_POINT ( 'NONE',  ( -20.84428878069508073, -23.60276927237705280, 7.009163276398651554 ) ) ;
#2937 = CYLINDRICAL_SURFACE ( 'NONE', #135, 7.949999999999998401 ) ;
#2938 = CC_DESIGN_APPROVAL ( #1769, ( #3268 ) ) ;
#2939 = EDGE_CURVE ( 'NONE', #1880, #1987, #1209, .T. ) ;
#2940 = VECTOR ( 'NONE', #1307, 1000.000000000000000 ) ;
#2941 = DIRECTION ( 'NONE',  ( 0.000000000000000000, 0.000000000000000000, -1.000000000000000000 ) ) ;
#2942 = DIRECTION ( 'NONE',  ( 0.7071067811865474617, -8.659560562354932858E-17, -0.7071067811865474617 ) ) ;
#2943 = ADVANCED_FACE ( 'NONE', ( #3028 ), #2262, .F. ) ;
#2944 = CYLINDRICAL_SURFACE ( 'NONE', #1840, 1.100000000000000311 ) ;
#2945 = FACE_OUTER_BOUND ( 'NONE', #2423, .T. ) ;
#2946 = CIRCLE ( 'NONE', #3217, 0.3000000000000003220 ) ;
#2947 = CIRCLE ( 'NONE', #101, 0.3000000000000000444 ) ;
#2948 = ORIENTED_EDGE ( 'NONE', *, *, #2617, .F. ) ;
#2949 = LINE ( 'NONE', #1656, #2514 ) ;
#2950 = LINE ( 'NONE', #618, #2563 ) ;
#2951 = DIRECTION ( 'NONE',  ( 1.000000000000000000, -0.000000000000000000, -0.000000000000000000 ) ) ;
#2952 = EDGE_CURVE ( 'NONE', #1259, #1382, #1446, .T. ) ;
#2953 = EDGE_LOOP ( 'NONE', ( #1227, #3324, #3035, #517 ) ) ;
#2954 = CALENDAR_DATE ( 2025, 16, 11 ) ;
#2955 = CARTESIAN_POINT ( 'NONE',  ( -37.20000000000000284, 0.000000000000000000, 5.700000000000000178 ) ) ;
#2956 = CARTESIAN_POINT ( 'NONE',  ( -18.89677819088000277, -24.97309583559374602, 7.611240750984532788 ) ) ;
#2957 = ADVANCED_FACE ( 'NONE', ( #1410, #922 ), #1429, .F. ) ;
#2958 = CARTESIAN_POINT ( 'NONE',  ( -18.30000000000000071, -27.23679932679238647, 9.042679551192641441 ) ) ;
#2959 = FACE_BOUND ( 'NONE', #190, .T. ) ;
#2960 = DIRECTION ( 'NONE',  ( 0.000000000000000000, 0.000000000000000000, -1.000000000000000000 ) ) ;
#2961 = AXIS2_PLACEMENT_3D ( 'NONE', #379, #3015, #1704 ) ;
#2962 = CARTESIAN_POINT ( 'NONE',  ( -13.12615621971549196, -39.99999999999993605, 6.100000000000001421 ) ) ;
#2963 = DIRECTION ( 'NONE',  ( 0.000000000000000000, -9.320902258979859636E-14, 1.000000000000000000 ) ) ;
#2964 = EDGE_CURVE ( 'NONE', #2885, #2471, #2702, .T. ) ;
#2965 = ORIENTED_EDGE ( 'NONE', *, *, #2051, .F. ) ;
#2966 = CARTESIAN_POINT ( 'NONE',  ( -18.30000000000000426, -40.00000000000000000, 11.00000000000000000 ) ) ;
#2967 = VECTOR ( 'NONE', #1868, 1000.000000000000000 ) ;
#2968 = CARTESIAN_POINT ( 'NONE',  ( -18.30000000000000071, -27.49999999999999645, 0.2999999999999999889 ) ) ;
#2969 = DIRECTION ( 'NONE',  ( -1.000000000000000000, 0.000000000000000000, 0.000000000000000000 ) ) ;
#2970 = VECTOR ( 'NONE', #131, 1000.000000000000000 ) ;
#2971 = AXIS2_PLACEMENT_3D ( 'NONE', #534, #1326, #1587 ) ;
#2972 = VERTEX_POINT ( 'NONE', #2191 ) ;
#2973 = APPROVAL_ROLE ( '' ) ;
#2974 = EDGE_CURVE ( 'NONE', #980, #3172, #3138, .T. ) ;
#2975 = ORIENTED_EDGE ( 'NONE', *, *, #2752, .F. ) ;
#2976 = DIRECTION ( 'NONE',  ( -1.000000000000000000, 0.000000000000000000, 0.000000000000000000 ) ) ;
#2977 = DIRECTION ( 'NONE',  ( -1.000000000000000000, 0.000000000000000000, 0.000000000000000000 ) ) ;
#2978 = CARTESIAN_POINT ( 'NONE',  ( -37.20000000000000284, 0.000000000000000000, 5.500000000000000000 ) ) ;
#2979 = DIRECTION ( 'NONE',  ( 1.000000000000000000, -0.000000000000000000, -0.000000000000000000 ) ) ;
#2980 = AXIS2_PLACEMENT_3D ( 'NONE', #192, #2281, #3322 ) ;
#2981 = EDGE_CURVE ( 'NONE', #182, #191, #2865, .T. ) ;
#2982 = DIRECTION ( 'NONE',  ( 0.000000000000000000, 0.000000000000000000, -1.000000000000000000 ) ) ;
#2983 = B_SPLINE_CURVE_WITH_KNOTS ( 'NONE', 3,
 ( #1994, #2779, #1419, #2164 ),
 .UNSPECIFIED., .F., .F.,
 ( 4, 4 ),
 ( 0.000000000000000000, 0.0006900348528515305680 ),
 .UNSPECIFIED. ) ;
#2984 = DIRECTION ( 'NONE',  ( 1.000000000000000000, -0.000000000000000000, -0.000000000000000000 ) ) ;
#2985 = EDGE_LOOP ( 'NONE', ( #1550, #1035, #161, #542 ) ) ;
#2986 = DIRECTION ( 'NONE',  ( -1.000000000000000000, 0.000000000000000000, 0.000000000000000000 ) ) ;
#2987 = DIRECTION ( 'NONE',  ( -0.000000000000000000, 1.000000000000000000, -0.000000000000000000 ) ) ;
#2988 = EDGE_LOOP ( 'NONE', ( #1743, #1488, #955, #794 ) ) ;
#2989 = CARTESIAN_POINT ( 'NONE',  ( -13.61496831215444736, -29.00425365477881812, 10.64595742275774626 ) ) ;
#2990 = ORIENTED_EDGE ( 'NONE', *, *, #1649, .T. ) ;
#2991 = CARTESIAN_POINT ( 'NONE',  ( -37.20000000000000284, 0.000000000000000000, 0.2999999999999999334 ) ) ;
#2992 = CIRCLE ( 'NONE', #370, 11.00000000000000000 ) ;
#2993 = CARTESIAN_POINT ( 'NONE',  ( -13.16799999999999926, -34.00000000000000000, 11.00000000000000000 ) ) ;
#2994 = TOROIDAL_SURFACE ( 'NONE', #1962, 60.29999999999999716, 0.2999999999999999889 ) ;
#2995 = CARTESIAN_POINT ( 'NONE',  ( -21.93946046379031856, 4.807903187854469351, 0.2999999999999998779 ) ) ;
#2996 = CARTESIAN_POINT ( 'NONE',  ( -18.30000000000000426, -27.49999999999999645, 0.000000000000000000 ) ) ;
#2997 = CARTESIAN_POINT ( 'NONE',  ( -62.20000000000000284, -18.18257577072857245, 6.000000000000001776 ) ) ;
#2998 = DIRECTION ( 'NONE',  ( -1.000000000000000000, 0.000000000000000000, 0.000000000000000000 ) ) ;
#2999 = EDGE_CURVE ( 'NONE', #2387, #1698, #677, .T. ) ;
#3000 = EDGE_CURVE ( 'NONE', #287, #2850, #785, .T. ) ;
#3001 = VERTEX_POINT ( 'NONE', #1684 ) ;
#3002 = LINE ( 'NONE', #2436, #37 ) ;
#3003 = AXIS2_PLACEMENT_3D ( 'NONE', #1877, #3154, #812 ) ;
#3004 = ADVANCED_FACE ( 'NONE', ( #888 ), #905, .F. ) ;
#3005 = DIRECTION ( 'NONE',  ( 0.000000000000000000, 0.000000000000000000, -1.000000000000000000 ) ) ;
#3006 = AXIS2_PLACEMENT_3D ( 'NONE', #506, #1564, #2337 ) ;
#3007 = ORIENTED_EDGE ( 'NONE', *, *, #929, .T. ) ;
#3008 = SHAPE_DEFINITION_REPRESENTATION ( #556, #1125 ) ;
#3009 = VECTOR ( 'NONE', #2998, 1000.000000000000000 ) ;
#3010 = CARTESIAN_POINT ( 'NONE',  ( -13.66799999999999926, -29.01982195317923896, 10.33993177616591730 ) ) ;
#3011 = ORIENTED_EDGE ( 'NONE', *, *, #1380, .T. ) ;
#3012 = CARTESIAN_POINT ( 'NONE',  ( -35.10000000000000853, 13.49999999999999822, 2.500000000000000000 ) ) ;
#3013 = EDGE_CURVE ( 'NONE', #917, #1241, #19, .T. ) ;
#3014 = CARTESIAN_POINT ( 'NONE',  ( -14.16799999999999926, -46.00000000000000000, 11.00000000000000000 ) ) ;
#3015 = DIRECTION ( 'NONE',  ( -1.000000000000000000, 0.000000000000000000, 0.000000000000000000 ) ) ;
#3016 = LINE ( 'NONE', #697, #571 ) ;
#3017 = DIRECTION ( 'NONE',  ( -1.000000000000000000, 0.000000000000000000, 0.000000000000000000 ) ) ;
#3018 = EDGE_CURVE ( 'NONE', #2668, #110, #659, .T. ) ;
#3019 = DIRECTION ( 'NONE',  ( 0.000000000000000000, 1.000000000000000000, 0.000000000000000000 ) ) ;
#3020 = VECTOR ( 'NONE', #3019, 1000.000000000000000 ) ;
#3021 = ORIENTED_EDGE ( 'NONE', *, *, #1700, .F. ) ;
#3022 = DIRECTION ( 'NONE',  ( -0.3004939492409040569, 0.9537837210131052679, 7.175743678379502258E-16 ) ) ;
#3023 = ORIENTED_EDGE ( 'NONE', *, *, #2883, .F. ) ;
#3024 = CARTESIAN_POINT ( 'NONE',  ( -18.60000000000000142, -40.00000000000000000, -6.938893903907228378E-15 ) ) ;
#3025 = EDGE_LOOP ( 'NONE', ( #62, #2220, #2203, #1049, #2214, #3177, #321, #2636 ) ) ;
#3026 = FACE_OUTER_BOUND ( 'NONE', #732, .T. ) ;
#3027 = AXIS2_PLACEMENT_3D ( 'NONE', #3024, #2219, #3226 ) ;
#3028 = FACE_OUTER_BOUND ( 'NONE', #2287, .T. ) ;
#3029 = CARTESIAN_POINT ( 'NONE',  ( -37.20000000000000284, 0.000000000000000000, 2.000000000000000000 ) ) ;
#3030 = DIRECTION ( 'NONE',  ( -1.000000000000000000, 0.000000000000000000, 0.000000000000000000 ) ) ;
#3031 = ORIENTED_EDGE ( 'NONE', *, *, #946, .T. ) ;
#3032 = ORIENTED_EDGE ( 'NONE', *, *, #983, .T. ) ;
#3033 = CARTESIAN_POINT ( 'NONE',  ( -21.02923090200468081, -23.50189166302356725, 6.558167927543885334 ) ) ;
#3034 = CARTESIAN_POINT ( 'NONE',  ( -13.16800000000000104, -36.38929476581418498, 0.9187070570279507464 ) ) ;
#3035 = ORIENTED_EDGE ( 'NONE', *, *, #1192, .T. ) ;
#3036 = LINE ( 'NONE', #3053, #2734 ) ;
#3037 = CIRCLE ( 'NONE', #1120, 2.099999999999997868 ) ;
#3038 = ORIENTED_EDGE ( 'NONE', *, *, #1487, .T. ) ;
#3039 = DIRECTION ( 'NONE',  ( -0.000000000000000000, -0.000000000000000000, -1.000000000000000000 ) ) ;
#3040 = ORIENTED_EDGE ( 'NONE', *, *, #1749, .F. ) ;
#3041 = DIRECTION ( 'NONE',  ( -0.5150380749100549327, -1.049727191138618079E-16, 0.8571673007021118895 ) ) ;
#3042 = ORIENTED_EDGE ( 'NONE', *, *, #3313, .T. ) ;
#3043 = ADVANCED_FACE ( 'NONE', ( #1957 ), #1665, .F. ) ;
#3044 = CARTESIAN_POINT ( 'NONE',  ( -13.12615621971549196, -34.00000000000000000, 9.899999999999998579 ) ) ;
#3045 = EDGE_CURVE ( 'NONE', #3379, #253, #395, .T. ) ;
#3046 = CARTESIAN_POINT ( 'NONE',  ( -14.87846069604181665, -18.60244051565954848, 0.2999999999999999889 ) ) ;
#3047 = CARTESIAN_POINT ( 'NONE',  ( -20.04800687196512143, -24.18002016237207386, 6.830041922401532517 ) ) ;
#3048 = CARTESIAN_POINT ( 'NONE',  ( -13.43919119906743198, -36.99405941615229665, 0.4124461569599033872 ) ) ;
#3049 = EDGE_CURVE ( 'NONE', #917, #2756, #1175, .T. ) ;
#3050 =( GEOMETRIC_REPRESENTATION_CONTEXT ( 3 ) GLOBAL_UNCERTAINTY_ASSIGNED_CONTEXT ( ( #1280 ) ) GLOBAL_UNIT_ASSIGNED_CONTEXT ( ( #513, #2364, #292 ) ) REPRESENTATION_CONTEXT ( 'NONE', 'WORKASPACE' ) );
#3051 = AXIS2_PLACEMENT_3D ( 'NONE', #853, #1359, #1077 ) ;
#3052 = ORIENTED_EDGE ( 'NONE', *, *, #10, .T. ) ;
#3053 = CARTESIAN_POINT ( 'NONE',  ( -37.20000000000000284, -7.950000000000000178, 28.48599564173220955 ) ) ;
#3054 = DIRECTION ( 'NONE',  ( -1.000000000000000000, 0.000000000000000000, 0.000000000000000000 ) ) ;
#3055 = VERTEX_POINT ( 'NONE', #1720 ) ;
#3056 = DIRECTION ( 'NONE',  ( -0.000000000000000000, -0.000000000000000000, 1.000000000000000000 ) ) ;
#3057 = ORIENTED_EDGE ( 'NONE', *, *, #1861, .T. ) ;
#3058 = CARTESIAN_POINT ( 'NONE',  ( -18.30000000000000071, -27.30866035065098174, 9.102187080271194830 ) ) ;
#3059 = EDGE_CURVE ( 'NONE', #1466, #2387, #3241, .T. ) ;
#3060 = EDGE_CURVE ( 'NONE', #742, #3160, #9, .T. ) ;
#3061 = CIRCLE ( 'NONE', #2182, 15.50000000000000000 ) ;
#3062 = AXIS2_PLACEMENT_3D ( 'NONE', #61, #2652, #544 ) ;
#3063 = VERTEX_POINT ( 'NONE', #1143 ) ;
#3064 = CYLINDRICAL_SURFACE ( 'NONE', #346, 0.2999999999999999334 ) ;
#3065 = DIRECTION ( 'NONE',  ( 0.000000000000000000, 0.000000000000000000, 1.000000000000000000 ) ) ;
#3066 = EDGE_CURVE ( 'NONE', #2042, #508, #1831, .T. ) ;
#3067 = CARTESIAN_POINT ( 'NONE',  ( -13.46799999999999997, -40.00000000000000000, 11.00000000000000000 ) ) ;
#3068 = CARTESIAN_POINT ( 'NONE',  ( -13.12615621971549196, -39.99999999999993605, 5.000000000000000888 ) ) ;
#3069 = CARTESIAN_POINT ( 'NONE',  ( -13.41800000000000104, -36.28955420628185635, 0.6402257815637331095 ) ) ;
#3070 = EDGE_LOOP ( 'NONE', ( #1515, #1713, #2059, #2612 ) ) ;
#3071 = CARTESIAN_POINT ( 'NONE',  ( -14.92254306472599445, -18.45703162403203734, 6.001883268573521057 ) ) ;
#3072 = DIRECTION ( 'NONE',  ( -0.000000000000000000, -0.000000000000000000, -1.000000000000000000 ) ) ;
#3073 = AXIS2_PLACEMENT_3D ( 'NONE', #1703, #1463, #2759 ) ;
#3074 = EDGE_LOOP ( 'NONE', ( #1696, #684, #1056, #3335 ) ) ;
#3075 = CARTESIAN_POINT ( 'NONE',  ( -13.96800000000000175, -29.08227050894842947, 12.34282640733002978 ) ) ;
#3076 = EDGE_LOOP ( 'NONE', ( #1985, #3304, #2163, #218, #850, #1313, #2868 ) ) ;
#3077 = CARTESIAN_POINT ( 'NONE',  ( -18.30569133420427619, -27.08821140688683471, 8.929803070538246956 ) ) ;
#3078 = APPROVAL ( #1121, 'UNSPECIFIED' ) ;
#3079 = EDGE_LOOP ( 'NONE', ( #316, #1202, #2009, #1543 ) ) ;
#3080 = LINE ( 'NONE', #3299, #1607 ) ;
#3081 = CARTESIAN_POINT ( 'NONE',  ( -20.65390115924147096, -23.71997644296240892, 6.641593215447822551 ) ) ;
#3082 = AXIS2_PLACEMENT_3D ( 'NONE', #610, #870, #3265 ) ;
#3083 = DIRECTION ( 'NONE',  ( 0.000000000000000000, 0.9981980042564325695, -0.06000620216673367008 ) ) ;
#3084 = DIRECTION ( 'NONE',  ( 0.000000000000000000, 0.000000000000000000, 1.000000000000000000 ) ) ;
#3085 = EDGE_CURVE ( 'NONE', #2072, #2623, #3212, .T. ) ;
#3086 = ORIENTED_EDGE ( 'NONE', *, *, #1279, .T. ) ;
#3087 = CARTESIAN_POINT ( 'NONE',  ( -13.68019100667358856, -36.73611203102667844, 0.2721688844385873884 ) ) ;
#3088 = AXIS2_PLACEMENT_3D ( 'NONE', #2240, #1177, #410 ) ;
#3089 = CIRCLE ( 'NONE', #2766, 60.00000000000000000 ) ;
#3090 = CARTESIAN_POINT ( 'NONE',  ( -13.46800000000072295, -29.00003491384804022, 11.02771467910484304 ) ) ;
#3091 = VECTOR ( 'NONE', #1008, 1000.000000000000114 ) ;
#3092 = ORIENTED_EDGE ( 'NONE', *, *, #377, .T. ) ;
#3093 = LINE ( 'NONE', #3329, #1218 ) ;
#3094 = ORIENTED_EDGE ( 'NONE', *, *, #17, .T. ) ;
#3095 = FACE_BOUND ( 'NONE', #2826, .T. ) ;
#3096 = EDGE_CURVE ( 'NONE', #1866, #1605, #2539, .T. ) ;
#3097 = VERTEX_POINT ( 'NONE', #2171 ) ;
#3098 = FACE_OUTER_BOUND ( 'NONE', #493, .T. ) ;
#3099 = CARTESIAN_POINT ( 'NONE',  ( -18.30000000000000426, -33.67544467966323651, 0.000000000000000000 ) ) ;
#3100 = CARTESIAN_POINT ( 'NONE',  ( -26.57538537612021656, 4.400859472198558109, 5.500000000000000000 ) ) ;
#3101 = EDGE_LOOP ( 'NONE', ( #2753, #884, #1086, #3389 ) ) ;
#3102 = DIRECTION ( 'NONE',  ( 0.000000000000000000, 0.000000000000000000, 1.000000000000000000 ) ) ;
#3103 = ORIENTED_EDGE ( 'NONE', *, *, #2700, .T. ) ;
#3104 = DIRECTION ( 'NONE',  ( -1.000000000000000000, 0.000000000000000000, 0.000000000000000000 ) ) ;
#3105 = FACE_OUTER_BOUND ( 'NONE', #11, .T. ) ;
#3106 = ADVANCED_FACE ( 'NONE', ( #2959, #2426, #2223, #1430, #409 ), #115, .F. ) ;
#3107 = CIRCLE ( 'NONE', #591, 8.049999999999998934 ) ;
#3108 = EDGE_CURVE ( 'NONE', #622, #2668, #2709, .T. ) ;
#3109 = ORIENTED_EDGE ( 'NONE', *, *, #2370, .T. ) ;
#3110 = CARTESIAN_POINT ( 'NONE',  ( -13.86228948584794551, -29.04104547492631738, 12.00764997101305021 ) ) ;
#3111 = ORIENTED_EDGE ( 'NONE', *, *, #1841, .F. ) ;
#3112 = FACE_OUTER_BOUND ( 'NONE', #40, .T. ) ;
#3113 = EDGE_LOOP ( 'NONE', ( #3237, #687, #468, #1045 ) ) ;
#3114 = APPLICATION_PROTOCOL_DEFINITION ( 'international standard', 'config_control_design', 1994, #2305 ) ;
#3115 = EDGE_CURVE ( 'NONE', #2386, #2276, #948, .T. ) ;
#3116 = TOROIDAL_SURFACE ( 'NONE', #157, 10.69999999999999929, 0.2999999999999999889 ) ;
#3117 = AXIS2_PLACEMENT_3D ( 'NONE', #289, #3191, #1629 ) ;
#3118 = FACE_OUTER_BOUND ( 'NONE', #1369, .T. ) ;
#3119 = ORIENTED_EDGE ( 'NONE', *, *, #125, .F. ) ;
#3120 = DIRECTION ( 'NONE',  ( 0.000000000000000000, 0.000000000000000000, 1.000000000000000000 ) ) ;
#3121 = AXIS2_PLACEMENT_3D ( 'NONE', #2087, #299, #524 ) ;
#3122 = ORIENTED_EDGE ( 'NONE', *, *, #3013, .T. ) ;
#3123 = EDGE_CURVE ( 'NONE', #811, #210, #2052, .T. ) ;
#3124 = CARTESIAN_POINT ( 'NONE',  ( -14.16799999999999926, -46.00000000000000000, 11.00000000000000000 ) ) ;
#3125 = CARTESIAN_POINT ( 'NONE',  ( -37.20000000000000284, -22.69999999999999929, 6.682104175607510577 ) ) ;
#3126 = ORIENTED_EDGE ( 'NONE', *, *, #1888, .F. ) ;
#3127 = CARTESIAN_POINT ( 'NONE',  ( -14.43900239839309485, -18.99826590892643807, 6.013849586202707265 ) ) ;
#3128 = ORIENTED_EDGE ( 'NONE', *, *, #719, .T. ) ;
#3129 = CARTESIAN_POINT ( 'NONE',  ( -18.60000000000000142, -27.30866035065098174, 9.102187080271196606 ) ) ;
#3130 = EDGE_CURVE ( 'NONE', #999, #2623, #1927, .T. ) ;
#3131 = ORIENTED_EDGE ( 'NONE', *, *, #2901, .T. ) ;
#3132 = AXIS2_PLACEMENT_3D ( 'NONE', #894, #1181, #2227 ) ;
#3133 = DIRECTION ( 'NONE',  ( 1.000000000000000000, -0.000000000000000000, -0.000000000000000000 ) ) ;
#3134 = CARTESIAN_POINT ( 'NONE',  ( -19.23465343003732997, -25.12645445092403662, 7.690640635805228165 ) ) ;
#3135 = CIRCLE ( 'NONE', #891, 1.100000000000000311 ) ;
#3136 = CYLINDRICAL_SURFACE ( 'NONE', #2726, 4.500000000000000888 ) ;
#3137 = ORIENTED_EDGE ( 'NONE', *, *, #2904, .F. ) ;
#3138 = CIRCLE ( 'NONE', #720, 10.70839202169003812 ) ;
#3139 = CONICAL_SURFACE ( 'NONE', #1395, 2.099999999999997868, 0.7853981633974482790 ) ;
#3140 = VERTEX_POINT ( 'NONE', #2995 ) ;
#3141 = DIRECTION ( 'NONE',  ( -1.000000000000000000, 0.000000000000000000, 0.000000000000000000 ) ) ;
#3142 = LINE ( 'NONE', #797, #222 ) ;
#3143 = VERTEX_POINT ( 'NONE', #1160 ) ;
#3144 = AXIS2_PLACEMENT_3D ( 'NONE', #3210, #2849, #3102 ) ;
#3145 = CARTESIAN_POINT ( 'NONE',  ( -32.79914052780147671, 10.62461462387979871, 5.500000000000000000 ) ) ;
#3146 = AXIS2_PLACEMENT_3D ( 'NONE', #903, #1954, #423 ) ;
#3147 = ORIENTED_EDGE ( 'NONE', *, *, #2011, .T. ) ;
#3148 = DATE_AND_TIME ( #322, #810 ) ;
#3149 = CARTESIAN_POINT ( 'NONE',  ( -22.77250003202323825, -22.61142305537329023, 6.668729584251958720 ) ) ;
#3150 = ADVANCED_FACE ( 'NONE', ( #2744 ), #2209, .F. ) ;
#3151 = CARTESIAN_POINT ( 'NONE',  ( -37.20000000000000284, 0.000000000000000000, 0.000000000000000000 ) ) ;
#3152 = VERTEX_POINT ( 'NONE', #2445 ) ;
#3153 = ORIENTED_EDGE ( 'NONE', *, *, #2301, .T. ) ;
#3154 = DIRECTION ( 'NONE',  ( 1.000000000000000000, -0.000000000000000000, -0.000000000000000000 ) ) ;
#3155 = CARTESIAN_POINT ( 'NONE',  ( -21.93946046379031856, 4.807903187854469351, -6.938893903907228378E-15 ) ) ;
#3156 = EDGE_CURVE ( 'NONE', #281, #1137, #1338, .T. ) ;
#3157 = CIRCLE ( 'NONE', #2724, 0.3000000000000000444 ) ;
#3158 = VECTOR ( 'NONE', #2942, 1000.000000000000114 ) ;
#3159 = EDGE_LOOP ( 'NONE', ( #3375, #1303, #2350, #2525 ) ) ;
#3160 = VERTEX_POINT ( 'NONE', #98 ) ;
#3161 = CARTESIAN_POINT ( 'NONE',  ( -37.20000000000000284, 15.50000000000000000, 22.00000000000000000 ) ) ;
#3162 = ORIENTED_EDGE ( 'NONE', *, *, #113, .F. ) ;
#3163 = CIRCLE ( 'NONE', #1363, 0.2999999999999999334 ) ;
#3164 = CYLINDRICAL_SURFACE ( 'NONE', #2792, 1.700000000000000178 ) ;
#3165 = VERTEX_POINT ( 'NONE', #1904 ) ;
#3166 = APPROVAL_ROLE ( '' ) ;
#3167 = EDGE_CURVE ( 'NONE', #2645, #287, #2642, .T. ) ;
#3168 = DIRECTION ( 'NONE',  ( -0.000000000000000000, -0.000000000000000000, -1.000000000000000000 ) ) ;
#3169 = ADVANCED_FACE ( 'NONE', ( #396 ), #595, .F. ) ;
#3170 = CARTESIAN_POINT ( 'NONE',  ( -35.10000000000000853, 13.49999999999999822, 3.249999999999999112 ) ) ;
#3171 = AXIS2_PLACEMENT_3D ( 'NONE', #1314, #1864, #539 ) ;
#3172 = VERTEX_POINT ( 'NONE', #2192 ) ;
#3173 = AXIS2_PLACEMENT_3D ( 'NONE', #2249, #1186, #3005 ) ;
#3174 = CIRCLE ( 'NONE', #2461, 0.2999999999999999889 ) ;
#3175 = CARTESIAN_POINT ( 'NONE',  ( -13.91799999999999926, -40.00000000000000000, 8.250000000000000000 ) ) ;
#3176 = DIRECTION ( 'NONE',  ( 0.000000000000000000, 0.000000000000000000, -1.000000000000000000 ) ) ;
#3177 = ORIENTED_EDGE ( 'NONE', *, *, #14, .F. ) ;
#3178 = ORIENTED_EDGE ( 'NONE', *, *, #1540, .F. ) ;
#3179 = CARTESIAN_POINT ( 'NONE',  ( -14.59232557973788857, -18.51229233088727710, 5.705762078613918042 ) ) ;
#3180 = DIRECTION ( 'NONE',  ( -0.3004939492409032797, 0.9537837210131053789, 0.000000000000000000 ) ) ;
#3181 = EDGE_LOOP ( 'NONE', ( #2731, #3220, #2833, #727 ) ) ;
#3182 = DIRECTION ( 'NONE',  ( 0.000000000000000000, 0.000000000000000000, 1.000000000000000000 ) ) ;
#3183 = CARTESIAN_POINT ( 'NONE',  ( -37.20000000000000284, -13.49999999999999822, 1.750000000000011546 ) ) ;
#3184 = AXIS2_PLACEMENT_3D ( 'NONE', #2015, #2245, #3286 ) ;
#3185 = CARTESIAN_POINT ( 'NONE',  ( -13.16799999999999926, -39.99999999999993605, 5.000000000000000888 ) ) ;
#3186 = DIRECTION ( 'NONE',  ( 0.9537837210131043797, 0.3004939492409066659, 0.000000000000000000 ) ) ;
#3187 = EDGE_CURVE ( 'NONE', #1137, #281, #1498, .T. ) ;
#3188 = ORIENTED_EDGE ( 'NONE', *, *, #2202, .T. ) ;
#3189 = DIRECTION ( 'NONE',  ( -0.9537837210131043797, -0.3004939492409066659, 0.000000000000000000 ) ) ;
#3190 = CARTESIAN_POINT ( 'NONE',  ( -14.35441231280635499, -20.55781761542033692, 6.180915721775543936 ) ) ;
#3191 = DIRECTION ( 'NONE',  ( 0.000000000000000000, 0.000000000000000000, 1.000000000000000000 ) ) ;
#3192 = EDGE_LOOP ( 'NONE', ( #1611, #1469, #466, #2649 ) ) ;
#3193 = CARTESIAN_POINT ( 'NONE',  ( -14.16799999999999926, -39.99999999999993605, 5.000000000000000888 ) ) ;
#3194 = DIRECTION ( 'NONE',  ( 0.000000000000000000, 0.000000000000000000, 1.000000000000000000 ) ) ;
#3195 = AXIS2_PLACEMENT_3D ( 'NONE', #136, #2730, #3269 ) ;
#3196 = ADVANCED_FACE ( 'NONE', ( #958 ), #290, .F. ) ;
#3197 = DIRECTION ( 'NONE',  ( -1.000000000000000000, 0.000000000000000000, 0.000000000000000000 ) ) ;
#3198 = AXIS2_PLACEMENT_3D ( 'NONE', #1342, #326, #16 ) ;
#3199 = ADVANCED_FACE ( 'NONE', ( #2026 ), #607, .T. ) ;
#3200 = LINE ( 'NONE', #2962, #354 ) ;
#3201 = DIRECTION ( 'NONE',  ( -0.000000000000000000, -0.000000000000000000, -1.000000000000000000 ) ) ;
#3202 = ORIENTED_EDGE ( 'NONE', *, *, #2608, .T. ) ;
#3203 = CARTESIAN_POINT ( 'NONE',  ( -18.30000000000000426, -36.93208776333745647, -59.93368673985678896 ) ) ;
#3204 = ADVANCED_FACE ( 'NONE', ( #1751 ), #1778, .F. ) ;
#3205 = FACE_OUTER_BOUND ( 'NONE', #2696, .T. ) ;
#3206 = DIRECTION ( 'NONE',  ( -0.9537837210131052679, -0.3004939492409041124, 0.000000000000000000 ) ) ;
#3207 = ORIENTED_EDGE ( 'NONE', *, *, #516, .T. ) ;
#3208 = CALENDAR_DATE ( 2025, 16, 11 ) ;
#3209 = CARTESIAN_POINT ( 'NONE',  ( -13.72021128578624882, -37.36355224559240895, 0.1846400343523536824 ) ) ;
#3210 = CARTESIAN_POINT ( 'NONE',  ( -13.96800000000000175, -33.67544467966323651, 19.99999999999999645 ) ) ;
#3211 = DIRECTION ( 'NONE',  ( -1.000000000000000000, 0.000000000000000000, 0.000000000000000000 ) ) ;
#3212 = LINE ( 'NONE', #1126, #2528 ) ;
#3213 = CARTESIAN_POINT ( 'NONE',  ( -18.60000000000000142, -40.00000000000000000, 11.00000000000000000 ) ) ;
#3214 = EDGE_CURVE ( 'NONE', #2374, #1835, #2843, .T. ) ;
#3215 = FACE_OUTER_BOUND ( 'NONE', #3074, .T. ) ;
#3216 = CARTESIAN_POINT ( 'NONE',  ( -37.20000000000000284, 0.000000000000000000, 5.999999999999998224 ) ) ;
#3217 = AXIS2_PLACEMENT_3D ( 'NONE', #3046, #701, #3189 ) ;
#3218 = VECTOR ( 'NONE', #1984, 1000.000000000000000 ) ;
#3219 = EDGE_CURVE ( 'NONE', #2013, #1435, #3080, .T. ) ;
#3220 = ORIENTED_EDGE ( 'NONE', *, *, #1749, .T. ) ;
#3221 = CARTESIAN_POINT ( 'NONE',  ( -13.96800000000000175, -36.93208776333745647, 0.06631326014321092810 ) ) ;
#3222 = CARTESIAN_POINT ( 'NONE',  ( -14.06067430863456380, -20.54386771592027827, 5.884262564061236489 ) ) ;
#3223 = LINE ( 'NONE', #880, #1323 ) ;
#3224 = ORIENTED_EDGE ( 'NONE', *, *, #828, .T. ) ;
#3225 = COORDINATED_UNIVERSAL_TIME_OFFSET ( 8, 0, .AHEAD. ) ;
#3226 = DIRECTION ( 'NONE',  ( 0.000000000000000000, 0.000000000000000000, -1.000000000000000000 ) ) ;
#3227 = ORIENTED_EDGE ( 'NONE', *, *, #2449, .T. ) ;
#3228 = CARTESIAN_POINT ( 'NONE',  ( -18.30569133420427264, -27.08821140688683826, 8.929803070538241627 ) ) ;
#3229 = EDGE_CURVE ( 'NONE', #308, #253, #117, .T. ) ;
#3230 = CARTESIAN_POINT ( 'NONE',  ( -13.16799999999999926, -40.00000000000000000, 11.00000000000000000 ) ) ;
#3231 = DIRECTION ( 'NONE',  ( 1.000000000000000000, 0.000000000000000000, 0.000000000000000000 ) ) ;
#3232 = CARTESIAN_POINT ( 'NONE',  ( -14.63640933135710043, -18.37236816681738460, 5.701920813442101554 ) ) ;
#3233 = VECTOR ( 'NONE', #378, 1000.000000000000000 ) ;
#3234 =( BOUNDED_SURFACE ( )  B_SPLINE_SURFACE ( 3, 2, ( 
 ( #1506, #982, #2502 ),
 ( #3048, #1997, #1239 ),
 ( #2036, #3323, #721 ),
 ( #3069, #2799, #3034 ) ),
 .UNSPECIFIED., .F., .F., .T. ) 
 B_SPLINE_SURFACE_WITH_KNOTS ( ( 4, 4 ),
 ( 3, 3 ),
 ( 0.000000000000000000, 0.001073244094279734518 ),
 ( 0.000000000000000000, 1.000000000000000000 ),
 .UNSPECIFIED. ) 
 GEOMETRIC_REPRESENTATION_ITEM ( )  RATIONAL_B_SPLINE_SURFACE ( (
 ( 1.000000000000000000, 0.7071067811872937536, 1.000000000000000000),
 ( 1.000000000000000000, 0.7407526624669668047, 1.000000000000000000),
 ( 1.000000000000000000, 0.7633438722122253273, 1.000000000000000000),
 ( 1.000000000000000000, 0.7637626158259730458, 1.000000000000000000) ) ) 
 REPRESENTATION_ITEM ( '' )  SURFACE ( )  );
#3235 = LINE ( 'NONE', #2818, #680 ) ;
#3236 = DIRECTION ( 'NONE',  ( 0.000000000000000000, 0.000000000000000000, -1.000000000000000000 ) ) ;
#3237 = ORIENTED_EDGE ( 'NONE', *, *, #1224, .T. ) ;
#3238 = AXIS2_PLACEMENT_3D ( 'NONE', #1355, #1882, #2637 ) ;
#3239 = CARTESIAN_POINT ( 'NONE',  ( -34.49914052780147244, 10.62461462387979871, -6.938893903907228378E-15 ) ) ;
#3240 = CARTESIAN_POINT ( 'NONE',  ( -37.20000000000000284, -22.61142305432801081, 6.668729583928930893 ) ) ;
#3241 = CIRCLE ( 'NONE', #1615, 0.2999999999999999889 ) ;
#3242 = ORIENTED_EDGE ( 'NONE', *, *, #653, .F. ) ;
#3243 = DIRECTION ( 'NONE',  ( 0.7071067811865477948, -8.659560562354936556E-17, 0.7071067811865473507 ) ) ;
#3244 = EDGE_LOOP ( 'NONE', ( #3021, #2716, #702, #3119 ) ) ;
#3245 = DIRECTION ( 'NONE',  ( 0.7071067811865479058, -8.659560562354937789E-17, 0.7071067811865470176 ) ) ;
#3246 = DIRECTION ( 'NONE',  ( 0.000000000000000000, 0.000000000000000000, 1.000000000000000000 ) ) ;
#3247 = CARTESIAN_POINT ( 'NONE',  ( -37.20000000000000284, 0.000000000000000000, -0.09738620076059964492 ) ) ;
#3248 = CARTESIAN_POINT ( 'NONE',  ( -37.20000000000000284, 7.950000000000000178, 28.48599564173220955 ) ) ;
#3249 = CIRCLE ( 'NONE', #1786, 0.3000000000000000444 ) ;
#3250 = AXIS2_PLACEMENT_3D ( 'NONE', #2763, #2049, #414 ) ;
#3251 = ADVANCED_FACE ( 'NONE', ( #2536 ), #3064, .T. ) ;
#3252 = CIRCLE ( 'NONE', #1174, 20.00000000000000355 ) ;
#3253 = EDGE_CURVE ( 'NONE', #2473, #1911, #3293, .T. ) ;
#3254 = CARTESIAN_POINT ( 'NONE',  ( -18.30000000000000426, -40.00000000000000000, 0.2999999999999999889 ) ) ;
#3255 = CARTESIAN_POINT ( 'NONE',  ( -13.96800000000000175, -18.18257577072857245, 21.00000000000000000 ) ) ;
#3256 = ORIENTED_EDGE ( 'NONE', *, *, #2366, .T. ) ;
#3257 = ADVANCED_FACE ( 'NONE', ( #462 ), #1860, .T. ) ;
#3258 = ORIENTED_EDGE ( 'NONE', *, *, #8, .T. ) ;
#3259 = EDGE_CURVE ( 'NONE', #110, #1435, #373, .T. ) ;
#3260 = LINE ( 'NONE', #919, #950 ) ;
#3261 = ORIENTED_EDGE ( 'NONE', *, *, #282, .F. ) ;
#3262 = FACE_OUTER_BOUND ( 'NONE', #3079, .T. ) ;
#3263 = AXIS2_PLACEMENT_3D ( 'NONE', #1436, #401, #89 ) ;
#3264 = ADVANCED_FACE ( 'NONE', ( #2313 ), #2329, .F. ) ;
#3265 = DIRECTION ( 'NONE',  ( 0.000000000000000000, 0.000000000000000000, 1.000000000000000000 ) ) ;
#3266 = CARTESIAN_POINT ( 'NONE',  ( -37.20000000000000284, -18.18257577072857245, 21.00000000000000000 ) ) ;
#3267 = LINE ( 'NONE', #360, #1345 ) ;
#3268 = PRODUCT_DEFINITION_FORMATION_WITH_SPECIFIED_SOURCE ( 'ANY', '', #1764, .NOT_KNOWN. ) ;
#3269 = DIRECTION ( 'NONE',  ( 0.000000000000000000, -0.9981980042564325695, 0.06000620216673367008 ) ) ;
#3270 = CARTESIAN_POINT ( 'NONE',  ( -13.66799999999999926, -36.93208776333745647, -59.93368673985678896 ) ) ;
#3271 = ORIENTED_EDGE ( 'NONE', *, *, #3108, .T. ) ;
#3272 = DIRECTION ( 'NONE',  ( -0.000000000000000000, 1.000000000000000000, -0.000000000000000000 ) ) ;
#3273 = VECTOR ( 'NONE', #248, 1000.000000000000000 ) ;
#3274 = CARTESIAN_POINT ( 'NONE',  ( -13.16799999999999926, -29.04374035123684905, 10.57634711251911952 ) ) ;
#3275 = CIRCLE ( 'NONE', #2458, 0.3000000000000016542 ) ;
#3276 = ORIENTED_EDGE ( 'NONE', *, *, #1998, .F. ) ;
#3277 = CIRCLE ( 'NONE', #650, 3.099999999999998757 ) ;
#3278 = DIRECTION ( 'NONE',  ( 0.000000000000000000, -0.000000000000000000, -1.000000000000000000 ) ) ;
#3279 = ORIENTED_EDGE ( 'NONE', *, *, #1955, .T. ) ;
#3280 = CARTESIAN_POINT ( 'NONE',  ( -23.47538537612019027, -4.400859472198537681, 5.500000000000000000 ) ) ;
#3281 = CARTESIAN_POINT ( 'NONE',  ( -13.16799999999999926, -46.00000000000000000, 11.00000000000000000 ) ) ;
#3282 = DIRECTION ( 'NONE',  ( -1.000000000000000000, 0.000000000000000000, 0.000000000000000000 ) ) ;
#3283 = CARTESIAN_POINT ( 'NONE',  ( -62.20000000000000284, -33.67544467966323651, -3.469446951953614189E-15 ) ) ;
#3284 = DIRECTION ( 'NONE',  ( 0.000000000000000000, 0.000000000000000000, -1.000000000000000000 ) ) ;
#3285 = DIRECTION ( 'NONE',  ( -1.000000000000000000, 0.000000000000000000, 0.000000000000000000 ) ) ;
#3286 = DIRECTION ( 'NONE',  ( 0.000000000000000000, 0.000000000000000000, 1.000000000000000000 ) ) ;
#3287 = AXIS2_PLACEMENT_3D ( 'NONE', #2451, #102, #1130 ) ;
#3288 = ORIENTED_EDGE ( 'NONE', *, *, #1654, .F. ) ;
#3289 = CARTESIAN_POINT ( 'NONE',  ( -13.66799999999999926, -29.08227050894843302, 12.34282640733002978 ) ) ;
#3290 = CARTESIAN_POINT ( 'NONE',  ( -18.30569133420427619, -27.26632411961000457, 8.688399131949008591 ) ) ;
#3291 = ORIENTED_EDGE ( 'NONE', *, *, #1692, .F. ) ;
#3292 = ADVANCED_FACE ( 'NONE', ( #3098 ), #941, .F. ) ;
#3293 = CIRCLE ( 'NONE', #2021, 4.499999999999997335 ) ;
#3294 = LINE ( 'NONE', #2288, #1059 ) ;
#3295 = ORIENTED_EDGE ( 'NONE', *, *, #1635, .F. ) ;
#3296 = DIRECTION ( 'NONE',  ( 1.000000000000000000, -0.000000000000000000, -0.000000000000000000 ) ) ;
#3297 = ORIENTED_EDGE ( 'NONE', *, *, #791, .F. ) ;
#3298 = ORIENTED_EDGE ( 'NONE', *, *, #1085, .F. ) ;
#3299 = CARTESIAN_POINT ( 'NONE',  ( -37.20000000000000284, 13.49999999999999822, 3.249999999999993783 ) ) ;
#3300 = LINE ( 'NONE', #1161, #1457 ) ;
#3301 = EDGE_CURVE ( 'NONE', #2359, #1051, #2836, .T. ) ;
#3302 = VECTOR ( 'NONE', #854, 1000.000000000000000 ) ;
#3303 = FACE_OUTER_BOUND ( 'NONE', #3192, .T. ) ;
#3304 = ORIENTED_EDGE ( 'NONE', *, *, #17, .F. ) ;
#3305 = CARTESIAN_POINT ( 'NONE',  ( -13.16799999999999926, -40.00000000000000000, 11.00000000000000000 ) ) ;
#3306 = DIRECTION ( 'NONE',  ( -0.000000000000000000, 0.8046797952974490409, -0.5937090424105530007 ) ) ;
#3307 = AXIS2_PLACEMENT_3D ( 'NONE', #1173, #2976, #1444 ) ;
#3308 = EDGE_CURVE ( 'NONE', #1576, #1866, #42, .T. ) ;
#3309 = ORIENTED_EDGE ( 'NONE', *, *, #1343, .T. ) ;
#3310 = LINE ( 'NONE', #3289, #2402 ) ;
#3311 = PLANE ( 'NONE',  #1918 ) ;
#3312 = AXIS2_PLACEMENT_3D ( 'NONE', #82, #3197, #2897 ) ;
#3313 = EDGE_CURVE ( 'NONE', #2452, #1612, #426, .T. ) ;
#3314 = ORIENTED_EDGE ( 'NONE', *, *, #2154, .F. ) ;
#3315 = FACE_OUTER_BOUND ( 'NONE', #2789, .T. ) ;
#3316 = VERTEX_POINT ( 'NONE', #1519 ) ;
#3317 = CARTESIAN_POINT ( 'NONE',  ( -22.22559558009425373, 4.717755003082197973, 0.000000000000000000 ) ) ;
#3318 = ORIENTED_EDGE ( 'NONE', *, *, #939, .T. ) ;
#3319 = DIRECTION ( 'NONE',  ( 0.000000000000000000, 0.000000000000000000, 1.000000000000000000 ) ) ;
#3320 = DIRECTION ( 'NONE',  ( -0.000000000000000000, -1.000000000000000000, -0.000000000000000000 ) ) ;
#3321 = DIRECTION ( 'NONE',  ( 1.000000000000000000, 0.000000000000000000, 0.000000000000000000 ) ) ;
#3322 = DIRECTION ( 'NONE',  ( -1.000000000000000000, 0.000000000000000000, 0.000000000000000000 ) ) ;
#3323 = CARTESIAN_POINT ( 'NONE',  ( -13.16800000000000104, -36.65263024968655969, 0.5550731631927746657 ) ) ;
#3324 = ORIENTED_EDGE ( 'NONE', *, *, #1998, .T. ) ;
#3325 = DIRECTION ( 'NONE',  ( -0.000000000000000000, -0.000000000000000000, -1.000000000000000000 ) ) ;
#3326 = DIRECTION ( 'NONE',  ( 0.000000000000000000, 0.000000000000000000, -1.000000000000000000 ) ) ;
#3327 = VERTEX_POINT ( 'NONE', #205 ) ;
#3328 = VECTOR ( 'NONE', #2086, 1000.000000000000000 ) ;
#3329 = CARTESIAN_POINT ( 'NONE',  ( -13.66799999999999926, -33.67544467966323651, 0.2999999999999999889 ) ) ;
#3330 = ORIENTED_EDGE ( 'NONE', *, *, #585, .T. ) ;
#3331 = CARTESIAN_POINT ( 'NONE',  ( -18.30000000000000071, -27.49999999999999645, 8.871126182265935967 ) ) ;
#3332 = CONICAL_SURFACE ( 'NONE', #328, 0.7499999999999988898, 1.029744258676653645 ) ;
#3333 = AXIS2_PLACEMENT_3D ( 'NONE', #1315, #2385, #56 ) ;
#3334 = VERTEX_POINT ( 'NONE', #1252 ) ;
#3335 = ORIENTED_EDGE ( 'NONE', *, *, #3066, .T. ) ;
#3336 = CARTESIAN_POINT ( 'NONE',  ( -20.49082790341406835, -23.36433959611943934, 6.923130603868631994 ) ) ;
#3337 = EDGE_CURVE ( 'NONE', #2552, #3152, #266, .T. ) ;
#3338 = CARTESIAN_POINT ( 'NONE',  ( -14.59232557973788502, -18.51229233088727710, -6.938893903907228378E-15 ) ) ;
#3339 = DIRECTION ( 'NONE',  ( 0.000000000000000000, 6.484947573745073995E-15, -1.000000000000000000 ) ) ;
#3340 =( BOUNDED_SURFACE ( )  B_SPLINE_SURFACE ( 3, 2, ( 
 ( #1661, #3010, #1139 ),
 ( #1473, #2186, #1952 ),
 ( #1206, #2989, #656 ),
 ( #2252, #1264, #1745 ),
 ( #492, #237, #2530 ),
 ( #1494, #440, #181 ),
 ( #762, #3110, #1549 ),
 ( #1246, #2570, #3075 ) ),
 .UNSPECIFIED., .F., .F., .T. ) 
 B_SPLINE_SURFACE_WITH_KNOTS ( ( 4, 2, 2, 4 ),
 ( 3, 3 ),
 ( 0.000000000000000000, 0.0005379023175117658359, 0.001075804635023531672, 0.002151609270047063344 ),
 ( 0.000000000000000000, 1.000000000000000000 ),
 .UNSPECIFIED. ) 
 GEOMETRIC_REPRESENTATION_ITEM ( )  RATIONAL_B_SPLINE_SURFACE ( (
 ( 1.000000000000000000, 0.7071067811865495711, 1.000000000000000000),
 ( 1.000000000000000000, 0.7561670413749422837, 1.000000000000000000),
 ( 1.000000000000000000, 0.7985461074169681872, 1.000000000000000000),
 ( 1.000000000000000000, 0.8715761820739780230, 1.000000000000000000),
 ( 1.000000000000000000, 0.9022655820913941804, 1.000000000000000000),
 ( 1.000000000000000000, 0.9756126168552817779, 1.000000000000000000),
 ( 1.000000000000000000, 0.9999479855379006521, 1.000000000000000000),
 ( 1.000000000000000000, 1.000000000000000000, 1.000000000000000000) ) ) 
 REPRESENTATION_ITEM ( '' )  SURFACE ( )  );
#3341 = ORIENTED_EDGE ( 'NONE', *, *, #3229, .T. ) ;
#3342 = DIRECTION ( 'NONE',  ( 1.000000000000000000, 0.000000000000000000, 0.000000000000000000 ) ) ;
#3343 = CYLINDRICAL_SURFACE ( 'NONE', #989, 0.3000000000000003220 ) ;
#3344 = CIRCLE ( 'NONE', #2590, 0.7499999999999885647 ) ;
#3345 = ORIENTED_EDGE ( 'NONE', *, *, #533, .T. ) ;
#3346 = CARTESIAN_POINT ( 'NONE',  ( -15.80000000000000426, -40.00000000000000000, 2.950000000000001066 ) ) ;
#3347 = ORIENTED_EDGE ( 'NONE', *, *, #1849, .T. ) ;
#3348 = CARTESIAN_POINT ( 'NONE',  ( -18.60000000000000142, -40.00000000000000000, 2.449999999999997513 ) ) ;
#3349 = ORIENTED_EDGE ( 'NONE', *, *, #125, .T. ) ;
#3350 = DIRECTION ( 'NONE',  ( 0.000000000000000000, 0.000000000000000000, 1.000000000000000000 ) ) ;
#3351 = LINE ( 'NONE', #243, #268 ) ;
#3352 = EDGE_CURVE ( 'NONE', #2434, #992, #1310, .T. ) ;
#3353 = CARTESIAN_POINT ( 'NONE',  ( -35.10000000000000853, -13.49999999999999822, 2.500000000000000000 ) ) ;
#3354 = DIRECTION ( 'NONE',  ( -0.000000000000000000, -0.000000000000000000, -1.000000000000000000 ) ) ;
#3355 = MANIFOLD_SOLID_BREP ( 'Combine1', #2114 ) ;
#3356 = EDGE_CURVE ( 'NONE', #420, #912, #3163, .T. ) ;
#3357 = B_SPLINE_CURVE_WITH_KNOTS ( 'NONE', 3,
 ( #320, #574, #2638, #560, #2892, #1089, #1371, #2408 ),
 .UNSPECIFIED., .F., .F.,
 ( 4, 2, 2, 4 ),
 ( -1.203344526117797478E-05, 0.001026976262869125746, 0.001546481116934279691, 0.002065985970999433853 ),
 .UNSPECIFIED. ) ;
#3358 = ORIENTED_EDGE ( 'NONE', *, *, #3156, .F. ) ;
#3359 = DIRECTION ( 'NONE',  ( -1.000000000000000000, 0.000000000000000000, 0.000000000000000000 ) ) ;
#3360 = CIRCLE ( 'NONE', #1621, 2.749999999999999112 ) ;
#3361 = AXIS2_PLACEMENT_3D ( 'NONE', #2562, #685, #1775 ) ;
#3362 = DIRECTION ( 'NONE',  ( 0.000000000000000000, 0.000000000000000000, -1.000000000000000000 ) ) ;
#3363 = EDGE_CURVE ( 'NONE', #1835, #1729, #699, .T. ) ;
#3364 = ORIENTED_EDGE ( 'NONE', *, *, #416, .T. ) ;
#3365 = CARTESIAN_POINT ( 'NONE',  ( -13.60685437013436072, -29.00821002027291939, 11.47783118462355922 ) ) ;
#3366 = ORIENTED_EDGE ( 'NONE', *, *, #424, .T. ) ;
#3367 = CARTESIAN_POINT ( 'NONE',  ( -18.29999999818248568, -27.23675968803910052, 9.042646726663610579 ) ) ;
#3368 = EDGE_LOOP ( 'NONE', ( #1153, #2284, #3381, #2614 ) ) ;
#3369 = DATE_AND_TIME ( #2078, #541 ) ;
#3370 = CARTESIAN_POINT ( 'NONE',  ( -34.64935453572933710, 13.49999999999999822, 2.500000000000000000 ) ) ;
#3371 = EDGE_CURVE ( 'NONE', #1073, #651, #2503, .T. ) ;
#3372 = DIRECTION ( 'NONE',  ( -0.000000000000000000, -0.000000000000000000, -1.000000000000000000 ) ) ;
#3373 = ORIENTED_EDGE ( 'NONE', *, *, #1178, .F. ) ;
#3374 = CARTESIAN_POINT ( 'NONE',  ( -18.09999999999999787, -40.00000000000000000, 2.950000000000001066 ) ) ;
#3375 = ORIENTED_EDGE ( 'NONE', *, *, #1096, .F. ) ;
#3376 = CARTESIAN_POINT ( 'NONE',  ( -13.68663255399734346, -38.44027378307006870, 0.09728198732014002592 ) ) ;
#3377 = FACE_OUTER_BOUND ( 'NONE', #1333, .T. ) ;
#3378 = CIRCLE ( 'NONE', #1033, 6.000000000000008882 ) ;
#3379 = VERTEX_POINT ( 'NONE', #532 ) ;
#3380 = CARTESIAN_POINT ( 'NONE',  ( -35.89914052780147102, 10.62461462387979871, 5.500000000000000000 ) ) ;
#3381 = ORIENTED_EDGE ( 'NONE', *, *, #974, .F. ) ;
#3382 = CARTESIAN_POINT ( 'NONE',  ( -35.10000000000000853, 13.49999999999999822, 3.249999999999999112 ) ) ;
#3383 = VERTEX_POINT ( 'NONE', #1885 ) ;
#3384 = DIRECTION ( 'NONE',  ( 0.000000000000000000, 0.000000000000000000, 1.000000000000000000 ) ) ;
#3385 = CARTESIAN_POINT ( 'NONE',  ( -13.66799999999999926, -34.47739303901801122, 0.3163296403102656695 ) ) ;
#3386 = CIRCLE ( 'NONE', #1480, 2.099999999999997868 ) ;
#3387 = AXIS2_PLACEMENT_3D ( 'NONE', #604, #1712, #708 ) ;
#3388 = CARTESIAN_POINT ( 'NONE',  ( -13.16799999999999926, -29.29947149242699922, 10.80371460712077436 ) ) ;
#3389 = ORIENTED_EDGE ( 'NONE', *, *, #2232, .F. ) ;
#3390 = CARTESIAN_POINT ( 'NONE',  ( -18.44451773914217441, -26.03494351686800101, 8.205065152224376490 ) ) ;
ENDSEC;
END-ISO-10303-21;
