ISO-10303-21;
HEADER;
FILE_DESCRIPTION (( 'STEP AP203' ),
    '1' );
FILE_NAME ('EN02-PROXIMAL_PHALANX-M-1.STEP',
    '2025-11-16T04:24:39',
    ( '' ),
    ( '' ),
    'SwSTEP 2.0',
    'SolidWorks 2024',
    '' );
FILE_SCHEMA (( 'CONFIG_CONTROL_DESIGN' ));
ENDSEC;

DATA;
#1 = CIRCLE ( 'NONE', #1852, 4.499999999999997335 ) ;
#2 = CARTESIAN_POINT ( 'NONE',  ( -37.61926446499855103, -23.00000000000000000, 6.382104176421425024 ) ) ;
#3 = FACE_OUTER_BOUND ( 'NONE', #427, .T. ) ;
#4 = DIRECTION ( 'NONE',  ( 1.000000000000000000, 0.000000000000000000, 0.000000000000000000 ) ) ;
#5 = ORIENTED_EDGE ( 'NONE', *, *, #48, .T. ) ;
#6 = DIRECTION ( 'NONE',  ( 1.000000000000000000, 0.000000000000000000, 0.000000000000000000 ) ) ;
#7 = B_SPLINE_CURVE_WITH_KNOTS ( 'NONE', 3,
 ( #2003, #1409, #622, #1982, #1812, #661, #854, #648, #1431, #1224, #1050, #2018, #1036, #51, #1022, #19, #1636, #262 ),
 .UNSPECIFIED., .F., .F.,
 ( 4, 2, 2, 2, 2, 2, 2, 2, 4 ),
 ( 0.000000000000000000, 0.0009967414565963373350, 0.001993482913192674670, 0.002990224369789012005, 0.003986965826385349340, 0.004983707282981686242, 0.005980448739578024010, 0.006977190196174364381, 0.007973931652770703885 ),
 .UNSPECIFIED. ) ;
#8 = ORIENTED_EDGE ( 'NONE', *, *, #1340, .F. ) ;
#9 = CARTESIAN_POINT ( 'NONE',  ( -53.20000000000000284, 0.000000000000000000, 0.2999999999999999334 ) ) ;
#10 = EDGE_LOOP ( 'NONE', ( #2216, #1949 ) ) ;
#11 = FACE_OUTER_BOUND ( 'NONE', #1245, .T. ) ;
#12 = EDGE_CURVE ( 'NONE', #320, #610, #1318, .T. ) ;
#13 = FACE_OUTER_BOUND ( 'NONE', #92, .T. ) ;
#14 = DIRECTION ( 'NONE',  ( -1.000000000000000000, 0.000000000000000000, 0.000000000000000000 ) ) ;
#15 = CARTESIAN_POINT ( 'NONE',  ( -37.20000000000000284, 0.000000000000000000, 5.700000000000000178 ) ) ;
#16 = ORIENTED_EDGE ( 'NONE', *, *, #222, .T. ) ;
#17 = DIRECTION ( 'NONE',  ( 0.000000000000000000, 0.000000000000000000, 1.000000000000000000 ) ) ;
#18 = VERTEX_POINT ( 'NONE', #773 ) ;
#19 = CARTESIAN_POINT ( 'NONE',  ( -42.07707205791687244, -26.78056921762876641, 8.704369732187679176 ) ) ;
#20 = ORIENTED_EDGE ( 'NONE', *, *, #1216, .T. ) ;
#21 = FACE_OUTER_BOUND ( 'NONE', #1432, .T. ) ;
#22 = DIRECTION ( 'NONE',  ( 1.000000000000000000, 0.000000000000000000, -0.000000000000000000 ) ) ;
#23 = DIRECTION ( 'NONE',  ( -1.000000000000000000, 0.000000000000000000, 0.000000000000000000 ) ) ;
#24 = FACE_OUTER_BOUND ( 'NONE', #2532, .T. ) ;
#25 = ADVANCED_FACE ( 'NONE', ( #2100 ), #1267, .F. ) ;
#26 = ADVANCED_FACE ( 'NONE', ( #381, #327 ), #1729, .T. ) ;
#27 = CC_DESIGN_PERSON_AND_ORGANIZATION_ASSIGNMENT ( #2516, #352, ( #895 ) ) ;
#28 = ORIENTED_EDGE ( 'NONE', *, *, #1376, .F. ) ;
#29 = DIRECTION ( 'NONE',  ( -0.000000000000000000, -0.000000000000000000, -1.000000000000000000 ) ) ;
#30 = CIRCLE ( 'NONE', #1475, 1.700000000000000178 ) ;
#31 = VECTOR ( 'NONE', #1185, 1000.000000000000000 ) ;
#32 = ORIENTED_EDGE ( 'NONE', *, *, #1823, .F. ) ;
#33 = DIRECTION ( 'NONE',  ( 0.000000000000000000, -1.000000000000000000, 0.000000000000000000 ) ) ;
#34 = CIRCLE ( 'NONE', #662, 3.249999999999999556 ) ;
#35 = ORIENTED_EDGE ( 'NONE', *, *, #173, .T. ) ;
#36 = VECTOR ( 'NONE', #2448, 999.9999999999998863 ) ;
#37 = DIRECTION ( 'NONE',  ( 0.000000000000000000, 0.000000000000000000, 1.000000000000000000 ) ) ;
#38 = CIRCLE ( 'NONE', #2347, 0.7499999999999867883 ) ;
#39 = PLANE ( 'NONE',  #1308 ) ;
#40 = DIRECTION ( 'NONE',  ( -0.000000000000000000, -0.000000000000000000, -1.000000000000000000 ) ) ;
#41 = VECTOR ( 'NONE', #601, 1000.000000000000000 ) ;
#42 =( LENGTH_UNIT ( ) NAMED_UNIT ( * ) SI_UNIT ( .MILLI., .METRE. ) );
#43 = VECTOR ( 'NONE', #758, 1000.000000000000000 ) ;
#44 = ORIENTED_EDGE ( 'NONE', *, *, #2500, .T. ) ;
#45 = CARTESIAN_POINT ( 'NONE',  ( -62.20000000000000284, -22.61142305432801081, 6.668729583928930893 ) ) ;
#46 = CARTESIAN_POINT ( 'NONE',  ( -41.79999999999999716, -18.18257577072857245, 21.00000000000000000 ) ) ;
#47 = CIRCLE ( 'NONE', #2310, 0.3000000000000008771 ) ;
#48 = EDGE_CURVE ( 'NONE', #2466, #886, #323, .T. ) ;
#49 = LOCAL_TIME ( 12, 24, 39.00000000000000000, #738 ) ;
#50 = VERTEX_POINT ( 'NONE', #963 ) ;
#51 = CARTESIAN_POINT ( 'NONE',  ( -41.90426073818427000, -25.95504956844733968, 8.166843260420092676 ) ) ;
#52 = EDGE_LOOP ( 'NONE', ( #2526, #840, #261, #1273 ) ) ;
#53 = DIRECTION ( 'NONE',  ( 1.000000000000000000, 0.000000000000000000, 0.000000000000000000 ) ) ;
#54 = CARTESIAN_POINT ( 'NONE',  ( -41.68913975924002813, -26.47304268690627538, 8.092668819789007983 ) ) ;
#55 = CARTESIAN_POINT ( 'NONE',  ( -37.20000000000000284, 0.000000000000000000, 28.48599564173220955 ) ) ;
#56 = EDGE_LOOP ( 'NONE', ( #2151, #1955 ) ) ;
#57 = CARTESIAN_POINT ( 'NONE',  ( -39.30000000000001137, -13.49999999999999822, 2.500000000000000000 ) ) ;
#58 = DIRECTION ( 'NONE',  ( 0.000000000000000000, -1.000000000000000000, 0.000000000000000000 ) ) ;
#59 = ORIENTED_EDGE ( 'NONE', *, *, #814, .T. ) ;
#60 = DIRECTION ( 'NONE',  ( -1.000000000000000000, 0.000000000000000000, 0.000000000000000000 ) ) ;
#61 = EDGE_CURVE ( 'NONE', #940, #767, #2172, .T. ) ;
#62 = ADVANCED_FACE ( 'NONE', ( #1715 ), #2124, .T. ) ;
#63 = ORIENTED_EDGE ( 'NONE', *, *, #2238, .T. ) ;
#64 = CARTESIAN_POINT ( 'NONE',  ( -23.10000000000000142, -22.69999999999999929, 0.000000000000000000 ) ) ;
#65 = LINE ( 'NONE', #2247, #365 ) ;
#66 = CARTESIAN_POINT ( 'NONE',  ( -42.10000000000000142, -27.49999999999999645, 0.000000000000000000 ) ) ;
#67 = ORIENTED_EDGE ( 'NONE', *, *, #2120, .F. ) ;
#68 = DIRECTION ( 'NONE',  ( 0.000000000000000000, 0.000000000000000000, 1.000000000000000000 ) ) ;
#69 = CARTESIAN_POINT ( 'NONE',  ( -45.70177119219221140, -21.66983532857048189, 6.372960256175371541 ) ) ;
#70 = ORIENTED_EDGE ( 'NONE', *, *, #2501, .T. ) ;
#71 = CARTESIAN_POINT ( 'NONE',  ( -42.20000000001328289, -40.00000000000000000, 13.70000000000436557 ) ) ;
#72 = ORIENTED_EDGE ( 'NONE', *, *, #813, .T. ) ;
#73 = DIRECTION ( 'NONE',  ( -0.000000000000000000, -0.000000000000000000, 1.000000000000000000 ) ) ;
#74 = CIRCLE ( 'NONE', #1438, 7.949999999999998401 ) ;
#75 = EDGE_CURVE ( 'NONE', #299, #1010, #2424, .T. ) ;
#76 = CIRCLE ( 'NONE', #947, 0.7249999999999965361 ) ;
#77 = CARTESIAN_POINT ( 'NONE',  ( -41.79999999999999716, -27.49999999999999645, 8.864283880553822215 ) ) ;
#78 = FACE_OUTER_BOUND ( 'NONE', #1784, .T. ) ;
#79 = VECTOR ( 'NONE', #1990, 1000.000000000000000 ) ;
#80 = VECTOR ( 'NONE', #1344, 1000.000000000000000 ) ;
#81 = ORIENTED_EDGE ( 'NONE', *, *, #61, .F. ) ;
#82 = CARTESIAN_POINT ( 'NONE',  ( -44.70000000001100915, -40.00000000000000000, 11.00000000000000000 ) ) ;
#83 = LINE ( 'NONE', #2469, #87 ) ;
#84 = VECTOR ( 'NONE', #223, 1000.000000000000000 ) ;
#85 = ORIENTED_EDGE ( 'NONE', *, *, #1407, .T. ) ;
#86 = CARTESIAN_POINT ( 'NONE',  ( -37.20000000000000284, -18.18257577072857245, 6.000000000000001776 ) ) ;
#87 = VECTOR ( 'NONE', #1105, 1000.000000000000000 ) ;
#88 = ORIENTED_EDGE ( 'NONE', *, *, #1626, .F. ) ;
#89 = CARTESIAN_POINT ( 'NONE',  ( -44.70000000000000284, -30.58945877365794530, 0.2999999999999999889 ) ) ;
#90 = DIRECTION ( 'NONE',  ( 0.000000000000000000, -1.000000000000000000, 0.000000000000000000 ) ) ;
#91 = ADVANCED_FACE ( 'NONE', ( #949 ), #759, .F. ) ;
#92 = EDGE_LOOP ( 'NONE', ( #1971, #2029, #1503, #1540 ) ) ;
#93 = CARTESIAN_POINT ( 'NONE',  ( -47.29003097379165865, -18.29061455397786062, 5.700000000000001954 ) ) ;
#94 = DIRECTION ( 'NONE',  ( 0.000000000000000000, 1.000000000000000000, 0.000000000000000000 ) ) ;
#95 = ORIENTED_EDGE ( 'NONE', *, *, #412, .T. ) ;
#96 = DIRECTION ( 'NONE',  ( -0.9329024083413325341, -0.3601292774975974331, 0.000000000000000000 ) ) ;
#97 = VERTEX_POINT ( 'NONE', #1026 ) ;
#98 = CARTESIAN_POINT ( 'NONE',  ( -41.60085947219855029, -10.62461462387981292, 5.500000000000000000 ) ) ;
#99 = CARTESIAN_POINT ( 'NONE',  ( -44.39999999999999858, -18.18257577072857245, 21.00000000000000000 ) ) ;
#100 = VERTEX_POINT ( 'NONE', #2154 ) ;
#101 = CARTESIAN_POINT ( 'NONE',  ( -44.39999999999999858, -18.18257577072857245, 21.00000000000000000 ) ) ;
#102 = ADVANCED_FACE ( 'NONE', ( #13 ), #786, .F. ) ;
#103 = DIRECTION ( 'NONE',  ( -1.000000000000000000, 0.000000000000000000, 0.000000000000000000 ) ) ;
#104 = APPROVAL ( #192, 'UNSPECIFIED' ) ;
#105 = VERTEX_POINT ( 'NONE', #614 ) ;
#106 = DIRECTION ( 'NONE',  ( -0.000000000000000000, -0.000000000000000000, -1.000000000000000000 ) ) ;
#107 = ORIENTED_EDGE ( 'NONE', *, *, #2295, .T. ) ;
#108 = DIRECTION ( 'NONE',  ( 1.000000000000000000, -0.000000000000000000, -0.000000000000000000 ) ) ;
#109 = CIRCLE ( 'NONE', #944, 0.2999999999999999334 ) ;
#110 = AXIS2_PLACEMENT_3D ( 'NONE', #2253, #1261, #2278 ) ;
#111 = ORIENTED_EDGE ( 'NONE', *, *, #119, .F. ) ;
#112 = FACE_OUTER_BOUND ( 'NONE', #1923, .T. ) ;
#113 = AXIS2_PLACEMENT_3D ( 'NONE', #2504, #1141, #1319 ) ;
#114 = DIRECTION ( 'NONE',  ( -2.168404344971009115E-16, -1.000000000000000000, 0.000000000000000000 ) ) ;
#115 = CIRCLE ( 'NONE', #1446, 20.00000000000000355 ) ;
#116 = VERTEX_POINT ( 'NONE', #1790 ) ;
#117 = DIRECTION ( 'NONE',  ( 0.000000000000000000, 0.000000000000000000, -1.000000000000000000 ) ) ;
#118 = TOROIDAL_SURFACE ( 'NONE', #1487, 30.30000000000000071, 0.2999999999999999889 ) ;
#119 = EDGE_CURVE ( 'NONE', #100, #868, #30, .T. ) ;
#120 = ADVANCED_FACE ( 'NONE', ( #1423, #433 ), #39, .T. ) ;
#121 = VECTOR ( 'NONE', #1330, 1000.000000000000000 ) ;
#122 = ORIENTED_EDGE ( 'NONE', *, *, #1121, .T. ) ;
#123 = DIRECTION ( 'NONE',  ( 1.000000000000000000, -0.000000000000000000, -0.000000000000000000 ) ) ;
#124 = CARTESIAN_POINT ( 'NONE',  ( -44.39999999999999858, -33.67544467966323651, 0.2999999999999930500 ) ) ;
#125 = VECTOR ( 'NONE', #1007, 1000.000000000000000 ) ;
#126 = CARTESIAN_POINT ( 'NONE',  ( -41.60085947219856450, 10.62461462387978450, 5.500000000000000000 ) ) ;
#127 = DIRECTION ( 'NONE',  ( -1.000000000000000000, 0.000000000000000000, 0.000000000000000000 ) ) ;
#128 = DIRECTION ( 'NONE',  ( 0.3601292774976005973, -0.9329024083413313129, -0.000000000000000000 ) ) ;
#129 = LINE ( 'NONE', #1285, #629 ) ;
#130 = VERTEX_POINT ( 'NONE', #1206 ) ;
#131 = CARTESIAN_POINT ( 'NONE',  ( -42.10000000000000853, -40.00000000000000000, 11.00000000000000000 ) ) ;
#132 = ORIENTED_EDGE ( 'NONE', *, *, #1730, .F. ) ;
#133 = FACE_OUTER_BOUND ( 'NONE', #1199, .T. ) ;
#134 = DIRECTION ( 'NONE',  ( -1.000000000000000000, 0.000000000000000000, 0.000000000000000000 ) ) ;
#135 = ADVANCED_FACE ( 'NONE', ( #2180 ), #426, .T. ) ;
#136 = EDGE_CURVE ( 'NONE', #343, #1707, #65, .T. ) ;
#137 = EDGE_CURVE ( 'NONE', #220, #1021, #198, .T. ) ;
#138 = CARTESIAN_POINT ( 'NONE',  ( -44.39999999999999858, -33.67544467966323651, -3.469446951953614189E-15 ) ) ;
#139 = DIRECTION ( 'NONE',  ( 1.000000000000000000, -2.168404344971009115E-16, -0.000000000000000000 ) ) ;
#140 = LINE ( 'NONE', #2326, #623 ) ;
#141 = CARTESIAN_POINT ( 'NONE',  ( -42.20000000000000284, -40.00000000000000000, 11.00000000000000000 ) ) ;
#142 = EDGE_LOOP ( 'NONE', ( #2031, #2360 ) ) ;
#143 = DIRECTION ( 'NONE',  ( 1.000000000000000000, 0.000000000000000000, 0.000000000000000000 ) ) ;
#144 = EDGE_LOOP ( 'NONE', ( #2131, #597, #2199, #933 ) ) ;
#145 = CARTESIAN_POINT ( 'NONE',  ( -41.80000000000000426, -45.00214829881181089, 3.881818181818185387 ) ) ;
#146 = DIRECTION ( 'NONE',  ( 0.000000000000000000, 0.000000000000000000, -1.000000000000000000 ) ) ;
#147 = CALENDAR_DATE ( 2025, 16, 11 ) ;
#148 = DIRECTION ( 'NONE',  ( 0.000000000000000000, 0.000000000000000000, 1.000000000000000000 ) ) ;
#149 = AXIS2_PLACEMENT_3D ( 'NONE', #2325, #1151, #1334 ) ;
#150 = EDGE_CURVE ( 'NONE', #1599, #911, #681, .T. ) ;
#151 = AXIS2_PLACEMENT_3D ( 'NONE', #1161, #1758, #598 ) ;
#152 = PERSON ( 'UNSPECIFIED', 'UNSPECIFIED', 'UNSPECIFIED', ('UNSPECIFIED'), ('UNSPECIFIED'), ('UNSPECIFIED') ) ;
#153 = ORIENTED_EDGE ( 'NONE', *, *, #2284, .T. ) ;
#154 = DIRECTION ( 'NONE',  ( -1.000000000000000000, 0.000000000000000000, 0.000000000000000000 ) ) ;
#155 = DIRECTION ( 'NONE',  ( 0.000000000000000000, 0.000000000000000000, -1.000000000000000000 ) ) ;
#156 = CONICAL_SURFACE ( 'NONE', #2427, 3.799999999841929821, 0.7853981635395568262 ) ;
#157 = AXIS2_PLACEMENT_3D ( 'NONE', #1771, #1596, #2001 ) ;
#158 = ORIENTED_EDGE ( 'NONE', *, *, #2319, .F. ) ;
#159 = CARTESIAN_POINT ( 'NONE',  ( -52.12643853346131095, -5.762068439961598010, 0.2999999999999999889 ) ) ;
#160 = VECTOR ( 'NONE', #2545, 1000.000000000000000 ) ;
#161 = VERTEX_POINT ( 'NONE', #482 ) ;
#162 = DIRECTION ( 'NONE',  ( -1.000000000000000000, 0.000000000000000000, 0.000000000000000000 ) ) ;
#163 = CIRCLE ( 'NONE', #953, 8.699999999999999289 ) ;
#164 = PLANE ( 'NONE',  #1282 ) ;
#165 = CIRCLE ( 'NONE', #1932, 0.2999999999999999889 ) ;
#166 = PERSON_AND_ORGANIZATION ( #152, #1163 ) ;
#167 = DIRECTION ( 'NONE',  ( -1.000000000000000000, 0.000000000000000000, 0.000000000000000000 ) ) ;
#168 = VECTOR ( 'NONE', #1966, 1000.000000000000114 ) ;
#169 = LOCAL_TIME ( 12, 24, 39.00000000000000000, #2559 ) ;
#170 = ORIENTED_EDGE ( 'NONE', *, *, #1639, .T. ) ;
#171 = DIRECTION ( 'NONE',  ( 0.000000000000000000, 0.000000000000000000, 1.000000000000000000 ) ) ;
#172 = CARTESIAN_POINT ( 'NONE',  ( -46.43305702725766082, -19.64822860872080668, 6.071776336131439855 ) ) ;
#173 = EDGE_CURVE ( 'NONE', #2192, #1802, #1311, .T. ) ;
#174 = EDGE_LOOP ( 'NONE', ( #314, #2188, #785, #346 ) ) ;
#175 = DIRECTION ( 'NONE',  ( -1.000000000000000000, 0.000000000000000000, 0.000000000000000000 ) ) ;
#176 = ORIENTED_EDGE ( 'NONE', *, *, #1560, .F. ) ;
#177 = CARTESIAN_POINT ( 'NONE',  ( -41.60085947219855029, -10.62461462387981292, 5.500000000000000000 ) ) ;
#178 = DIRECTION ( 'NONE',  ( 1.000000000000000000, -2.168404344971009115E-16, -0.000000000000000000 ) ) ;
#179 = PERSON_AND_ORGANIZATION ( #152, #1163 ) ;
#180 = DIRECTION ( 'NONE',  ( -1.000000000000000000, 0.000000000000000000, 0.000000000000000000 ) ) ;
#181 = CARTESIAN_POINT ( 'NONE',  ( -41.25309306151833511, -24.63076865954505479, 7.453579802049911329 ) ) ;
#182 = DIRECTION ( 'NONE',  ( -1.000000000000000000, 0.000000000000000000, 0.000000000000000000 ) ) ;
#183 = DIRECTION ( 'NONE',  ( 0.000000000000000000, 0.000000000000000000, -1.000000000000000000 ) ) ;
#184 = ORIENTED_EDGE ( 'NONE', *, *, #1215, .F. ) ;
#185 = EDGE_CURVE ( 'NONE', #487, #1106, #1800, .T. ) ;
#186 = CARTESIAN_POINT ( 'NONE',  ( -37.20000000000000284, 0.000000000000000000, 5.700000000000000178 ) ) ;
#187 = ADVANCED_FACE ( 'NONE', ( #1462 ), #1227, .F. ) ;
#188 = PRODUCT_RELATED_PRODUCT_CATEGORY ( 'detail', '', ( #895 ) ) ;
#189 = EDGE_LOOP ( 'NONE', ( #1786, #621, #231, #2039 ) ) ;
#190 = DIRECTION ( 'NONE',  ( -0.000000000000000000, 0.000000000000000000, 1.000000000000000000 ) ) ;
#191 = FACE_OUTER_BOUND ( 'NONE', #548, .T. ) ;
#192 = APPROVAL_STATUS ( 'not_yet_approved' ) ;
#193 = CARTESIAN_POINT ( 'NONE',  ( -62.20000000000000284, -31.81846591402322133, 14.75000000000000533 ) ) ;
#194 = ORIENTED_EDGE ( 'NONE', *, *, #2190, .T. ) ;
#195 = CARTESIAN_POINT ( 'NONE',  ( -40.92353283165554956, -24.81280657804994760, 7.540662933868521378 ) ) ;
#196 = DIRECTION ( 'NONE',  ( -0.000000000000000000, -0.000000000000000000, -1.000000000000000000 ) ) ;
#197 = CARTESIAN_POINT ( 'NONE',  ( -37.20000000000000284, -15.50000000000000000, 22.00000000000000000 ) ) ;
#198 = CIRCLE ( 'NONE', #699, 0.3000000000000011546 ) ;
#199 = EDGE_LOOP ( 'NONE', ( #1328, #1118, #2075, #255 ) ) ;
#200 = DIRECTION ( 'NONE',  ( 0.000000000000000000, 0.000000000000000000, -1.000000000000000000 ) ) ;
#201 = CIRCLE ( 'NONE', #987, 8.699999999999999289 ) ;
#202 = AXIS2_PLACEMENT_3D ( 'NONE', #2174, #232, #831 ) ;
#203 = ORIENTED_EDGE ( 'NONE', *, *, #1899, .T. ) ;
#204 = DIRECTION ( 'NONE',  ( -1.000000000000000000, 0.000000000000000000, 0.000000000000000000 ) ) ;
#205 = EDGE_CURVE ( 'NONE', #320, #1653, #2086, .T. ) ;
#206 = CARTESIAN_POINT ( 'NONE',  ( -44.73143395476969175, -28.98992215243051973, 10.54436594197555976 ) ) ;
#207 = CIRCLE ( 'NONE', #2510, 8.699999999999999289 ) ;
#208 = AXIS2_PLACEMENT_3D ( 'NONE', #55, #40, #1998 ) ;
#209 = COORDINATED_UNIVERSAL_TIME_OFFSET ( 8, 0, .AHEAD. ) ;
#210 = CARTESIAN_POINT ( 'NONE',  ( -42.32585947219855882, 10.62461462387978450, 6.000000000000000000 ) ) ;
#211 = AXIS2_PLACEMENT_3D ( 'NONE', #1675, #2462, #511 ) ;
#212 = AXIS2_PLACEMENT_3D ( 'NONE', #2081, #1549, #322 ) ;
#213 = CARTESIAN_POINT ( 'NONE',  ( -41.56764795704226856, -26.03679112909129145, 8.217113860936319014 ) ) ;
#214 = CARTESIAN_POINT ( 'NONE',  ( -44.70000000000000284, -40.00000000000000000, 7.399999999999998579 ) ) ;
#215 = AXIS2_PLACEMENT_3D ( 'NONE', #1354, #2164, #1332 ) ;
#216 = VERTEX_POINT ( 'NONE', #321 ) ;
#217 = CARTESIAN_POINT ( 'NONE',  ( -37.20000000000000284, 15.69999999999999929, -2.710505431213761085E-17 ) ) ;
#218 = EDGE_LOOP ( 'NONE', ( #1850, #1391, #397, #844 ) ) ;
#219 = LINE ( 'NONE', #1251, #1189 ) ;
#220 = VERTEX_POINT ( 'NONE', #1110 ) ;
#221 = EDGE_CURVE ( 'NONE', #484, #299, #324, .T. ) ;
#222 = EDGE_CURVE ( 'NONE', #608, #1770, #735, .T. ) ;
#223 = DIRECTION ( 'NONE',  ( 0.000000000000000000, 0.000000000000000000, 1.000000000000000000 ) ) ;
#224 = ADVANCED_FACE ( 'NONE', ( #1826 ), #2175, .T. ) ;
#225 = ORIENTED_EDGE ( 'NONE', *, *, #136, .T. ) ;
#226 = CARTESIAN_POINT ( 'NONE',  ( -39.69126487140518122, -23.67527363540357044, 6.622943730945386243 ) ) ;
#227 = FACE_OUTER_BOUND ( 'NONE', #830, .T. ) ;
#228 = DIRECTION ( 'NONE',  ( -0.000000000000000000, -0.000000000000000000, -1.000000000000000000 ) ) ;
#229 = ORIENTED_EDGE ( 'NONE', *, *, #1835, .T. ) ;
#230 = CARTESIAN_POINT ( 'NONE',  ( -42.10000000000000853, -48.70000000000000284, 11.00000000000000000 ) ) ;
#231 = ORIENTED_EDGE ( 'NONE', *, *, #1759, .T. ) ;
#232 = DIRECTION ( 'NONE',  ( -1.000000000000000000, 0.000000000000000000, 0.000000000000000000 ) ) ;
#233 = ORIENTED_EDGE ( 'NONE', *, *, #2223, .T. ) ;
#234 = CARTESIAN_POINT ( 'NONE',  ( -44.54930998370263495, -27.36762895991716604, 9.128674161551238342 ) ) ;
#235 = CARTESIAN_POINT ( 'NONE',  ( -40.63019405097677605, -23.91373382654731472, 7.135740763918795970 ) ) ;
#236 = EDGE_CURVE ( 'NONE', #1933, #978, #1699, .T. ) ;
#237 = DIRECTION ( 'NONE',  ( -1.000000000000000000, 0.000000000000000000, 0.000000000000000000 ) ) ;
#238 = DIRECTION ( 'NONE',  ( -1.000000000000000000, 0.000000000000000000, 0.000000000000000000 ) ) ;
#239 = ADVANCED_FACE ( 'NONE', ( #1452 ), #407, .T. ) ;
#240 = ORIENTED_EDGE ( 'NONE', *, *, #75, .T. ) ;
#241 = PLANE ( 'NONE',  #1602 ) ;
#242 = AXIS2_PLACEMENT_3D ( 'NONE', #2553, #1951, #2527 ) ;
#243 = ORIENTED_EDGE ( 'NONE', *, *, #1610, .F. ) ;
#244 = DIRECTION ( 'NONE',  ( 0.000000000000000000, 0.000000000000000000, 1.000000000000000000 ) ) ;
#245 = AXIS2_PLACEMENT_3D ( 'NONE', #131, #2536, #545 ) ;
#246 = ORIENTED_EDGE ( 'NONE', *, *, #2205, .T. ) ;
#247 = AXIS2_PLACEMENT_3D ( 'NONE', #278, #2250, #1669 ) ;
#248 = CARTESIAN_POINT ( 'NONE',  ( -37.93812244182520743, -23.03419738387271920, 6.393235334666417025 ) ) ;
#249 = TOROIDAL_SURFACE ( 'NONE', #832, 19.70000000000000284, 0.2999999999999999889 ) ;
#250 = CARTESIAN_POINT ( 'NONE',  ( -37.20000000000000284, -23.00000000000000000, -6.938893903907228378E-15 ) ) ;
#251 = CARTESIAN_POINT ( 'NONE',  ( -37.20000000000000284, 0.000000000000000000, 0.000000000000000000 ) ) ;
#252 = VECTOR ( 'NONE', #945, 1000.000000000000000 ) ;
#253 = DIRECTION ( 'NONE',  ( -0.000000000000000000, -0.000000000000000000, -1.000000000000000000 ) ) ;
#254 = AXIS2_PLACEMENT_3D ( 'NONE', #1723, #134, #2514 ) ;
#255 = ORIENTED_EDGE ( 'NONE', *, *, #1658, .T. ) ;
#256 = EDGE_CURVE ( 'NONE', #2290, #2442, #366, .T. ) ;
#257 = DIRECTION ( 'NONE',  ( -1.000000000000000000, 0.000000000000000000, 0.000000000000000000 ) ) ;
#258 = CARTESIAN_POINT ( 'NONE',  ( -46.03495868344359110, -20.65926778478237935, 6.171040151511063776 ) ) ;
#259 = CIRCLE ( 'NONE', #2143, 3.099999999999998757 ) ;
#260 = ADVANCED_FACE ( 'NONE', ( #133 ), #930, .T. ) ;
#261 = ORIENTED_EDGE ( 'NONE', *, *, #317, .T. ) ;
#262 = CARTESIAN_POINT ( 'NONE',  ( -42.10000000000000853, -27.31730540726918477, 9.102239098582177945 ) ) ;
#263 = VERTEX_POINT ( 'NONE', #145 ) ;
#264 = CARTESIAN_POINT ( 'NONE',  ( -41.80000000000000426, -27.49999999999999645, 8.864283880553822215 ) ) ;
#265 = DIRECTION ( 'NONE',  ( 0.000000000000000000, 0.000000000000000000, 1.000000000000000000 ) ) ;
#266 = CARTESIAN_POINT ( 'NONE',  ( -37.20000000000000284, -15.50000000000000000, 5.999999999999998224 ) ) ;
#267 = ORIENTED_EDGE ( 'NONE', *, *, #1593, .F. ) ;
#268 = DIRECTION ( 'NONE',  ( 0.000000000000000000, 0.000000000000000000, 1.000000000000000000 ) ) ;
#269 = CARTESIAN_POINT ( 'NONE',  ( -44.95045973100705794, -26.69524739367565758, 8.248881481829933193 ) ) ;
#270 = ORIENTED_EDGE ( 'NONE', *, *, #1303, .F. ) ;
#271 = FACE_OUTER_BOUND ( 'NONE', #1494, .T. ) ;
#272 = EDGE_CURVE ( 'NONE', #2481, #938, #1353, .T. ) ;
#273 = ORIENTED_EDGE ( 'NONE', *, *, #686, .F. ) ;
#274 = DIRECTION ( 'NONE',  ( 1.000000000000000000, -0.000000000000000000, -0.000000000000000000 ) ) ;
#275 = CARTESIAN_POINT ( 'NONE',  ( -46.43305702725765371, -19.67754166548064987, 0.2999999999999999889 ) ) ;
#276 = CARTESIAN_POINT ( 'NONE',  ( -62.20000000000000284, -33.67544467966323651, 19.99999999999999645 ) ) ;
#277 = VERTEX_POINT ( 'NONE', #1133 ) ;
#278 = CARTESIAN_POINT ( 'NONE',  ( -42.20000000000000284, -40.00000000000000000, 11.00000000000000000 ) ) ;
#279 = CARTESIAN_POINT ( 'NONE',  ( -46.90475750783460995, -19.28865211082087328, 5.724423444008365891 ) ) ;
#280 = ORIENTED_EDGE ( 'NONE', *, *, #1093, .F. ) ;
#281 = EDGE_CURVE ( 'NONE', #1595, #105, #2218, .T. ) ;
#282 = LINE ( 'NONE', #1684, #907 ) ;
#283 = VERTEX_POINT ( 'NONE', #1558 ) ;
#284 = ADVANCED_FACE ( 'NONE', ( #795 ), #1370, .F. ) ;
#285 = CARTESIAN_POINT ( 'NONE',  ( -37.20000000000000284, 0.000000000000000000, 2.000000000000000000 ) ) ;
#286 = AXIS2_PLACEMENT_3D ( 'NONE', #2094, #1641, #725 ) ;
#287 = AXIS2_PLACEMENT_3D ( 'NONE', #1381, #2525, #2302 ) ;
#288 = DIRECTION ( 'NONE',  ( 0.000000000000000000, 0.000000000000000000, 1.000000000000000000 ) ) ;
#289 = AXIS2_PLACEMENT_3D ( 'NONE', #101, #475, #2467 ) ;
#290 = VECTOR ( 'NONE', #1207, 1000.000000000000000 ) ;
#291 = ORIENTED_EDGE ( 'NONE', *, *, #1713, .T. ) ;
#292 = CARTESIAN_POINT ( 'NONE',  ( -47.01016025128925691, -18.18257577072857956, 6.000000000000001776 ) ) ;
#293 = FACE_OUTER_BOUND ( 'NONE', #1143, .T. ) ;
#294 = CIRCLE ( 'NONE', #1728, 0.2999999999999999889 ) ;
#295 = ORIENTED_EDGE ( 'NONE', *, *, #1686, .F. ) ;
#296 = DIRECTION ( 'NONE',  ( 1.000000000000000000, 0.000000000000000000, -0.000000000000000000 ) ) ;
#297 = CIRCLE ( 'NONE', #1614, 0.2999999999999999889 ) ;
#298 = AXIS2_PLACEMENT_3D ( 'NONE', #838, #1805, #4 ) ;
#299 = VERTEX_POINT ( 'NONE', #9 ) ;
#300 = CARTESIAN_POINT ( 'NONE',  ( -43.30085947219854603, -10.62461462387981292, 4.099999999999999645 ) ) ;
#301 = EDGE_CURVE ( 'NONE', #2288, #806, #1272, .T. ) ;
#302 = EDGE_CURVE ( 'NONE', #1903, #2560, #1601, .T. ) ;
#303 = LINE ( 'NONE', #66, #995 ) ;
#304 = EDGE_CURVE ( 'NONE', #2320, #2343, #74, .T. ) ;
#305 = ORIENTED_EDGE ( 'NONE', *, *, #903, .F. ) ;
#306 = FACE_OUTER_BOUND ( 'NONE', #2159, .T. ) ;
#307 = DIRECTION ( 'NONE',  ( 0.000000000000000000, 0.000000000000000000, 1.000000000000000000 ) ) ;
#308 = VERTEX_POINT ( 'NONE', #2132 ) ;
#309 = FACE_BOUND ( 'NONE', #568, .T. ) ;
#310 = ORIENTED_EDGE ( 'NONE', *, *, #2539, .F. ) ;
#311 = EDGE_LOOP ( 'NONE', ( #1909, #2255, #993, #1774, #390, #184 ) ) ;
#312 = DIRECTION ( 'NONE',  ( -1.000000000000000000, 0.000000000000000000, 0.000000000000000000 ) ) ;
#313 = DIRECTION ( 'NONE',  ( 1.000000000000000000, 0.000000000000000000, 0.000000000000000000 ) ) ;
#314 = ORIENTED_EDGE ( 'NONE', *, *, #932, .F. ) ;
#315 = LINE ( 'NONE', #685, #1970 ) ;
#316 = LINE ( 'NONE', #1478, #914 ) ;
#317 = EDGE_CURVE ( 'NONE', #1802, #501, #1910, .T. ) ;
#318 = ORIENTED_EDGE ( 'NONE', *, *, #12, .T. ) ;
#319 = FACE_OUTER_BOUND ( 'NONE', #1678, .T. ) ;
#320 = VERTEX_POINT ( 'NONE', #375 ) ;
#321 = CARTESIAN_POINT ( 'NONE',  ( -39.30000000000001137, 13.49999999999999822, 1.750000000000013323 ) ) ;
#322 = DIRECTION ( 'NONE',  ( 0.000000000000000000, 0.000000000000000000, 1.000000000000000000 ) ) ;
#323 = CIRCLE ( 'NONE', #1677, 9.000000000000001776 ) ;
#324 = CIRCLE ( 'NONE', #2463, 0.2999999999999999334 ) ;
#325 = DIRECTION ( 'NONE',  ( -1.000000000000000000, 0.000000000000000000, 0.000000000000000000 ) ) ;
#326 = CIRCLE ( 'NONE', #1033, 0.2999999999999999334 ) ;
#327 = FACE_OUTER_BOUND ( 'NONE', #1025, .T. ) ;
#328 = DIRECTION ( 'NONE',  ( 0.000000000000000000, 0.000000000000000000, -1.000000000000000000 ) ) ;
#329 = CIRCLE ( 'NONE', #499, 0.3000000000000016542 ) ;
#330 = CARTESIAN_POINT ( 'NONE',  ( -45.15000000000000568, 0.000000000000000000, 5.500000000000000000 ) ) ;
#331 = CIRCLE ( 'NONE', #2470, 0.3000000000000002109 ) ;
#332 = ADVANCED_FACE ( 'NONE', ( #1738 ), #2506, .T. ) ;
#333 = ORIENTED_EDGE ( 'NONE', *, *, #2221, .F. ) ;
#334 = FACE_BOUND ( 'NONE', #2078, .T. ) ;
#335 = EDGE_CURVE ( 'NONE', #1662, #729, #2162, .T. ) ;
#336 = VECTOR ( 'NONE', #2256, 1000.000000000000000 ) ;
#337 = VECTOR ( 'NONE', #1493, 1000.000000000000000 ) ;
#338 = ORIENTED_EDGE ( 'NONE', *, *, #1702, .F. ) ;
#339 = CARTESIAN_POINT ( 'NONE',  ( -41.98174907524072808, -26.24336311916725606, 8.345753745066900819 ) ) ;
#340 = LINE ( 'NONE', #2108, #1450 ) ;
#341 = CONICAL_SURFACE ( 'NONE', #1773, 3.099999999999998757, 0.7853981633974485010 ) ;
#342 = CARTESIAN_POINT ( 'NONE',  ( -45.15000000000000568, 0.000000000000000000, 5.999999999999998224 ) ) ;
#343 = VERTEX_POINT ( 'NONE', #561 ) ;
#344 = DIRECTION ( 'NONE',  ( 1.000000000000000000, -0.000000000000000000, -0.000000000000000000 ) ) ;
#345 = CARTESIAN_POINT ( 'NONE',  ( -44.72461462387981612, 4.400859472198536793, 5.500000000000000000 ) ) ;
#346 = ORIENTED_EDGE ( 'NONE', *, *, #874, .T. ) ;
#347 = DIRECTION ( 'NONE',  ( 0.000000000000000000, 0.000000000000000000, 1.000000000000000000 ) ) ;
#348 = VERTEX_POINT ( 'NONE', #1965 ) ;
#349 = ADVANCED_FACE ( 'NONE', ( #2305 ), #361, .F. ) ;
#350 = DIRECTION ( 'NONE',  ( 0.000000000000000000, 0.000000000000000000, -1.000000000000000000 ) ) ;
#351 = DIRECTION ( 'NONE',  ( -0.000000000000000000, 0.000000000000000000, 1.000000000000000000 ) ) ;
#352 = PERSON_AND_ORGANIZATION_ROLE ( 'design_owner' ) ;
#353 = CARTESIAN_POINT ( 'NONE',  ( -44.39999999999999858, -33.67544467966323651, 19.99999999999999645 ) ) ;
#354 = DIRECTION ( 'NONE',  ( 0.000000000000000000, 0.000000000000000000, 1.000000000000000000 ) ) ;
#355 = CARTESIAN_POINT ( 'NONE',  ( -44.39999999999999858, -40.00000000000000000, 11.00000000000000000 ) ) ;
#356 = CARTESIAN_POINT ( 'NONE',  ( -47.82461462387978912, -4.400859472198561662, 5.500000000000000000 ) ) ;
#357 = VERTEX_POINT ( 'NONE', #997 ) ;
#358 = VERTEX_POINT ( 'NONE', #1749 ) ;
#359 = DIRECTION ( 'NONE',  ( -1.000000000000000000, 0.000000000000000000, 0.000000000000000000 ) ) ;
#360 = ORIENTED_EDGE ( 'NONE', *, *, #889, .F. ) ;
#361 = CYLINDRICAL_SURFACE ( 'NONE', #1517, 3.600000000000000977 ) ;
#362 = DIRECTION ( 'NONE',  ( 1.000000000000000000, -0.000000000000000000, -0.000000000000000000 ) ) ;
#363 = ADVANCED_FACE ( 'NONE', ( #1146 ), #2540, .T. ) ;
#364 = LINE ( 'NONE', #1148, #43 ) ;
#365 = VECTOR ( 'NONE', #848, 1000.000000000000000 ) ;
#366 = CIRCLE ( 'NONE', #286, 2.500000000000000444 ) ;
#367 = EDGE_LOOP ( 'NONE', ( #1557, #225, #2370, #1696 ) ) ;
#368 = DIRECTION ( 'NONE',  ( 1.000000000000000000, -0.000000000000000000, -0.000000000000000000 ) ) ;
#369 = DIRECTION ( 'NONE',  ( -1.000000000000000000, 0.000000000000000000, 0.000000000000000000 ) ) ;
#370 = CIRCLE ( 'NONE', #704, 0.2999999999999997669 ) ;
#371 = CIRCLE ( 'NONE', #1648, 0.2999999999999993783 ) ;
#372 = EDGE_LOOP ( 'NONE', ( #1031, #2068, #1239, #531 ) ) ;
#373 = DIRECTION ( 'NONE',  ( -3.522281169496054356E-16, -1.000000000000000000, 0.000000000000000000 ) ) ;
#374 = ORIENTED_EDGE ( 'NONE', *, *, #858, .F. ) ;
#375 = CARTESIAN_POINT ( 'NONE',  ( -49.52461462387982039, 4.400859472198536793, 4.099999999999999645 ) ) ;
#376 = CIRCLE ( 'NONE', #2183, 3.099999999999998757 ) ;
#377 = CARTESIAN_POINT ( 'NONE',  ( -46.71292774976005546, -19.78558044872992738, 5.773211862854068954 ) ) ;
#378 = CALENDAR_DATE ( 2025, 16, 11 ) ;
#379 = CARTESIAN_POINT ( 'NONE',  ( -46.12461462387981470, 4.400859472198536793, 5.500000000000000000 ) ) ;
#380 = EDGE_CURVE ( 'NONE', #161, #608, #779, .T. ) ;
#381 = FACE_BOUND ( 'NONE', #2279, .T. ) ;
#382 = LINE ( 'NONE', #2313, #1806 ) ;
#383 = CARTESIAN_POINT ( 'NONE',  ( -42.10000000000000853, -27.31730540726918477, 9.102239098582177945 ) ) ;
#384 = ORIENTED_EDGE ( 'NONE', *, *, #1545, .F. ) ;
#385 = PLANE ( 'NONE',  #2342 ) ;
#386 = ORIENTED_EDGE ( 'NONE', *, *, #302, .F. ) ;
#387 = FACE_OUTER_BOUND ( 'NONE', #189, .T. ) ;
#388 = DIRECTION ( 'NONE',  ( -0.000000000000000000, -0.4166666666666746788, 0.9090593428863058545 ) ) ;
#389 = CARTESIAN_POINT ( 'NONE',  ( -44.39999999999999147, -30.34618655791423336, 12.22238229256590003 ) ) ;
#390 = ORIENTED_EDGE ( 'NONE', *, *, #1914, .F. ) ;
#391 = CARTESIAN_POINT ( 'NONE',  ( -37.30000000000001137, -23.00000000000000355, 6.788813002938237418 ) ) ;
#392 = DIRECTION ( 'NONE',  ( -2.168404344971009115E-16, -1.000000000000000000, 0.000000000000000000 ) ) ;
#393 = DIRECTION ( 'NONE',  ( -0.000000000000000000, -0.000000000000000000, -1.000000000000000000 ) ) ;
#394 = ADVANCED_FACE ( 'NONE', ( #387 ), #156, .F. ) ;
#395 = ORIENTED_EDGE ( 'NONE', *, *, #2028, .F. ) ;
#396 = FACE_OUTER_BOUND ( 'NONE', #174, .T. ) ;
#397 = ORIENTED_EDGE ( 'NONE', *, *, #462, .T. ) ;
#398 = CARTESIAN_POINT ( 'NONE',  ( -62.20000000000000284, -33.67544467966323651, -3.469446951953614189E-15 ) ) ;
#399 = DIRECTION ( 'NONE',  ( -0.000000000000000000, 0.8181818181818257818, -0.5749595745760582854 ) ) ;
#400 = APPROVAL_STATUS ( 'not_yet_approved' ) ;
#401 = CARTESIAN_POINT ( 'NONE',  ( -37.20000000000000284, 13.49999999999999822, 3.249999999999988454 ) ) ;
#402 = CARTESIAN_POINT ( 'NONE',  ( -40.11747570292512677, -23.97708311082640265, 7.159957794758476268 ) ) ;
#403 = CARTESIAN_POINT ( 'NONE',  ( -42.20000000001328289, -40.00000000000000000, 8.299999999995634425 ) ) ;
#404 =( NAMED_UNIT ( * ) PLANE_ANGLE_UNIT ( ) SI_UNIT ( $, .RADIAN. ) );
#405 = ORIENTED_EDGE ( 'NONE', *, *, #2317, .F. ) ;
#406 = DIRECTION ( 'NONE',  ( -1.000000000000000000, 2.168404344971009115E-16, 0.000000000000000000 ) ) ;
#407 = TOROIDAL_SURFACE ( 'NONE', #2550, 8.699999999999999289, 0.2999999999999999889 ) ;
#408 = EDGE_CURVE ( 'NONE', #697, #1895, #2129, .T. ) ;
#409 = CIRCLE ( 'NONE', #1112, 3.599999999948977347 ) ;
#410 = EDGE_CURVE ( 'NONE', #1933, #358, #904, .T. ) ;
#411 = ORIENTED_EDGE ( 'NONE', *, *, #1866, .F. ) ;
#412 = EDGE_CURVE ( 'NONE', #216, #608, #618, .T. ) ;
#413 = CARTESIAN_POINT ( 'NONE',  ( -37.20000000000000284, 0.000000000000000000, 5.500000000000000000 ) ) ;
#414 = VECTOR ( 'NONE', #912, 1000.000000000000000 ) ;
#415 = VECTOR ( 'NONE', #815, 1000.000000000000000 ) ;
#416 = ORIENTED_EDGE ( 'NONE', *, *, #1061, .T. ) ;
#417 = DIRECTION ( 'NONE',  ( -1.000000000000000000, 0.000000000000000000, 0.000000000000000000 ) ) ;
#418 = VECTOR ( 'NONE', #1763, 1000.000000000000000 ) ;
#419 = CIRCLE ( 'NONE', #752, 7.949999999999998401 ) ;
#420 = CARTESIAN_POINT ( 'NONE',  ( -38.95585301407457735, -22.88823217375187014, 6.756522060943898289 ) ) ;
#421 = CARTESIAN_POINT ( 'NONE',  ( -47.01016025128924980, -18.18257577072857245, 6.000000000000001776 ) ) ;
#422 = CARTESIAN_POINT ( 'NONE',  ( -49.52461462387982039, 4.400859472198536793, 5.500000000000000000 ) ) ;
#423 = CIRCLE ( 'NONE', #2020, 0.7499999999999867883 ) ;
#424 = ORIENTED_EDGE ( 'NONE', *, *, #2147, .T. ) ;
#425 = DIRECTION ( 'NONE',  ( -1.000000000000000000, 0.000000000000000000, 0.000000000000000000 ) ) ;
#426 =( BOUNDED_SURFACE ( )  B_SPLINE_SURFACE ( 3, 2, ( 
 ( #1590, #391, #2377 ),
 ( #1191, #823, #2 ),
 ( #2208, #1178, #1956 ),
 ( #1972, #1803, #976 ),
 ( #420, #1603, #1165 ),
 ( #1986, #2354, #2407 ),
 ( #630, #592, #226 ),
 ( #836, #402, #1375 ),
 ( #235, #1016, #1765 ),
 ( #1946, #1414, #1619 ),
 ( #181, #195, #602 ),
 ( #988, #641, #1752 ),
 ( #1581, #2365, #1387 ),
 ( #2167, #213, #1005 ),
 ( #339, #443, #54 ),
 ( #1065, #1043, #2444 ),
 ( #1243, #653, #2034 ),
 ( #1816, #2291, #77 ) ),
 .UNSPECIFIED., .F., .F., .F. ) 
 B_SPLINE_SURFACE_WITH_KNOTS ( ( 4, 2, 2, 2, 2, 2, 2, 2, 4 ),
 ( 3, 3 ),
 ( 6.505213034913026604E-19, 0.001007206031253814280, 0.002014412062507627693, 0.003021618093761441106, 0.004028824125015254519, 0.005036030156269067498, 0.006043236187522881345, 0.007050442218776695191, 0.008057648250030509038 ),
 ( 0.000000000000000000, 1.000000000000000000 ),
 .UNSPECIFIED. ) 
 GEOMETRIC_REPRESENTATION_ITEM ( )  RATIONAL_B_SPLINE_SURFACE ( (
 ( 1.000000000000000000, 0.5936090946181269423, 1.000000000000000000),
 ( 1.000000000000000000, 0.5936165996968786329, 1.000000000000000000),
 ( 1.000000000000000000, 0.5935302119264683762, 1.000000000000000000),
 ( 1.000000000000000000, 0.5934733494027552014, 1.000000000000000000),
 ( 1.000000000000000000, 0.5935026777477482307, 1.000000000000000000),
 ( 1.000000000000000000, 0.5943672746053288991, 1.000000000000000000),
 ( 1.000000000000000000, 0.5951999000367921289, 1.000000000000000000),
 ( 1.000000000000000000, 0.5986382097176067285, 1.000000000000000000),
 ( 1.000000000000000000, 0.6012180449232720214, 1.000000000000000000),
 ( 1.000000000000000000, 0.6087957877983667387, 1.000000000000000000),
 ( 1.000000000000000000, 0.6138842235608172881, 1.000000000000000000),
 ( 1.000000000000000000, 0.6266134974783370559, 1.000000000000000000),
 ( 1.000000000000000000, 0.6342421616077329460, 1.000000000000000000),
 ( 1.000000000000000000, 0.6519962609738108039, 1.000000000000000000),
 ( 1.000000000000000000, 0.6620240931941698825, 1.000000000000000000),
 ( 1.000000000000000000, 0.6835092563034654845, 1.000000000000000000),
 ( 1.000000000000000000, 0.6950285862452093566, 1.000000000000000000),
 ( 1.000000000000000000, 0.7071067811865475727, 1.000000000000000000) ) ) 
 REPRESENTATION_ITEM ( '' )  SURFACE ( )  );
#427 = EDGE_LOOP ( 'NONE', ( #2233, #1863 ) ) ;
#428 = LINE ( 'NONE', #2403, #1271 ) ;
#429 = EDGE_CURVE ( 'NONE', #358, #2447, #7, .T. ) ;
#430 = EDGE_LOOP ( 'NONE', ( #1310, #612, #1821, #1019 ) ) ;
#431 = ORIENTED_EDGE ( 'NONE', *, *, #222, .F. ) ;
#432 = CARTESIAN_POINT ( 'NONE',  ( -44.70000000000000284, -40.00000000000000000, 14.59999999999999964 ) ) ;
#433 = FACE_OUTER_BOUND ( 'NONE', #1419, .T. ) ;
#434 = LINE ( 'NONE', #824, #415 ) ;
#435 = DIRECTION ( 'NONE',  ( -1.000000000000000000, 0.000000000000000000, 0.000000000000000000 ) ) ;
#436 = VERTEX_POINT ( 'NONE', #845 ) ;
#437 = CARTESIAN_POINT ( 'NONE',  ( -42.19999999995643947, -40.00000000000000000, 11.00000000000000000 ) ) ;
#438 = ORIENTED_EDGE ( 'NONE', *, *, #1658, .F. ) ;
#439 = DIRECTION ( 'NONE',  ( -1.000000000000000000, 2.168404344971009115E-16, 0.000000000000000000 ) ) ;
#440 = ORIENTED_EDGE ( 'NONE', *, *, #2028, .T. ) ;
#441 = ORIENTED_EDGE ( 'NONE', *, *, #2041, .T. ) ;
#442 = LINE ( 'NONE', #1176, #751 ) ;
#443 = CARTESIAN_POINT ( 'NONE',  ( -41.64718513959244461, -26.29389831409609712, 8.378261545738036276 ) ) ;
#444 = EDGE_CURVE ( 'NONE', #2225, #978, #109, .T. ) ;
#445 = CARTESIAN_POINT ( 'NONE',  ( -51.84656781095890921, -5.654029656712326712, 5.700000000000000178 ) ) ;
#446 = CYLINDRICAL_SURFACE ( 'NONE', #298, 15.50000000000000000 ) ;
#447 = VERTEX_POINT ( 'NONE', #1822 ) ;
#448 = DIRECTION ( 'NONE',  ( 0.000000000000000000, -1.000000000000000000, 0.000000000000000000 ) ) ;
#449 = CARTESIAN_POINT ( 'NONE',  ( -45.98888236832603837, -21.82720307681921668, 6.080419460748163196 ) ) ;
#450 = AXIS2_PLACEMENT_3D ( 'NONE', #1551, #2337, #354 ) ;
#451 = AXIS2_PLACEMENT_3D ( 'NONE', #1200, #1011, #2202 ) ;
#452 = ORIENTED_EDGE ( 'NONE', *, *, #1618, .F. ) ;
#453 = CARTESIAN_POINT ( 'NONE',  ( -44.70000000001100915, -40.00000000000000000, 14.79999999995561666 ) ) ;
#454 = VECTOR ( 'NONE', #117, 1000.000000000000000 ) ;
#455 = VERTEX_POINT ( 'NONE', #453 ) ;
#456 = AXIS2_PLACEMENT_3D ( 'NONE', #2112, #344, #1917 ) ;
#457 = DIRECTION ( 'NONE',  ( -0.7071067811865536790, -8.659560562354860135E-17, 0.7071067811865414665 ) ) ;
#458 = AXIS2_PLACEMENT_3D ( 'NONE', #1054, #877, #1244 ) ;
#459 = DIRECTION ( 'NONE',  ( 0.000000000000000000, 1.000000000000000000, -0.000000000000000000 ) ) ;
#460 = DIRECTION ( 'NONE',  ( 0.000000000000000000, 0.000000000000000000, -1.000000000000000000 ) ) ;
#461 = CIRCLE ( 'NONE', #2518, 15.69999999999999929 ) ;
#462 = EDGE_CURVE ( 'NONE', #2330, #1458, #2386, .T. ) ;
#463 = EDGE_CURVE ( 'NONE', #2153, #1811, #201, .T. ) ;
#464 = ORIENTED_EDGE ( 'NONE', *, *, #973, .T. ) ;
#465 = CARTESIAN_POINT ( 'NONE',  ( -51.84656781095890921, -5.654029656712326712, 6.000000000000000000 ) ) ;
#466 = CARTESIAN_POINT ( 'NONE',  ( -44.82616573163335261, -27.80477443089467116, 9.480463035490981127 ) ) ;
#467 = EDGE_LOOP ( 'NONE', ( #981, #1337, #1114, #1306 ) ) ;
#468 = DIRECTION ( 'NONE',  ( -1.000000000000000000, 0.000000000000000000, 0.000000000000000000 ) ) ;
#469 = VERTEX_POINT ( 'NONE', #2230 ) ;
#470 = CARTESIAN_POINT ( 'NONE',  ( -40.84224723306276417, -24.70842939091452095, 7.072868840847735150 ) ) ;
#471 = DIRECTION ( 'NONE',  ( -1.000000000000000000, 0.000000000000000000, 0.000000000000000000 ) ) ;
#472 = DIRECTION ( 'NONE',  ( -1.000000000000000000, 0.000000000000000000, 0.000000000000000000 ) ) ;
#473 = B_SPLINE_CURVE_WITH_KNOTS ( 'NONE', 3,
 ( #264, #2234, #847, #887, #1629, #1665, #1486, #1851, #470, #1825, #1433, #2022, #1836, #1254, #2032, #248, #1089, #870 ),
 .UNSPECIFIED., .F., .F.,
 ( 4, 2, 2, 2, 2, 2, 2, 2, 4 ),
 ( 0.000000000000000000, 0.0009530282360152929995, 0.001906056472030585999, 0.002859084708045878890, 0.003812112944061171998, 0.004765141180076464672, 0.005718169416091757780, 0.006671197652107050888, 0.007624225888122343996 ),
 .UNSPECIFIED. ) ;
#474 = ORIENTED_EDGE ( 'NONE', *, *, #301, .T. ) ;
#475 = DIRECTION ( 'NONE',  ( 1.000000000000000000, -0.000000000000000000, -0.000000000000000000 ) ) ;
#476 = CARTESIAN_POINT ( 'NONE',  ( -41.80000000000000426, -33.67544467966323651, 0.2999999999999999889 ) ) ;
#477 = EDGE_CURVE ( 'NONE', #2290, #2161, #428, .T. ) ;
#478 = EDGE_LOOP ( 'NONE', ( #853, #1737, #1500, #1554 ) ) ;
#479 = DIRECTION ( 'NONE',  ( 0.000000000000000000, 0.000000000000000000, 1.000000000000000000 ) ) ;
#480 = ORIENTED_EDGE ( 'NONE', *, *, #2488, .T. ) ;
#481 = DIRECTION ( 'NONE',  ( 0.000000000000000000, 0.000000000000000000, 1.000000000000000000 ) ) ;
#482 = CARTESIAN_POINT ( 'NONE',  ( -39.75064546427066858, 13.49999999999999822, 2.500000000000000000 ) ) ;
#483 = LINE ( 'NONE', #1488, #1037 ) ;
#484 = VERTEX_POINT ( 'NONE', #637 ) ;
#485 = LINE ( 'NONE', #1269, #2433 ) ;
#486 = CARTESIAN_POINT ( 'NONE',  ( -47.09727887977778948, -18.78993217116205727, 5.700000000000002842 ) ) ;
#487 = VERTEX_POINT ( 'NONE', #1598 ) ;
#488 = FACE_BOUND ( 'NONE', #56, .T. ) ;
#489 = AXIS2_PLACEMENT_3D ( 'NONE', #2544, #1996, #1781 ) ;
#490 = EDGE_CURVE ( 'NONE', #608, #216, #1561, .T. ) ;
#491 = EDGE_CURVE ( 'NONE', #2161, #519, #219, .T. ) ;
#492 = AXIS2_PLACEMENT_3D ( 'NONE', #1710, #2497, #2512 ) ;
#493 = EDGE_LOOP ( 'NONE', ( #778, #1906 ) ) ;
#494 = CC_DESIGN_DATE_AND_TIME_ASSIGNMENT ( #563, #1138, ( #652 ) ) ;
#495 = DIRECTION ( 'NONE',  ( -1.000000000000000000, 0.000000000000000000, 0.000000000000000000 ) ) ;
#496 = CIRCLE ( 'NONE', #1881, 0.2999999999999999334 ) ;
#497 = AXIS2_PLACEMENT_3D ( 'NONE', #885, #1663, #1459 ) ;
#498 = CYLINDRICAL_SURFACE ( 'NONE', #1198, 0.7499999999999876765 ) ;
#499 = AXIS2_PLACEMENT_3D ( 'NONE', #230, #2200, #1440 ) ;
#500 = VECTOR ( 'NONE', #1101, 1000.000000000000000 ) ;
#501 = VERTEX_POINT ( 'NONE', #2385 ) ;
#502 = FACE_OUTER_BOUND ( 'NONE', #372, .T. ) ;
#503 = DIRECTION ( 'NONE',  ( 0.000000000000000000, -1.000000000000000000, 0.000000000000000000 ) ) ;
#504 = AXIS2_PLACEMENT_3D ( 'NONE', #692, #73, #857 ) ;
#505 = PRODUCT_DEFINITION_SHAPE ( 'NONE', 'NONE',  #652 ) ;
#506 = VERTEX_POINT ( 'NONE', #2030 ) ;
#507 = DIRECTION ( 'NONE',  ( -1.000000000000000000, 2.168404344971009115E-16, -0.000000000000000000 ) ) ;
#508 = AXIS2_PLACEMENT_3D ( 'NONE', #913, #1096, #721 ) ;
#509 = APPROVAL_PERSON_ORGANIZATION ( #2136, #104, #1562 ) ;
#510 = ORIENTED_EDGE ( 'NONE', *, *, #1060, .F. ) ;
#511 = DIRECTION ( 'NONE',  ( -3.469446951953613696E-16, -1.000000000000000000, 0.000000000000000000 ) ) ;
#512 = ADVANCED_FACE ( 'NONE', ( #271 ), #1761, .T. ) ;
#513 = EDGE_CURVE ( 'NONE', #722, #348, #1992, .T. ) ;
#514 = DIRECTION ( 'NONE',  ( 1.000000000000000000, -0.000000000000000000, -0.000000000000000000 ) ) ;
#515 = APPLICATION_CONTEXT ( 'configuration controlled 3d designs of mechanical parts and assemblies' ) ;
#516 = ORIENTED_EDGE ( 'NONE', *, *, #1594, .F. ) ;
#517 = DIRECTION ( 'NONE',  ( 0.000000000000000000, 0.000000000000000000, -1.000000000000000000 ) ) ;
#518 = CARTESIAN_POINT ( 'NONE',  ( -74.69999999999998863, -30.58945877365794530, 0.2999999999999999889 ) ) ;
#519 = VERTEX_POINT ( 'NONE', #71 ) ;
#520 = DIRECTION ( 'NONE',  ( 0.000000000000000000, 0.000000000000000000, 1.000000000000000000 ) ) ;
#521 = ORIENTED_EDGE ( 'NONE', *, *, #1149, .F. ) ;
#522 = DIRECTION ( 'NONE',  ( 1.000000000000000000, -0.000000000000000000, -0.000000000000000000 ) ) ;
#523 = CARTESIAN_POINT ( 'NONE',  ( -40.74999999999999289, -40.00000000000000000, 7.749999999999999112 ) ) ;
#524 = EDGE_CURVE ( 'NONE', #1250, #519, #534, .T. ) ;
#525 = EDGE_CURVE ( 'NONE', #2161, #50, #864, .T. ) ;
#526 = ORIENTED_EDGE ( 'NONE', *, *, #607, .T. ) ;
#527 = LINE ( 'NONE', #936, #1075 ) ;
#528 = CARTESIAN_POINT ( 'NONE',  ( -47.09961462387979481, -4.400859472198561662, 6.000000000000000000 ) ) ;
#529 = ORIENTED_EDGE ( 'NONE', *, *, #1908, .T. ) ;
#530 = CARTESIAN_POINT ( 'NONE',  ( -37.20000000000000284, 15.50000000000000000, 5.999999999999998224 ) ) ;
#531 = ORIENTED_EDGE ( 'NONE', *, *, #2207, .T. ) ;
#532 = DIRECTION ( 'NONE',  ( 0.9329024083413287594, 0.3601292774976075362, 0.000000000000000000 ) ) ;
#533 = CARTESIAN_POINT ( 'NONE',  ( -44.70000000000000284, -32.09118371688911253, 14.62500000000000533 ) ) ;
#534 = CIRCLE ( 'NONE', #1967, 2.700000000004365575 ) ;
#535 = FACE_OUTER_BOUND ( 'NONE', #1013, .T. ) ;
#536 = CIRCLE ( 'NONE', #2130, 1.700000000000000178 ) ;
#537 = ORIENTED_EDGE ( 'NONE', *, *, #2500, .F. ) ;
#538 = CARTESIAN_POINT ( 'NONE',  ( -44.39999999999999858, -32.09118371688911253, 14.62500000000000533 ) ) ;
#539 = AXIS2_PLACEMENT_3D ( 'NONE', #1829, #2037, #1859 ) ;
#540 = DIRECTION ( 'NONE',  ( -0.000000000000000000, -0.000000000000000000, -1.000000000000000000 ) ) ;
#541 = EDGE_CURVE ( 'NONE', #343, #1393, #2507, .T. ) ;
#542 = ADVANCED_FACE ( 'NONE', ( #1896, #319 ), #1288, .T. ) ;
#543 = AXIS2_PLACEMENT_3D ( 'NONE', #99, #472, #460 ) ;
#544 = EDGE_LOOP ( 'NONE', ( #1211, #2438, #776, #333 ) ) ;
#545 = DIRECTION ( 'NONE',  ( -2.168404344971009115E-16, -1.000000000000000000, 0.000000000000000000 ) ) ;
#546 = CIRCLE ( 'NONE', #1652, 15.50000000000000000 ) ;
#547 = AXIS2_PLACEMENT_3D ( 'NONE', #46, #178, #58 ) ;
#548 = EDGE_LOOP ( 'NONE', ( #714, #2304, #2420, #384 ) ) ;
#549 = CARTESIAN_POINT ( 'NONE',  ( -39.30000000000001137, 13.49999999999999822, 3.249999999999986677 ) ) ;
#550 = CARTESIAN_POINT ( 'NONE',  ( -42.32585947219855882, 10.62461462387978450, 0.000000000000000000 ) ) ;
#551 = COORDINATED_UNIVERSAL_TIME_OFFSET ( 8, 0, .AHEAD. ) ;
#552 = LINE ( 'NONE', #1539, #252 ) ;
#553 = DIRECTION ( 'NONE',  ( -0.7071067811865479058, 0.000000000000000000, 0.7071067811865470176 ) ) ;
#554 = CARTESIAN_POINT ( 'NONE',  ( -37.20000000000000284, 13.49999999999999822, 2.500000000000000000 ) ) ;
#555 = CARTESIAN_POINT ( 'NONE',  ( -44.70000000000000284, -30.58945877365794530, 12.04682993841721839 ) ) ;
#556 = ORIENTED_EDGE ( 'NONE', *, *, #2399, .F. ) ;
#557 = VERTEX_POINT ( 'NONE', #86 ) ;
#558 = DIRECTION ( 'NONE',  ( 0.000000000000000000, 0.000000000000000000, 1.000000000000000000 ) ) ;
#559 = ADVANCED_FACE ( 'NONE', ( #902 ), #1872, .T. ) ;
#560 = ORIENTED_EDGE ( 'NONE', *, *, #1931, .F. ) ;
#561 = CARTESIAN_POINT ( 'NONE',  ( -41.80000000000000426, -40.00000000000000000, 7.749999999999998224 ) ) ;
#562 = CARTESIAN_POINT ( 'NONE',  ( -37.20000000000000284, 0.000000000000000000, 6.000000000000000000 ) ) ;
#563 = DATE_AND_TIME ( #1944, #2441 ) ;
#564 = CARTESIAN_POINT ( 'NONE',  ( -39.30000000000001137, -13.49999999999999822, 2.500000000000000000 ) ) ;
#565 = ORIENTED_EDGE ( 'NONE', *, *, #2207, .F. ) ;
#566 = DIRECTION ( 'NONE',  ( -0.000000000000000000, -0.000000000000000000, -1.000000000000000000 ) ) ;
#567 = DIRECTION ( 'NONE',  ( 1.000000000000000000, -0.000000000000000000, -0.000000000000000000 ) ) ;
#568 = EDGE_LOOP ( 'NONE', ( #1828, #2229 ) ) ;
#569 = CARTESIAN_POINT ( 'NONE',  ( -42.10000000000000142, -27.49999999999999645, 8.864283880553822215 ) ) ;
#570 = ORIENTED_EDGE ( 'NONE', *, *, #1062, .F. ) ;
#571 = DIRECTION ( 'NONE',  ( -1.000000000000000000, -0.000000000000000000, -0.000000000000000000 ) ) ;
#572 = CARTESIAN_POINT ( 'NONE',  ( -44.50959405146944903, -27.79028792095400746, 9.468310188494662327 ) ) ;
#573 = ADVANCED_FACE ( 'NONE', ( #1481, #488, #334, #309, #1495 ), #1883, .F. ) ;
#574 = PERSON_AND_ORGANIZATION ( #152, #1163 ) ;
#575 = AXIS2_PLACEMENT_3D ( 'NONE', #275, #1255, #1124 ) ;
#576 = EDGE_LOOP ( 'NONE', ( #411, #1515, #1156, #1109 ) ) ;
#577 = DIRECTION ( 'NONE',  ( -1.000000000000000000, 0.000000000000000000, 0.000000000000000000 ) ) ;
#578 = DIRECTION ( 'NONE',  ( 0.000000000000000000, -0.9090593428863036340, -0.4166666666666794527 ) ) ;
#579 = FACE_OUTER_BOUND ( 'NONE', #803, .T. ) ;
#580 = CIRCLE ( 'NONE', #2007, 3.249999999999999556 ) ;
#581 = CIRCLE ( 'NONE', #664, 0.7499999999999885647 ) ;
#582 = VERTEX_POINT ( 'NONE', #2266 ) ;
#583 = VECTOR ( 'NONE', #1079, 1000.000000000000000 ) ;
#584 = ORIENTED_EDGE ( 'NONE', *, *, #1639, .F. ) ;
#585 = CARTESIAN_POINT ( 'NONE',  ( -37.20000000000000284, -13.49999999999999822, 3.249999999999987566 ) ) ;
#586 = CARTESIAN_POINT ( 'NONE',  ( -44.69999999999999574, -30.58945877365794530, 12.04682993841721839 ) ) ;
#587 = AXIS2_PLACEMENT_3D ( 'NONE', #1925, #1100, #2487 ) ;
#588 = LINE ( 'NONE', #1204, #41 ) ;
#589 = CIRCLE ( 'NONE', #1326, 0.7249999999999965361 ) ;
#590 = EDGE_CURVE ( 'NONE', #763, #97, #282, .T. ) ;
#591 = ADVANCED_FACE ( 'NONE', ( #1098 ), #1471, .T. ) ;
#592 = CARTESIAN_POINT ( 'NONE',  ( -39.62484198897680443, -23.63458979614789612, 7.020593521531885983 ) ) ;
#593 = DIRECTION ( 'NONE',  ( -1.000000000000000000, 0.000000000000000000, 0.000000000000000000 ) ) ;
#594 = CARTESIAN_POINT ( 'NONE',  ( -42.20000000001328289, -40.00000000000000000, 11.00000000000000000 ) ) ;
#595 = ORIENTED_EDGE ( 'NONE', *, *, #764, .F. ) ;
#596 = CARTESIAN_POINT ( 'NONE',  ( -52.90000000000000568, 0.000000000000000000, 6.000000000000000000 ) ) ;
#597 = ORIENTED_EDGE ( 'NONE', *, *, #2074, .T. ) ;
#598 = DIRECTION ( 'NONE',  ( 1.000000000000000000, 0.000000000000000000, 0.000000000000000000 ) ) ;
#599 = CARTESIAN_POINT ( 'NONE',  ( -46.43305702725765371, -19.64822860872080668, 6.071776336131440743 ) ) ;
#600 = DATE_AND_TIME ( #147, #2062 ) ;
#601 = DIRECTION ( 'NONE',  ( 1.000000000000000000, -0.000000000000000000, -0.000000000000000000 ) ) ;
#602 = CARTESIAN_POINT ( 'NONE',  ( -41.00602474648225382, -24.93099923452080802, 7.182651397410027450 ) ) ;
#603 = DIRECTION ( 'NONE',  ( 0.000000000000000000, 0.000000000000000000, 1.000000000000000000 ) ) ;
#604 = CARTESIAN_POINT ( 'NONE',  ( -41.60085947219855029, -10.62461462387981292, 5.500000000000000000 ) ) ;
#605 = EDGE_CURVE ( 'NONE', #18, #2036, #76, .T. ) ;
#606 = EDGE_CURVE ( 'NONE', #868, #1903, #893, .T. ) ;
#607 = EDGE_CURVE ( 'NONE', #161, #216, #2460, .T. ) ;
#608 = VERTEX_POINT ( 'NONE', #866 ) ;
#609 = DIRECTION ( 'NONE',  ( 0.000000000000000000, 0.000000000000000000, 1.000000000000000000 ) ) ;
#610 = VERTEX_POINT ( 'NONE', #1107 ) ;
#611 = DIRECTION ( 'NONE',  ( 0.000000000000000000, 1.156482317317871607E-14, 1.000000000000000000 ) ) ;
#612 = ORIENTED_EDGE ( 'NONE', *, *, #272, .T. ) ;
#613 = DIRECTION ( 'NONE',  ( 0.000000000000000000, 0.000000000000000000, 1.000000000000000000 ) ) ;
#614 = CARTESIAN_POINT ( 'NONE',  ( -51.84656781095890921, -5.654029656712326712, 0.000000000000000000 ) ) ;
#615 = FACE_OUTER_BOUND ( 'NONE', #694, .T. ) ;
#616 = EDGE_LOOP ( 'NONE', ( #1991, #1170, #1496, #2535, #280, #2148, #2021, #850, #537, #1687, #8, #1074 ) ) ;
#617 = CARTESIAN_POINT ( 'NONE',  ( -46.12461462387981470, 4.400859472198536793, -6.938893903907228378E-15 ) ) ;
#618 = CIRCLE ( 'NONE', #2048, 0.7499999999999867883 ) ;
#619 = EDGE_CURVE ( 'NONE', #2481, #1323, #2079, .T. ) ;
#620 = CIRCLE ( 'NONE', #1401, 0.7249999999999965361 ) ;
#621 = ORIENTED_EDGE ( 'NONE', *, *, #2334, .T. ) ;
#622 = CARTESIAN_POINT ( 'NONE',  ( -37.96770195853390817, -22.64580622440710300, 6.679226015399365224 ) ) ;
#623 = VECTOR ( 'NONE', #1716, 1000.000000000000000 ) ;
#624 = AXIS2_PLACEMENT_3D ( 'NONE', #2408, #1017, #23 ) ;
#625 = ORIENTED_EDGE ( 'NONE', *, *, #1701, .T. ) ;
#626 = ORIENTED_EDGE ( 'NONE', *, *, #1093, .T. ) ;
#627 = CARTESIAN_POINT ( 'NONE',  ( -45.15431256155616779, -23.67743006393491711, 7.002977372882813079 ) ) ;
#628 = AXIS2_PLACEMENT_3D ( 'NONE', #1985, #1397, #2406 ) ;
#629 = VECTOR ( 'NONE', #2066, 1000.000000000000000 ) ;
#630 = CARTESIAN_POINT ( 'NONE',  ( -39.85068252978852854, -23.31759156109656317, 6.904846796231039363 ) ) ;
#631 = CARTESIAN_POINT ( 'NONE',  ( -37.20000000000000284, -4.499999999999998224, 2.000000000000000000 ) ) ;
#632 = DIRECTION ( 'NONE',  ( -0.000000000000000000, -0.000000000000000000, 1.000000000000000000 ) ) ;
#633 = APPROVAL_PERSON_ORGANIZATION ( #1372, #1640, #1343 ) ;
#634 = VERTEX_POINT ( 'NONE', #916 ) ;
#635 = FACE_BOUND ( 'NONE', #2434, .T. ) ;
#636 = ORIENTED_EDGE ( 'NONE', *, *, #2351, .T. ) ;
#637 = CARTESIAN_POINT ( 'NONE',  ( -52.90000000000000568, 0.000000000000000000, 0.000000000000000000 ) ) ;
#638 = EDGE_CURVE ( 'NONE', #1369, #1707, #34, .T. ) ;
#639 = EDGE_LOOP ( 'NONE', ( #81, #2415, #1867, #405, #1628, #1795, #2144 ) ) ;
#640 = LINE ( 'NONE', #2542, #669 ) ;
#641 = CARTESIAN_POINT ( 'NONE',  ( -41.23083333226620795, -25.28609355208812204, 7.785119948245650789 ) ) ;
#642 = DIRECTION ( 'NONE',  ( 1.000000000000000000, -2.168404344971009115E-16, -0.000000000000000000 ) ) ;
#643 = CARTESIAN_POINT ( 'NONE',  ( -37.20000000000000284, 6.000000000000008882, 5.999999999999998224 ) ) ;
#644 = VERTEX_POINT ( 'NONE', #1504 ) ;
#645 = ORIENTED_EDGE ( 'NONE', *, *, #205, .T. ) ;
#646 = CARTESIAN_POINT ( 'NONE',  ( -45.47182870395644727, -23.74886966266689470, 7.031596568476150111 ) ) ;
#647 = ORIENTED_EDGE ( 'NONE', *, *, #2254, .T. ) ;
#648 = CARTESIAN_POINT ( 'NONE',  ( -40.36803990522539465, -23.68372676235277297, 7.043705713227178755 ) ) ;
#649 = VERTEX_POINT ( 'NONE', #2055 ) ;
#650 = ADVANCED_FACE ( 'NONE', ( #698 ), #2289, .T. ) ;
#651 = DIRECTION ( 'NONE',  ( 0.000000000000000000, -0.000000000000000000, -1.000000000000000000 ) ) ;
#652 = PRODUCT_DEFINITION ( 'UNKNOWN', '', #1736, #1531 ) ;
#653 = CARTESIAN_POINT ( 'NONE',  ( -41.78957262291579866, -27.05948756080694650, 8.904294600364314860 ) ) ;
#654 = DIRECTION ( 'NONE',  ( 0.000000000000000000, 0.000000000000000000, -1.000000000000000000 ) ) ;
#655 = VERTEX_POINT ( 'NONE', #530 ) ;
#656 = CARTESIAN_POINT ( 'NONE',  ( -37.20000000000000284, 13.49999999999999822, 1.750000000000012434 ) ) ;
#657 = CARTESIAN_POINT ( 'NONE',  ( -44.69999999999999574, -29.94658145919441594, 11.14705202798168315 ) ) ;
#658 = AXIS2_PLACEMENT_3D ( 'NONE', #1140, #1916, #577 ) ;
#659 = VECTOR ( 'NONE', #2008, 1000.000000000000000 ) ;
#660 = EDGE_LOOP ( 'NONE', ( #1287, #1709 ) ) ;
#661 = CARTESIAN_POINT ( 'NONE',  ( -39.54556726666010036, -23.14550754728413651, 6.844133280039358169 ) ) ;
#662 = AXIS2_PLACEMENT_3D ( 'NONE', #2451, #2485, #723 ) ;
#663 = EDGE_LOOP ( 'NONE', ( #817, #1455, #901, #59 ) ) ;
#664 = AXIS2_PLACEMENT_3D ( 'NONE', #2435, #2261, #68 ) ;
#665 = FACE_OUTER_BOUND ( 'NONE', #311, .T. ) ;
#666 = CIRCLE ( 'NONE', #2056, 15.69999999999999929 ) ;
#667 = CARTESIAN_POINT ( 'NONE',  ( -47.82461462387981754, 4.400859472198536793, 4.099999999999999645 ) ) ;
#668 = CARTESIAN_POINT ( 'NONE',  ( -49.52461462387982039, 4.400859472198536793, -6.938893903907228378E-15 ) ) ;
#669 = VECTOR ( 'NONE', #1373, 1000.000000000000000 ) ;
#670 = ADVANCED_FACE ( 'NONE', ( #1307, #2090 ), #2439, .T. ) ;
#671 = EDGE_CURVE ( 'NONE', #487, #1595, #1907, .T. ) ;
#672 = AXIS2_PLACEMENT_3D ( 'NONE', #1291, #1889, #1312 ) ;
#673 = EDGE_LOOP ( 'NONE', ( #1055, #1181, #291, #1882 ) ) ;
#674 = DIRECTION ( 'NONE',  ( 0.000000000000000000, -1.000000000000000000, 0.000000000000000000 ) ) ;
#675 = CARTESIAN_POINT ( 'NONE',  ( -42.32585947219855882, 10.62461462387978450, 5.500000000000000000 ) ) ;
#676 = LOCAL_TIME ( 12, 24, 39.00000000000000000, #551 ) ;
#677 = ORIENTED_EDGE ( 'NONE', *, *, #1092, .F. ) ;
#678 = DIRECTION ( 'NONE',  ( 0.000000000000000000, 0.000000000000000000, -1.000000000000000000 ) ) ;
#679 = ORIENTED_EDGE ( 'NONE', *, *, #920, .F. ) ;
#680 = LINE ( 'NONE', #1264, #2515 ) ;
#681 = LINE ( 'NONE', #250, #863 ) ;
#682 = CARTESIAN_POINT ( 'NONE',  ( -37.20000000000000284, 0.000000000000000000, 0.000000000000000000 ) ) ;
#683 = ORIENTED_EDGE ( 'NONE', *, *, #412, .F. ) ;
#684 = EDGE_CURVE ( 'NONE', #2225, #557, #2088, .T. ) ;
#685 = CARTESIAN_POINT ( 'NONE',  ( -37.20000000000000284, -6.000000000000008882, 2.000000000000000000 ) ) ;
#686 = EDGE_CURVE ( 'NONE', #634, #753, #409, .T. ) ;
#687 = CARTESIAN_POINT ( 'NONE',  ( -46.71292774976006257, -19.78558044872993094, 5.773211862854067178 ) ) ;
#688 = ADVANCED_FACE ( 'NONE', ( #1555 ), #385, .T. ) ;
#689 = ORIENTED_EDGE ( 'NONE', *, *, #1964, .F. ) ;
#690 = CARTESIAN_POINT ( 'NONE',  ( -44.70000000000000284, -48.00000000000000000, -6.938893903907228378E-15 ) ) ;
#691 = ORIENTED_EDGE ( 'NONE', *, *, #1182, .F. ) ;
#692 = CARTESIAN_POINT ( 'NONE',  ( -37.20000000000000284, 0.000000000000000000, -0.09738620076059964492 ) ) ;
#693 = FACE_OUTER_BOUND ( 'NONE', #1518, .T. ) ;
#694 = EDGE_LOOP ( 'NONE', ( #1989, #2111, #122, #1257 ) ) ;
#695 = CARTESIAN_POINT ( 'NONE',  ( -37.29999999999999716, -22.69999999999999929, 0.2999999999999999889 ) ) ;
#696 = DIRECTION ( 'NONE',  ( -1.000000000000000000, 0.000000000000000000, 0.000000000000000000 ) ) ;
#697 = VERTEX_POINT ( 'NONE', #1533 ) ;
#698 = FACE_OUTER_BOUND ( 'NONE', #673, .T. ) ;
#699 = AXIS2_PLACEMENT_3D ( 'NONE', #1630, #2418, #532 ) ;
#700 = EDGE_CURVE ( 'NONE', #978, #1599, #496, .T. ) ;
#701 = EDGE_CURVE ( 'NONE', #855, #644, #867, .T. ) ;
#702 = ORIENTED_EDGE ( 'NONE', *, *, #919, .F. ) ;
#703 = CARTESIAN_POINT ( 'NONE',  ( -44.39999999999999858, -30.58945877365794530, 0.2999999999999999889 ) ) ;
#704 = AXIS2_PLACEMENT_3D ( 'NONE', #569, #1131, #1544 ) ;
#705 = AXIS2_PLACEMENT_3D ( 'NONE', #2533, #1115, #1904 ) ;
#706 = CARTESIAN_POINT ( 'NONE',  ( -40.55000000000000426, -40.00000000000000000, 11.00000000000000000 ) ) ;
#707 = CONICAL_SURFACE ( 'NONE', #878, 3.250000000000000444, 0.7853981633974396193 ) ;
#708 = ORIENTED_EDGE ( 'NONE', *, *, #1434, .T. ) ;
#709 = CARTESIAN_POINT ( 'NONE',  ( -37.20000000000000284, -13.49999999999999822, 1.750000000000012434 ) ) ;
#710 = CARTESIAN_POINT ( 'NONE',  ( -52.12643853346130385, -5.762068439961606892, -6.938893903907228378E-15 ) ) ;
#711 = EDGE_LOOP ( 'NONE', ( #2538, #88, #1417, #2214 ) ) ;
#712 = DIRECTION ( 'NONE',  ( -0.000000000000000000, -0.000000000000000000, -1.000000000000000000 ) ) ;
#713 = CIRCLE ( 'NONE', #1451, 3.600000000000000977 ) ;
#714 = ORIENTED_EDGE ( 'NONE', *, *, #701, .T. ) ;
#715 = DIRECTION ( 'NONE',  ( 0.000000000000000000, 0.000000000000000000, 1.000000000000000000 ) ) ;
#716 = EDGE_CURVE ( 'NONE', #1586, #2447, #370, .T. ) ;
#717 = ADVANCED_FACE ( 'NONE', ( #1349 ), #1801, .T. ) ;
#718 = CARTESIAN_POINT ( 'NONE',  ( -37.20000000000000284, 0.000000000000000000, 0.000000000000000000 ) ) ;
#719 = ORIENTED_EDGE ( 'NONE', *, *, #590, .F. ) ;
#720 = CARTESIAN_POINT ( 'NONE',  ( -46.71292774976006257, -19.78558044872993094, 5.773211862854067178 ) ) ;
#721 = DIRECTION ( 'NONE',  ( -1.000000000000000000, 0.000000000000000000, 0.000000000000000000 ) ) ;
#722 = VERTEX_POINT ( 'NONE', #1719 ) ;
#723 = DIRECTION ( 'NONE',  ( 0.000000000000000000, 0.000000000000000000, 1.000000000000000000 ) ) ;
#724 = ORIENTED_EDGE ( 'NONE', *, *, #1061, .F. ) ;
#725 = DIRECTION ( 'NONE',  ( 0.000000000000000000, 0.000000000000000000, -1.000000000000000000 ) ) ;
#726 = CARTESIAN_POINT ( 'NONE',  ( -39.90085947219854745, -10.62461462387981292, 5.500000000000000000 ) ) ;
#727 = CARTESIAN_POINT ( 'NONE',  ( -37.20000000000000284, 0.000000000000000000, 5.999999999999998224 ) ) ;
#728 = ADVANCED_FACE ( 'NONE', ( #928 ), #1843, .T. ) ;
#729 = VERTEX_POINT ( 'NONE', #2549 ) ;
#730 = FACE_BOUND ( 'NONE', #493, .T. ) ;
#731 = DIRECTION ( 'NONE',  ( -1.000000000000000000, 0.000000000000000000, 0.000000000000000000 ) ) ;
#732 = ORIENTED_EDGE ( 'NONE', *, *, #946, .F. ) ;
#733 = DIRECTION ( 'NONE',  ( -0.3601292774976005417, 0.9329024083413313129, 0.000000000000000000 ) ) ;
#734 = VERTEX_POINT ( 'NONE', #2160 ) ;
#735 = LINE ( 'NONE', #1053, #784 ) ;
#736 = DIRECTION ( 'NONE',  ( 0.000000000000000000, -1.000000000000000000, 0.000000000000000000 ) ) ;
#737 = AXIS2_PLACEMENT_3D ( 'NONE', #1127, #127, #1704 ) ;
#738 = COORDINATED_UNIVERSAL_TIME_OFFSET ( 8, 0, .AHEAD. ) ;
#739 = AXIS2_PLACEMENT_3D ( 'NONE', #921, #875, #471 ) ;
#740 = EDGE_CURVE ( 'NONE', #892, #1412, #536, .T. ) ;
#741 = DIRECTION ( 'NONE',  ( 0.000000000000000000, 0.000000000000000000, 1.000000000000000000 ) ) ;
#742 = TOROIDAL_SURFACE ( 'NONE', #245, 8.699999999999999289, 0.2999999999999999889 ) ;
#743 = ORIENTED_EDGE ( 'NONE', *, *, #2446, .T. ) ;
#744 = EDGE_CURVE ( 'NONE', #308, #767, #326, .T. ) ;
#745 = CARTESIAN_POINT ( 'NONE',  ( -41.80000000000000426, -40.00000000000000000, -6.938893903907228378E-15 ) ) ;
#746 = AXIS2_PLACEMENT_3D ( 'NONE', #1934, #171, #964 ) ;
#747 = CARTESIAN_POINT ( 'NONE',  ( -45.01190975812396289, -26.24881562643954069, 7.960892735711318835 ) ) ;
#748 = CIRCLE ( 'NONE', #2135, 19.70000000000000284 ) ;
#749 = EDGE_LOOP ( 'NONE', ( #452, #1718, #229, #1209 ) ) ;
#750 = DIRECTION ( 'NONE',  ( 0.000000000000000000, 1.000000000000000000, -0.000000000000000000 ) ) ;
#751 = VECTOR ( 'NONE', #1954, 999.9999999999998863 ) ;
#752 = AXIS2_PLACEMENT_3D ( 'NONE', #2498, #351, #2322 ) ;
#753 = VERTEX_POINT ( 'NONE', #2359 ) ;
#754 = CARTESIAN_POINT ( 'NONE',  ( -51.84656781095890921, -5.654029656712326712, 0.2999999999999999889 ) ) ;
#755 = DIRECTION ( 'NONE',  ( 0.000000000000000000, 0.000000000000000000, 1.000000000000000000 ) ) ;
#756 = CIRCLE ( 'NONE', #1617, 0.7499999999999885647 ) ;
#757 = APPROVAL_DATE_TIME ( #943, #2367 ) ;
#758 = DIRECTION ( 'NONE',  ( 1.000000000000000000, -0.000000000000000000, -0.000000000000000000 ) ) ;
#759 = CYLINDRICAL_SURFACE ( 'NONE', #2257, 1.700000000000000178 ) ;
#760 = PLANE ( 'NONE',  #1402 ) ;
#761 = DIRECTION ( 'NONE',  ( -1.000000000000000000, 0.000000000000000000, 0.000000000000000000 ) ) ;
#762 = EDGE_CURVE ( 'NONE', #1535, #734, #620, .T. ) ;
#763 = VERTEX_POINT ( 'NONE', #1921 ) ;
#764 = EDGE_CURVE ( 'NONE', #1465, #263, #1355, .T. ) ;
#765 = DIRECTION ( 'NONE',  ( -1.000000000000000000, 0.000000000000000000, 0.000000000000000000 ) ) ;
#766 = CC_DESIGN_PERSON_AND_ORGANIZATION_ASSIGNMENT ( #179, #1538, ( #652 ) ) ;
#767 = VERTEX_POINT ( 'NONE', #596 ) ;
#768 = DIRECTION ( 'NONE',  ( 0.5150380749100549327, 0.000000000000000000, 0.8571673007021118895 ) ) ;
#769 = DIRECTION ( 'NONE',  ( -1.000000000000000000, 0.000000000000000000, 0.000000000000000000 ) ) ;
#770 = DATE_AND_TIME ( #378, #169 ) ;
#771 = CARTESIAN_POINT ( 'NONE',  ( -47.82461462387981754, 4.400859472198536793, 5.500000000000000000 ) ) ;
#772 = ORIENTED_EDGE ( 'NONE', *, *, #781, .F. ) ;
#773 = CARTESIAN_POINT ( 'NONE',  ( -40.87585947219856308, 10.62461462387978450, 0.000000000000000000 ) ) ;
#774 = DIRECTION ( 'NONE',  ( 0.000000000000000000, 0.000000000000000000, 1.000000000000000000 ) ) ;
#775 = DIRECTION ( 'NONE',  ( 0.000000000000000000, 0.000000000000000000, 1.000000000000000000 ) ) ;
#776 = ORIENTED_EDGE ( 'NONE', *, *, #946, .T. ) ;
#777 = DIRECTION ( 'NONE',  ( -1.000000000000000000, 2.168404344971009115E-16, 0.000000000000000000 ) ) ;
#778 = ORIENTED_EDGE ( 'NONE', *, *, #1626, .T. ) ;
#779 = LINE ( 'NONE', #549, #1398 ) ;
#780 = CARTESIAN_POINT ( 'NONE',  ( -46.31877046613531235, -20.80663122725556136, 5.874461084458806326 ) ) ;
#781 = EDGE_CURVE ( 'NONE', #2054, #1380, #991, .T. ) ;
#782 = APPLICATION_PROTOCOL_DEFINITION ( 'international standard', 'config_control_design', 1994, #515 ) ;
#783 = CARTESIAN_POINT ( 'NONE',  ( -40.74999999999999289, -40.00000000000000000, 7.749999999999999112 ) ) ;
#784 = VECTOR ( 'NONE', #123, 1000.000000000000000 ) ;
#785 = ORIENTED_EDGE ( 'NONE', *, *, #2190, .F. ) ;
#786 = CYLINDRICAL_SURFACE ( 'NONE', #489, 2.500000000000000444 ) ;
#787 = DIRECTION ( 'NONE',  ( -1.000000000000000000, 0.000000000000000000, 0.000000000000000000 ) ) ;
#788 = CARTESIAN_POINT ( 'NONE',  ( -42.10000000000000142, -31.81846591402322133, 14.75000000000000533 ) ) ;
#789 = AXIS2_PLACEMENT_3D ( 'NONE', #939, #1708, #1157 ) ;
#790 = VECTOR ( 'NONE', #1304, 1000.000000000000000 ) ;
#791 = ORIENTED_EDGE ( 'NONE', *, *, #2157, .F. ) ;
#792 = DIRECTION ( 'NONE',  ( -0.3601292774976005973, 0.9329024083413313129, 0.000000000000000000 ) ) ;
#793 =( BOUNDED_CURVE ( )  B_SPLINE_CURVE ( 3, ( #172, #1514, #1129, #1754 ),
 .UNSPECIFIED., .F., .T. ) 
 B_SPLINE_CURVE_WITH_KNOTS ( ( 4, 4 ),
 ( 1.472929988025695858, 1.570796326794896780 ),
 .UNSPECIFIED. ) 
 CURVE ( )  GEOMETRIC_REPRESENTATION_ITEM ( )  RATIONAL_B_SPLINE_CURVE ( ( 1.000000000000000000, 0.9992020075601445450, 0.9992020075601445450, 1.000000000000000000 ) ) 
 REPRESENTATION_ITEM ( '' )  );
#794 = ORIENTED_EDGE ( 'NONE', *, *, #380, .T. ) ;
#795 = FACE_OUTER_BOUND ( 'NONE', #199, .T. ) ;
#796 = VECTOR ( 'NONE', #811, 1000.000000000000000 ) ;
#797 = CARTESIAN_POINT ( 'NONE',  ( -42.10000000000000853, -45.00214829881181089, 3.881818181818185387 ) ) ;
#798 = ORIENTED_EDGE ( 'NONE', *, *, #408, .T. ) ;
#799 = ADVANCED_FACE ( 'NONE', ( #396 ), #742, .T. ) ;
#800 = CARTESIAN_POINT ( 'NONE',  ( -41.60085947219855029, -10.62461462387981292, 5.500000000000000000 ) ) ;
#801 = AXIS2_PLACEMENT_3D ( 'NONE', #816, #632, #1208 ) ;
#802 = ADVANCED_FACE ( 'NONE', ( #1325 ), #1724, .F. ) ;
#803 = EDGE_LOOP ( 'NONE', ( #2000, #2014, #2165, #702 ) ) ;
#804 = CARTESIAN_POINT ( 'NONE',  ( -40.55000000000000426, -40.00000000000000000, 11.00000000000000000 ) ) ;
#805 = DIRECTION ( 'NONE',  ( -1.000000000000000000, 0.000000000000000000, 0.000000000000000000 ) ) ;
#806 = VERTEX_POINT ( 'NONE', #1794 ) ;
#807 = CARTESIAN_POINT ( 'NONE',  ( -52.12643853346130385, -5.762068439961606892, 5.699999999999998401 ) ) ;
#808 = EDGE_LOOP ( 'NONE', ( #1637, #2116, #1145, #2387 ) ) ;
#809 = DIRECTION ( 'NONE',  ( 0.000000000000000000, 0.000000000000000000, -1.000000000000000000 ) ) ;
#810 = ORIENTED_EDGE ( 'NONE', *, *, #2121, .T. ) ;
#811 = DIRECTION ( 'NONE',  ( 1.000000000000000000, -0.000000000000000000, -0.000000000000000000 ) ) ;
#812 = CARTESIAN_POINT ( 'NONE',  ( -41.60085947219855029, -10.62461462387981292, -6.938893903907228378E-15 ) ) ;
#813 = EDGE_CURVE ( 'NONE', #1707, #1369, #580, .T. ) ;
#814 = EDGE_CURVE ( 'NONE', #2225, #358, #829, .T. ) ;
#815 = DIRECTION ( 'NONE',  ( -0.000000000000000000, -1.000000000000000000, -0.000000000000000000 ) ) ;
#816 = CARTESIAN_POINT ( 'NONE',  ( -37.20000000000000284, 0.000000000000000000, 2.000000000000000000 ) ) ;
#817 = ORIENTED_EDGE ( 'NONE', *, *, #410, .F. ) ;
#818 = DIRECTION ( 'NONE',  ( 1.000000000000000000, -0.000000000000000000, -0.000000000000000000 ) ) ;
#819 = ORIENTED_EDGE ( 'NONE', *, *, #1702, .T. ) ;
#820 = DIRECTION ( 'NONE',  ( -1.000000000000000000, 0.000000000000000000, 0.000000000000000000 ) ) ;
#821 = VERTEX_POINT ( 'NONE', #807 ) ;
#822 = DIRECTION ( 'NONE',  ( 0.000000000000000000, 0.000000000000000000, 1.000000000000000000 ) ) ;
#823 = CARTESIAN_POINT ( 'NONE',  ( -37.61034925321963129, -23.00000000233055886, 6.788813003738570551 ) ) ;
#824 = CARTESIAN_POINT ( 'NONE',  ( -44.39999999999999858, -33.67544467966323651, 0.000000000000000000 ) ) ;
#825 = CARTESIAN_POINT ( 'NONE',  ( -39.90085947219854745, -10.62461462387981292, 4.099999999999999645 ) ) ;
#826 = AXIS2_PLACEMENT_3D ( 'NONE', #1536, #983, #350 ) ;
#827 = ADVANCED_FACE ( 'NONE', ( #1585 ), #1646, .F. ) ;
#828 = ORIENTED_EDGE ( 'NONE', *, *, #1292, .T. ) ;
#829 = LINE ( 'NONE', #45, #1762 ) ;
#830 = EDGE_LOOP ( 'NONE', ( #791, #480, #1339, #719 ) ) ;
#831 = DIRECTION ( 'NONE',  ( 0.000000000000000000, 0.000000000000000000, -1.000000000000000000 ) ) ;
#832 = AXIS2_PLACEMENT_3D ( 'NONE', #2220, #1827, #1929 ) ;
#833 = ORIENTED_EDGE ( 'NONE', *, *, #2428, .F. ) ;
#834 = CARTESIAN_POINT ( 'NONE',  ( -40.74999999999999289, -40.00000000000000000, 11.00000000000000000 ) ) ;
#835 = CIRCLE ( 'NONE', #1772, 0.2999999999999997669 ) ;
#836 = CARTESIAN_POINT ( 'NONE',  ( -40.38754913908761068, -23.69953347221805018, 7.049913666036937698 ) ) ;
#837 = CARTESIAN_POINT ( 'NONE',  ( -44.70000000000000284, -33.67544467966323651, 19.99999999999999645 ) ) ;
#838 = CARTESIAN_POINT ( 'NONE',  ( -37.20000000000000284, 0.000000000000000000, 22.00000000000000000 ) ) ;
#839 = CC_DESIGN_SECURITY_CLASSIFICATION ( #1286, ( #1736 ) ) ;
#840 = ORIENTED_EDGE ( 'NONE', *, *, #2428, .T. ) ;
#841 = CARTESIAN_POINT ( 'NONE',  ( -47.82461462387978912, -4.400859472198561662, 0.000000000000000000 ) ) ;
#842 = DIRECTION ( 'NONE',  ( 0.000000000000000000, 0.000000000000000000, 1.000000000000000000 ) ) ;
#843 = EDGE_CURVE ( 'NONE', #1276, #455, #2388, .T. ) ;
#844 = ORIENTED_EDGE ( 'NONE', *, *, #2429, .F. ) ;
#845 = CARTESIAN_POINT ( 'NONE',  ( -42.10000000000001563, -45.17463617118462338, 3.636363636363638907 ) ) ;
#846 = ORIENTED_EDGE ( 'NONE', *, *, #1853, .F. ) ;
#847 = CARTESIAN_POINT ( 'NONE',  ( -41.77957881103741045, -26.99912890912406738, 8.467876363870825429 ) ) ;
#848 = DIRECTION ( 'NONE',  ( 1.000000000000000000, 0.000000000000000000, 0.000000000000000000 ) ) ;
#849 = LINE ( 'NONE', #214, #290 ) ;
#850 = ORIENTED_EDGE ( 'NONE', *, *, #1249, .F. ) ;
#851 = DIRECTION ( 'NONE',  ( 0.000000000000000000, 0.000000000000000000, 1.000000000000000000 ) ) ;
#852 = CARTESIAN_POINT ( 'NONE',  ( -44.69999999999999574, -30.34618655791423336, 12.22238229256590003 ) ) ;
#853 = ORIENTED_EDGE ( 'NONE', *, *, #1012, .F. ) ;
#854 = CARTESIAN_POINT ( 'NONE',  ( -39.83129491516073273, -23.30587115536001619, 6.900615018609149054 ) ) ;
#855 = VERTEX_POINT ( 'NONE', #1622 ) ;
#856 = ADVANCED_FACE ( 'NONE', ( #1978 ), #2177, .T. ) ;
#857 = DIRECTION ( 'NONE',  ( 1.000000000000000000, 0.000000000000000000, 0.000000000000000000 ) ) ;
#858 = EDGE_CURVE ( 'NONE', #734, #1535, #1233, .T. ) ;
#859 = CARTESIAN_POINT ( 'NONE',  ( -37.20000000000000284, 16.00000000000000000, 5.700000000000000178 ) ) ;
#860 = ORIENTED_EDGE ( 'NONE', *, *, #1483, .T. ) ;
#861 = DIRECTION ( 'NONE',  ( 1.000000000000000000, 0.000000000000000000, 0.000000000000000000 ) ) ;
#862 = CARTESIAN_POINT ( 'NONE',  ( -44.84759527409677560, -27.58380400817218359, 8.893131849893570973 ) ) ;
#863 = VECTOR ( 'NONE', #2023, 1000.000000000000000 ) ;
#864 = CIRCLE ( 'NONE', #202, 2.500000000000000444 ) ;
#865 = ORIENTED_EDGE ( 'NONE', *, *, #1594, .T. ) ;
#866 = CARTESIAN_POINT ( 'NONE',  ( -39.30000000000001137, 13.49999999999999822, 3.249999999999986677 ) ) ;
#867 = CIRCLE ( 'NONE', #2465, 3.050000000000010925 ) ;
#868 = VERTEX_POINT ( 'NONE', #1428 ) ;
#869 = VECTOR ( 'NONE', #1418, 1000.000000000000000 ) ;
#870 = CARTESIAN_POINT ( 'NONE',  ( -37.29999999999999716, -23.00000000000000000, 6.382104175607508090 ) ) ;
#871 =( BOUNDED_SURFACE ( )  B_SPLINE_SURFACE ( 3, 2, ( 
 ( #1477, #1466, #1258 ),
 ( #1679, #2286, #2076 ),
 ( #1284, #2275, #2482 ),
 ( #292, #1068, #93 ) ),
 .UNSPECIFIED., .F., .F., .T. ) 
 B_SPLINE_SURFACE_WITH_KNOTS ( ( 4, 4 ),
 ( 3, 3 ),
 ( 1.472929988025695192, 1.570796326794896558 ),
 ( 0.000000000000000000, 1.000000000000000000 ),
 .UNSPECIFIED. ) 
 GEOMETRIC_REPRESENTATION_ITEM ( )  RATIONAL_B_SPLINE_SURFACE ( (
 ( 1.000000000000000000, 0.6945544255706070924, 1.000000000000000000),
 ( 1.000000000000000000, 0.6987628869994898517, 1.000000000000000000),
 ( 1.000000000000000000, 0.7029531948021063847, 1.000000000000000000),
 ( 1.000000000000000000, 0.7071067811865485719, 1.000000000000000000) ) ) 
 REPRESENTATION_ITEM ( '' )  SURFACE ( )  );
#872 = VECTOR ( 'NONE', #90, 1000.000000000000000 ) ;
#873 = ADVANCED_FACE ( 'NONE', ( #1392, #994, #2015, #635, #2186 ), #241, .T. ) ;
#874 = EDGE_CURVE ( 'NONE', #263, #2153, #207, .T. ) ;
#875 = DIRECTION ( 'NONE',  ( 0.000000000000000000, 0.000000000000000000, 1.000000000000000000 ) ) ;
#876 = ADVANCED_FACE ( 'NONE', ( #1046 ), #2555, .F. ) ;
#877 = DIRECTION ( 'NONE',  ( 1.000000000000000000, 0.000000000000000000, 0.000000000000000000 ) ) ;
#878 = AXIS2_PLACEMENT_3D ( 'NONE', #834, #417, #1616 ) ;
#879 = AXIS2_PLACEMENT_3D ( 'NONE', #2150, #842, #1820 ) ;
#880 = ORIENTED_EDGE ( 'NONE', *, *, #1357, .F. ) ;
#881 = LINE ( 'NONE', #1083, #1443 ) ;
#882 = DIRECTION ( 'NONE',  ( 0.000000000000000000, 0.5749595745760629484, 0.8181818181818224511 ) ) ;
#883 = APPROVAL_PERSON_ORGANIZATION ( #1175, #2367, #2109 ) ;
#884 = EDGE_LOOP ( 'NONE', ( #679, #95, #16, #1650 ) ) ;
#885 = CARTESIAN_POINT ( 'NONE',  ( -62.20000000000000284, -22.69999999999999929, 6.382104175607510754 ) ) ;
#886 = VERTEX_POINT ( 'NONE', #2411 ) ;
#887 = CARTESIAN_POINT ( 'NONE',  ( -41.69217227788038116, -26.48692504947084103, 8.102209559661821103 ) ) ;
#888 = DIRECTION ( 'NONE',  ( 0.000000000000000000, 0.000000000000000000, 1.000000000000000000 ) ) ;
#889 = EDGE_CURVE ( 'NONE', #2459, #1380, #2212, .T. ) ;
#890 = ORIENTED_EDGE ( 'NONE', *, *, #2474, .T. ) ;
#891 = LINE ( 'NONE', #476, #2060 ) ;
#892 = VERTEX_POINT ( 'NONE', #617 ) ;
#893 = LINE ( 'NONE', #1697, #2259 ) ;
#894 = ORIENTED_EDGE ( 'NONE', *, *, #1914, .T. ) ;
#895 = PRODUCT ( 'EN02-PROXIMAL_PHALANX-M-1', 'EN02-PROXIMAL_PHALANX-M-1', '', ( #1002 ) ) ;
#896 = LINE ( 'NONE', #89, #336 ) ;
#897 = LINE ( 'NONE', #2454, #1316 ) ;
#898 = VERTEX_POINT ( 'NONE', #217 ) ;
#899 = CARTESIAN_POINT ( 'NONE',  ( -46.71292774976006257, -19.78558044872993094, -6.938893903907228378E-15 ) ) ;
#900 = CARTESIAN_POINT ( 'NONE',  ( -47.29003097379165865, -18.29061455397785352, 5.700000000000000178 ) ) ;
#901 = ORIENTED_EDGE ( 'NONE', *, *, #444, .F. ) ;
#902 = FACE_OUTER_BOUND ( 'NONE', #663, .T. ) ;
#903 = EDGE_CURVE ( 'NONE', #97, #2330, #2397, .T. ) ;
#904 = CIRCLE ( 'NONE', #1229, 0.2999999999999999334 ) ;
#905 = ORIENTED_EDGE ( 'NONE', *, *, #429, .T. ) ;
#906 = FACE_OUTER_BOUND ( 'NONE', #2169, .T. ) ;
#907 = VECTOR ( 'NONE', #106, 1000.000000000000000 ) ;
#908 = DIRECTION ( 'NONE',  ( -1.000000000000000000, 0.000000000000000000, 0.000000000000000000 ) ) ;
#909 = AXIS2_PLACEMENT_3D ( 'NONE', #276, #1437, #2445 ) ;
#910 = CIRCLE ( 'NONE', #628, 0.7499999999999885647 ) ;
#911 = VERTEX_POINT ( 'NONE', #1009 ) ;
#912 = DIRECTION ( 'NONE',  ( 1.000000000000000000, -0.000000000000000000, -0.000000000000000000 ) ) ;
#913 = CARTESIAN_POINT ( 'NONE',  ( -47.82461462387981754, 4.400859472198536793, 5.500000000000000000 ) ) ;
#914 = VECTOR ( 'NONE', #2052, 1000.000000000000000 ) ;
#915 = VERTEX_POINT ( 'NONE', #1819 ) ;
#916 = CARTESIAN_POINT ( 'NONE',  ( -44.50000000000436984, -40.00000000000000000, 7.400000000051021765 ) ) ;
#917 = CIRCLE ( 'NONE', #2311, 30.29999999999999361 ) ;
#918 = ORIENTED_EDGE ( 'NONE', *, *, #524, .F. ) ;
#919 = EDGE_CURVE ( 'NONE', #911, #2461, #2303, .T. ) ;
#920 = EDGE_CURVE ( 'NONE', #216, #582, #2421, .T. ) ;
#921 = CARTESIAN_POINT ( 'NONE',  ( -37.29999999999999716, -27.49999999999999645, 0.2999999999999999889 ) ) ;
#922 = DIRECTION ( 'NONE',  ( -1.000000000000000000, 0.000000000000000000, 0.000000000000000000 ) ) ;
#923 = DIRECTION ( 'NONE',  ( -1.000000000000000000, 0.000000000000000000, 0.000000000000000000 ) ) ;
#924 = ORIENTED_EDGE ( 'NONE', *, *, #1961, .F. ) ;
#925 = CYLINDRICAL_SURFACE ( 'NONE', #456, 15.00000000000000355 ) ;
#926 = CARTESIAN_POINT ( 'NONE',  ( -37.20000000000000284, 0.000000000000000000, 2.000000000000000000 ) ) ;
#927 = ORIENTED_EDGE ( 'NONE', *, *, #1324, .T. ) ;
#928 = FACE_OUTER_BOUND ( 'NONE', #2004, .T. ) ;
#929 = ORIENTED_EDGE ( 'NONE', *, *, #335, .T. ) ;
#930 = CYLINDRICAL_SURFACE ( 'NONE', #492, 7.949999999999998401 ) ;
#931 = DIRECTION ( 'NONE',  ( 0.000000000000000000, 0.000000000000000000, -1.000000000000000000 ) ) ;
#932 = EDGE_CURVE ( 'NONE', #886, #2153, #329, .T. ) ;
#933 = ORIENTED_EDGE ( 'NONE', *, *, #1759, .F. ) ;
#934 = DIRECTION ( 'NONE',  ( -1.000000000000000000, 0.000000000000000000, 0.000000000000000000 ) ) ;
#935 = DIRECTION ( 'NONE',  ( 0.000000000000000000, -1.000000000000000000, 0.000000000000000000 ) ) ;
#936 = CARTESIAN_POINT ( 'NONE',  ( -44.70000000000000284, -40.00000000000000000, 8.499999999999998224 ) ) ;
#937 = CARTESIAN_POINT ( 'NONE',  ( -37.20000000000000284, 15.50000000000000000, 22.00000000000000000 ) ) ;
#938 = VERTEX_POINT ( 'NONE', #2226 ) ;
#939 = CARTESIAN_POINT ( 'NONE',  ( -42.10000000000000853, -33.67544467966323651, 19.99999999999999645 ) ) ;
#940 = VERTEX_POINT ( 'NONE', #465 ) ;
#941 = CARTESIAN_POINT ( 'NONE',  ( -41.60085947219855029, -10.62461462387981292, 4.099999999999999645 ) ) ;
#942 = CARTESIAN_POINT ( 'NONE',  ( -37.20000000000000284, 0.000000000000000000, 0.2999999999999999334 ) ) ;
#943 = DATE_AND_TIME ( #1776, #676 ) ;
#944 = AXIS2_PLACEMENT_3D ( 'NONE', #2215, #1625, #611 ) ;
#945 = DIRECTION ( 'NONE',  ( 0.000000000000000000, 0.000000000000000000, -1.000000000000000000 ) ) ;
#946 = EDGE_CURVE ( 'NONE', #1021, #487, #1960, .T. ) ;
#947 = AXIS2_PLACEMENT_3D ( 'NONE', #2472, #712, #1087 ) ;
#948 = ADVANCED_FACE ( 'NONE', ( #306 ), #1456, .F. ) ;
#949 = FACE_OUTER_BOUND ( 'NONE', #1693, .T. ) ;
#950 = DIRECTION ( 'NONE',  ( -1.000000000000000000, 0.000000000000000000, 0.000000000000000000 ) ) ;
#951 = AXIS2_PLACEMENT_3D ( 'NONE', #1743, #774, #182 ) ;
#952 = LINE ( 'NONE', #937, #1042 ) ;
#953 = AXIS2_PLACEMENT_3D ( 'NONE', #1676, #1091, #654 ) ;
#954 = ORIENTED_EDGE ( 'NONE', *, *, #762, .T. ) ;
#955 = CARTESIAN_POINT ( 'NONE',  ( -41.80000000000000426, -33.67544467966323651, 19.99999999999999645 ) ) ;
#956 = CIRCLE ( 'NONE', #2395, 16.00000000000000000 ) ;
#957 = ORIENTED_EDGE ( 'NONE', *, *, #1169, .T. ) ;
#958 = DIRECTION ( 'NONE',  ( 0.000000000000000000, 0.000000000000000000, -1.000000000000000000 ) ) ;
#959 = DIRECTION ( 'NONE',  ( -0.7071067810860616198, -8.659560563585529986E-17, 0.7071067812870334146 ) ) ;
#960 = CC_DESIGN_APPROVAL ( #1640, ( #1736 ) ) ;
#961 = PERSON_AND_ORGANIZATION_ROLE ( 'classification_officer' ) ;
#962 = LINE ( 'NONE', #1550, #1038 ) ;
#963 = CARTESIAN_POINT ( 'NONE',  ( -42.00000000000000000, -40.00000000000000000, 8.499999999999998224 ) ) ;
#964 = DIRECTION ( 'NONE',  ( 1.000000000000000000, 0.000000000000000000, 0.000000000000000000 ) ) ;
#965 = CARTESIAN_POINT ( 'NONE',  ( -44.70000000000000284, -30.58945877365794530, 12.04682993841721839 ) ) ;
#966 = EDGE_CURVE ( 'NONE', #1458, #2320, #881, .T. ) ;
#967 = EDGE_LOOP ( 'NONE', ( #1981, #1302, #2340, #2064 ) ) ;
#968 = CARTESIAN_POINT ( 'NONE',  ( -40.55000000000000426, -40.00000000000000000, 11.00000000000000000 ) ) ;
#969 = ADVANCED_FACE ( 'NONE', ( #112 ), #1660, .F. ) ;
#970 = ORIENTED_EDGE ( 'NONE', *, *, #137, .T. ) ;
#971 = DIRECTION ( 'NONE',  ( -0.000000000000000000, -0.000000000000000000, -1.000000000000000000 ) ) ;
#972 = FACE_OUTER_BOUND ( 'NONE', #2103, .T. ) ;
#973 = EDGE_CURVE ( 'NONE', #2396, #938, #315, .T. ) ;
#974 = LINE ( 'NONE', #210, #84 ) ;
#975 = EDGE_LOOP ( 'NONE', ( #645, #63, #1757, #1575 ) ) ;
#976 = CARTESIAN_POINT ( 'NONE',  ( -38.54768223281082129, -23.16500419781262821, 6.437475082838804319 ) ) ;
#977 = LINE ( 'NONE', #1753, #160 ) ;
#978 = VERTEX_POINT ( 'NONE', #2239 ) ;
#979 = DIRECTION ( 'NONE',  ( -0.9329024083413314239, -0.3601292774976005973, 0.000000000000000000 ) ) ;
#980 = EDGE_CURVE ( 'NONE', #116, #506, #1842, .T. ) ;
#981 = ORIENTED_EDGE ( 'NONE', *, *, #221, .F. ) ;
#982 = EDGE_CURVE ( 'NONE', #283, #2364, #2053, .T. ) ;
#983 = DIRECTION ( 'NONE',  ( -1.000000000000000000, 0.000000000000000000, 0.000000000000000000 ) ) ;
#984 = CARTESIAN_POINT ( 'NONE',  ( -40.74999999999999289, -40.00000000000000000, 11.00000000000000000 ) ) ;
#985 = APPROVAL_DATE_TIME ( #1187, #104 ) ;
#986 = CYLINDRICAL_SURFACE ( 'NONE', #1976, 1.700000000000000178 ) ;
#987 = AXIS2_PLACEMENT_3D ( 'NONE', #1394, #439, #33 ) ;
#988 = CARTESIAN_POINT ( 'NONE',  ( -41.57260215558157768, -25.15135275283109806, 7.713885478269742357 ) ) ;
#989 = CARTESIAN_POINT ( 'NONE',  ( -40.74999999999999289, -40.00000000000000000, 14.24999999999999822 ) ) ;
#990 = DIRECTION ( 'NONE',  ( -0.000000000000000000, -0.000000000000000000, -1.000000000000000000 ) ) ;
#991 = CIRCLE ( 'NONE', #287, 4.499999999999997335 ) ;
#992 = AXIS2_PLACEMENT_3D ( 'NONE', #82, #2026, #517 ) ;
#993 = ORIENTED_EDGE ( 'NONE', *, *, #1983, .F. ) ;
#994 = FACE_BOUND ( 'NONE', #660, .T. ) ;
#995 = VECTOR ( 'NONE', #1066, 1000.000000000000000 ) ;
#996 = ORIENTED_EDGE ( 'NONE', *, *, #2317, .T. ) ;
#997 = CARTESIAN_POINT ( 'NONE',  ( -42.20000000000000284, -40.00000000000000000, 7.399999999999998579 ) ) ;
#998 = AXIS2_PLACEMENT_3D ( 'NONE', #1945, #908, #2480 ) ;
#999 = CONICAL_SURFACE ( 'NONE', #2139, 3.250000000000000444, 0.7853981633974396193 ) ;
#1000 = ADVANCED_FACE ( 'NONE', ( #502 ), #871, .T. ) ;
#1001 = CC_DESIGN_PERSON_AND_ORGANIZATION_ASSIGNMENT ( #1913, #1928, ( #1736 ) ) ;
#1002 = MECHANICAL_CONTEXT ( 'NONE', #1090, 'mechanical' ) ;
#1003 = DIRECTION ( 'NONE',  ( 0.000000000000000000, 0.000000000000000000, 1.000000000000000000 ) ) ;
#1004 = CC_DESIGN_APPROVAL ( #2367, ( #652 ) ) ;
#1005 = CARTESIAN_POINT ( 'NONE',  ( -41.61982980196235360, -26.20891385679508190, 7.917710666936518038 ) ) ;
#1006 = CARTESIAN_POINT ( 'NONE',  ( -47.82461462387978912, -4.400859472198561662, 6.000000000000000000 ) ) ;
#1007 = DIRECTION ( 'NONE',  ( -0.000000000000000000, -0.000000000000000000, -1.000000000000000000 ) ) ;
#1008 = ORIENTED_EDGE ( 'NONE', *, *, #408, .F. ) ;
#1009 = CARTESIAN_POINT ( 'NONE',  ( -37.20000000000000284, -23.00000000000000000, 0.2999999999999999889 ) ) ;
#1010 = VERTEX_POINT ( 'NONE', #1492 ) ;
#1011 = DIRECTION ( 'NONE',  ( -1.000000000000000000, 0.000000000000000000, 0.000000000000000000 ) ) ;
#1012 = EDGE_CURVE ( 'NONE', #2560, #1895, #1877, .T. ) ;
#1013 = EDGE_LOOP ( 'NONE', ( #1886, #2422, #2425, #1223 ) ) ;
#1014 = FACE_OUTER_BOUND ( 'NONE', #1097, .T. ) ;
#1015 = EDGE_CURVE ( 'NONE', #455, #1276, #2468, .T. ) ;
#1016 = CARTESIAN_POINT ( 'NONE',  ( -40.34082021049055555, -24.16827740508944444, 7.241336922396657272 ) ) ;
#1017 = DIRECTION ( 'NONE',  ( 0.000000000000000000, 0.000000000000000000, 1.000000000000000000 ) ) ;
#1018 = CYLINDRICAL_SURFACE ( 'NONE', #801, 6.000000000000008882 ) ;
#1019 = ORIENTED_EDGE ( 'NONE', *, *, #1701, .F. ) ;
#1020 = DIRECTION ( 'NONE',  ( -1.000000000000000000, 0.000000000000000000, 0.000000000000000000 ) ) ;
#1021 = VERTEX_POINT ( 'NONE', #720 ) ;
#1022 = CARTESIAN_POINT ( 'NONE',  ( -41.97960092641297791, -26.23377157030954621, 8.339578948846497752 ) ) ;
#1023 = ORIENTED_EDGE ( 'NONE', *, *, #1327, .F. ) ;
#1024 = FACE_OUTER_BOUND ( 'NONE', #1941, .T. ) ;
#1025 = EDGE_LOOP ( 'NONE', ( #1818, #510 ) ) ;
#1026 = CARTESIAN_POINT ( 'NONE',  ( -37.20000000000000284, -7.950000000000000178, 5.500000000000000000 ) ) ;
#1027 = DIRECTION ( 'NONE',  ( 0.000000000000000000, 0.000000000000000000, 1.000000000000000000 ) ) ;
#1028 = FACE_OUTER_BOUND ( 'NONE', #478, .T. ) ;
#1029 = EDGE_CURVE ( 'NONE', #1611, #722, #1358, .T. ) ;
#1030 = VECTOR ( 'NONE', #1265, 1000.000000000000000 ) ;
#1031 = ORIENTED_EDGE ( 'NONE', *, *, #137, .F. ) ;
#1032 = CARTESIAN_POINT ( 'NONE',  ( -37.20000000000000284, -4.499999999999998224, -0.09738620076059964492 ) ) ;
#1033 = AXIS2_PLACEMENT_3D ( 'NONE', #1144, #750, #2495 ) ;
#1034 = AXIS2_PLACEMENT_3D ( 'NONE', #1103, #1247, #861 ) ;
#1035 = ORIENTED_EDGE ( 'NONE', *, *, #1730, .T. ) ;
#1036 = CARTESIAN_POINT ( 'NONE',  ( -41.69551285682763364, -25.40380780746595235, 7.848761704293860220 ) ) ;
#1037 = VECTOR ( 'NONE', #1666, 1000.000000000000000 ) ;
#1038 = VECTOR ( 'NONE', #1333, 1000.000000000000000 ) ;
#1039 = ORIENTED_EDGE ( 'NONE', *, *, #606, .T. ) ;
#1040 = CARTESIAN_POINT ( 'NONE',  ( -37.20000000000000284, 0.000000000000000000, 0.000000000000000000 ) ) ;
#1041 = CONICAL_SURFACE ( 'NONE', #212, 0.7499999999999867883, 1.029744258676653645 ) ;
#1042 = VECTOR ( 'NONE', #1320, 1000.000000000000000 ) ;
#1043 = CARTESIAN_POINT ( 'NONE',  ( -41.75720125095886459, -26.80494311777781746, 8.722086430559851777 ) ) ;
#1044 = DIRECTION ( 'NONE',  ( 0.000000000000000000, 0.000000000000000000, 1.000000000000000000 ) ) ;
#1045 = ORIENTED_EDGE ( 'NONE', *, *, #302, .T. ) ;
#1046 = FACE_OUTER_BOUND ( 'NONE', #1082, .T. ) ;
#1047 = DIRECTION ( 'NONE',  ( -1.000000000000000000, 0.000000000000000000, 0.000000000000000000 ) ) ;
#1048 = ORIENTED_EDGE ( 'NONE', *, *, #1880, .F. ) ;
#1049 = EDGE_CURVE ( 'NONE', #2390, #2002, #1685, .T. ) ;
#1050 = CARTESIAN_POINT ( 'NONE',  ( -41.24003021206091546, -24.61219161323773008, 7.444737785618591452 ) ) ;
#1051 = ORIENTED_EDGE ( 'NONE', *, *, #2221, .T. ) ;
#1052 = CARTESIAN_POINT ( 'NONE',  ( -37.20000000000000284, 0.000000000000000000, 5.700000000000000178 ) ) ;
#1053 = CARTESIAN_POINT ( 'NONE',  ( -37.20000000000000284, 13.49999999999999822, 3.249999999999987566 ) ) ;
#1054 = CARTESIAN_POINT ( 'NONE',  ( -37.20000000000000284, 15.69999999999999929, 5.700000000000000178 ) ) ;
#1055 = ORIENTED_EDGE ( 'NONE', *, *, #236, .F. ) ;
#1056 = CARTESIAN_POINT ( 'NONE',  ( -40.87585947219856308, 10.62461462387978450, 5.500000000000000000 ) ) ;
#1057 = CARTESIAN_POINT ( 'NONE',  ( -44.94672006595332192, -24.65095209188705638, 7.424642983414242003 ) ) ;
#1058 = VERTEX_POINT ( 'NONE', #1056 ) ;
#1059 = DIRECTION ( 'NONE',  ( -0.7071067811865474617, -8.659560562354932858E-17, 0.7071067811865474617 ) ) ;
#1060 = EDGE_CURVE ( 'NONE', #1231, #357, #1927, .T. ) ;
#1061 = EDGE_CURVE ( 'NONE', #501, #506, #581, .T. ) ;
#1062 = EDGE_CURVE ( 'NONE', #734, #2288, #485, .T. ) ;
#1063 = ORIENTED_EDGE ( 'NONE', *, *, #2067, .F. ) ;
#1064 = DIRECTION ( 'NONE',  ( 0.9329024083413325341, 0.3601292774975974331, 0.000000000000000000 ) ) ;
#1065 = CARTESIAN_POINT ( 'NONE',  ( -42.07749044650030612, -26.78544205476148221, 8.707850771476650209 ) ) ;
#1066 = DIRECTION ( 'NONE',  ( 2.168404344971009115E-16, 1.000000000000000000, -0.000000000000000000 ) ) ;
#1067 = EDGE_LOOP ( 'NONE', ( #1491, #595, #158, #1421, #67, #1870 ) ) ;
#1068 = CARTESIAN_POINT ( 'NONE',  ( -47.29003097379165155, -18.29061455397785707, 6.000000000000001776 ) ) ;
#1069 = DIRECTION ( 'NONE',  ( 0.000000000000000000, 0.000000000000000000, 1.000000000000000000 ) ) ;
#1070 = AXIS2_PLACEMENT_3D ( 'NONE', #754, #1351, #2149 ) ;
#1071 = ORIENTED_EDGE ( 'NONE', *, *, #1436, .F. ) ;
#1072 = DIRECTION ( 'NONE',  ( 0.3601292774976006528, -0.9329024083413314239, 0.000000000000000000 ) ) ;
#1073 = AXIS2_PLACEMENT_3D ( 'NONE', #841, #29, #1633 ) ;
#1074 = ORIENTED_EDGE ( 'NONE', *, *, #2147, .F. ) ;
#1075 = VECTOR ( 'NONE', #154, 1000.000000000000000 ) ;
#1076 = PLANE ( 'NONE',  #1570 ) ;
#1077 = ADVANCED_FACE ( 'NONE', ( #2456 ), #925, .F. ) ;
#1078 = AXIS2_PLACEMENT_3D ( 'NONE', #1957, #1388, #237 ) ;
#1079 = DIRECTION ( 'NONE',  ( 0.5150380749100549327, -1.049727191138618079E-16, -0.8571673007021118895 ) ) ;
#1080 = AXIS2_PLACEMENT_3D ( 'NONE', #1052, #481, #495 ) ;
#1081 = CONICAL_SURFACE ( 'NONE', #2440, 0.7499999999999867883, 1.029744258676653645 ) ;
#1082 = EDGE_LOOP ( 'NONE', ( #2044, #35, #833 ) ) ;
#1083 = CARTESIAN_POINT ( 'NONE',  ( -37.20000000000000284, 0.000000000000000000, 5.500000000000000000 ) ) ;
#1084 = DIRECTION ( 'NONE',  ( 0.000000000000000000, 0.000000000000000000, 1.000000000000000000 ) ) ;
#1085 = AXIS2_PLACEMENT_3D ( 'NONE', #1336, #1706, #1744 ) ;
#1086 = ORIENTED_EDGE ( 'NONE', *, *, #173, .F. ) ;
#1087 = DIRECTION ( 'NONE',  ( -1.000000000000000000, 0.000000000000000000, 0.000000000000000000 ) ) ;
#1088 = EDGE_LOOP ( 'NONE', ( #625, #2203, #772, #1359 ) ) ;
#1089 = CARTESIAN_POINT ( 'NONE',  ( -37.62214546072175381, -22.99999999999999289, 6.382104175607509866 ) ) ;
#1090 = APPLICATION_CONTEXT ( 'configuration controlled 3d designs of mechanical parts and assemblies' ) ;
#1091 = DIRECTION ( 'NONE',  ( 1.000000000000000000, -0.000000000000000000, -0.000000000000000000 ) ) ;
#1092 = EDGE_CURVE ( 'NONE', #868, #100, #1482, .T. ) ;
#1093 = EDGE_CURVE ( 'NONE', #277, #1611, #2011, .T. ) ;
#1094 = EDGE_LOOP ( 'NONE', ( #416, #2201 ) ) ;
#1095 = DIRECTION ( 'NONE',  ( -1.000000000000000000, 0.000000000000000000, 0.000000000000000000 ) ) ;
#1096 = DIRECTION ( 'NONE',  ( 0.000000000000000000, 0.000000000000000000, 1.000000000000000000 ) ) ;
#1097 = EDGE_LOOP ( 'NONE', ( #1807, #828, #318, #1195 ) ) ;
#1098 = FACE_OUTER_BOUND ( 'NONE', #576, .T. ) ;
#1099 = ORIENTED_EDGE ( 'NONE', *, *, #490, .F. ) ;
#1100 = DIRECTION ( 'NONE',  ( 1.000000000000000000, -0.000000000000000000, -0.000000000000000000 ) ) ;
#1101 = DIRECTION ( 'NONE',  ( 0.000000000000000000, -1.000000000000000000, 0.000000000000000000 ) ) ;
#1102 = EDGE_LOOP ( 'NONE', ( #2106, #1683 ) ) ;
#1103 = CARTESIAN_POINT ( 'NONE',  ( -37.29999999999999716, -27.49999999999999645, -6.938893903907228378E-15 ) ) ;
#1104 = ADVANCED_FACE ( 'NONE', ( #1567, #730 ), #760, .T. ) ;
#1105 = DIRECTION ( 'NONE',  ( 0.3601292774976005973, -0.9329024083413313129, 0.000000000000000000 ) ) ;
#1106 = VERTEX_POINT ( 'NONE', #1346 ) ;
#1107 = CARTESIAN_POINT ( 'NONE',  ( -50.92461462387981896, 4.400859472198536793, 5.500000000000000000 ) ) ;
#1108 = AXIS2_PLACEMENT_3D ( 'NONE', #1887, #2046, #1435 ) ;
#1109 = ORIENTED_EDGE ( 'NONE', *, *, #2272, .T. ) ;
#1110 = CARTESIAN_POINT ( 'NONE',  ( -46.43305702725766082, -19.64822860872080668, 6.071776336131439855 ) ) ;
#1111 = CARTESIAN_POINT ( 'NONE',  ( -40.55000000000000426, -40.00000000000000000, 11.00000000000000000 ) ) ;
#1112 = AXIS2_PLACEMENT_3D ( 'NONE', #1366, #1171, #2115 ) ;
#1113 = DIRECTION ( 'NONE',  ( 0.3601292774976006528, -0.9329024083413314239, 0.000000000000000000 ) ) ;
#1114 = ORIENTED_EDGE ( 'NONE', *, *, #281, .F. ) ;
#1115 = DIRECTION ( 'NONE',  ( 0.000000000000000000, 0.000000000000000000, -1.000000000000000000 ) ) ;
#1116 = CARTESIAN_POINT ( 'NONE',  ( -44.39999999999999858, -48.00000000000000000, 0.2999999999999999889 ) ) ;
#1117 = AXIS2_PLACEMENT_3D ( 'NONE', #1116, #503, #2449 ) ;
#1118 = ORIENTED_EDGE ( 'NONE', *, *, #256, .T. ) ;
#1119 = DIRECTION ( 'NONE',  ( -1.000000000000000000, 0.000000000000000000, 0.000000000000000000 ) ) ;
#1120 = VECTOR ( 'NONE', #1583, 1000.000000000000000 ) ;
#1121 = EDGE_CURVE ( 'NONE', #2002, #283, #371, .T. ) ;
#1122 = ADVANCED_FACE ( 'NONE', ( #2101 ), #1361, .T. ) ;
#1123 = ORIENTED_EDGE ( 'NONE', *, *, #2431, .T. ) ;
#1124 = DIRECTION ( 'NONE',  ( 0.9329024083413325341, 0.3601292774975974331, 0.000000000000000000 ) ) ;
#1125 = FACE_OUTER_BOUND ( 'NONE', #808, .T. ) ;
#1126 = DIRECTION ( 'NONE',  ( -1.000000000000000000, 2.168404344971009115E-16, -0.000000000000000000 ) ) ;
#1127 = CARTESIAN_POINT ( 'NONE',  ( -42.20000000000000284, -40.00000000000000000, 11.00000000000000000 ) ) ;
#1128 = DIRECTION ( 'NONE',  ( -1.000000000000000000, 0.000000000000000000, 0.000000000000000000 ) ) ;
#1129 = CARTESIAN_POINT ( 'NONE',  ( -46.81740815727539484, -18.67210284639936191, 6.000000000000006217 ) ) ;
#1130 = EDGE_LOOP ( 'NONE', ( #2277, #1386, #957, #1674, #905 ) ) ;
#1131 = DIRECTION ( 'NONE',  ( -0.000000000000000000, -0.7931840600945213593, 0.6089819757693741842 ) ) ;
#1132 = ORIENTED_EDGE ( 'NONE', *, *, #463, .T. ) ;
#1133 = CARTESIAN_POINT ( 'NONE',  ( -42.10000000000000142, -27.49999999999999645, 0.000000000000000000 ) ) ;
#1134 = CARTESIAN_POINT ( 'NONE',  ( -41.80000000000000426, -40.00000000000000000, 11.00000000000000000 ) ) ;
#1135 = EDGE_CURVE ( 'NONE', #105, #1106, #382, .T. ) ;
#1136 = EDGE_CURVE ( 'NONE', #2442, #50, #527, .T. ) ;
#1137 = ADVANCED_FACE ( 'NONE', ( #1335 ), #2338, .F. ) ;
#1138 = DATE_TIME_ROLE ( 'creation_date' ) ;
#1139 = CARTESIAN_POINT ( 'NONE',  ( -37.20000000000000284, -23.00000000000000000, 6.382104175607510754 ) ) ;
#1140 = CARTESIAN_POINT ( 'NONE',  ( -37.20000000000000284, 0.000000000000000000, 0.2999999999999999334 ) ) ;
#1141 = DIRECTION ( 'NONE',  ( -0.000000000000000000, -0.000000000000000000, -1.000000000000000000 ) ) ;
#1142 = CARTESIAN_POINT ( 'NONE',  ( -47.82461462387981754, 4.400859472198536793, 5.500000000000000000 ) ) ;
#1143 = EDGE_LOOP ( 'NONE', ( #1672, #203, #1824, #1748 ) ) ;
#1144 = CARTESIAN_POINT ( 'NONE',  ( -52.90000000000000568, 0.000000000000000000, 5.700000000000000178 ) ) ;
#1145 = ORIENTED_EDGE ( 'NONE', *, *, #2399, .T. ) ;
#1146 = FACE_OUTER_BOUND ( 'NONE', #639, .T. ) ;
#1147 = PLANE ( 'NONE',  #672 ) ;
#1148 = CARTESIAN_POINT ( 'NONE',  ( -62.20000000000000284, -18.18257577072857245, 6.000000000000001776 ) ) ;
#1149 = EDGE_CURVE ( 'NONE', #1621, #283, #1565, .T. ) ;
#1150 = AXIS2_PLACEMENT_3D ( 'NONE', #2065, #1295, #1095 ) ;
#1151 = DIRECTION ( 'NONE',  ( -0.000000000000000000, -0.000000000000000000, -1.000000000000000000 ) ) ;
#1152 = DIRECTION ( 'NONE',  ( 0.000000000000000000, 0.000000000000000000, 1.000000000000000000 ) ) ;
#1153 = AXIS2_PLACEMENT_3D ( 'NONE', #126, #2082, #1499 ) ;
#1154 = CARTESIAN_POINT ( 'NONE',  ( -44.70000000000000284, -40.00000000000000000, 11.00000000000000000 ) ) ;
#1155 = AXIS2_PLACEMENT_3D ( 'NONE', #2024, #313, #288 ) ;
#1156 = ORIENTED_EDGE ( 'NONE', *, *, #1303, .T. ) ;
#1157 = DIRECTION ( 'NONE',  ( -2.168404344971009115E-16, -1.000000000000000000, 0.000000000000000000 ) ) ;
#1158 = CONICAL_SURFACE ( 'NONE', #1367, 0.7499999999999867883, 1.029744258676653645 ) ;
#1159 = CIRCLE ( 'NONE', #2146, 3.099999999999998757 ) ;
#1160 = EDGE_LOOP ( 'NONE', ( #2328, #170, #2496, #310 ) ) ;
#1161 = CARTESIAN_POINT ( 'NONE',  ( -37.20000000000000284, 0.000000000000000000, 5.999999999999998224 ) ) ;
#1162 = CARTESIAN_POINT ( 'NONE',  ( -42.00000000000000000, -40.00000000000000000, 13.50000000000000000 ) ) ;
#1163 = ORGANIZATION ( 'UNSPECIFIED', 'UNSPECIFIED', '' ) ;
#1164 = CARTESIAN_POINT ( 'NONE',  ( -46.12461462387981470, 4.400859472198536793, 4.099999999999999645 ) ) ;
#1165 = CARTESIAN_POINT ( 'NONE',  ( -38.85236220101889870, -23.26469871999696792, 6.471652501315060313 ) ) ;
#1166 = DIRECTION ( 'NONE',  ( -1.000000000000000000, 0.000000000000000000, 0.000000000000000000 ) ) ;
#1167 = CYLINDRICAL_SURFACE ( 'NONE', #2519, 0.2999999999999999889 ) ;
#1168 = EDGE_CURVE ( 'NONE', #1480, #1010, #2491, .T. ) ;
#1169 = EDGE_CURVE ( 'NONE', #348, #1933, #2222, .T. ) ;
#1170 = ORIENTED_EDGE ( 'NONE', *, *, #1668, .T. ) ;
#1171 = DIRECTION ( 'NONE',  ( 1.000000000000000000, -0.000000000000000000, -0.000000000000000000 ) ) ;
#1172 = ORIENTED_EDGE ( 'NONE', *, *, #317, .F. ) ;
#1173 = DIRECTION ( 'NONE',  ( -1.000000000000000000, 0.000000000000000000, 0.000000000000000000 ) ) ;
#1174 = CARTESIAN_POINT ( 'NONE',  ( -44.39999999999999147, -30.34618655791423336, 12.22238229256590003 ) ) ;
#1175 = PERSON_AND_ORGANIZATION ( #152, #1163 ) ;
#1176 = CARTESIAN_POINT ( 'NONE',  ( -44.70085947219854461, -10.62461462387981292, 5.500000000000000000 ) ) ;
#1177 = ORIENTED_EDGE ( 'NONE', *, *, #2349, .F. ) ;
#1178 = CARTESIAN_POINT ( 'NONE',  ( -37.91492830748092757, -23.03174747622096064, 6.799556948714887028 ) ) ;
#1179 = FACE_BOUND ( 'NONE', #1624, .T. ) ;
#1180 = DIRECTION ( 'NONE',  ( -1.000000000000000000, 0.000000000000000000, 0.000000000000000000 ) ) ;
#1181 = ORIENTED_EDGE ( 'NONE', *, *, #1169, .F. ) ;
#1182 = EDGE_CURVE ( 'NONE', #2054, #1323, #140, .T. ) ;
#1183 = CC_DESIGN_DATE_AND_TIME_ASSIGNMENT ( #770, #1953, ( #1286 ) ) ;
#1184 = ORIENTED_EDGE ( 'NONE', *, *, #684, .F. ) ;
#1185 = DIRECTION ( 'NONE',  ( 1.000000000000000000, -0.000000000000000000, -0.000000000000000000 ) ) ;
#1186 = CARTESIAN_POINT ( 'NONE',  ( -42.19999999995643947, -40.00000000000000000, 8.300000000052477844 ) ) ;
#1187 = DATE_AND_TIME ( #1578, #49 ) ;
#1188 = CARTESIAN_POINT ( 'NONE',  ( -39.30000000000001137, -13.49999999999999822, 3.249999999999986677 ) ) ;
#1189 = VECTOR ( 'NONE', #1059, 1000.000000000000114 ) ;
#1190 = EDGE_LOOP ( 'NONE', ( #798, #529 ) ) ;
#1191 = CARTESIAN_POINT ( 'NONE',  ( -37.64054876262901672, -22.61142305691074483, 6.668729584727082660 ) ) ;
#1192 = CARTESIAN_POINT ( 'NONE',  ( -44.70000000001100915, -40.00000000000000000, 7.200000000044382453 ) ) ;
#1193 = AXIS2_PLACEMENT_3D ( 'NONE', #1404, #851, #1020 ) ;
#1194 = CIRCLE ( 'NONE', #746, 7.949999999999998401 ) ;
#1195 = ORIENTED_EDGE ( 'NONE', *, *, #2376, .F. ) ;
#1196 = DIRECTION ( 'NONE',  ( 1.000000000000000000, -0.000000000000000000, -0.000000000000000000 ) ) ;
#1197 = ADVANCED_FACE ( 'NONE', ( #2521 ), #1527, .F. ) ;
#1198 = AXIS2_PLACEMENT_3D ( 'NONE', #2273, #1293, #2072 ) ;
#1199 = EDGE_LOOP ( 'NONE', ( #1984, #2176, #2185, #1861 ) ) ;
#1200 = CARTESIAN_POINT ( 'NONE',  ( -39.30000000000001137, 13.49999999999999822, 2.500000000000000000 ) ) ;
#1201 = EDGE_CURVE ( 'NONE', #469, #1615, #1194, .T. ) ;
#1202 = AXIS2_PLACEMENT_3D ( 'NONE', #518, #2263, #1305 ) ;
#1203 = ORIENTED_EDGE ( 'NONE', *, *, #1029, .T. ) ;
#1204 = CARTESIAN_POINT ( 'NONE',  ( -23.10000000000000142, -23.00000000000000000, 6.382104175607510754 ) ) ;
#1205 = CIRCLE ( 'NONE', #1242, 2.700000000004365575 ) ;
#1206 = CARTESIAN_POINT ( 'NONE',  ( -44.39999999999999858, -30.58945877365794530, 0.000000000000000000 ) ) ;
#1207 = DIRECTION ( 'NONE',  ( -1.000000000000000000, 0.000000000000000000, 0.000000000000000000 ) ) ;
#1208 = DIRECTION ( 'NONE',  ( 1.000000000000000000, 0.000000000000000000, 0.000000000000000000 ) ) ;
#1209 = ORIENTED_EDGE ( 'NONE', *, *, #2119, .T. ) ;
#1210 = CARTESIAN_POINT ( 'NONE',  ( -41.80000000000000426, -40.00000000000000000, 11.00000000000000000 ) ) ;
#1211 = ORIENTED_EDGE ( 'NONE', *, *, #2349, .T. ) ;
#1212 = DIRECTION ( 'NONE',  ( -1.000000000000000000, 0.000000000000000000, 0.000000000000000000 ) ) ;
#1213 = B_SPLINE_CURVE_WITH_KNOTS ( 'NONE', 3,
 ( #389, #1779, #1226, #2350, #234, #2375, #1413, #1217, #627, #2193, #2363, #1385 ),
 .UNSPECIFIED., .F., .F.,
 ( 4, 2, 2, 2, 2, 4 ),
 ( 0.000000000000000000, 0.003221740146966971859, 0.004832610220450463644, 0.006443480293933954994, 0.009665220440900942900, 0.01288696058786793081 ),
 .UNSPECIFIED. ) ;
#1214 = EDGE_LOOP ( 'NONE', ( #1644, #626, #1203, #647 ) ) ;
#1215 = EDGE_CURVE ( 'NONE', #1480, #308, #2179, .T. ) ;
#1216 = EDGE_CURVE ( 'NONE', #2481, #469, #977, .T. ) ;
#1217 = CARTESIAN_POINT ( 'NONE',  ( -44.94745889319596444, -24.64718013775966909, 7.422826090433647828 ) ) ;
#1218 = DIRECTION ( 'NONE',  ( -1.000000000000000000, 0.000000000000000000, 0.000000000000000000 ) ) ;
#1219 = LINE ( 'NONE', #2209, #1848 ) ;
#1220 = CARTESIAN_POINT ( 'NONE',  ( -41.60085947219856450, 10.62461462387978450, 0.000000000000000000 ) ) ;
#1221 = ORIENTED_EDGE ( 'NONE', *, *, #1062, .T. ) ;
#1222 = DIRECTION ( 'NONE',  ( -1.000000000000000000, 0.000000000000000000, 0.000000000000000000 ) ) ;
#1223 = ORIENTED_EDGE ( 'NONE', *, *, #1135, .T. ) ;
#1224 = CARTESIAN_POINT ( 'NONE',  ( -41.04667800471296601, -24.35899509271885321, 7.328306682501677827 ) ) ;
#1225 = ORIENTED_EDGE ( 'NONE', *, *, #2556, .F. ) ;
#1226 = CARTESIAN_POINT ( 'NONE',  ( -44.42060189772377043, -28.98852676504445824, 10.54127378131926029 ) ) ;
#1227 = CYLINDRICAL_SURFACE ( 'NONE', #1108, 0.7249999999999965361 ) ;
#1228 = DIRECTION ( 'NONE',  ( 0.000000000000000000, 0.000000000000000000, 1.000000000000000000 ) ) ;
#1229 = AXIS2_PLACEMENT_3D ( 'NONE', #2332, #571, #2414 ) ;
#1230 = EDGE_CURVE ( 'NONE', #506, #501, #1607, .T. ) ;
#1231 = VERTEX_POINT ( 'NONE', #2009 ) ;
#1232 = CARTESIAN_POINT ( 'NONE',  ( -37.20000000000000284, 0.000000000000000000, 5.500000000000000000 ) ) ;
#1233 = CIRCLE ( 'NONE', #1073, 0.7249999999999965361 ) ;
#1234 = CARTESIAN_POINT ( 'NONE',  ( -45.24130699554488189, -24.83783584763900620, 7.153135842834525526 ) ) ;
#1235 = ORIENTED_EDGE ( 'NONE', *, *, #119, .T. ) ;
#1236 = CARTESIAN_POINT ( 'NONE',  ( -39.30000000000001137, 13.49999999999999822, 2.500000000000000000 ) ) ;
#1237 = AXIS2_PLACEMENT_3D ( 'NONE', #706, #1281, #888 ) ;
#1238 = AXIS2_PLACEMENT_3D ( 'NONE', #1638, #1815, #1064 ) ;
#1239 = ORIENTED_EDGE ( 'NONE', *, *, #1866, .T. ) ;
#1240 = CARTESIAN_POINT ( 'NONE',  ( -37.20000000000000284, 0.000000000000000000, 6.000000000000000000 ) ) ;
#1241 = CIRCLE ( 'NONE', #547, 15.29999999999999716 ) ;
#1242 = AXIS2_PLACEMENT_3D ( 'NONE', #594, #1918, #2113 ) ;
#1243 = CARTESIAN_POINT ( 'NONE',  ( -42.10000000127322295, -27.05331142166409109, 8.899552752457344340 ) ) ;
#1244 = DIRECTION ( 'NONE',  ( 0.000000000000000000, 0.000000000000000000, 1.000000000000000000 ) ) ;
#1245 = EDGE_LOOP ( 'NONE', ( #70, #2358, #1345, #2017 ) ) ;
#1246 = ADVANCED_FACE ( 'NONE', ( #2195 ), #1405, .T. ) ;
#1247 = DIRECTION ( 'NONE',  ( 0.000000000000000000, 0.000000000000000000, -1.000000000000000000 ) ) ;
#1248 = CARTESIAN_POINT ( 'NONE',  ( -44.54907122662530128, -27.36999899613699228, 9.130521421257411063 ) ) ;
#1249 = EDGE_CURVE ( 'NONE', #130, #1662, #434, .T. ) ;
#1250 = VERTEX_POINT ( 'NONE', #403 ) ;
#1251 = CARTESIAN_POINT ( 'NONE',  ( -42.19999999995643947, -40.00000000000000000, 13.69999999994752216 ) ) ;
#1252 = VERTEX_POINT ( 'NONE', #421 ) ;
#1253 = ORIENTED_EDGE ( 'NONE', *, *, #932, .T. ) ;
#1254 = CARTESIAN_POINT ( 'NONE',  ( -38.86516010121417963, -23.26924934641792575, 6.473235487816695333 ) ) ;
#1255 = DIRECTION ( 'NONE',  ( 0.3601292774975974886, -0.9329024083413325341, -0.000000000000000000 ) ) ;
#1256 = FACE_OUTER_BOUND ( 'NONE', #1798, .T. ) ;
#1257 = ORIENTED_EDGE ( 'NONE', *, *, #982, .T. ) ;
#1258 = CARTESIAN_POINT ( 'NONE',  ( -46.71292774976006257, -19.78558044872993094, 5.773211862854068066 ) ) ;
#1259 = DIRECTION ( 'NONE',  ( 0.7071067811865479058, -8.659560562354937789E-17, 0.7071067811865470176 ) ) ;
#1260 = EDGE_LOOP ( 'NONE', ( #2093, #233, #1512, #570 ) ) ;
#1261 = DIRECTION ( 'NONE',  ( 0.000000000000000000, 0.000000000000000000, 1.000000000000000000 ) ) ;
#1262 = ADVANCED_FACE ( 'NONE', ( #1415 ), #1766, .F. ) ;
#1263 = ORIENTED_EDGE ( 'NONE', *, *, #1997, .T. ) ;
#1264 = CARTESIAN_POINT ( 'NONE',  ( -40.74999999999999289, -40.00000000000000000, 14.24999999999999822 ) ) ;
#1265 = DIRECTION ( 'NONE',  ( 0.5150380749100549327, 0.000000000000000000, 0.8571673007021118895 ) ) ;
#1266 = CARTESIAN_POINT ( 'NONE',  ( -42.10000000000000853, -40.00000000000000000, 0.2999999999999999889 ) ) ;
#1267 = CONICAL_SURFACE ( 'NONE', #1556, 3.799999999841929821, 0.7853981635395568262 ) ;
#1268 = ORIENTED_EDGE ( 'NONE', *, *, #920, .T. ) ;
#1269 = CARTESIAN_POINT ( 'NONE',  ( -48.54961462387978344, -4.400859472198561662, 6.000000000000000000 ) ) ;
#1270 = DIRECTION ( 'NONE',  ( -0.000000000000000000, -0.000000000000000000, -1.000000000000000000 ) ) ;
#1271 = VECTOR ( 'NONE', #468, 1000.000000000000000 ) ;
#1272 = CIRCLE ( 'NONE', #242, 0.7249999999999965361 ) ;
#1273 = ORIENTED_EDGE ( 'NONE', *, *, #1230, .F. ) ;
#1274 = DIRECTION ( 'NONE',  ( 0.5150380749100549327, -1.049727191138618079E-16, -0.8571673007021118895 ) ) ;
#1275 = AXIS2_PLACEMENT_3D ( 'NONE', #955, #777, #373 ) ;
#1276 = VERTEX_POINT ( 'NONE', #1192 ) ;
#1277 = ADVANCED_FACE ( 'NONE', ( #227 ), #2392, .T. ) ;
#1278 = AXIS2_PLACEMENT_3D ( 'NONE', #2084, #1128, #328 ) ;
#1279 = CARTESIAN_POINT ( 'NONE',  ( -62.20000000000000284, -45.17463617118462338, 3.636363636363638907 ) ) ;
#1280 = AXIS2_PLACEMENT_3D ( 'NONE', #1463, #514, #2464 ) ;
#1281 = DIRECTION ( 'NONE',  ( -1.000000000000000000, -0.000000000000000000, -0.000000000000000000 ) ) ;
#1282 = AXIS2_PLACEMENT_3D ( 'NONE', #562, #755, #312 ) ;
#1283 = ORIENTED_EDGE ( 'NONE', *, *, #903, .T. ) ;
#1284 = CARTESIAN_POINT ( 'NONE',  ( -46.81748461585351606, -18.67190866669908189, 6.000000000000001776 ) ) ;
#1285 = CARTESIAN_POINT ( 'NONE',  ( -37.20000000000000284, 0.000000000000000000, 6.000000000000000000 ) ) ;
#1286 = SECURITY_CLASSIFICATION ( '', '', #2122 ) ;
#1287 = ORIENTED_EDGE ( 'NONE', *, *, #2119, .F. ) ;
#1288 = PLANE ( 'NONE',  #1682 ) ;
#1289 = ORIENTED_EDGE ( 'NONE', *, *, #444, .T. ) ;
#1290 = ORIENTED_EDGE ( 'NONE', *, *, #2254, .F. ) ;
#1291 = CARTESIAN_POINT ( 'NONE',  ( -18.60000000000000142, -23.00000000000000000, -6.938893903907228378E-15 ) ) ;
#1292 = EDGE_CURVE ( 'NONE', #1653, #320, #1767, .T. ) ;
#1293 = DIRECTION ( 'NONE',  ( 1.000000000000000000, -0.000000000000000000, -0.000000000000000000 ) ) ;
#1294 = ORIENTED_EDGE ( 'NONE', *, *, #966, .T. ) ;
#1295 = DIRECTION ( 'NONE',  ( 0.000000000000000000, 0.000000000000000000, 1.000000000000000000 ) ) ;
#1296 = DIRECTION ( 'NONE',  ( -0.000000000000000000, -0.8181818181818225622, 0.5749595745760630594 ) ) ;
#1297 = EDGE_LOOP ( 'NONE', ( #880, #1430, #1403, #1177, #1959 ) ) ;
#1298 = CARTESIAN_POINT ( 'NONE',  ( -39.30000000000001137, 13.49999999999999822, 1.750000000000013323 ) ) ;
#1299 = ORIENTED_EDGE ( 'NONE', *, *, #744, .T. ) ;
#1300 = DIRECTION ( 'NONE',  ( -0.000000000000000000, -0.000000000000000000, -1.000000000000000000 ) ) ;
#1301 = DIRECTION ( 'NONE',  ( 0.000000000000000000, -1.000000000000000000, 0.000000000000000000 ) ) ;
#1302 = ORIENTED_EDGE ( 'NONE', *, *, #2120, .T. ) ;
#1303 = EDGE_CURVE ( 'NONE', #940, #821, #331, .T. ) ;
#1304 = DIRECTION ( 'NONE',  ( 0.000000000000000000, -0.000000000000000000, -1.000000000000000000 ) ) ;
#1305 = DIRECTION ( 'NONE',  ( -1.000000000000000000, 0.000000000000000000, 0.000000000000000000 ) ) ;
#1306 = ORIENTED_EDGE ( 'NONE', *, *, #1983, .T. ) ;
#1307 = FACE_OUTER_BOUND ( 'NONE', #1297, .T. ) ;
#1308 = AXIS2_PLACEMENT_3D ( 'NONE', #1399, #22, #1566 ) ;
#1309 = VECTOR ( 'NONE', #1796, 1000.000000000000000 ) ;
#1310 = ORIENTED_EDGE ( 'NONE', *, *, #619, .F. ) ;
#1311 = LINE ( 'NONE', #2430, #1030 ) ;
#1312 = DIRECTION ( 'NONE',  ( -0.000000000000000000, 0.000000000000000000, -1.000000000000000000 ) ) ;
#1313 = AXIS2_PLACEMENT_3D ( 'NONE', #690, #1119, #678 ) ;
#1314 = VECTOR ( 'NONE', #1501, 1000.000000000000000 ) ;
#1315 = DIRECTION ( 'NONE',  ( -0.9329024083413325341, -0.3601292774975974331, 0.000000000000000000 ) ) ;
#1316 = VECTOR ( 'NONE', #1857, 1000.000000000000000 ) ;
#1317 = CIRCLE ( 'NONE', #211, 20.00000000000000355 ) ;
#1318 = LINE ( 'NONE', #2312, #1797 ) ;
#1319 = DIRECTION ( 'NONE',  ( -1.000000000000000000, 0.000000000000000000, 0.000000000000000000 ) ) ;
#1320 = DIRECTION ( 'NONE',  ( 0.000000000000000000, 0.000000000000000000, -1.000000000000000000 ) ) ;
#1321 = CIRCLE ( 'NONE', #1490, 0.2999999999999986566 ) ;
#1322 = EDGE_CURVE ( 'NONE', #1412, #892, #1362, .T. ) ;
#1323 = VERTEX_POINT ( 'NONE', #1424 ) ;
#1324 = EDGE_CURVE ( 'NONE', #2320, #469, #1219, .T. ) ;
#1325 = FACE_OUTER_BOUND ( 'NONE', #1588, .T. ) ;
#1326 = AXIS2_PLACEMENT_3D ( 'NONE', #356, #1569, #731 ) ;
#1327 = EDGE_CURVE ( 'NONE', #357, #634, #849, .T. ) ;
#1328 = ORIENTED_EDGE ( 'NONE', *, *, #477, .F. ) ;
#1329 = CARTESIAN_POINT ( 'NONE',  ( -44.69999999989732231, -40.00000000000000000, 11.00000000000000000 ) ) ;
#1330 = DIRECTION ( 'NONE',  ( 0.000000000000000000, 0.000000000000000000, 1.000000000000000000 ) ) ;
#1331 = ADVANCED_BREP_SHAPE_REPRESENTATION ( 'EN02-PROXIMAL_PHALANX-M-1', ( #1840, #215 ), #1534 ) ;
#1332 = DIRECTION ( 'NONE',  ( 1.000000000000000000, 0.000000000000000000, 0.000000000000000000 ) ) ;
#1333 = DIRECTION ( 'NONE',  ( 0.000000000000000000, 0.000000000000000000, 1.000000000000000000 ) ) ;
#1334 = DIRECTION ( 'NONE',  ( -1.000000000000000000, 0.000000000000000000, 0.000000000000000000 ) ) ;
#1335 = FACE_OUTER_BOUND ( 'NONE', #544, .T. ) ;
#1336 = CARTESIAN_POINT ( 'NONE',  ( -44.39999999999999147, -30.58945877365794530, 12.04682993841721839 ) ) ;
#1337 = ORIENTED_EDGE ( 'NONE', *, *, #1340, .T. ) ;
#1338 = DIRECTION ( 'NONE',  ( -0.000000000000000000, -0.000000000000000000, -1.000000000000000000 ) ) ;
#1339 = ORIENTED_EDGE ( 'NONE', *, *, #2105, .T. ) ;
#1340 = EDGE_CURVE ( 'NONE', #484, #105, #666, .T. ) ;
#1341 = CARTESIAN_POINT ( 'NONE',  ( -44.70000000000000284, -40.00000000000000000, 11.00000000000000000 ) ) ;
#1342 = FACE_OUTER_BOUND ( 'NONE', #52, .T. ) ;
#1343 = APPROVAL_ROLE ( '' ) ;
#1344 = DIRECTION ( 'NONE',  ( -0.7071067811865536790, 0.000000000000000000, -0.7071067811865414665 ) ) ;
#1345 = ORIENTED_EDGE ( 'NONE', *, *, #1580, .T. ) ;
#1346 = CARTESIAN_POINT ( 'NONE',  ( -46.43305702725765371, -19.67754166548064987, 0.000000000000000000 ) ) ;
#1347 = CARTESIAN_POINT ( 'NONE',  ( -37.20000000000000284, -4.499999999999998224, 0.000000000000000000 ) ) ;
#1348 = ORIENTED_EDGE ( 'NONE', *, *, #740, .T. ) ;
#1349 = FACE_OUTER_BOUND ( 'NONE', #1721, .T. ) ;
#1350 = ORIENTED_EDGE ( 'NONE', *, *, #2539, .T. ) ;
#1351 = DIRECTION ( 'NONE',  ( 0.3601292774975999866, -0.9329024083413316459, -0.000000000000000000 ) ) ;
#1352 = DIRECTION ( 'NONE',  ( 0.000000000000000000, 0.9090593428863058545, 0.4166666666666746233 ) ) ;
#1353 = CIRCLE ( 'NONE', #151, 6.000000000000008882 ) ;
#1354 = CARTESIAN_POINT ( 'NONE',  ( 0.000000000000000000, 0.000000000000000000, 0.000000000000000000 ) ) ;
#1355 = CIRCLE ( 'NONE', #1275, 19.70000000000000284 ) ;
#1356 = DIRECTION ( 'NONE',  ( 0.000000000000000000, 0.000000000000000000, 1.000000000000000000 ) ) ;
#1357 = EDGE_CURVE ( 'NONE', #447, #1448, #748, .T. ) ;
#1358 = CIRCLE ( 'NONE', #1764, 0.2999999999999999889 ) ;
#1359 = ORIENTED_EDGE ( 'NONE', *, *, #1182, .T. ) ;
#1360 = CARTESIAN_POINT ( 'NONE',  ( -41.60085947219855029, -10.62461462387981292, 5.500000000000000000 ) ) ;
#1361 = CYLINDRICAL_SURFACE ( 'NONE', #1278, 9.000000000000000000 ) ;
#1362 = CIRCLE ( 'NONE', #2393, 1.700000000000000178 ) ;
#1363 = CARTESIAN_POINT ( 'NONE',  ( -39.30000000000001137, -13.49999999999999822, 2.500000000000000000 ) ) ;
#1364 = AXIS2_PLACEMENT_3D ( 'NONE', #1690, #1126, #1712 ) ;
#1365 = ORIENTED_EDGE ( 'NONE', *, *, #272, .F. ) ;
#1366 = CARTESIAN_POINT ( 'NONE',  ( -44.50000000000436984, -40.00000000000000000, 11.00000000000000000 ) ) ;
#1367 = AXIS2_PLACEMENT_3D ( 'NONE', #2477, #108, #1911 ) ;
#1368 = AXIS2_PLACEMENT_3D ( 'NONE', #15, #1605, #435 ) ;
#1369 = VERTEX_POINT ( 'NONE', #989 ) ;
#1370 = CYLINDRICAL_SURFACE ( 'NONE', #826, 2.500000000000000444 ) ;
#1371 = CARTESIAN_POINT ( 'NONE',  ( -46.72313510410533866, -19.75913865116856272, 6.082665482900384113 ) ) ;
#1372 = PERSON_AND_ORGANIZATION ( #152, #1163 ) ;
#1373 = DIRECTION ( 'NONE',  ( -1.000000000000000000, 0.000000000000000000, 0.000000000000000000 ) ) ;
#1374 = EDGE_LOOP ( 'NONE', ( #2552, #1920, #2269, #1365, #20 ) ) ;
#1375 = CARTESIAN_POINT ( 'NONE',  ( -40.19457731816620338, -24.04050558630120094, 6.770911940567951426 ) ) ;
#1376 = EDGE_CURVE ( 'NONE', #2447, #2466, #2182, .T. ) ;
#1377 = ADVANCED_FACE ( 'NONE', ( #3, #1179 ), #1987, .T. ) ;
#1378 = DIRECTION ( 'NONE',  ( 0.000000000000000000, -1.000000000000000000, 0.000000000000000000 ) ) ;
#1379 = CARTESIAN_POINT ( 'NONE',  ( -46.31767311419167044, -20.80947387942240923, 5.874742967274046102 ) ) ;
#1380 = VERTEX_POINT ( 'NONE', #631 ) ;
#1381 = CARTESIAN_POINT ( 'NONE',  ( -37.20000000000000284, 0.000000000000000000, 2.000000000000000000 ) ) ;
#1382 = ORIENTED_EDGE ( 'NONE', *, *, #1778, .F. ) ;
#1383 = LINE ( 'NONE', #1186, #168 ) ;
#1384 = ORIENTED_EDGE ( 'NONE', *, *, #2272, .F. ) ;
#1385 = CARTESIAN_POINT ( 'NONE',  ( -46.43305702725766082, -19.64822860872080668, 6.071776336131439855 ) ) ;
#1386 = ORIENTED_EDGE ( 'NONE', *, *, #1919, .T. ) ;
#1387 = CARTESIAN_POINT ( 'NONE',  ( -41.42727608573992626, -25.68522038275245123, 7.594582469596081964 ) ) ;
#1388 = DIRECTION ( 'NONE',  ( -0.000000000000000000, -0.000000000000000000, -1.000000000000000000 ) ) ;
#1389 = DIRECTION ( 'NONE',  ( 0.000000000000000000, 0.000000000000000000, 1.000000000000000000 ) ) ;
#1390 = ADVANCED_FACE ( 'NONE', ( #2168 ), #2368, .F. ) ;
#1391 = ORIENTED_EDGE ( 'NONE', *, *, #2474, .F. ) ;
#1392 = FACE_BOUND ( 'NONE', #142, .T. ) ;
#1393 = VERTEX_POINT ( 'NONE', #2378 ) ;
#1394 = CARTESIAN_POINT ( 'NONE',  ( -41.80000000000000426, -40.00000000000000000, 11.00000000000000000 ) ) ;
#1395 = ORIENTED_EDGE ( 'NONE', *, *, #2223, .F. ) ;
#1396 = ORIENTED_EDGE ( 'NONE', *, *, #1962, .F. ) ;
#1397 = DIRECTION ( 'NONE',  ( -1.000000000000000000, 0.000000000000000000, 0.000000000000000000 ) ) ;
#1398 = VECTOR ( 'NONE', #768, 1000.000000000000000 ) ;
#1399 = CARTESIAN_POINT ( 'NONE',  ( -37.20000000000000284, 0.000000000000000000, 0.000000000000000000 ) ) ;
#1400 =( NAMED_UNIT ( * ) SI_UNIT ( $, .STERADIAN. ) SOLID_ANGLE_UNIT ( ) );
#1401 = AXIS2_PLACEMENT_3D ( 'NONE', #1516, #1338, #175 ) ;
#1402 = AXIS2_PLACEMENT_3D ( 'NONE', #745, #1513, #1552 ) ;
#1403 = ORIENTED_EDGE ( 'NONE', *, *, #1049, .F. ) ;
#1404 = CARTESIAN_POINT ( 'NONE',  ( -37.20000000000000284, 0.000000000000000000, 0.2999999999999999334 ) ) ;
#1405 = TOROIDAL_SURFACE ( 'NONE', #1568, 15.29999999999999893, 0.2999999999999999889 ) ;
#1406 = ADVANCED_FACE ( 'NONE', ( #615 ), #2267, .T. ) ;
#1407 = EDGE_CURVE ( 'NONE', #1586, #649, #897, .T. ) ;
#1408 = ORIENTED_EDGE ( 'NONE', *, *, #982, .F. ) ;
#1409 = CARTESIAN_POINT ( 'NONE',  ( -37.63685464017435578, -22.61142305432801081, 6.668729583928930005 ) ) ;
#1410 = CIRCLE ( 'NONE', #998, 2.500000000000000444 ) ;
#1411 = AXIS2_PLACEMENT_3D ( 'NONE', #1467, #1270, #696 ) ;
#1412 = VERTEX_POINT ( 'NONE', #668 ) ;
#1413 = CARTESIAN_POINT ( 'NONE',  ( -44.71694675355790594, -26.03523081247663740, 8.208655307454165495 ) ) ;
#1414 = CARTESIAN_POINT ( 'NONE',  ( -40.74313207676726734, -24.58542388086589625, 7.431367894342398195 ) ) ;
#1415 = FACE_OUTER_BOUND ( 'NONE', #749, .T. ) ;
#1416 = CARTESIAN_POINT ( 'NONE',  ( -37.20000000000000284, 13.49999999999999822, 2.500000000000000000 ) ) ;
#1417 = ORIENTED_EDGE ( 'NONE', *, *, #1498, .T. ) ;
#1418 = DIRECTION ( 'NONE',  ( 0.000000000000000000, -1.000000000000000000, 0.000000000000000000 ) ) ;
#1419 = EDGE_LOOP ( 'NONE', ( #2484, #1294, #927, #2049, #1664, #691, #1584, #2058, #708, #1469, #1659, #2260 ) ) ;
#1420 = ADVANCED_FACE ( 'NONE', ( #1256 ), #2035, .T. ) ;
#1421 = ORIENTED_EDGE ( 'NONE', *, *, #1407, .F. ) ;
#1422 = LINE ( 'NONE', #1969, #1769 ) ;
#1423 = FACE_BOUND ( 'NONE', #1102, .T. ) ;
#1424 = CARTESIAN_POINT ( 'NONE',  ( -37.20000000000000284, 6.000000000000008882, 2.000000000000000000 ) ) ;
#1425 = CARTESIAN_POINT ( 'NONE',  ( -37.20000000000000284, 4.499999999999998224, 0.000000000000000000 ) ) ;
#1426 = EDGE_CURVE ( 'NONE', #2002, #447, #163, .T. ) ;
#1427 = ORIENTED_EDGE ( 'NONE', *, *, #513, .F. ) ;
#1428 = CARTESIAN_POINT ( 'NONE',  ( -43.30085947219854603, -10.62461462387981292, -6.938893903907228378E-15 ) ) ;
#1429 = CARTESIAN_POINT ( 'NONE',  ( -44.42057064242346343, -28.98957543111730573, 10.54243006134694838 ) ) ;
#1430 = ORIENTED_EDGE ( 'NONE', *, *, #1426, .F. ) ;
#1431 = CARTESIAN_POINT ( 'NONE',  ( -40.61215689078010627, -23.89682165380184742, 7.128779873545250112 ) ) ;
#1432 = EDGE_LOOP ( 'NONE', ( #560, #860, #2089, #72 ) ) ;
#1433 = CARTESIAN_POINT ( 'NONE',  ( -40.21274290631819071, -24.05561972405295634, 6.777258457236121636 ) ) ;
#1434 = EDGE_CURVE ( 'NONE', #898, #1010, #1974, .T. ) ;
#1435 = DIRECTION ( 'NONE',  ( -1.000000000000000000, 0.000000000000000000, 0.000000000000000000 ) ) ;
#1436 = EDGE_CURVE ( 'NONE', #1480, #915, #2095, .T. ) ;
#1437 = DIRECTION ( 'NONE',  ( 1.000000000000000000, -0.000000000000000000, -0.000000000000000000 ) ) ;
#1438 = AXIS2_PLACEMENT_3D ( 'NONE', #1576, #190, #2361 ) ;
#1439 = VERTEX_POINT ( 'NONE', #266 ) ;
#1440 = DIRECTION ( 'NONE',  ( 1.000000000000000000, 0.000000000000000000, 0.000000000000000000 ) ) ;
#1441 = AXIS2_PLACEMENT_3D ( 'NONE', #1651, #2040, #2069 ) ;
#1442 = CARTESIAN_POINT ( 'NONE',  ( -44.72036697332204369, -29.21941585363620675, 10.33327866250026261 ) ) ;
#1443 = VECTOR ( 'NONE', #674, 1000.000000000000000 ) ;
#1444 = ORIENTED_EDGE ( 'NONE', *, *, #1092, .T. ) ;
#1445 = DIRECTION ( 'NONE',  ( -1.000000000000000000, 0.000000000000000000, 0.000000000000000000 ) ) ;
#1446 = AXIS2_PLACEMENT_3D ( 'NONE', #353, #325, #2098 ) ;
#1447 = CIRCLE ( 'NONE', #1238, 0.2999999999999999334 ) ;
#1448 = VERTEX_POINT ( 'NONE', #2063 ) ;
#1449 = CYLINDRICAL_SURFACE ( 'NONE', #2437, 16.00000000000000000 ) ;
#1450 = VECTOR ( 'NONE', #959, 1000.000000000000000 ) ;
#1451 = AXIS2_PLACEMENT_3D ( 'NONE', #141, #567, #155 ) ;
#1452 = FACE_OUTER_BOUND ( 'NONE', #1484, .T. ) ;
#1453 = CARTESIAN_POINT ( 'NONE',  ( -37.20000000000000284, 15.50000000000000000, 5.500000000000000000 ) ) ;
#1454 = EDGE_CURVE ( 'NONE', #729, #277, #303, .T. ) ;
#1455 = ORIENTED_EDGE ( 'NONE', *, *, #236, .T. ) ;
#1456 = CYLINDRICAL_SURFACE ( 'NONE', #1150, 1.700000000000000178 ) ;
#1457 = DIRECTION ( 'NONE',  ( -0.000000000000000000, -1.000000000000000000, -0.000000000000000000 ) ) ;
#1458 = VERTEX_POINT ( 'NONE', #1453 ) ;
#1459 = DIRECTION ( 'NONE',  ( 0.000000000000000000, 0.000000000000000000, 1.000000000000000000 ) ) ;
#1460 = ORIENTED_EDGE ( 'NONE', *, *, #2041, .F. ) ;
#1461 = FACE_OUTER_BOUND ( 'NONE', #2511, .T. ) ;
#1462 = FACE_OUTER_BOUND ( 'NONE', #1260, .T. ) ;
#1463 = CARTESIAN_POINT ( 'NONE',  ( -37.20000000000000284, 13.49999999999999822, 2.500000000000000000 ) ) ;
#1464 = EDGE_CURVE ( 'NONE', #2192, #116, #1838, .T. ) ;
#1465 = VERTEX_POINT ( 'NONE', #1865 ) ;
#1466 = CARTESIAN_POINT ( 'NONE',  ( -46.72313510410535287, -19.75913865116855916, 6.082665482900378784 ) ) ;
#1467 = CARTESIAN_POINT ( 'NONE',  ( -37.20000000000000284, 0.000000000000000000, 6.000000000000000000 ) ) ;
#1468 = ADVANCED_FACE ( 'NONE', ( #78 ), #2258, .F. ) ;
#1469 = ORIENTED_EDGE ( 'NONE', *, *, #1168, .F. ) ;
#1470 = EDGE_CURVE ( 'NONE', #898, #2479, #1657, .T. ) ;
#1471 = CYLINDRICAL_SURFACE ( 'NONE', #1479, 0.2999999999999999334 ) ;
#1472 = ORIENTED_EDGE ( 'NONE', *, *, #1121, .F. ) ;
#1473 = DIRECTION ( 'NONE',  ( 1.000000000000000000, 0.000000000000000000, -0.000000000000000000 ) ) ;
#1474 = FACE_OUTER_BOUND ( 'NONE', #1788, .T. ) ;
#1475 = AXIS2_PLACEMENT_3D ( 'NONE', #812, #2391, #2194 ) ;
#1476 = EDGE_LOOP ( 'NONE', ( #1123, #2494, #273, #1023 ) ) ;
#1477 = CARTESIAN_POINT ( 'NONE',  ( -46.43305702725766082, -19.64822860872080668, 6.071776336131439855 ) ) ;
#1478 = CARTESIAN_POINT ( 'NONE',  ( -51.84656781095890921, -5.654029656712330265, 6.000000000000000000 ) ) ;
#1479 = AXIS2_PLACEMENT_3D ( 'NONE', #1673, #1072, #96 ) ;
#1480 = VERTEX_POINT ( 'NONE', #859 ) ;
#1481 = FACE_BOUND ( 'NONE', #1897, .T. ) ;
#1482 = CIRCLE ( 'NONE', #1845, 1.700000000000000178 ) ;
#1483 = EDGE_CURVE ( 'NONE', #644, #855, #2306, .T. ) ;
#1484 = EDGE_LOOP ( 'NONE', ( #5, #1253, #1132, #810 ) ) ;
#1485 = AXIS2_PLACEMENT_3D ( 'NONE', #1508, #1113, #1315 ) ;
#1486 = CARTESIAN_POINT ( 'NONE',  ( -41.31601381699164932, -25.44928482446077567, 7.459638908156832393 ) ) ;
#1487 = AXIS2_PLACEMENT_3D ( 'NONE', #2309, #1356, #2137 ) ;
#1488 = CARTESIAN_POINT ( 'NONE',  ( -41.80000000000000426, -40.00000000000000000, 14.24999999999999822 ) ) ;
#1489 = CIRCLE ( 'NONE', #1689, 6.000000000000008882 ) ;
#1490 = AXIS2_PLACEMENT_3D ( 'NONE', #2541, #388, #1352 ) ;
#1491 = ORIENTED_EDGE ( 'NONE', *, *, #874, .F. ) ;
#1492 = CARTESIAN_POINT ( 'NONE',  ( -37.20000000000000284, 16.00000000000000000, 0.2999999999999999334 ) ) ;
#1493 = DIRECTION ( 'NONE',  ( 0.000000000000000000, 0.000000000000000000, 1.000000000000000000 ) ) ;
#1494 = EDGE_LOOP ( 'NONE', ( #1472, #1635, #153, #1734 ) ) ;
#1495 = FACE_OUTER_BOUND ( 'NONE', #616, .T. ) ;
#1496 = ORIENTED_EDGE ( 'NONE', *, *, #1964, .T. ) ;
#1497 = DIRECTION ( 'NONE',  ( 0.000000000000000000, 0.000000000000000000, 1.000000000000000000 ) ) ;
#1498 = EDGE_CURVE ( 'NONE', #1393, #1369, #483, .T. ) ;
#1499 = DIRECTION ( 'NONE',  ( -1.000000000000000000, 0.000000000000000000, 0.000000000000000000 ) ) ;
#1500 = ORIENTED_EDGE ( 'NONE', *, *, #1853, .T. ) ;
#1501 = DIRECTION ( 'NONE',  ( -0.000000000000000000, -0.000000000000000000, -1.000000000000000000 ) ) ;
#1502 = CARTESIAN_POINT ( 'NONE',  ( -44.50000000000436984, -40.00000000000000000, 11.00000000000000000 ) ) ;
#1503 = ORIENTED_EDGE ( 'NONE', *, *, #525, .T. ) ;
#1504 = CARTESIAN_POINT ( 'NONE',  ( -40.55000000000000426, -40.00000000000000000, 14.05000000000000959 ) ) ;
#1505 = ORIENTED_EDGE ( 'NONE', *, *, #48, .F. ) ;
#1506 = DIRECTION ( 'NONE',  ( -1.000000000000000000, 0.000000000000000000, 0.000000000000000000 ) ) ;
#1507 = DIRECTION ( 'NONE',  ( 1.000000000000000000, 0.000000000000000000, 0.000000000000000000 ) ) ;
#1508 = CARTESIAN_POINT ( 'NONE',  ( -44.42012927749760109, -24.89196121675072249, 0.2999999999999999889 ) ) ;
#1509 = ADVANCED_FACE ( 'NONE', ( #693 ), #1642, .T. ) ;
#1510 = ADVANCED_FACE ( 'NONE', ( #1474 ), #498, .F. ) ;
#1511 = EDGE_CURVE ( 'NONE', #915, #655, #2236, .T. ) ;
#1512 = ORIENTED_EDGE ( 'NONE', *, *, #2400, .T. ) ;
#1513 = DIRECTION ( 'NONE',  ( 1.000000000000000000, -2.168404344971009115E-16, -0.000000000000000000 ) ) ;
#1514 = CARTESIAN_POINT ( 'NONE',  ( -46.62488678533221531, -19.16104396371192564, 6.023944552949381581 ) ) ;
#1515 = ORIENTED_EDGE ( 'NONE', *, *, #2242, .T. ) ;
#1516 = CARTESIAN_POINT ( 'NONE',  ( -47.82461462387978912, -4.400859472198561662, 0.000000000000000000 ) ) ;
#1517 = AXIS2_PLACEMENT_3D ( 'NONE', #1341, #204, #809 ) ;
#1518 = EDGE_LOOP ( 'NONE', ( #107, #2252, #440, #1597 ) ) ;
#1519 = CARTESIAN_POINT ( 'NONE',  ( -52.90000000000000568, 0.000000000000000000, 0.2999999999999999334 ) ) ;
#1520 = CYLINDRICAL_SURFACE ( 'NONE', #2099, 3.249999999999999556 ) ;
#1521 = VECTOR ( 'NONE', #792, 1000.000000000000000 ) ;
#1522 = AXIS2_PLACEMENT_3D ( 'NONE', #554, #368, #1152 ) ;
#1523 = CYLINDRICAL_SURFACE ( 'NONE', #1485, 0.2999999999999999334 ) ;
#1524 = CIRCLE ( 'NONE', #2264, 9.000000000000001776 ) ;
#1525 = AXIS2_PLACEMENT_3D ( 'NONE', #718, #148, #2489 ) ;
#1526 = ORIENTED_EDGE ( 'NONE', *, *, #607, .F. ) ;
#1527 = CYLINDRICAL_SURFACE ( 'NONE', #1522, 0.7499999999999876765 ) ;
#1528 = FACE_OUTER_BOUND ( 'NONE', #1476, .T. ) ;
#1529 = AXIS2_PLACEMENT_3D ( 'NONE', #1874, #2307, #146 ) ;
#1530 = ADVANCED_FACE ( 'NONE', ( #1875 ), #249, .T. ) ;
#1531 = DESIGN_CONTEXT ( 'detailed design', #515, 'design' ) ;
#1532 = ORIENTED_EDGE ( 'NONE', *, *, #380, .F. ) ;
#1533 = CARTESIAN_POINT ( 'NONE',  ( -44.70085947219854461, -10.62461462387981292, 5.500000000000000000 ) ) ;
#1534 =( GEOMETRIC_REPRESENTATION_CONTEXT ( 3 ) GLOBAL_UNCERTAINTY_ASSIGNED_CONTEXT ( ( #2299 ) ) GLOBAL_UNIT_ASSIGNED_CONTEXT ( ( #42, #404, #1400 ) ) REPRESENTATION_CONTEXT ( 'NONE', 'WORKASPACE' ) );
#1535 = VERTEX_POINT ( 'NONE', #1631 ) ;
#1536 = CARTESIAN_POINT ( 'NONE',  ( -44.70000000000000284, -40.00000000000000000, 11.00000000000000000 ) ) ;
#1537 = FACE_OUTER_BOUND ( 'NONE', #367, .T. ) ;
#1538 = PERSON_AND_ORGANIZATION_ROLE ( 'creator' ) ;
#1539 = CARTESIAN_POINT ( 'NONE',  ( -37.20000000000000284, 4.499999999999998224, -0.09738620076059964492 ) ) ;
#1540 = ORIENTED_EDGE ( 'NONE', *, *, #1136, .F. ) ;
#1541 = DIRECTION ( 'NONE',  ( -1.000000000000000000, -0.000000000000000000, -0.000000000000000000 ) ) ;
#1542 = CARTESIAN_POINT ( 'NONE',  ( -46.71292774976006257, -19.78558044872993094, 5.773211862854067178 ) ) ;
#1543 = ORIENTED_EDGE ( 'NONE', *, *, #1060, .T. ) ;
#1544 = DIRECTION ( 'NONE',  ( 0.000000000000000000, 0.6089819757693769597, 0.7931840600945191389 ) ) ;
#1545 = EDGE_CURVE ( 'NONE', #855, #1707, #1741, .T. ) ;
#1546 = EDGE_LOOP ( 'NONE', ( #2503, #2384, #1263, #865 ) ) ;
#1547 = ADVANCED_FACE ( 'NONE', ( #535 ), #1523, .T. ) ;
#1548 = DIRECTION ( 'NONE',  ( -0.000000000000000000, -0.000000000000000000, -1.000000000000000000 ) ) ;
#1549 = DIRECTION ( 'NONE',  ( 1.000000000000000000, -0.000000000000000000, -0.000000000000000000 ) ) ;
#1550 = CARTESIAN_POINT ( 'NONE',  ( -40.87585947219856308, 10.62461462387978450, 6.000000000000000000 ) ) ;
#1551 = CARTESIAN_POINT ( 'NONE',  ( -41.80000000000000426, -40.00000000000000000, 11.00000000000000000 ) ) ;
#1552 = DIRECTION ( 'NONE',  ( -2.168404344971009115E-16, -1.000000000000000000, 0.000000000000000000 ) ) ;
#1553 = CARTESIAN_POINT ( 'NONE',  ( -44.94922630830655663, -26.70473483693940864, 8.255265846502236826 ) ) ;
#1554 = ORIENTED_EDGE ( 'NONE', *, *, #1908, .F. ) ;
#1555 = FACE_OUTER_BOUND ( 'NONE', #2070, .T. ) ;
#1556 = AXIS2_PLACEMENT_3D ( 'NONE', #1876, #2285, #2083 ) ;
#1557 = ORIENTED_EDGE ( 'NONE', *, *, #541, .F. ) ;
#1558 = CARTESIAN_POINT ( 'NONE',  ( -44.39999999999999858, -31.81846591402322133, 14.75000000000000533 ) ) ;
#1559 = CARTESIAN_POINT ( 'NONE',  ( -37.20000000000000284, 0.000000000000000000, 0.000000000000000000 ) ) ;
#1560 = EDGE_CURVE ( 'NONE', #886, #436, #1524, .T. ) ;
#1561 = CIRCLE ( 'NONE', #451, 0.7499999999999867883 ) ;
#1562 = APPROVAL_ROLE ( '' ) ;
#1563 = VECTOR ( 'NONE', #1274, 1000.000000000000000 ) ;
#1564 = LINE ( 'NONE', #193, #796 ) ;
#1565 = CIRCLE ( 'NONE', #1885, 9.000000000000000000 ) ;
#1566 = DIRECTION ( 'NONE',  ( 0.000000000000000000, 0.000000000000000000, 1.000000000000000000 ) ) ;
#1567 = FACE_OUTER_BOUND ( 'NONE', #1067, .T. ) ;
#1568 = AXIS2_PLACEMENT_3D ( 'NONE', #1604, #642, #392 ) ;
#1569 = DIRECTION ( 'NONE',  ( 0.000000000000000000, 0.000000000000000000, 1.000000000000000000 ) ) ;
#1570 = AXIS2_PLACEMENT_3D ( 'NONE', #285, #1654, #1473 ) ;
#1571 = ORIENTED_EDGE ( 'NONE', *, *, #429, .F. ) ;
#1572 = CARTESIAN_POINT ( 'NONE',  ( -47.82461462387981754, 4.400859472198536793, -6.938893903907228378E-15 ) ) ;
#1573 = AXIS2_PLACEMENT_3D ( 'NONE', #1739, #2528, #769 ) ;
#1574 = AXIS2_PLACEMENT_3D ( 'NONE', #2010, #228, #1975 ) ;
#1575 = ORIENTED_EDGE ( 'NONE', *, *, #12, .F. ) ;
#1576 = CARTESIAN_POINT ( 'NONE',  ( -37.20000000000000284, 0.000000000000000000, 5.500000000000000000 ) ) ;
#1577 = DIRECTION ( 'NONE',  ( 0.000000000000000000, -0.5749595745760608390, -0.8181818181818237834 ) ) ;
#1578 = CALENDAR_DATE ( 2025, 16, 11 ) ;
#1579 = CARTESIAN_POINT ( 'NONE',  ( -41.60085947219856450, 10.62461462387978450, 6.000000000000000000 ) ) ;
#1580 = EDGE_CURVE ( 'NONE', #1058, #2237, #2224, .T. ) ;
#1581 = CARTESIAN_POINT ( 'NONE',  ( -41.70242782412716309, -25.41949665706318484, 7.857433794381873504 ) ) ;
#1582 = DIRECTION ( 'NONE',  ( 1.000000000000000000, 0.000000000000000000, -0.000000000000000000 ) ) ;
#1583 = DIRECTION ( 'NONE',  ( 0.000000000000000000, 0.000000000000000000, 1.000000000000000000 ) ) ;
#1584 = ORIENTED_EDGE ( 'NONE', *, *, #1686, .T. ) ;
#1585 = FACE_OUTER_BOUND ( 'NONE', #2547, .T. ) ;
#1586 = VERTEX_POINT ( 'NONE', #2530 ) ;
#1587 = CARTESIAN_POINT ( 'NONE',  ( -42.20000000001328289, -40.00000000000000000, 11.00000000000000000 ) ) ;
#1588 = EDGE_LOOP ( 'NONE', ( #1045, #2316, #1008, #846 ) ) ;
#1589 = LINE ( 'NONE', #432, #2228 ) ;
#1590 = CARTESIAN_POINT ( 'NONE',  ( -37.29999999999999716, -22.61142305432801081, 6.668729583928929117 ) ) ;
#1591 = CARTESIAN_POINT ( 'NONE',  ( -47.82461462387981754, 4.400859472198536793, -6.938893903907228378E-15 ) ) ;
#1592 = ADVANCED_FACE ( 'NONE', ( #2324 ), #2558, .F. ) ;
#1593 = EDGE_CURVE ( 'NONE', #1802, #116, #38, .T. ) ;
#1594 = EDGE_CURVE ( 'NONE', #1662, #1621, #115, .T. ) ;
#1595 = VERTEX_POINT ( 'NONE', #2123 ) ;
#1596 = DIRECTION ( 'NONE',  ( -1.000000000000000000, 0.000000000000000000, 0.000000000000000000 ) ) ;
#1597 = ORIENTED_EDGE ( 'NONE', *, *, #1454, .T. ) ;
#1598 = CARTESIAN_POINT ( 'NONE',  ( -46.71292774976006257, -19.78558044872993094, 0.2999999999999999889 ) ) ;
#1599 = VERTEX_POINT ( 'NONE', #1139 ) ;
#1600 = LINE ( 'NONE', #64, #1849 ) ;
#1601 = CIRCLE ( 'NONE', #1681, 1.700000000000000178 ) ;
#1602 = AXIS2_PLACEMENT_3D ( 'NONE', #2170, #1609, #425 ) ;
#1603 = CARTESIAN_POINT ( 'NONE',  ( -38.80871032030309919, -23.24943498068488523, 6.875979888166317444 ) ) ;
#1604 = CARTESIAN_POINT ( 'NONE',  ( -42.10000000000000142, -18.18257577072857245, 21.00000000000000000 ) ) ;
#1605 = DIRECTION ( 'NONE',  ( 0.000000000000000000, 0.000000000000000000, 1.000000000000000000 ) ) ;
#1606 = AXIS2_PLACEMENT_3D ( 'NONE', #2509, #1735, #558 ) ;
#1607 = CIRCLE ( 'NONE', #1926, 0.7499999999999885647 ) ;
#1608 = EDGE_LOOP ( 'NONE', ( #2294, #305, #2520, #2249, #2245 ) ) ;
#1609 = DIRECTION ( 'NONE',  ( 0.000000000000000000, 0.000000000000000000, 1.000000000000000000 ) ) ;
#1610 = EDGE_CURVE ( 'NONE', #1252, #557, #364, .T. ) ;
#1611 = VERTEX_POINT ( 'NONE', #1915 ) ;
#1612 = CARTESIAN_POINT ( 'NONE',  ( -41.80000000000000426, -40.00000000000000000, 11.00000000000000000 ) ) ;
#1613 = AXIS2_PLACEMENT_3D ( 'NONE', #1579, #613, #180 ) ;
#1614 = AXIS2_PLACEMENT_3D ( 'NONE', #1680, #1457, #1084 ) ;
#1615 = VERTEX_POINT ( 'NONE', #342 ) ;
#1616 = DIRECTION ( 'NONE',  ( 0.000000000000000000, 0.000000000000000000, -1.000000000000000000 ) ) ;
#1617 = AXIS2_PLACEMENT_3D ( 'NONE', #1416, #805, #1389 ) ;
#1618 = EDGE_CURVE ( 'NONE', #18, #1058, #962, .T. ) ;
#1619 = CARTESIAN_POINT ( 'NONE',  ( -40.82664117040351925, -24.68879245536603761, 7.063387528676337901 ) ) ;
#1620 = DIRECTION ( 'NONE',  ( 0.000000000000000000, 0.000000000000000000, 1.000000000000000000 ) ) ;
#1621 = VERTEX_POINT ( 'NONE', #2336 ) ;
#1622 = CARTESIAN_POINT ( 'NONE',  ( -40.55000000000000426, -40.00000000000000000, 7.949999999999988631 ) ) ;
#1623 = CARTESIAN_POINT ( 'NONE',  ( -44.39999999899137606, -29.70960925987179024, 11.34024334012682722 ) ) ;
#1624 = EDGE_LOOP ( 'NONE', ( #1063, #1831 ) ) ;
#1625 = DIRECTION ( 'NONE',  ( 1.000000000000000000, 0.000000000000000000, 0.000000000000000000 ) ) ;
#1626 = EDGE_CURVE ( 'NONE', #1393, #343, #2473, .T. ) ;
#1627 = ADVANCED_FACE ( 'NONE', ( #1902 ), #118, .T. ) ;
#1628 = ORIENTED_EDGE ( 'NONE', *, *, #1670, .F. ) ;
#1629 = CARTESIAN_POINT ( 'NONE',  ( -41.62463419007084298, -26.22555206203093547, 7.928538949221798582 ) ) ;
#1630 = CARTESIAN_POINT ( 'NONE',  ( -46.43305702725765371, -19.67754166548064632, 5.773211862854068066 ) ) ;
#1631 = CARTESIAN_POINT ( 'NONE',  ( -47.09961462387979481, -4.400859472198561662, 0.000000000000000000 ) ) ;
#1632 = ORIENTED_EDGE ( 'NONE', *, *, #764, .T. ) ;
#1633 = DIRECTION ( 'NONE',  ( -1.000000000000000000, 0.000000000000000000, 0.000000000000000000 ) ) ;
#1634 = DIRECTION ( 'NONE',  ( 0.000000000000000000, 0.000000000000000000, 1.000000000000000000 ) ) ;
#1635 = ORIENTED_EDGE ( 'NONE', *, *, #1426, .T. ) ;
#1636 = CARTESIAN_POINT ( 'NONE',  ( -42.10000000000000853, -27.05085643066634660, 8.897667886959506944 ) ) ;
#1637 = ORIENTED_EDGE ( 'NONE', *, *, #525, .F. ) ;
#1638 = CARTESIAN_POINT ( 'NONE',  ( -47.01016025128924980, -18.18257577072857245, 5.700000000000001954 ) ) ;
#1639 = EDGE_CURVE ( 'NONE', #892, #1653, #1703, .T. ) ;
#1640 = APPROVAL ( #2323, 'UNSPECIFIED' ) ;
#1641 = DIRECTION ( 'NONE',  ( 1.000000000000000000, -0.000000000000000000, -0.000000000000000000 ) ) ;
#1642 = CYLINDRICAL_SURFACE ( 'NONE', #1888, 0.3000000000000016542 ) ;
#1643 = AXIS2_PLACEMENT_3D ( 'NONE', #1722, #1942, #2321 ) ;
#1644 = ORIENTED_EDGE ( 'NONE', *, *, #2295, .F. ) ;
#1645 = DIRECTION ( 'NONE',  ( -1.000000000000000000, 0.000000000000000000, 0.000000000000000000 ) ) ;
#1646 = CONICAL_SURFACE ( 'NONE', #2300, 2.699999999947522156, 0.7853981633974482790 ) ;
#1647 = CARTESIAN_POINT ( 'NONE',  ( -46.33115276098209989, -20.77165237182775925, 6.189741521030987847 ) ) ;
#1648 = AXIS2_PLACEMENT_3D ( 'NONE', #538, #2125, #578 ) ;
#1649 = VERTEX_POINT ( 'NONE', #2282 ) ;
#1650 = ORIENTED_EDGE ( 'NONE', *, *, #1791, .F. ) ;
#1651 = CARTESIAN_POINT ( 'NONE',  ( -62.20000000000000284, -22.69999999999999929, 6.382104175607510754 ) ) ;
#1652 = AXIS2_PLACEMENT_3D ( 'NONE', #727, #2293, #934 ) ;
#1653 = VERTEX_POINT ( 'NONE', #1164 ) ;
#1654 = DIRECTION ( 'NONE',  ( 0.000000000000000000, 0.000000000000000000, 1.000000000000000000 ) ) ;
#1655 = CONICAL_SURFACE ( 'NONE', #254, 2.699999999947522156, 0.7853981633974482790 ) ;
#1656 = DIRECTION ( 'NONE',  ( -2.168404344971009115E-16, -1.000000000000000000, 0.000000000000000000 ) ) ;
#1657 = LINE ( 'NONE', #682, #872 ) ;
#1658 = EDGE_CURVE ( 'NONE', #50, #2161, #1410, .T. ) ;
#1659 = ORIENTED_EDGE ( 'NONE', *, *, #1436, .T. ) ;
#1660 = CYLINDRICAL_SURFACE ( 'NONE', #1034, 4.499999999999997335 ) ;
#1661 = CARTESIAN_POINT ( 'NONE',  ( -48.54961462387978344, -4.400859472198561662, 5.500000000000000000 ) ) ;
#1662 = VERTEX_POINT ( 'NONE', #138 ) ;
#1663 = DIRECTION ( 'NONE',  ( 1.000000000000000000, -0.000000000000000000, -0.000000000000000000 ) ) ;
#1664 = ORIENTED_EDGE ( 'NONE', *, *, #619, .T. ) ;
#1665 = CARTESIAN_POINT ( 'NONE',  ( -41.43575120519980715, -25.70494000289359704, 7.606225535658609260 ) ) ;
#1666 = DIRECTION ( 'NONE',  ( 1.000000000000000000, 0.000000000000000000, 0.000000000000000000 ) ) ;
#1667 = ORIENTED_EDGE ( 'NONE', *, *, #980, .T. ) ;
#1668 = EDGE_CURVE ( 'NONE', #2479, #2459, #2138, .T. ) ;
#1669 = DIRECTION ( 'NONE',  ( 0.000000000000000000, 0.000000000000000000, -1.000000000000000000 ) ) ;
#1670 = EDGE_CURVE ( 'NONE', #655, #1439, #546, .T. ) ;
#1671 = FACE_OUTER_BOUND ( 'NONE', #1160, .T. ) ;
#1672 = ORIENTED_EDGE ( 'NONE', *, *, #1997, .F. ) ;
#1673 = CARTESIAN_POINT ( 'NONE',  ( -44.42012927749760109, -24.89196121675072249, 5.700000000000000178 ) ) ;
#1674 = ORIENTED_EDGE ( 'NONE', *, *, #410, .T. ) ;
#1675 = CARTESIAN_POINT ( 'NONE',  ( -42.10000000000000853, -33.67544467966323651, 19.99999999999999645 ) ) ;
#1676 = CARTESIAN_POINT ( 'NONE',  ( -44.70000000000000284, -40.00000000000000000, 11.00000000000000000 ) ) ;
#1677 = AXIS2_PLACEMENT_3D ( 'NONE', #2490, #139, #935 ) ;
#1678 = EDGE_LOOP ( 'NONE', ( #1283, #890, #996, #1184, #1289, #1938, #1745, #2184, #689, #1892, #2543, #464, #32, #2374 ) ) ;
#1679 = CARTESIAN_POINT ( 'NONE',  ( -46.62481067186823935, -19.16123726693874119, 6.023963531458096377 ) ) ;
#1680 = CARTESIAN_POINT ( 'NONE',  ( -42.10000000000000142, -27.49999999999999645, 0.2999999999999999889 ) ) ;
#1681 = AXIS2_PLACEMENT_3D ( 'NONE', #941, #971, #2117 ) ;
#1682 = AXIS2_PLACEMENT_3D ( 'NONE', #2244, #296, #479 ) ;
#1683 = ORIENTED_EDGE ( 'NONE', *, *, #1791, .T. ) ;
#1684 = CARTESIAN_POINT ( 'NONE',  ( -37.20000000000000284, -7.950000000000000178, 28.48599564173220955 ) ) ;
#1685 = CIRCLE ( 'NONE', #539, 15.29999999999999893 ) ;
#1686 = EDGE_CURVE ( 'NONE', #2054, #2479, #552, .T. ) ;
#1687 = ORIENTED_EDGE ( 'NONE', *, *, #1135, .F. ) ;
#1688 = FACE_OUTER_BOUND ( 'NONE', #1374, .T. ) ;
#1689 = AXIS2_PLACEMENT_3D ( 'NONE', #1726, #37, #1994 ) ;
#1690 = CARTESIAN_POINT ( 'NONE',  ( -41.80000000000000426, -40.00000000000000000, 11.00000000000000000 ) ) ;
#1691 = CIRCLE ( 'NONE', #879, 7.949999999999998401 ) ;
#1692 = CIRCLE ( 'NONE', #1574, 1.700000000000000178 ) ;
#1693 = EDGE_LOOP ( 'NONE', ( #1460, #1235, #1039, #2211 ) ) ;
#1694 = CARTESIAN_POINT ( 'NONE',  ( -38.50085947219854887, -10.62461462387981292, 5.500000000000000000 ) ) ;
#1695 = LINE ( 'NONE', #710, #337 ) ;
#1696 = ORIENTED_EDGE ( 'NONE', *, *, #1498, .F. ) ;
#1697 = CARTESIAN_POINT ( 'NONE',  ( -43.30085947219854603, -10.62461462387981292, 5.500000000000000000 ) ) ;
#1698 = ORIENTED_EDGE ( 'NONE', *, *, #1464, .T. ) ;
#1699 = LINE ( 'NONE', #1900, #659 ) ;
#1700 = CARTESIAN_POINT ( 'NONE',  ( -39.30000000000001137, -13.49999999999999822, 2.500000000000000000 ) ) ;
#1701 = EDGE_CURVE ( 'NONE', #1323, #2396, #1489, .T. ) ;
#1702 = EDGE_CURVE ( 'NONE', #283, #2466, #1564, .T. ) ;
#1703 = LINE ( 'NONE', #379, #1890 ) ;
#1704 = DIRECTION ( 'NONE',  ( 0.000000000000000000, 0.000000000000000000, -1.000000000000000000 ) ) ;
#1705 = CARTESIAN_POINT ( 'NONE',  ( -37.29999999999999716, -22.69999999999999574, 6.382104175607508090 ) ) ;
#1706 = DIRECTION ( 'NONE',  ( -0.000000000000000000, 0.5851745138289381476, -0.8109073858123787559 ) ) ;
#1707 = VERTEX_POINT ( 'NONE', #783 ) ;
#1708 = DIRECTION ( 'NONE',  ( 1.000000000000000000, -2.168404344971009115E-16, -0.000000000000000000 ) ) ;
#1709 = ORIENTED_EDGE ( 'NONE', *, *, #1580, .F. ) ;
#1710 = CARTESIAN_POINT ( 'NONE',  ( -37.20000000000000284, 0.000000000000000000, 28.48599564173220955 ) ) ;
#1711 = DIRECTION ( 'NONE',  ( -0.000000000000000000, -1.000000000000000000, -0.000000000000000000 ) ) ;
#1712 = DIRECTION ( 'NONE',  ( 0.000000000000000000, -1.000000000000000000, 0.000000000000000000 ) ) ;
#1713 = EDGE_CURVE ( 'NONE', #348, #1599, #588, .T. ) ;
#1714 = CC_DESIGN_PERSON_AND_ORGANIZATION_ASSIGNMENT ( #166, #1725, ( #1736 ) ) ;
#1715 = FACE_OUTER_BOUND ( 'NONE', #711, .T. ) ;
#1716 = DIRECTION ( 'NONE',  ( 0.000000000000000000, 1.000000000000000000, 0.000000000000000000 ) ) ;
#1717 = CARTESIAN_POINT ( 'NONE',  ( -40.55000000000000426, -40.00000000000000000, 8.499999999999998224 ) ) ;
#1718 = ORIENTED_EDGE ( 'NONE', *, *, #605, .T. ) ;
#1719 = CARTESIAN_POINT ( 'NONE',  ( -37.29999999999999716, -23.00000000000000000, 0.2999999999999999334 ) ) ;
#1720 = AXIS2_PLACEMENT_3D ( 'NONE', #177, #1548, #2107 ) ;
#1721 = EDGE_LOOP ( 'NONE', ( #395, #1632, #194, #1993 ) ) ;
#1722 = CARTESIAN_POINT ( 'NONE',  ( -37.20000000000000284, 0.000000000000000000, 0.2999999999999999334 ) ) ;
#1723 = CARTESIAN_POINT ( 'NONE',  ( -42.19999999995643947, -40.00000000000000000, 11.00000000000000000 ) ) ;
#1724 = CONICAL_SURFACE ( 'NONE', #2051, 3.099999999999998757, 0.7853981633974485010 ) ;
#1725 = PERSON_AND_ORGANIZATION_ROLE ( 'design_supplier' ) ;
#1726 = CARTESIAN_POINT ( 'NONE',  ( -37.20000000000000284, 0.000000000000000000, 2.000000000000000000 ) ) ;
#1727 = AXIS2_PLACEMENT_3D ( 'NONE', #1006, #1782, #14 ) ;
#1728 = AXIS2_PLACEMENT_3D ( 'NONE', #703, #2270, #2005 ) ;
#1729 = PLANE ( 'NONE',  #737 ) ;
#1730 = EDGE_CURVE ( 'NONE', #2364, #220, #1213, .T. ) ;
#1731 = CARTESIAN_POINT ( 'NONE',  ( -37.20000000000000284, 16.00000000000000000, 6.000000000000000000 ) ) ;
#1732 = CARTESIAN_POINT ( 'NONE',  ( -44.84673752101461019, -27.59240443987032165, 8.899872325690575181 ) ) ;
#1733 = VECTOR ( 'NONE', #94, 1000.000000000000000 ) ;
#1734 = ORIENTED_EDGE ( 'NONE', *, *, #1149, .T. ) ;
#1735 = DIRECTION ( 'NONE',  ( 1.000000000000000000, 0.000000000000000000, 0.000000000000000000 ) ) ;
#1736 = PRODUCT_DEFINITION_FORMATION_WITH_SPECIFIED_SOURCE ( 'ANY', '', #895, .NOT_KNOWN. ) ;
#1737 = ORIENTED_EDGE ( 'NONE', *, *, #2502, .T. ) ;
#1738 = FACE_OUTER_BOUND ( 'NONE', #2410, .T. ) ;
#1739 = CARTESIAN_POINT ( 'NONE',  ( -41.60085947219856450, 10.62461462387978450, 5.500000000000000000 ) ) ;
#1740 = APPLICATION_PROTOCOL_DEFINITION ( 'international standard', 'config_control_design', 1994, #1090 ) ;
#1741 = LINE ( 'NONE', #523, #80 ) ;
#1742 = ORIENTED_EDGE ( 'NONE', *, *, #2376, .T. ) ;
#1743 = CARTESIAN_POINT ( 'NONE',  ( -37.20000000000000284, 0.000000000000000000, 5.700000000000000178 ) ) ;
#1744 = DIRECTION ( 'NONE',  ( 0.000000000000000000, -0.8109073858123786449, -0.5851745138289380366 ) ) ;
#1745 = ORIENTED_EDGE ( 'NONE', *, *, #150, .T. ) ;
#1746 = ADVANCED_FACE ( 'NONE', ( #1024 ), #986, .F. ) ;
#1747 = DIRECTION ( 'NONE',  ( -0.000000000000000000, -0.000000000000000000, -1.000000000000000000 ) ) ;
#1748 = ORIENTED_EDGE ( 'NONE', *, *, #1249, .T. ) ;
#1749 = CARTESIAN_POINT ( 'NONE',  ( -37.29999999999999716, -22.61142305432801081, 6.668729583928930005 ) ) ;
#1750 = CARTESIAN_POINT ( 'NONE',  ( -44.71646709506955375, -26.03845947856967413, 8.210643340697362902 ) ) ;
#1751 = DIRECTION ( 'NONE',  ( -1.000000000000000000, 0.000000000000000000, 0.000000000000000000 ) ) ;
#1752 = CARTESIAN_POINT ( 'NONE',  ( -41.30556451954892339, -25.42880777466156772, 7.448163188516018884 ) ) ;
#1753 = CARTESIAN_POINT ( 'NONE',  ( -37.20000000000000284, 0.000000000000000000, 6.000000000000000000 ) ) ;
#1754 = CARTESIAN_POINT ( 'NONE',  ( -47.01016025128924980, -18.18257577072857245, 6.000000000000001776 ) ) ;
#1755 = EDGE_LOOP ( 'NONE', ( #2476, #1427, #2372, #1833 ) ) ;
#1756 = DIRECTION ( 'NONE',  ( 0.000000000000000000, 0.000000000000000000, 1.000000000000000000 ) ) ;
#1757 = ORIENTED_EDGE ( 'NONE', *, *, #2351, .F. ) ;
#1758 = DIRECTION ( 'NONE',  ( 0.000000000000000000, 0.000000000000000000, 1.000000000000000000 ) ) ;
#1759 = EDGE_CURVE ( 'NONE', #634, #1276, #2166, .T. ) ;
#1760 = DIRECTION ( 'NONE',  ( -1.000000000000000000, 0.000000000000000000, 0.000000000000000000 ) ) ;
#1761 = TOROIDAL_SURFACE ( 'NONE', #1879, 8.699999999999999289, 0.2999999999999999889 ) ;
#1762 = VECTOR ( 'NONE', #257, 1000.000000000000000 ) ;
#1763 = DIRECTION ( 'NONE',  ( -0.7071067810860616198, 0.000000000000000000, -0.7071067812870334146 ) ) ;
#1764 = AXIS2_PLACEMENT_3D ( 'NONE', #695, #1645, #268 ) ;
#1765 = CARTESIAN_POINT ( 'NONE',  ( -40.42205692326766808, -24.24533467593541758, 6.858455578124368124 ) ) ;
#1766 = CYLINDRICAL_SURFACE ( 'NONE', #624, 0.7249999999999965361 ) ;
#1767 = CIRCLE ( 'NONE', #1078, 1.700000000000000178 ) ;
#1768 = DIRECTION ( 'NONE',  ( -1.000000000000000000, 0.000000000000000000, 0.000000000000000000 ) ) ;
#1769 = VECTOR ( 'NONE', #2206, 1000.000000000000000 ) ;
#1770 = VERTEX_POINT ( 'NONE', #401 ) ;
#1771 = CARTESIAN_POINT ( 'NONE',  ( -44.70000000001100915, -40.00000000000000000, 11.00000000000000000 ) ) ;
#1772 = AXIS2_PLACEMENT_3D ( 'NONE', #1869, #1296, #882 ) ;
#1773 = AXIS2_PLACEMENT_3D ( 'NONE', #604, #1228, #1768 ) ;
#1774 = ORIENTED_EDGE ( 'NONE', *, *, #2283, .T. ) ;
#1775 = CARTESIAN_POINT ( 'NONE',  ( -37.20000000000000284, 0.000000000000000000, 6.000000000000000000 ) ) ;
#1776 = CALENDAR_DATE ( 2025, 16, 11 ) ;
#1777 = ADVANCED_FACE ( 'NONE', ( #11 ), #2389, .F. ) ;
#1778 = EDGE_CURVE ( 'NONE', #1231, #753, #1589, .T. ) ;
#1779 = CARTESIAN_POINT ( 'NONE',  ( -44.39999999999999147, -29.70908774363934768, 11.33952064740061338 ) ) ;
#1780 = ADVANCED_FACE ( 'NONE', ( #21 ), #707, .T. ) ;
#1781 = DIRECTION ( 'NONE',  ( 0.000000000000000000, 0.000000000000000000, -1.000000000000000000 ) ) ;
#1782 = DIRECTION ( 'NONE',  ( 0.000000000000000000, 0.000000000000000000, 1.000000000000000000 ) ) ;
#1783 = CARTESIAN_POINT ( 'NONE',  ( -74.69999999999998863, -30.58945877365794530, 0.000000000000000000 ) ) ;
#1784 = EDGE_LOOP ( 'NONE', ( #2127, #1268, #1225, #431 ) ) ;
#1785 = DIRECTION ( 'NONE',  ( 1.000000000000000000, 0.000000000000000000, 0.000000000000000000 ) ) ;
#1786 = ORIENTED_EDGE ( 'NONE', *, *, #2074, .F. ) ;
#1787 = DIRECTION ( 'NONE',  ( 0.000000000000000000, 0.000000000000000000, -1.000000000000000000 ) ) ;
#1788 = EDGE_LOOP ( 'NONE', ( #1871, #1667, #724, #1172 ) ) ;
#1789 = CARTESIAN_POINT ( 'NONE',  ( -47.82461462387981754, 4.400859472198536793, 5.500000000000000000 ) ) ;
#1790 = CARTESIAN_POINT ( 'NONE',  ( -39.30000000000001137, -13.49999999999999822, 1.750000000000013323 ) ) ;
#1791 = EDGE_CURVE ( 'NONE', #582, #1770, #910, .T. ) ;
#1792 = DIRECTION ( 'NONE',  ( 1.000000000000000000, -0.000000000000000000, -0.000000000000000000 ) ) ;
#1793 = ORIENTED_EDGE ( 'NONE', *, *, #606, .F. ) ;
#1794 = CARTESIAN_POINT ( 'NONE',  ( -47.09961462387979481, -4.400859472198561662, 5.500000000000000000 ) ) ;
#1795 = ORIENTED_EDGE ( 'NONE', *, *, #1511, .F. ) ;
#1796 = DIRECTION ( 'NONE',  ( 0.000000000000000000, 0.000000000000000000, 1.000000000000000000 ) ) ;
#1797 = VECTOR ( 'NONE', #553, 1000.000000000000114 ) ;
#1798 = EDGE_LOOP ( 'NONE', ( #929, #924, #1048, #516 ) ) ;
#1799 = CARTESIAN_POINT ( 'NONE',  ( -44.69999999989732231, -40.00000000000000000, 7.200000000158069291 ) ) ;
#1800 = CIRCLE ( 'NONE', #575, 0.2999999999999999334 ) ;
#1801 = TOROIDAL_SURFACE ( 'NONE', #789, 19.70000000000000284, 0.2999999999999999889 ) ;
#1802 = VERTEX_POINT ( 'NONE', #1188 ) ;
#1803 = CARTESIAN_POINT ( 'NONE',  ( -38.51279708466761775, -23.15563027176373723, 6.842829806457755737 ) ) ;
#1804 = DIRECTION ( 'NONE',  ( -1.000000000000000000, 0.000000000000000000, 0.000000000000000000 ) ) ;
#1805 = DIRECTION ( 'NONE',  ( 0.000000000000000000, 0.000000000000000000, -1.000000000000000000 ) ) ;
#1806 = VECTOR ( 'NONE', #128, 1000.000000000000000 ) ;
#1807 = ORIENTED_EDGE ( 'NONE', *, *, #2238, .F. ) ;
#1808 = CARTESIAN_POINT ( 'NONE',  ( -37.20000000000000284, -22.69999999999999929, 0.2999999999999999889 ) ) ;
#1809 = CARTESIAN_POINT ( 'NONE',  ( -46.00946801207597758, -21.76290544280248440, 6.396301990223797418 ) ) ;
#1810 = EDGE_CURVE ( 'NONE', #911, #722, #640, .T. ) ;
#1811 = VERTEX_POINT ( 'NONE', #2178 ) ;
#1812 = CARTESIAN_POINT ( 'NONE',  ( -38.94014749984884816, -22.88277770798135080, 6.754742678312911863 ) ) ;
#1813 = CIRCLE ( 'NONE', #2353, 2.500000000000000444 ) ;
#1814 = EDGE_LOOP ( 'NONE', ( #1395, #954, #1221, #474 ) ) ;
#1815 = DIRECTION ( 'NONE',  ( 0.3601292774975974886, -0.9329024083413326451, -0.000000000000000000 ) ) ;
#1816 = CARTESIAN_POINT ( 'NONE',  ( -42.10000000000000142, -27.31730540726918477, 9.102239098582177945 ) ) ;
#1817 = DIRECTION ( 'NONE',  ( 0.000000000000000000, 0.000000000000000000, -1.000000000000000000 ) ) ;
#1818 = ORIENTED_EDGE ( 'NONE', *, *, #2431, .F. ) ;
#1819 = CARTESIAN_POINT ( 'NONE',  ( -37.20000000000000284, 15.69999999999999929, 6.000000000000000000 ) ) ;
#1820 = DIRECTION ( 'NONE',  ( 1.000000000000000000, 0.000000000000000000, 0.000000000000000000 ) ) ;
#1821 = ORIENTED_EDGE ( 'NONE', *, *, #973, .F. ) ;
#1822 = CARTESIAN_POINT ( 'NONE',  ( -44.70000000000000284, -45.00214829881181089, 3.881818181818185387 ) ) ;
#1823 = EDGE_CURVE ( 'NONE', #763, #938, #1422, .T. ) ;
#1824 = ORIENTED_EDGE ( 'NONE', *, *, #1962, .T. ) ;
#1825 = CARTESIAN_POINT ( 'NONE',  ( -40.43942654944901705, -24.26204032355784790, 6.865800804187127682 ) ) ;
#1826 = FACE_OUTER_BOUND ( 'NONE', #1214, .T. ) ;
#1827 = DIRECTION ( 'NONE',  ( -1.000000000000000000, 0.000000000000000000, 0.000000000000000000 ) ) ;
#1828 = ORIENTED_EDGE ( 'NONE', *, *, #1322, .F. ) ;
#1829 = CARTESIAN_POINT ( 'NONE',  ( -44.70000000000000284, -18.18257577072857245, 21.00000000000000000 ) ) ;
#1830 = CARTESIAN_POINT ( 'NONE',  ( -45.26898503169731924, -24.69894208221715459, 7.448109726980121970 ) ) ;
#1831 = ORIENTED_EDGE ( 'NONE', *, *, #256, .F. ) ;
#1832 = CARTESIAN_POINT ( 'NONE',  ( -37.29999999999999716, -23.00000000000000000, 6.794633978836428057 ) ) ;
#1833 = ORIENTED_EDGE ( 'NONE', *, *, #150, .F. ) ;
#1834 = EDGE_LOOP ( 'NONE', ( #1526, #794, #683 ) ) ;
#1835 = EDGE_CURVE ( 'NONE', #2036, #2237, #974, .T. ) ;
#1836 = CARTESIAN_POINT ( 'NONE',  ( -39.43862202220439173, -23.52819020075729384, 6.567519604888187423 ) ) ;
#1837 = DIRECTION ( 'NONE',  ( 1.000000000000000000, -2.168404344971009115E-16, -0.000000000000000000 ) ) ;
#1838 = LINE ( 'NONE', #2248, #583 ) ;
#1839 = AXIS2_PLACEMENT_3D ( 'NONE', #667, #2219, #1506 ) ;
#1840 = MANIFOLD_SOLID_BREP ( 'Combine2', #2383 ) ;
#1841 = ORIENTED_EDGE ( 'NONE', *, *, #814, .F. ) ;
#1842 = LINE ( 'NONE', #709, #414 ) ;
#1843 = TOROIDAL_SURFACE ( 'NONE', #2551, 15.69999999999999929, 0.2999999999999999889 ) ;
#1844 = CARTESIAN_POINT ( 'NONE',  ( -44.72461462387981612, 4.400859472198536793, 5.500000000000000000 ) ) ;
#1845 = AXIS2_PLACEMENT_3D ( 'NONE', #2296, #566, #1166 ) ;
#1846 = ORIENTED_EDGE ( 'NONE', *, *, #2283, .F. ) ;
#1847 = DIRECTION ( 'NONE',  ( 0.000000000000000000, -1.000000000000000000, 0.000000000000000000 ) ) ;
#1848 = VECTOR ( 'NONE', #603, 1000.000000000000000 ) ;
#1849 = VECTOR ( 'NONE', #274, 1000.000000000000000 ) ;
#1850 = ORIENTED_EDGE ( 'NONE', *, *, #1670, .T. ) ;
#1851 = CARTESIAN_POINT ( 'NONE',  ( -41.02015745700653326, -24.95162243681723169, 7.193140886050422012 ) ) ;
#1852 = AXIS2_PLACEMENT_3D ( 'NONE', #2457, #1069, #103 ) ;
#1853 = EDGE_CURVE ( 'NONE', #1903, #697, #442, .T. ) ;
#1854 = ADVANCED_FACE ( 'NONE', ( #1014 ), #2352, .F. ) ;
#1855 = CIRCLE ( 'NONE', #2357, 0.7249999999999965361 ) ;
#1856 = EDGE_CURVE ( 'NONE', #1611, #2461, #1600, .T. ) ;
#1857 = DIRECTION ( 'NONE',  ( -0.000000000000000000, -0.000000000000000000, -1.000000000000000000 ) ) ;
#1858 = ORIENTED_EDGE ( 'NONE', *, *, #781, .T. ) ;
#1859 = DIRECTION ( 'NONE',  ( 0.000000000000000000, 0.000000000000000000, -1.000000000000000000 ) ) ;
#1860 = LINE ( 'NONE', #926, #1733 ) ;
#1861 = ORIENTED_EDGE ( 'NONE', *, *, #304, .T. ) ;
#1862 = CARTESIAN_POINT ( 'NONE',  ( -37.20000000000000284, 6.000000000000008882, 2.000000000000000000 ) ) ;
#1863 = ORIENTED_EDGE ( 'NONE', *, *, #1483, .F. ) ;
#1864 = FACE_OUTER_BOUND ( 'NONE', #1088, .T. ) ;
#1865 = CARTESIAN_POINT ( 'NONE',  ( -41.80000000000000426, -33.67544467966323651, 0.2999999999999999889 ) ) ;
#1866 = EDGE_CURVE ( 'NONE', #1252, #1649, #1447, .T. ) ;
#1867 = ORIENTED_EDGE ( 'NONE', *, *, #1610, .T. ) ;
#1868 = DIRECTION ( 'NONE',  ( -0.000000000000000000, -0.000000000000000000, 1.000000000000000000 ) ) ;
#1869 = CARTESIAN_POINT ( 'NONE',  ( -44.39999999999999858, -45.00214829881181089, 3.881818181818185387 ) ) ;
#1870 = ORIENTED_EDGE ( 'NONE', *, *, #463, .F. ) ;
#1871 = ORIENTED_EDGE ( 'NONE', *, *, #1593, .T. ) ;
#1872 = CYLINDRICAL_SURFACE ( 'NONE', #1441, 0.2999999999999999334 ) ;
#1873 = ORIENTED_EDGE ( 'NONE', *, *, #2334, .F. ) ;
#1874 = CARTESIAN_POINT ( 'NONE',  ( -42.10000000000000142, -33.67544467966323651, 0.2999999999999999889 ) ) ;
#1875 = FACE_OUTER_BOUND ( 'NONE', #1546, .T. ) ;
#1876 = CARTESIAN_POINT ( 'NONE',  ( -44.69999999989732231, -40.00000000000000000, 11.00000000000000000 ) ) ;
#1877 = LINE ( 'NONE', #1694, #36 ) ;
#1878 = CARTESIAN_POINT ( 'NONE',  ( -37.20000000000000284, -22.61142305432801081, 6.668729583928930893 ) ) ;
#1879 = AXIS2_PLACEMENT_3D ( 'NONE', #2189, #1212, #1787 ) ;
#1880 = EDGE_CURVE ( 'NONE', #1621, #436, #2059, .T. ) ;
#1881 = AXIS2_PLACEMENT_3D ( 'NONE', #2341, #143, #2318 ) ;
#1882 = ORIENTED_EDGE ( 'NONE', *, *, #700, .F. ) ;
#1883 = PLANE ( 'NONE',  #110 ) ;
#1884 = ADVANCED_FACE ( 'NONE', ( #1461 ), #2453, .F. ) ;
#1885 = AXIS2_PLACEMENT_3D ( 'NONE', #355, #950, #1947 ) ;
#1886 = ORIENTED_EDGE ( 'NONE', *, *, #185, .F. ) ;
#1887 = CARTESIAN_POINT ( 'NONE',  ( -47.82461462387978912, -4.400859472198561662, 6.000000000000000000 ) ) ;
#1888 = AXIS2_PLACEMENT_3D ( 'NONE', #1266, #2047, #2432 ) ;
#1889 = DIRECTION ( 'NONE',  ( 0.000000000000000000, -1.000000000000000000, -0.000000000000000000 ) ) ;
#1890 = VECTOR ( 'NONE', #741, 1000.000000000000000 ) ;
#1891 = CARTESIAN_POINT ( 'NONE',  ( -42.10000000000000853, -40.00000000000000000, 11.00000000000000000 ) ) ;
#1892 = ORIENTED_EDGE ( 'NONE', *, *, #889, .T. ) ;
#1893 = CARTESIAN_POINT ( 'NONE',  ( -37.20000000000000284, -13.49999999999999822, 2.500000000000000000 ) ) ;
#1894 = LINE ( 'NONE', #1844, #2231 ) ;
#1895 = VERTEX_POINT ( 'NONE', #2426 ) ;
#1896 = FACE_BOUND ( 'NONE', #1094, .T. ) ;
#1897 = EDGE_LOOP ( 'NONE', ( #374, #2025 ) ) ;
#1898 = ADVANCED_FACE ( 'NONE', ( #1864 ), #1076, .T. ) ;
#1899 = EDGE_CURVE ( 'NONE', #1448, #2524, #896, .T. ) ;
#1900 = CARTESIAN_POINT ( 'NONE',  ( -62.20000000000000284, -22.69999999999999929, 6.682104175607510577 ) ) ;
#1901 = FACE_OUTER_BOUND ( 'NONE', #2197, .T. ) ;
#1902 = FACE_OUTER_BOUND ( 'NONE', #1950, .T. ) ;
#1903 = VERTEX_POINT ( 'NONE', #300 ) ;
#1904 = DIRECTION ( 'NONE',  ( 1.000000000000000000, 0.000000000000000000, 0.000000000000000000 ) ) ;
#1905 = DIRECTION ( 'NONE',  ( 1.000000000000000000, 0.000000000000000000, 0.000000000000000000 ) ) ;
#1906 = ORIENTED_EDGE ( 'NONE', *, *, #541, .T. ) ;
#1907 = LINE ( 'NONE', #159, #1521 ) ;
#1908 = EDGE_CURVE ( 'NONE', #1895, #697, #376, .T. ) ;
#1909 = ORIENTED_EDGE ( 'NONE', *, *, #1168, .T. ) ;
#1910 = LINE ( 'NONE', #585, #2006 ) ;
#1911 = DIRECTION ( 'NONE',  ( 0.000000000000000000, 0.000000000000000000, 1.000000000000000000 ) ) ;
#1912 = ADVANCED_FACE ( 'NONE', ( #665 ), #1449, .T. ) ;
#1913 = PERSON_AND_ORGANIZATION ( #152, #1163 ) ;
#1914 = EDGE_CURVE ( 'NONE', #308, #821, #2097, .T. ) ;
#1915 = CARTESIAN_POINT ( 'NONE',  ( -37.29999999999999716, -22.69999999999999929, 0.000000000000000000 ) ) ;
#1916 = DIRECTION ( 'NONE',  ( -0.000000000000000000, -0.000000000000000000, -1.000000000000000000 ) ) ;
#1917 = DIRECTION ( 'NONE',  ( 0.000000000000000000, 0.000000000000000000, 1.000000000000000000 ) ) ;
#1918 = DIRECTION ( 'NONE',  ( -1.000000000000000000, 0.000000000000000000, 0.000000000000000000 ) ) ;
#1919 = EDGE_CURVE ( 'NONE', #1586, #348, #473, .T. ) ;
#1920 = ORIENTED_EDGE ( 'NONE', *, *, #2157, .T. ) ;
#1921 = CARTESIAN_POINT ( 'NONE',  ( -37.20000000000000284, -7.950000000000000178, 5.999999999999998224 ) ) ;
#1922 = AXIS2_PLACEMENT_3D ( 'NONE', #1775, #1924, #162 ) ;
#1923 = EDGE_LOOP ( 'NONE', ( #85, #1290, #2486, #1963 ) ) ;
#1924 = DIRECTION ( 'NONE',  ( 0.000000000000000000, 0.000000000000000000, 1.000000000000000000 ) ) ;
#1925 = CARTESIAN_POINT ( 'NONE',  ( -37.20000000000000284, -13.49999999999999822, 2.500000000000000000 ) ) ;
#1926 = AXIS2_PLACEMENT_3D ( 'NONE', #1893, #787, #1620 ) ;
#1927 = CIRCLE ( 'NONE', #247, 3.600000000000000977 ) ;
#1928 = PERSON_AND_ORGANIZATION_ROLE ( 'creator' ) ;
#1929 = DIRECTION ( 'NONE',  ( 0.000000000000000000, 0.000000000000000000, -1.000000000000000000 ) ) ;
#1930 = AXIS2_PLACEMENT_3D ( 'NONE', #804, #1582, #1027 ) ;
#1931 = EDGE_CURVE ( 'NONE', #644, #1369, #680, .T. ) ;
#1932 = AXIS2_PLACEMENT_3D ( 'NONE', #124, #1711, #2333 ) ;
#1933 = VERTEX_POINT ( 'NONE', #2045 ) ;
#1934 = CARTESIAN_POINT ( 'NONE',  ( -37.20000000000000284, 0.000000000000000000, 5.999999999999998224 ) ) ;
#1935 = DIRECTION ( 'NONE',  ( 0.000000000000000000, 0.000000000000000000, 1.000000000000000000 ) ) ;
#1936 = AXIS2_PLACEMENT_3D ( 'NONE', #1502, #2287, #2085 ) ;
#1937 = ORIENTED_EDGE ( 'NONE', *, *, #2380, .T. ) ;
#1938 = ORIENTED_EDGE ( 'NONE', *, *, #700, .T. ) ;
#1939 = CARTESIAN_POINT ( 'NONE',  ( -44.70000000000000284, -25.00000000000000000, -6.938893903907228378E-15 ) ) ;
#1940 = CC_DESIGN_APPROVAL ( #104, ( #1286 ) ) ;
#1941 = EDGE_LOOP ( 'NONE', ( #1444, #441, #386, #1793 ) ) ;
#1942 = DIRECTION ( 'NONE',  ( 0.000000000000000000, 0.000000000000000000, 1.000000000000000000 ) ) ;
#1943 = CARTESIAN_POINT ( 'NONE',  ( -41.80000000000000426, -48.70000000000000284, 11.00000000000000000 ) ) ;
#1944 = CALENDAR_DATE ( 2025, 16, 11 ) ;
#1945 = CARTESIAN_POINT ( 'NONE',  ( -42.00000000000000000, -40.00000000000000000, 11.00000000000000000 ) ) ;
#1946 = CARTESIAN_POINT ( 'NONE',  ( -41.06175058227250219, -24.37748052399257759, 7.336654438826995417 ) ) ;
#1947 = DIRECTION ( 'NONE',  ( 0.000000000000000000, 0.000000000000000000, -1.000000000000000000 ) ) ;
#1948 = CARTESIAN_POINT ( 'NONE',  ( -45.44373224219570062, -23.86782572976291306, 6.728044074904253158 ) ) ;
#1949 = ORIENTED_EDGE ( 'NONE', *, *, #1015, .F. ) ;
#1950 = EDGE_LOOP ( 'NONE', ( #1396, #1051, #1977, #44 ) ) ;
#1951 = DIRECTION ( 'NONE',  ( 0.000000000000000000, 0.000000000000000000, 1.000000000000000000 ) ) ;
#1952 = CARTESIAN_POINT ( 'NONE',  ( -45.01333375771886125, -26.23908093111760564, 7.954856207635311094 ) ) ;
#1953 = DATE_TIME_ROLE ( 'classification_date' ) ;
#1954 = DIRECTION ( 'NONE',  ( -0.7071067811865477948, 0.000000000000000000, 0.7071067811865473507 ) ) ;
#1955 = ORIENTED_EDGE ( 'NONE', *, *, #605, .F. ) ;
#1956 = CARTESIAN_POINT ( 'NONE',  ( -37.93259575689513952, -23.03360076040976878, 6.393043352632232335 ) ) ;
#1957 = CARTESIAN_POINT ( 'NONE',  ( -47.82461462387981754, 4.400859472198536793, 4.099999999999999645 ) ) ;
#1958 = DIRECTION ( 'NONE',  ( -1.000000000000000000, 0.000000000000000000, 0.000000000000000000 ) ) ;
#1959 = ORIENTED_EDGE ( 'NONE', *, *, #1899, .F. ) ;
#1960 = LINE ( 'NONE', #899, #1314 ) ;
#1961 = EDGE_CURVE ( 'NONE', #436, #729, #1317, .T. ) ;
#1962 = EDGE_CURVE ( 'NONE', #2524, #130, #294, .T. ) ;
#1963 = ORIENTED_EDGE ( 'NONE', *, *, #1919, .F. ) ;
#1964 = EDGE_CURVE ( 'NONE', #2459, #2461, #2217, .T. ) ;
#1965 = CARTESIAN_POINT ( 'NONE',  ( -37.29999999999999716, -23.00000000000000000, 6.382104175607508090 ) ) ;
#1966 = DIRECTION ( 'NONE',  ( -0.7071067811865474617, 0.000000000000000000, -0.7071067811865474617 ) ) ;
#1967 = AXIS2_PLACEMENT_3D ( 'NONE', #1587, #820, #2373 ) ;
#1968 = AXIS2_PLACEMENT_3D ( 'NONE', #1612, #507, #1847 ) ;
#1969 = CARTESIAN_POINT ( 'NONE',  ( -37.20000000000000284, 0.000000000000000000, 6.000000000000000000 ) ) ;
#1970 = VECTOR ( 'NONE', #1868, 1000.000000000000000 ) ;
#1971 = ORIENTED_EDGE ( 'NONE', *, *, #2067, .T. ) ;
#1972 = CARTESIAN_POINT ( 'NONE',  ( -38.63086104828208533, -22.78397646418528666, 6.723014786613497051 ) ) ;
#1973 = DIRECTION ( 'NONE',  ( 0.9329024083413316459, 0.3601292774975999866, 0.000000000000000000 ) ) ;
#1974 = CIRCLE ( 'NONE', #1155, 0.2999999999999999334 ) ;
#1975 = DIRECTION ( 'NONE',  ( -1.000000000000000000, 0.000000000000000000, 0.000000000000000000 ) ) ;
#1976 = AXIS2_PLACEMENT_3D ( 'NONE', #800, #1003, #2152 ) ;
#1977 = ORIENTED_EDGE ( 'NONE', *, *, #185, .T. ) ;
#1978 = FACE_OUTER_BOUND ( 'NONE', #467, .T. ) ;
#1979 = CIRCLE ( 'NONE', #1573, 0.7249999999999965361 ) ;
#1980 = AXIS2_PLACEMENT_3D ( 'NONE', #1154, #761, #183 ) ;
#1981 = ORIENTED_EDGE ( 'NONE', *, *, #2121, .F. ) ;
#1982 = CARTESIAN_POINT ( 'NONE',  ( -38.61779267778454994, -22.78053624425890078, 6.721913535613024848 ) ) ;
#1983 = EDGE_CURVE ( 'NONE', #1595, #299, #956, .T. ) ;
#1984 = ORIENTED_EDGE ( 'NONE', *, *, #2488, .F. ) ;
#1985 = CARTESIAN_POINT ( 'NONE',  ( -37.20000000000000284, 13.49999999999999822, 2.500000000000000000 ) ) ;
#1986 = CARTESIAN_POINT ( 'NONE',  ( -39.56424652473775438, -23.15505389844679840, 6.847462162104781314 ) ) ;
#1987 = PLANE ( 'NONE',  #1930 ) ;
#1988 = DIRECTION ( 'NONE',  ( -0.000000000000000000, -0.000000000000000000, 1.000000000000000000 ) ) ;
#1989 = ORIENTED_EDGE ( 'NONE', *, *, #2380, .F. ) ;
#1990 = DIRECTION ( 'NONE',  ( -0.000000000000000000, -0.000000000000000000, 1.000000000000000000 ) ) ;
#1991 = ORIENTED_EDGE ( 'NONE', *, *, #1470, .T. ) ;
#1992 = LINE ( 'NONE', #1832, #1309 ) ;
#1993 = ORIENTED_EDGE ( 'NONE', *, *, #1961, .T. ) ;
#1994 = DIRECTION ( 'NONE',  ( 1.000000000000000000, 0.000000000000000000, 0.000000000000000000 ) ) ;
#1995 = ADVANCED_FACE ( 'NONE', ( #1688 ), #164, .T. ) ;
#1996 = DIRECTION ( 'NONE',  ( -1.000000000000000000, 0.000000000000000000, 0.000000000000000000 ) ) ;
#1997 = EDGE_CURVE ( 'NONE', #1448, #1662, #165, .T. ) ;
#1998 = DIRECTION ( 'NONE',  ( -1.000000000000000000, 0.000000000000000000, 0.000000000000000000 ) ) ;
#1999 = FACE_OUTER_BOUND ( 'NONE', #430, .T. ) ;
#2000 = ORIENTED_EDGE ( 'NONE', *, *, #1810, .T. ) ;
#2001 = DIRECTION ( 'NONE',  ( 0.000000000000000000, 0.000000000000000000, -1.000000000000000000 ) ) ;
#2002 = VERTEX_POINT ( 'NONE', #533 ) ;
#2003 = CARTESIAN_POINT ( 'NONE',  ( -37.29999999999999716, -22.61142305432801081, 6.668729583928930005 ) ) ;
#2004 = EDGE_LOOP ( 'NONE', ( #2381, #894, #270, #2092 ) ) ;
#2005 = DIRECTION ( 'NONE',  ( 0.000000000000000000, 0.000000000000000000, 1.000000000000000000 ) ) ;
#2006 = VECTOR ( 'NONE', #2344, 1000.000000000000000 ) ;
#2007 = AXIS2_PLACEMENT_3D ( 'NONE', #2371, #6, #609 ) ;
#2008 = DIRECTION ( 'NONE',  ( 1.000000000000000000, -0.000000000000000000, -0.000000000000000000 ) ) ;
#2009 = CARTESIAN_POINT ( 'NONE',  ( -42.20000000000000284, -40.00000000000000000, 14.59999999999999964 ) ) ;
#2010 = CARTESIAN_POINT ( 'NONE',  ( -41.60085947219855029, -10.62461462387981292, 4.099999999999999645 ) ) ;
#2011 = CIRCLE ( 'NONE', #113, 4.799999999999998934 ) ;
#2012 = ADVANCED_FACE ( 'NONE', ( #906 ), #1158, .F. ) ;
#2013 = AXIS2_PLACEMENT_3D ( 'NONE', #771, #2517, #923 ) ;
#2014 = ORIENTED_EDGE ( 'NONE', *, *, #1029, .F. ) ;
#2015 = FACE_BOUND ( 'NONE', #1190, .T. ) ;
#2016 = CARTESIAN_POINT ( 'NONE',  ( -44.65296432852957764, -26.49015372074761743, 8.498903413765630077 ) ) ;
#2017 = ORIENTED_EDGE ( 'NONE', *, *, #1835, .F. ) ;
#2018 = CARTESIAN_POINT ( 'NONE',  ( -41.56372145550065511, -25.13435472403649129, 7.704968485662540445 ) ) ;
#2019 = VECTOR ( 'NONE', #307, 1000.000000000000000 ) ;
#2020 = AXIS2_PLACEMENT_3D ( 'NONE', #1363, #1958, #2356 ) ;
#2021 = ORIENTED_EDGE ( 'NONE', *, *, #335, .F. ) ;
#2022 = CARTESIAN_POINT ( 'NONE',  ( -39.70823402168837646, -23.68578505843959903, 6.626993971522422200 ) ) ;
#2023 = DIRECTION ( 'NONE',  ( 0.000000000000000000, 0.000000000000000000, -1.000000000000000000 ) ) ;
#2024 = CARTESIAN_POINT ( 'NONE',  ( -37.20000000000000284, 15.69999999999999929, 0.2999999999999999334 ) ) ;
#2025 = ORIENTED_EDGE ( 'NONE', *, *, #762, .F. ) ;
#2026 = DIRECTION ( 'NONE',  ( -1.000000000000000000, 0.000000000000000000, 0.000000000000000000 ) ) ;
#2027 = CARTESIAN_POINT ( 'NONE',  ( -44.86740167728638085, -27.38863225922398215, 9.145229054237956845 ) ) ;
#2028 = EDGE_CURVE ( 'NONE', #1465, #729, #2268, .T. ) ;
#2029 = ORIENTED_EDGE ( 'NONE', *, *, #477, .T. ) ;
#2030 = CARTESIAN_POINT ( 'NONE',  ( -37.20000000000000284, -13.49999999999999822, 1.750000000000011546 ) ) ;
#2031 = ORIENTED_EDGE ( 'NONE', *, *, #301, .F. ) ;
#2032 = CARTESIAN_POINT ( 'NONE',  ( -38.55821054924329871, -23.16785278750327848, 6.438448292953755647 ) ) ;
#2033 = ADVANCED_FACE ( 'NONE', ( #1901 ), #1081, .F. ) ;
#2034 = CARTESIAN_POINT ( 'NONE',  ( -41.79999999999999716, -27.24755583239693379, 8.657543874554171737 ) ) ;
#2035 = CYLINDRICAL_SURFACE ( 'NONE', #909, 20.00000000000000355 ) ;
#2036 = VERTEX_POINT ( 'NONE', #550 ) ;
#2037 = DIRECTION ( 'NONE',  ( -1.000000000000000000, 0.000000000000000000, 0.000000000000000000 ) ) ;
#2038 = CYLINDRICAL_SURFACE ( 'NONE', #1117, 0.2999999999999999889 ) ;
#2039 = ORIENTED_EDGE ( 'NONE', *, *, #843, .T. ) ;
#2040 = DIRECTION ( 'NONE',  ( 1.000000000000000000, -0.000000000000000000, -0.000000000000000000 ) ) ;
#2041 = EDGE_CURVE ( 'NONE', #100, #2560, #2118, .T. ) ;
#2042 = ADVANCED_FACE ( 'NONE', ( #1342 ), #2096, .F. ) ;
#2043 = ADVANCED_FACE ( 'NONE', ( #1537 ), #1520, .T. ) ;
#2044 = ORIENTED_EDGE ( 'NONE', *, *, #1464, .F. ) ;
#2045 = CARTESIAN_POINT ( 'NONE',  ( -37.29999999999999716, -22.69999999999999929, 6.682104175607507912 ) ) ;
#2046 = DIRECTION ( 'NONE',  ( 0.000000000000000000, 0.000000000000000000, 1.000000000000000000 ) ) ;
#2047 = DIRECTION ( 'NONE',  ( 2.168404344971009115E-16, 1.000000000000000000, 0.000000000000000000 ) ) ;
#2048 = AXIS2_PLACEMENT_3D ( 'NONE', #1236, #60, #244 ) ;
#2049 = ORIENTED_EDGE ( 'NONE', *, *, #1216, .F. ) ;
#2050 = DIRECTION ( 'NONE',  ( 0.000000000000000000, 0.000000000000000000, 1.000000000000000000 ) ) ;
#2051 = AXIS2_PLACEMENT_3D ( 'NONE', #2104, #347, #765 ) ;
#2052 = DIRECTION ( 'NONE',  ( -0.3601292774976005973, 0.9329024083413313129, -0.000000000000000000 ) ) ;
#2053 = CIRCLE ( 'NONE', #289, 15.00000000000000000 ) ;
#2054 = VERTEX_POINT ( 'NONE', #2292 ) ;
#2055 = CARTESIAN_POINT ( 'NONE',  ( -41.80000000000000426, -27.49999999999999645, 0.2999999999999999889 ) ) ;
#2056 = AXIS2_PLACEMENT_3D ( 'NONE', #251, #1044, #1804 ) ;
#2057 = VECTOR ( 'NONE', #736, 1000.000000000000000 ) ;
#2058 = ORIENTED_EDGE ( 'NONE', *, *, #1470, .F. ) ;
#2059 = LINE ( 'NONE', #1279, #2308 ) ;
#2060 = VECTOR ( 'NONE', #114, 1000.000000000000000 ) ;
#2061 = ADVANCED_FACE ( 'NONE', ( #2280 ), #1041, .F. ) ;
#2062 = LOCAL_TIME ( 12, 24, 39.00000000000000000, #2335 ) ;
#2063 = CARTESIAN_POINT ( 'NONE',  ( -44.70000000000000284, -33.67544467966323651, 0.2999999999999930500 ) ) ;
#2064 = ORIENTED_EDGE ( 'NONE', *, *, #1376, .T. ) ;
#2065 = CARTESIAN_POINT ( 'NONE',  ( -47.82461462387981754, 4.400859472198536793, 5.500000000000000000 ) ) ;
#2066 = DIRECTION ( 'NONE',  ( 0.000000000000000000, -1.000000000000000000, 0.000000000000000000 ) ) ;
#2067 = EDGE_CURVE ( 'NONE', #2442, #2290, #1813, .T. ) ;
#2068 = ORIENTED_EDGE ( 'NONE', *, *, #2366, .T. ) ;
#2069 = DIRECTION ( 'NONE',  ( 0.000000000000000000, 0.000000000000000000, 1.000000000000000000 ) ) ;
#2070 = EDGE_LOOP ( 'NONE', ( #732, #565, #1384, #1846, #2204 ) ) ;
#2071 = FACE_OUTER_BOUND ( 'NONE', #1755, .T. ) ;
#2072 = DIRECTION ( 'NONE',  ( 0.000000000000000000, 0.000000000000000000, 1.000000000000000000 ) ) ;
#2073 = ADVANCED_FACE ( 'NONE', ( #2071 ), #1147, .T. ) ;
#2074 = EDGE_CURVE ( 'NONE', #753, #455, #340, .T. ) ;
#2075 = ORIENTED_EDGE ( 'NONE', *, *, #1136, .T. ) ;
#2076 = CARTESIAN_POINT ( 'NONE',  ( -46.90468139715443385, -19.28884927289922757, 5.724442801379663770 ) ) ;
#2077 = LINE ( 'NONE', #528, #2019 ) ;
#2078 = EDGE_LOOP ( 'NONE', ( #677, #111 ) ) ;
#2079 = LINE ( 'NONE', #1862, #454 ) ;
#2080 = ORIENTED_EDGE ( 'NONE', *, *, #221, .T. ) ;
#2081 = CARTESIAN_POINT ( 'NONE',  ( -39.30000000000001137, 13.49999999999999822, 2.500000000000000000 ) ) ;
#2082 = DIRECTION ( 'NONE',  ( 0.000000000000000000, 0.000000000000000000, 1.000000000000000000 ) ) ;
#2083 = DIRECTION ( 'NONE',  ( 0.000000000000000000, 0.000000000000000000, -1.000000000000000000 ) ) ;
#2084 = CARTESIAN_POINT ( 'NONE',  ( -41.80000000000000426, -40.00000000000000000, 11.00000000000000000 ) ) ;
#2085 = DIRECTION ( 'NONE',  ( 0.000000000000000000, -1.000000000000000000, 0.000000000000000000 ) ) ;
#2086 = CIRCLE ( 'NONE', #1839, 1.700000000000000178 ) ;
#2087 = ADVANCED_FACE ( 'NONE', ( #1125 ), #1655, .F. ) ;
#2088 = CIRCLE ( 'NONE', #1606, 15.00000000000000355 ) ;
#2089 = ORIENTED_EDGE ( 'NONE', *, *, #1545, .T. ) ;
#2090 = FACE_BOUND ( 'NONE', #10, .T. ) ;
#2091 = AXIS2_PLACEMENT_3D ( 'NONE', #1705, #1541, #2141 ) ;
#2092 = ORIENTED_EDGE ( 'NONE', *, *, #61, .T. ) ;
#2093 = ORIENTED_EDGE ( 'NONE', *, *, #858, .T. ) ;
#2094 = CARTESIAN_POINT ( 'NONE',  ( -40.55000000000000426, -40.00000000000000000, 11.00000000000000000 ) ) ;
#2095 = CIRCLE ( 'NONE', #458, 0.2999999999999999334 ) ;
#2096 = CYLINDRICAL_SURFACE ( 'NONE', #587, 0.7499999999999876765 ) ;
#2097 = CIRCLE ( 'NONE', #1080, 16.00000000000000000 ) ;
#2098 = DIRECTION ( 'NONE',  ( 0.000000000000000000, 0.000000000000000000, -1.000000000000000000 ) ) ;
#2099 = AXIS2_PLACEMENT_3D ( 'NONE', #1134, #1507, #1497 ) ;
#2100 = FACE_OUTER_BOUND ( 'NONE', #144, .T. ) ;
#2101 = FACE_OUTER_BOUND ( 'NONE', #2405, .T. ) ;
#2102 = CARTESIAN_POINT ( 'NONE',  ( -47.82461462387981754, 4.400859472198536793, 5.500000000000000000 ) ) ;
#2103 = EDGE_LOOP ( 'NONE', ( #970, #743, #1937, #1035 ) ) ;
#2104 = CARTESIAN_POINT ( 'NONE',  ( -41.60085947219855029, -10.62461462387981292, 5.500000000000000000 ) ) ;
#2105 = EDGE_CURVE ( 'NONE', #2343, #97, #419, .T. ) ;
#2106 = ORIENTED_EDGE ( 'NONE', *, *, #2556, .T. ) ;
#2107 = DIRECTION ( 'NONE',  ( -1.000000000000000000, 0.000000000000000000, 0.000000000000000000 ) ) ;
#2108 = CARTESIAN_POINT ( 'NONE',  ( -44.69999999989732231, -40.00000000000000000, 14.79999999984192982 ) ) ;
#2109 = APPROVAL_ROLE ( '' ) ;
#2110 = DIRECTION ( 'NONE',  ( 0.000000000000000000, 0.000000000000000000, 1.000000000000000000 ) ) ;
#2111 = ORIENTED_EDGE ( 'NONE', *, *, #1049, .T. ) ;
#2112 = CARTESIAN_POINT ( 'NONE',  ( -62.20000000000000284, -18.18257577072857245, 21.00000000000000000 ) ) ;
#2113 = DIRECTION ( 'NONE',  ( 0.000000000000000000, 0.000000000000000000, -1.000000000000000000 ) ) ;
#2114 = ORIENTED_EDGE ( 'NONE', *, *, #1880, .T. ) ;
#2115 = DIRECTION ( 'NONE',  ( 0.000000000000000000, -1.000000000000000000, 0.000000000000000000 ) ) ;
#2116 = ORIENTED_EDGE ( 'NONE', *, *, #491, .T. ) ;
#2117 = DIRECTION ( 'NONE',  ( -1.000000000000000000, 0.000000000000000000, 0.000000000000000000 ) ) ;
#2118 = LINE ( 'NONE', #726, #121 ) ;
#2119 = EDGE_CURVE ( 'NONE', #2237, #1058, #1979, .T. ) ;
#2120 = EDGE_CURVE ( 'NONE', #1811, #1586, #1241, .T. ) ;
#2121 = EDGE_CURVE ( 'NONE', #1811, #2466, #1321, .T. ) ;
#2122 = SECURITY_CLASSIFICATION_LEVEL ( 'unclassified' ) ;
#2123 = CARTESIAN_POINT ( 'NONE',  ( -52.12643853346130385, -5.762068439961606892, 0.2999999999999998779 ) ) ;
#2124 = CYLINDRICAL_SURFACE ( 'NONE', #450, 3.249999999999999556 ) ;
#2125 = DIRECTION ( 'NONE',  ( -0.000000000000000000, 0.4166666666666795082, -0.9090593428863036340 ) ) ;
#2126 = CARTESIAN_POINT ( 'NONE',  ( -37.20000000000000284, -22.69999999999999929, 0.000000000000000000 ) ) ;
#2127 = ORIENTED_EDGE ( 'NONE', *, *, #490, .T. ) ;
#2128 = DIRECTION ( 'NONE',  ( -1.000000000000000000, 0.000000000000000000, 0.000000000000000000 ) ) ;
#2129 = CIRCLE ( 'NONE', #1720, 3.099999999999998757 ) ;
#2130 = AXIS2_PLACEMENT_3D ( 'NONE', #1572, #1747, #2128 ) ;
#2131 = ORIENTED_EDGE ( 'NONE', *, *, #686, .T. ) ;
#2132 = CARTESIAN_POINT ( 'NONE',  ( -53.20000000000000284, 0.000000000000000000, 5.700000000000000178 ) ) ;
#2133 = CARTESIAN_POINT ( 'NONE',  ( -45.44591234993151119, -23.85865226041505593, 6.724570655220020399 ) ) ;
#2134 = AXIS2_PLACEMENT_3D ( 'NONE', #57, #1196, #2382 ) ;
#2135 = AXIS2_PLACEMENT_3D ( 'NONE', #837, #1792, #1817 ) ;
#2136 = PERSON_AND_ORGANIZATION ( #152, #1163 ) ;
#2137 = DIRECTION ( 'NONE',  ( -1.000000000000000000, 0.000000000000000000, 0.000000000000000000 ) ) ;
#2138 = CIRCLE ( 'NONE', #1525, 4.499999999999997335 ) ;
#2139 = AXIS2_PLACEMENT_3D ( 'NONE', #984, #1760, #2554 ) ;
#2140 = DIRECTION ( 'NONE',  ( 0.000000000000000000, 0.000000000000000000, 1.000000000000000000 ) ) ;
#2141 = DIRECTION ( 'NONE',  ( 0.000000000000000000, 0.000000000000000000, 1.000000000000000000 ) ) ;
#2142 = CARTESIAN_POINT ( 'NONE',  ( -44.69999999999998153, -29.94902969223709022, 11.15047859956060528 ) ) ;
#2143 = AXIS2_PLACEMENT_3D ( 'NONE', #1142, #540, #1180 ) ;
#2144 = ORIENTED_EDGE ( 'NONE', *, *, #2281, .F. ) ;
#2145 = DIRECTION ( 'NONE',  ( 0.000000000000000000, 0.000000000000000000, 1.000000000000000000 ) ) ;
#2146 = AXIS2_PLACEMENT_3D ( 'NONE', #2102, #393, #369 ) ;
#2147 = EDGE_CURVE ( 'NONE', #898, #484, #461, .T. ) ;
#2148 = ORIENTED_EDGE ( 'NONE', *, *, #1454, .F. ) ;
#2149 = DIRECTION ( 'NONE',  ( 0.9329024083413316459, 0.3601292774975999866, 0.000000000000000000 ) ) ;
#2150 = CARTESIAN_POINT ( 'NONE',  ( -37.20000000000000284, 0.000000000000000000, 5.999999999999998224 ) ) ;
#2151 = ORIENTED_EDGE ( 'NONE', *, *, #2501, .F. ) ;
#2152 = DIRECTION ( 'NONE',  ( -1.000000000000000000, 0.000000000000000000, 0.000000000000000000 ) ) ;
#2153 = VERTEX_POINT ( 'NONE', #1943 ) ;
#2154 = CARTESIAN_POINT ( 'NONE',  ( -39.90085947219854745, -10.62461462387981292, -6.938893903907228378E-15 ) ) ;
#2155 = DIRECTION ( 'NONE',  ( 0.3601292774975999866, -0.9329024083413316459, -0.000000000000000000 ) ) ;
#2156 = LINE ( 'NONE', #197, #2232 ) ;
#2157 = EDGE_CURVE ( 'NONE', #1615, #763, #1691, .T. ) ;
#2158 = ADVANCED_FACE ( 'NONE', ( #972 ), #2531, .T. ) ;
#2159 = EDGE_LOOP ( 'NONE', ( #584, #1348, #1350, #2455 ) ) ;
#2160 = CARTESIAN_POINT ( 'NONE',  ( -48.54961462387978344, -4.400859472198561662, 0.000000000000000000 ) ) ;
#2161 = VERTEX_POINT ( 'NONE', #1162 ) ;
#2162 = LINE ( 'NONE', #398, #31 ) ;
#2163 = CARTESIAN_POINT ( 'NONE',  ( -45.03801296988406477, -26.07184338411560631, 8.231405947998144512 ) ) ;
#2164 = DIRECTION ( 'NONE',  ( 0.000000000000000000, 0.000000000000000000, 1.000000000000000000 ) ) ;
#2165 = ORIENTED_EDGE ( 'NONE', *, *, #1856, .T. ) ;
#2166 = LINE ( 'NONE', #1799, #418 ) ;
#2167 = CARTESIAN_POINT ( 'NONE',  ( -41.90781845608859157, -25.96714996353797744, 8.174226143395184607 ) ) ;
#2168 = FACE_OUTER_BOUND ( 'NONE', #1814, .T. ) ;
#2169 = EDGE_LOOP ( 'NONE', ( #1532, #526, #1099 ) ) ;
#2170 = CARTESIAN_POINT ( 'NONE',  ( -37.20000000000000284, 0.000000000000000000, 5.500000000000000000 ) ) ;
#2171 = ADVANCED_FACE ( 'NONE', ( #191 ), #999, .T. ) ;
#2172 = CIRCLE ( 'NONE', #149, 15.69999999999999929 ) ;
#2173 = ORIENTED_EDGE ( 'NONE', *, *, #1215, .T. ) ;
#2174 = CARTESIAN_POINT ( 'NONE',  ( -42.00000000000000000, -40.00000000000000000, 11.00000000000000000 ) ) ;
#2175 = TOROIDAL_SURFACE ( 'NONE', #739, 4.799999999999999822, 0.2999999999999999889 ) ;
#2176 = ORIENTED_EDGE ( 'NONE', *, *, #1201, .F. ) ;
#2177 = TOROIDAL_SURFACE ( 'NONE', #1193, 15.69999999999999929, 0.2999999999999999889 ) ;
#2178 = CARTESIAN_POINT ( 'NONE',  ( -41.80000000000000426, -32.09118371688911253, 14.62500000000000533 ) ) ;
#2179 = CIRCLE ( 'NONE', #951, 16.00000000000000000 ) ;
#2180 = FACE_OUTER_BOUND ( 'NONE', #1130, .T. ) ;
#2181 = CARTESIAN_POINT ( 'NONE',  ( -42.10000000000000142, -18.18257577072857245, 21.00000000000000000 ) ) ;
#2182 = CIRCLE ( 'NONE', #2513, 14.99999999999999645 ) ;
#2183 = AXIS2_PLACEMENT_3D ( 'NONE', #98, #2246, #2416 ) ;
#2184 = ORIENTED_EDGE ( 'NONE', *, *, #919, .T. ) ;
#2185 = ORIENTED_EDGE ( 'NONE', *, *, #1324, .F. ) ;
#2186 = FACE_OUTER_BOUND ( 'NONE', #1608, .T. ) ;
#2187 = CIRCLE ( 'NONE', #1411, 15.69999999999999929 ) ;
#2188 = ORIENTED_EDGE ( 'NONE', *, *, #1560, .T. ) ;
#2189 = CARTESIAN_POINT ( 'NONE',  ( -44.39999999999999858, -40.00000000000000000, 11.00000000000000000 ) ) ;
#2190 = EDGE_CURVE ( 'NONE', #263, #436, #47, .T. ) ;
#2191 = B_SPLINE_CURVE_WITH_KNOTS ( 'NONE', 3,
 ( #1542, #1379, #2546, #1948, #2505, #747, #1553, #1732, #2327, #2522, #2142, #555 ),
 .UNSPECIFIED., .F., .F.,
 ( 4, 2, 2, 2, 2, 4 ),
 ( 0.000000000000000000, 0.003284077903941707340, 0.006568155807883414680, 0.008210194759854268567, 0.009852233711825121587, 0.01313631161576682069 ),
 .UNSPECIFIED. ) ;
#2192 = VERTEX_POINT ( 'NONE', #2362 ) ;
#2193 = CARTESIAN_POINT ( 'NONE',  ( -45.70272227988075286, -21.66683477857654694, 6.372286395549408233 ) ) ;
#2194 = DIRECTION ( 'NONE',  ( -1.000000000000000000, 0.000000000000000000, 0.000000000000000000 ) ) ;
#2195 = FACE_OUTER_BOUND ( 'NONE', #967, .T. ) ;
#2196 = CARTESIAN_POINT ( 'NONE',  ( -44.70000000000000284, -30.58945877365794530, 0.2999999999999999334 ) ) ;
#2197 = EDGE_LOOP ( 'NONE', ( #1086, #1698, #267 ) ) ;
#2198 =( BOUNDED_CURVE ( )  B_SPLINE_CURVE ( 3, ( #900, #486, #279, #687 ),
 .UNSPECIFIED., .F., .F. ) 
 B_SPLINE_CURVE_WITH_KNOTS ( ( 4, 4 ),
 ( 4.712388980384689674, 4.810255319153890596 ),
 .UNSPECIFIED. ) 
 CURVE ( )  GEOMETRIC_REPRESENTATION_ITEM ( )  RATIONAL_B_SPLINE_CURVE ( ( 1.000000000000000000, 0.9992020075601445450, 0.9992020075601445450, 1.000000000000000000 ) ) 
 REPRESENTATION_ITEM ( '' )  );
#2199 = ORIENTED_EDGE ( 'NONE', *, *, #1015, .T. ) ;
#2200 = DIRECTION ( 'NONE',  ( 0.000000000000000000, 0.000000000000000000, 1.000000000000000000 ) ) ;
#2201 = ORIENTED_EDGE ( 'NONE', *, *, #1230, .T. ) ;
#2202 = DIRECTION ( 'NONE',  ( 0.000000000000000000, 0.000000000000000000, 1.000000000000000000 ) ) ;
#2203 = ORIENTED_EDGE ( 'NONE', *, *, #2315, .T. ) ;
#2204 = ORIENTED_EDGE ( 'NONE', *, *, #671, .F. ) ;
#2205 = EDGE_CURVE ( 'NONE', #50, #1250, #1383, .T. ) ;
#2206 = DIRECTION ( 'NONE',  ( 0.000000000000000000, 1.000000000000000000, 0.000000000000000000 ) ) ;
#2207 = EDGE_CURVE ( 'NONE', #1649, #1021, #2198, .T. ) ;
#2208 = CARTESIAN_POINT ( 'NONE',  ( -37.97476880740426708, -22.64656110404970946, 6.679454267769872722 ) ) ;
#2209 = CARTESIAN_POINT ( 'NONE',  ( -37.20000000000000284, 7.950000000000000178, 28.48599564173220955 ) ) ;
#2210 = DIRECTION ( 'NONE',  ( -1.000000000000000000, 0.000000000000000000, 0.000000000000000000 ) ) ;
#2211 = ORIENTED_EDGE ( 'NONE', *, *, #2502, .F. ) ;
#2212 = LINE ( 'NONE', #1032, #79 ) ;
#2213 = CARTESIAN_POINT ( 'NONE',  ( -45.15337147324790834, -23.68136834394187673, 7.004481033989514493 ) ) ;
#2214 = ORIENTED_EDGE ( 'NONE', *, *, #813, .F. ) ;
#2215 = CARTESIAN_POINT ( 'NONE',  ( -37.20000000000000284, -22.69999999999999929, 6.382104175607510754 ) ) ;
#2216 = ORIENTED_EDGE ( 'NONE', *, *, #843, .F. ) ;
#2217 = LINE ( 'NONE', #1040, #2057 ) ;
#2218 = CIRCLE ( 'NONE', #1070, 0.3000000000000002109 ) ;
#2219 = DIRECTION ( 'NONE',  ( -0.000000000000000000, -0.000000000000000000, -1.000000000000000000 ) ) ;
#2220 = CARTESIAN_POINT ( 'NONE',  ( -44.39999999999999858, -33.67544467966323651, 19.99999999999999645 ) ) ;
#2221 = EDGE_CURVE ( 'NONE', #2524, #487, #2475, .T. ) ;
#2222 = CIRCLE ( 'NONE', #2091, 0.2999999999999999334 ) ;
#2223 = EDGE_CURVE ( 'NONE', #1535, #806, #2077, .T. ) ;
#2224 = CIRCLE ( 'NONE', #1153, 0.7249999999999965361 ) ;
#2225 = VERTEX_POINT ( 'NONE', #1878 ) ;
#2226 = CARTESIAN_POINT ( 'NONE',  ( -37.20000000000000284, -6.000000000000008882, 5.999999999999998224 ) ) ;
#2227 = CARTESIAN_POINT ( 'NONE',  ( -44.70525896265501586, -29.70623716086553046, 11.33557044501774413 ) ) ;
#2228 = VECTOR ( 'NONE', #2561, 1000.000000000000000 ) ;
#2229 = ORIENTED_EDGE ( 'NONE', *, *, #740, .F. ) ;
#2230 = CARTESIAN_POINT ( 'NONE',  ( -37.20000000000000284, 7.950000000000000178, 5.999999999999998224 ) ) ;
#2231 = VECTOR ( 'NONE', #1259, 1000.000000000000114 ) ;
#2232 = VECTOR ( 'NONE', #1988, 1000.000000000000000 ) ;
#2233 = ORIENTED_EDGE ( 'NONE', *, *, #701, .F. ) ;
#2234 = CARTESIAN_POINT ( 'NONE',  ( -41.80000000000000426, -27.25165063831292045, 8.660897329132062339 ) ) ;
#2235 = CARTESIAN_POINT ( 'NONE',  ( -42.10000000000000853, -40.00000000000000000, 11.00000000000000000 ) ) ;
#2236 = LINE ( 'NONE', #2419, #500 ) ;
#2237 = VERTEX_POINT ( 'NONE', #675 ) ;
#2238 = EDGE_CURVE ( 'NONE', #1653, #2402, #1894, .T. ) ;
#2239 = CARTESIAN_POINT ( 'NONE',  ( -37.20000000000000284, -22.69999999999999929, 6.682104175607510577 ) ) ;
#2240 = ADVANCED_FACE ( 'NONE', ( #293 ), #2038, .T. ) ;
#2241 = CYLINDRICAL_SURFACE ( 'NONE', #508, 1.700000000000000178 ) ;
#2242 = EDGE_CURVE ( 'NONE', #1252, #940, #316, .T. ) ;
#2243 = ORIENTED_EDGE ( 'NONE', *, *, #524, .T. ) ;
#2244 = CARTESIAN_POINT ( 'NONE',  ( -37.20000000000000284, 0.000000000000000000, 0.000000000000000000 ) ) ;
#2245 = ORIENTED_EDGE ( 'NONE', *, *, #966, .F. ) ;
#2246 = DIRECTION ( 'NONE',  ( -0.000000000000000000, -0.000000000000000000, -1.000000000000000000 ) ) ;
#2247 = CARTESIAN_POINT ( 'NONE',  ( -41.80000000000000426, -40.00000000000000000, 7.749999999999999112 ) ) ;
#2248 = CARTESIAN_POINT ( 'NONE',  ( -39.30000000000001137, -13.49999999999999822, 1.750000000000013323 ) ) ;
#2249 = ORIENTED_EDGE ( 'NONE', *, *, #304, .F. ) ;
#2250 = DIRECTION ( 'NONE',  ( 1.000000000000000000, -0.000000000000000000, -0.000000000000000000 ) ) ;
#2251 = CARTESIAN_POINT ( 'NONE',  ( -40.55000000000000426, -40.00000000000000000, 13.50000000000000000 ) ) ;
#2252 = ORIENTED_EDGE ( 'NONE', *, *, #2319, .T. ) ;
#2253 = CARTESIAN_POINT ( 'NONE',  ( -37.20000000000000284, 0.000000000000000000, 0.000000000000000000 ) ) ;
#2254 = EDGE_CURVE ( 'NONE', #722, #649, #1, .T. ) ;
#2255 = ORIENTED_EDGE ( 'NONE', *, *, #75, .F. ) ;
#2256 = DIRECTION ( 'NONE',  ( 0.000000000000000000, 1.000000000000000000, 0.000000000000000000 ) ) ;
#2257 = AXIS2_PLACEMENT_3D ( 'NONE', #1360, #2140, #1218 ) ;
#2258 = CYLINDRICAL_SURFACE ( 'NONE', #1280, 0.7499999999999876765 ) ;
#2259 = VECTOR ( 'NONE', #520, 1000.000000000000000 ) ;
#2260 = ORIENTED_EDGE ( 'NONE', *, *, #1511, .T. ) ;
#2261 = DIRECTION ( 'NONE',  ( -1.000000000000000000, 0.000000000000000000, 0.000000000000000000 ) ) ;
#2262 = AXIS2_PLACEMENT_3D ( 'NONE', #1808, #1785, #17 ) ;
#2263 = DIRECTION ( 'NONE',  ( 0.000000000000000000, 0.000000000000000000, 1.000000000000000000 ) ) ;
#2264 = AXIS2_PLACEMENT_3D ( 'NONE', #1891, #2499, #1301 ) ;
#2265 = ORIENTED_EDGE ( 'NONE', *, *, #684, .T. ) ;
#2266 = CARTESIAN_POINT ( 'NONE',  ( -37.20000000000000284, 13.49999999999999822, 1.750000000000011546 ) ) ;
#2267 = TOROIDAL_SURFACE ( 'NONE', #543, 15.29999999999999893, 0.2999999999999999889 ) ;
#2268 = CIRCLE ( 'NONE', #1529, 0.2999999999999999889 ) ;
#2269 = ORIENTED_EDGE ( 'NONE', *, *, #1823, .T. ) ;
#2270 = DIRECTION ( 'NONE',  ( -0.000000000000000000, -1.000000000000000000, -0.000000000000000000 ) ) ;
#2271 = VECTOR ( 'NONE', #1935, 1000.000000000000000 ) ;
#2272 = EDGE_CURVE ( 'NONE', #821, #1649, #83, .T. ) ;
#2273 = CARTESIAN_POINT ( 'NONE',  ( -37.20000000000000284, -13.49999999999999822, 2.500000000000000000 ) ) ;
#2274 = ORIENTED_EDGE ( 'NONE', *, *, #1327, .T. ) ;
#2275 = CARTESIAN_POINT ( 'NONE',  ( -47.09952420479499580, -18.78411573454134498, 6.003545288493460141 ) ) ;
#2276 = CARTESIAN_POINT ( 'NONE',  ( -37.20000000000000284, -15.50000000000000000, 5.500000000000000000 ) ) ;
#2277 = ORIENTED_EDGE ( 'NONE', *, *, #716, .F. ) ;
#2278 = DIRECTION ( 'NONE',  ( -1.000000000000000000, 0.000000000000000000, 0.000000000000000000 ) ) ;
#2279 = EDGE_LOOP ( 'NONE', ( #918, #556 ) ) ;
#2280 = FACE_OUTER_BOUND ( 'NONE', #1834, .T. ) ;
#2281 = EDGE_CURVE ( 'NONE', #767, #915, #2187, .T. ) ;
#2282 = CARTESIAN_POINT ( 'NONE',  ( -47.29003097379165865, -18.29061455397785352, 5.700000000000000178 ) ) ;
#2283 = EDGE_CURVE ( 'NONE', #1595, #821, #1695, .T. ) ;
#2284 = EDGE_CURVE ( 'NONE', #447, #1621, #835, .T. ) ;
#2285 = DIRECTION ( 'NONE',  ( -1.000000000000000000, 0.000000000000000000, 0.000000000000000000 ) ) ;
#2286 = CARTESIAN_POINT ( 'NONE',  ( -46.91023973238858247, -19.27445059816763262, 6.031447811858358321 ) ) ;
#2287 = DIRECTION ( 'NONE',  ( 1.000000000000000000, -0.000000000000000000, -0.000000000000000000 ) ) ;
#2288 = VERTEX_POINT ( 'NONE', #1661 ) ;
#2289 = CYLINDRICAL_SURFACE ( 'NONE', #497, 0.2999999999999999334 ) ;
#2290 = VERTEX_POINT ( 'NONE', #2251 ) ;
#2291 = CARTESIAN_POINT ( 'NONE',  ( -41.79999999999999716, -27.31730540726918122, 9.102239098582179722 ) ) ;
#2292 = CARTESIAN_POINT ( 'NONE',  ( -37.20000000000000284, 4.499999999999998224, 2.000000000000000000 ) ) ;
#2293 = DIRECTION ( 'NONE',  ( 0.000000000000000000, 0.000000000000000000, 1.000000000000000000 ) ) ;
#2294 = ORIENTED_EDGE ( 'NONE', *, *, #462, .F. ) ;
#2295 = EDGE_CURVE ( 'NONE', #277, #649, #297, .T. ) ;
#2296 = CARTESIAN_POINT ( 'NONE',  ( -41.60085947219855029, -10.62461462387981292, -6.938893903907228378E-15 ) ) ;
#2297 = CARTESIAN_POINT ( 'NONE',  ( -18.60000000000000142, -22.69999999999999929, 0.2999999999999999889 ) ) ;
#2298 = AXIS2_PLACEMENT_3D ( 'NONE', #413, #2423, #1445 ) ;
#2299 = UNCERTAINTY_MEASURE_WITH_UNIT (LENGTH_MEASURE( 1.000000000000000082E-05 ), #42, 'distance_accuracy_value', 'NONE');
#2300 = AXIS2_PLACEMENT_3D ( 'NONE', #437, #1222, #200 ) ;
#2301 = ORIENTED_EDGE ( 'NONE', *, *, #2366, .F. ) ;
#2302 = DIRECTION ( 'NONE',  ( 1.000000000000000000, 0.000000000000000000, 0.000000000000000000 ) ) ;
#2303 = CIRCLE ( 'NONE', #2262, 0.2999999999999999889 ) ;
#2304 = ORIENTED_EDGE ( 'NONE', *, *, #1931, .T. ) ;
#2305 = FACE_OUTER_BOUND ( 'NONE', #2413, .T. ) ;
#2306 = CIRCLE ( 'NONE', #1237, 3.050000000000010925 ) ;
#2307 = DIRECTION ( 'NONE',  ( -0.000000000000000000, 1.000000000000000000, 0.000000000000000000 ) ) ;
#2308 = VECTOR ( 'NONE', #2443, 1000.000000000000000 ) ;
#2309 = CARTESIAN_POINT ( 'NONE',  ( -74.69999999999998863, -30.58945877365794530, 0.2999999999999999889 ) ) ;
#2310 = AXIS2_PLACEMENT_3D ( 'NONE', #797, #399, #1577 ) ;
#2311 = AXIS2_PLACEMENT_3D ( 'NONE', #1783, #990, #238 ) ;
#2312 = CARTESIAN_POINT ( 'NONE',  ( -50.92461462387981896, 4.400859472198536793, 5.500000000000000000 ) ) ;
#2313 = CARTESIAN_POINT ( 'NONE',  ( -46.43305702725766082, -19.67754166548064987, 0.000000000000000000 ) ) ;
#2314 = CYLINDRICAL_SURFACE ( 'NONE', #1980, 3.600000000000000977 ) ;
#2315 = EDGE_CURVE ( 'NONE', #2396, #1380, #1860, .T. ) ;
#2316 = ORIENTED_EDGE ( 'NONE', *, *, #1012, .T. ) ;
#2317 = EDGE_CURVE ( 'NONE', #1439, #557, #129, .T. ) ;
#2318 = DIRECTION ( 'NONE',  ( 0.000000000000000000, 0.000000000000000000, 1.000000000000000000 ) ) ;
#2319 = EDGE_CURVE ( 'NONE', #649, #1465, #891, .T. ) ;
#2320 = VERTEX_POINT ( 'NONE', #2483 ) ;
#2321 = DIRECTION ( 'NONE',  ( -1.000000000000000000, 0.000000000000000000, 0.000000000000000000 ) ) ;
#2322 = DIRECTION ( 'NONE',  ( 1.000000000000000000, 0.000000000000000000, 0.000000000000000000 ) ) ;
#2323 = APPROVAL_STATUS ( 'not_yet_approved' ) ;
#2324 = FACE_OUTER_BOUND ( 'NONE', #975, .T. ) ;
#2325 = CARTESIAN_POINT ( 'NONE',  ( -37.20000000000000284, 0.000000000000000000, 6.000000000000000000 ) ) ;
#2326 = CARTESIAN_POINT ( 'NONE',  ( -37.20000000000000284, 0.000000000000000000, 2.000000000000000000 ) ) ;
#2327 = CARTESIAN_POINT ( 'NONE',  ( -44.80785668654105081, -28.01596561463184187, 9.244214410436249807 ) ) ;
#2328 = ORIENTED_EDGE ( 'NONE', *, *, #1322, .T. ) ;
#2329 = DIRECTION ( 'NONE',  ( -1.000000000000000000, -0.000000000000000000, -0.000000000000000000 ) ) ;
#2330 = VERTEX_POINT ( 'NONE', #2276 ) ;
#2331 = ADVANCED_FACE ( 'NONE', ( #1671 ), #2241, .F. ) ;
#2332 = CARTESIAN_POINT ( 'NONE',  ( -37.29999999999999716, -22.69999999999999574, 6.382104175607508090 ) ) ;
#2333 = DIRECTION ( 'NONE',  ( 0.000000000000000000, 0.000000000000000000, 1.000000000000000000 ) ) ;
#2334 = EDGE_CURVE ( 'NONE', #753, #634, #2398, .T. ) ;
#2335 = COORDINATED_UNIVERSAL_TIME_OFFSET ( 8, 0, .AHEAD. ) ;
#2336 = CARTESIAN_POINT ( 'NONE',  ( -44.39999999999999858, -45.17463617118462338, 3.636363636363638907 ) ) ;
#2337 = DIRECTION ( 'NONE',  ( 1.000000000000000000, 0.000000000000000000, 0.000000000000000000 ) ) ;
#2338 = CYLINDRICAL_SURFACE ( 'NONE', #705, 30.00000000000000000 ) ;
#2339 = CARTESIAN_POINT ( 'NONE',  ( -37.20000000000000284, -6.000000000000008882, 2.000000000000000000 ) ) ;
#2340 = ORIENTED_EDGE ( 'NONE', *, *, #716, .T. ) ;
#2341 = CARTESIAN_POINT ( 'NONE',  ( -37.20000000000000284, -22.69999999999999929, 6.382104175607510754 ) ) ;
#2342 = AXIS2_PLACEMENT_3D ( 'NONE', #1939, #979, #733 ) ;
#2343 = VERTEX_POINT ( 'NONE', #330 ) ;
#2344 = DIRECTION ( 'NONE',  ( 1.000000000000000000, -0.000000000000000000, -0.000000000000000000 ) ) ;
#2345 = CARTESIAN_POINT ( 'NONE',  ( -44.80850896153816620, -28.00825420954420153, 9.237676392301368722 ) ) ;
#2346 = VECTOR ( 'NONE', #818, 1000.000000000000000 ) ;
#2347 = AXIS2_PLACEMENT_3D ( 'NONE', #564, #167, #2110 ) ;
#2348 = SHAPE_DEFINITION_REPRESENTATION ( #505, #1331 ) ;
#2349 = EDGE_CURVE ( 'NONE', #2524, #2390, #2436, .T. ) ;
#2350 = CARTESIAN_POINT ( 'NONE',  ( -44.50976600800215266, -27.78828618712406495, 9.466626246038392978 ) ) ;
#2351 = EDGE_CURVE ( 'NONE', #610, #2402, #1159, .T. ) ;
#2352 = CONICAL_SURFACE ( 'NONE', #2562, 3.099999999999998757, 0.7853981633974489451 ) ;
#2353 = AXIS2_PLACEMENT_3D ( 'NONE', #1111, #362, #931 ) ;
#2354 = CARTESIAN_POINT ( 'NONE',  ( -39.36371361982617856, -23.48918891695425515, 6.964989069198280092 ) ) ;
#2355 = DIRECTION ( 'NONE',  ( -1.000000000000000000, 2.168404344971009115E-16, 0.000000000000000000 ) ) ;
#2356 = DIRECTION ( 'NONE',  ( 0.000000000000000000, 0.000000000000000000, 1.000000000000000000 ) ) ;
#2357 = AXIS2_PLACEMENT_3D ( 'NONE', #1220, #253, #2210 ) ;
#2358 = ORIENTED_EDGE ( 'NONE', *, *, #1618, .T. ) ;
#2359 = CARTESIAN_POINT ( 'NONE',  ( -44.50000000000436984, -40.00000000000000000, 14.59999999994897735 ) ) ;
#2360 = ORIENTED_EDGE ( 'NONE', *, *, #2400, .F. ) ;
#2361 = DIRECTION ( 'NONE',  ( 1.000000000000000000, 0.000000000000000000, 0.000000000000000000 ) ) ;
#2362 = CARTESIAN_POINT ( 'NONE',  ( -39.75064546427066858, -13.49999999999999822, 2.500000000000000000 ) ) ;
#2363 = CARTESIAN_POINT ( 'NONE',  ( -46.03567671947235596, -20.65744420762011302, 6.170861112724978170 ) ) ;
#2364 = VERTEX_POINT ( 'NONE', #2492 ) ;
#2365 = CARTESIAN_POINT ( 'NONE',  ( -41.35894234932229097, -25.53041911539123987, 7.918920982771884276 ) ) ;
#2366 = EDGE_CURVE ( 'NONE', #220, #1252, #793, .T. ) ;
#2367 = APPROVAL ( #400, 'UNSPECIFIED' ) ;
#2368 = CYLINDRICAL_SURFACE ( 'NONE', #1727, 0.7249999999999965361 ) ;
#2369 = LINE ( 'NONE', #2379, #125 ) ;
#2370 = ORIENTED_EDGE ( 'NONE', *, *, #638, .F. ) ;
#2371 = CARTESIAN_POINT ( 'NONE',  ( -40.74999999999999289, -40.00000000000000000, 11.00000000000000000 ) ) ;
#2372 = ORIENTED_EDGE ( 'NONE', *, *, #1810, .F. ) ;
#2373 = DIRECTION ( 'NONE',  ( 0.000000000000000000, 0.000000000000000000, -1.000000000000000000 ) ) ;
#2374 = ORIENTED_EDGE ( 'NONE', *, *, #590, .T. ) ;
#2375 = CARTESIAN_POINT ( 'NONE',  ( -44.65335715144924933, -26.48717718043981151, 8.496913394018797305 ) ) ;
#2376 = EDGE_CURVE ( 'NONE', #2402, #610, #259, .T. ) ;
#2377 = CARTESIAN_POINT ( 'NONE',  ( -37.29999999999999716, -23.00000000000000000, 6.382104175607508090 ) ) ;
#2378 = CARTESIAN_POINT ( 'NONE',  ( -41.80000000000000426, -40.00000000000000000, 14.25000000000000000 ) ) ;
#2379 = CARTESIAN_POINT ( 'NONE',  ( -45.15000000000000568, 0.000000000000000000, 28.48599564173220955 ) ) ;
#2380 = EDGE_CURVE ( 'NONE', #2390, #2364, #2401, .T. ) ;
#2381 = ORIENTED_EDGE ( 'NONE', *, *, #744, .F. ) ;
#2382 = DIRECTION ( 'NONE',  ( 0.000000000000000000, 0.000000000000000000, 1.000000000000000000 ) ) ;
#2383 = CLOSED_SHELL ( 'NONE', ( #1277, #1468, #2012, #1510, #2033, #2493, #332, #559, #187, #1777, #802, #1592, #1746, #2331, #239, #2043, #25, #2171, #2458, #102, #2087, #120, #542, #827, #284, #26, #1377, #349, #1780, #394, #62, #717, #1530, #1137, #670, #512, #799, #1104, #1509, #1420, #2240, #1627, #948, #91, #688, #1000, #2158, #1406, #1122, #1246, #969, #1854, #2557, #1262, #1390, #591, #363, #1547, #1912, #224, #573, #135, #2073, #1077, #650, #2417, #856, #728, #873, #2523, #876, #2042, #2061, #1197, #260, #1995, #1898, #2537, #1884 ) ) ;
#2384 = ORIENTED_EDGE ( 'NONE', *, *, #1357, .T. ) ;
#2385 = CARTESIAN_POINT ( 'NONE',  ( -37.20000000000000284, -13.49999999999999822, 3.249999999999988454 ) ) ;
#2386 = CIRCLE ( 'NONE', #2298, 15.50000000000000000 ) ;
#2387 = ORIENTED_EDGE ( 'NONE', *, *, #2205, .F. ) ;
#2388 = CIRCLE ( 'NONE', #157, 3.799999999955616659 ) ;
#2389 = CYLINDRICAL_SURFACE ( 'NONE', #1613, 0.7249999999999965361 ) ;
#2390 = VERTEX_POINT ( 'NONE', #965 ) ;
#2391 = DIRECTION ( 'NONE',  ( -0.000000000000000000, -0.000000000000000000, -1.000000000000000000 ) ) ;
#2392 = CYLINDRICAL_SURFACE ( 'NONE', #208, 7.949999999999998401 ) ;
#2393 = AXIS2_PLACEMENT_3D ( 'NONE', #1591, #196, #593 ) ;
#2394 = LINE ( 'NONE', #422, #1120 ) ;
#2395 = AXIS2_PLACEMENT_3D ( 'NONE', #942, #1300, #922 ) ;
#2396 = VERTEX_POINT ( 'NONE', #2339 ) ;
#2397 = LINE ( 'NONE', #1232, #869 ) ;
#2398 = CIRCLE ( 'NONE', #1936, 3.599999999948977347 ) ;
#2399 = EDGE_CURVE ( 'NONE', #519, #1250, #1205, .T. ) ;
#2400 = EDGE_CURVE ( 'NONE', #806, #2288, #589, .T. ) ;
#2401 = CIRCLE ( 'NONE', #1085, 0.3000000000000002665 ) ;
#2402 = VERTEX_POINT ( 'NONE', #345 ) ;
#2403 = CARTESIAN_POINT ( 'NONE',  ( -44.70000000000000284, -40.00000000000000000, 13.50000000000000000 ) ) ;
#2404 = CC_DESIGN_PERSON_AND_ORGANIZATION_ASSIGNMENT ( #574, #961, ( #1286 ) ) ;
#2405 = EDGE_LOOP ( 'NONE', ( #2114, #176, #1505, #338, #521 ) ) ;
#2406 = DIRECTION ( 'NONE',  ( 0.000000000000000000, 0.000000000000000000, 1.000000000000000000 ) ) ;
#2407 = CARTESIAN_POINT ( 'NONE',  ( -39.42273111661766194, -23.51984699514068566, 6.564411406194592402 ) ) ;
#2408 = CARTESIAN_POINT ( 'NONE',  ( -41.60085947219856450, 10.62461462387978450, 6.000000000000000000 ) ) ;
#2409 = FACE_OUTER_BOUND ( 'NONE', #218, .T. ) ;
#2410 = EDGE_LOOP ( 'NONE', ( #424, #2080, #240, #2450 ) ) ;
#2411 = CARTESIAN_POINT ( 'NONE',  ( -42.10000000000001563, -49.00000000000000000, 11.00000000000000000 ) ) ;
#2412 = CARTESIAN_POINT ( 'NONE',  ( -44.97379748654974918, -26.51787051535746897, 8.517461747616101420 ) ) ;
#2413 = EDGE_LOOP ( 'NONE', ( #1382, #1543, #2274, #1873 ) ) ;
#2414 = DIRECTION ( 'NONE',  ( 0.000000000000000000, 0.000000000000000000, 1.000000000000000000 ) ) ;
#2415 = ORIENTED_EDGE ( 'NONE', *, *, #2242, .F. ) ;
#2416 = DIRECTION ( 'NONE',  ( -1.000000000000000000, 0.000000000000000000, 0.000000000000000000 ) ) ;
#2417 = ADVANCED_FACE ( 'NONE', ( #579 ), #1167, .T. ) ;
#2418 = DIRECTION ( 'NONE',  ( 0.3586281252201439784, -0.9290137254087270646, 0.09121055752095433289 ) ) ;
#2419 = CARTESIAN_POINT ( 'NONE',  ( -37.20000000000000284, 0.000000000000000000, 6.000000000000000000 ) ) ;
#2420 = ORIENTED_EDGE ( 'NONE', *, *, #638, .T. ) ;
#2421 = LINE ( 'NONE', #656, #2346 ) ;
#2422 = ORIENTED_EDGE ( 'NONE', *, *, #671, .T. ) ;
#2423 = DIRECTION ( 'NONE',  ( -0.000000000000000000, -0.000000000000000000, -1.000000000000000000 ) ) ;
#2424 = CIRCLE ( 'NONE', #658, 16.00000000000000000 ) ;
#2425 = ORIENTED_EDGE ( 'NONE', *, *, #281, .T. ) ;
#2426 = CARTESIAN_POINT ( 'NONE',  ( -38.50085947219854887, -10.62461462387981292, 5.500000000000000000 ) ) ;
#2427 = AXIS2_PLACEMENT_3D ( 'NONE', #1329, #1173, #958 ) ;
#2428 = EDGE_CURVE ( 'NONE', #116, #1802, #423, .T. ) ;
#2429 = EDGE_CURVE ( 'NONE', #655, #1458, #952, .T. ) ;
#2430 = CARTESIAN_POINT ( 'NONE',  ( -39.30000000000001137, -13.49999999999999822, 3.249999999999986677 ) ) ;
#2431 = EDGE_CURVE ( 'NONE', #357, #1231, #713, .T. ) ;
#2432 = DIRECTION ( 'NONE',  ( 1.000000000000000000, 0.000000000000000000, 0.000000000000000000 ) ) ;
#2433 = VECTOR ( 'NONE', #2050, 1000.000000000000000 ) ;
#2434 = EDGE_LOOP ( 'NONE', ( #636, #1742 ) ) ;
#2435 = CARTESIAN_POINT ( 'NONE',  ( -37.20000000000000284, -13.49999999999999822, 2.500000000000000000 ) ) ;
#2436 = LINE ( 'NONE', #2534, #2271 ) ;
#2437 = AXIS2_PLACEMENT_3D ( 'NONE', #1240, #651, #53 ) ;
#2438 = ORIENTED_EDGE ( 'NONE', *, *, #2446, .F. ) ;
#2439 = PLANE ( 'NONE',  #1313 ) ;
#2440 = AXIS2_PLACEMENT_3D ( 'NONE', #1700, #522, #715 ) ;
#2441 = LOCAL_TIME ( 12, 24, 39.00000000000000000, #209 ) ;
#2442 = VERTEX_POINT ( 'NONE', #1717 ) ;
#2443 = DIRECTION ( 'NONE',  ( 1.000000000000000000, -0.000000000000000000, -0.000000000000000000 ) ) ;
#2444 = CARTESIAN_POINT ( 'NONE',  ( -41.77889729239219463, -26.99140566926075380, 8.462007787085415345 ) ) ;
#2445 = DIRECTION ( 'NONE',  ( 0.000000000000000000, 0.000000000000000000, 1.000000000000000000 ) ) ;
#2446 = EDGE_CURVE ( 'NONE', #1021, #2390, #2191, .T. ) ;
#2447 = VERTEX_POINT ( 'NONE', #383 ) ;
#2448 = DIRECTION ( 'NONE',  ( 0.7071067811865477948, -8.659560562354936556E-17, 0.7071067811865473507 ) ) ;
#2449 = DIRECTION ( 'NONE',  ( 0.000000000000000000, 0.000000000000000000, -1.000000000000000000 ) ) ;
#2450 = ORIENTED_EDGE ( 'NONE', *, *, #1434, .F. ) ;
#2451 = CARTESIAN_POINT ( 'NONE',  ( -40.74999999999999289, -40.00000000000000000, 11.00000000000000000 ) ) ;
#2452 = ORIENTED_EDGE ( 'NONE', *, *, #1668, .F. ) ;
#2453 = CYLINDRICAL_SURFACE ( 'NONE', #504, 4.499999999999997335 ) ;
#2454 = CARTESIAN_POINT ( 'NONE',  ( -41.80000000000000426, -27.49999999999999645, -6.938893903907228378E-15 ) ) ;
#2455 = ORIENTED_EDGE ( 'NONE', *, *, #1292, .F. ) ;
#2456 = FACE_OUTER_BOUND ( 'NONE', #2548, .T. ) ;
#2457 = CARTESIAN_POINT ( 'NONE',  ( -37.29999999999999716, -27.49999999999999645, 0.2999999999999999889 ) ) ;
#2458 = ADVANCED_FACE ( 'NONE', ( #1528 ), #2314, .F. ) ;
#2459 = VERTEX_POINT ( 'NONE', #1347 ) ;
#2460 = LINE ( 'NONE', #1298, #1563 ) ;
#2461 = VERTEX_POINT ( 'NONE', #2126 ) ;
#2462 = DIRECTION ( 'NONE',  ( 1.000000000000000000, -2.168404344971009115E-16, -0.000000000000000000 ) ) ;
#2463 = AXIS2_PLACEMENT_3D ( 'NONE', #1519, #459, #265 ) ;
#2464 = DIRECTION ( 'NONE',  ( 0.000000000000000000, 0.000000000000000000, 1.000000000000000000 ) ) ;
#2465 = AXIS2_PLACEMENT_3D ( 'NONE', #968, #2329, #2145 ) ;
#2466 = VERTEX_POINT ( 'NONE', #788 ) ;
#2467 = DIRECTION ( 'NONE',  ( 0.000000000000000000, 0.000000000000000000, -1.000000000000000000 ) ) ;
#2468 = CIRCLE ( 'NONE', #992, 3.799999999955616659 ) ;
#2469 = CARTESIAN_POINT ( 'NONE',  ( -44.70000000000000284, -25.00000000000000000, 5.700000000000000178 ) ) ;
#2470 = AXIS2_PLACEMENT_3D ( 'NONE', #445, #2155, #1973 ) ;
#2471 = ORIENTED_EDGE ( 'NONE', *, *, #2281, .T. ) ;
#2472 = CARTESIAN_POINT ( 'NONE',  ( -41.60085947219856450, 10.62461462387978450, 0.000000000000000000 ) ) ;
#2473 = CIRCLE ( 'NONE', #1364, 3.250000000000002665 ) ;
#2474 = EDGE_CURVE ( 'NONE', #2330, #1439, #2156, .T. ) ;
#2475 = CIRCLE ( 'NONE', #1202, 30.00000000000000000 ) ;
#2476 = ORIENTED_EDGE ( 'NONE', *, *, #1713, .F. ) ;
#2477 = CARTESIAN_POINT ( 'NONE',  ( -39.30000000000001137, 13.49999999999999822, 2.500000000000000000 ) ) ;
#2478 = TOROIDAL_SURFACE ( 'NONE', #1368, 15.69999999999999929, 0.2999999999999999889 ) ;
#2479 = VERTEX_POINT ( 'NONE', #1425 ) ;
#2480 = DIRECTION ( 'NONE',  ( 0.000000000000000000, 0.000000000000000000, -1.000000000000000000 ) ) ;
#2481 = VERTEX_POINT ( 'NONE', #643 ) ;
#2482 = CARTESIAN_POINT ( 'NONE',  ( -47.09735533626416526, -18.78973411328470888, 5.700000000000001954 ) ) ;
#2483 = CARTESIAN_POINT ( 'NONE',  ( -37.20000000000000284, 7.950000000000000178, 5.500000000000000000 ) ) ;
#2484 = ORIENTED_EDGE ( 'NONE', *, *, #2429, .T. ) ;
#2485 = DIRECTION ( 'NONE',  ( 1.000000000000000000, 0.000000000000000000, 0.000000000000000000 ) ) ;
#2486 = ORIENTED_EDGE ( 'NONE', *, *, #513, .T. ) ;
#2487 = DIRECTION ( 'NONE',  ( 0.000000000000000000, 0.000000000000000000, 1.000000000000000000 ) ) ;
#2488 = EDGE_CURVE ( 'NONE', #1615, #2343, #2369, .T. ) ;
#2489 = DIRECTION ( 'NONE',  ( 1.000000000000000000, 0.000000000000000000, 0.000000000000000000 ) ) ;
#2490 = CARTESIAN_POINT ( 'NONE',  ( -42.10000000000000853, -40.00000000000000000, 11.00000000000000000 ) ) ;
#2491 = LINE ( 'NONE', #1731, #790 ) ;
#2492 = CARTESIAN_POINT ( 'NONE',  ( -44.39999999999999147, -30.34618655791423336, 12.22238229256590003 ) ) ;
#2493 = ADVANCED_FACE ( 'NONE', ( #24 ), #2478, .T. ) ;
#2494 = ORIENTED_EDGE ( 'NONE', *, *, #1778, .T. ) ;
#2495 = DIRECTION ( 'NONE',  ( 0.000000000000000000, 0.000000000000000000, 1.000000000000000000 ) ) ;
#2496 = ORIENTED_EDGE ( 'NONE', *, *, #205, .F. ) ;
#2497 = DIRECTION ( 'NONE',  ( -0.000000000000000000, -0.000000000000000000, -1.000000000000000000 ) ) ;
#2498 = CARTESIAN_POINT ( 'NONE',  ( -37.20000000000000284, 0.000000000000000000, 5.500000000000000000 ) ) ;
#2499 = DIRECTION ( 'NONE',  ( 1.000000000000000000, -2.168404344971009115E-16, -0.000000000000000000 ) ) ;
#2500 = EDGE_CURVE ( 'NONE', #1106, #130, #917, .T. ) ;
#2501 = EDGE_CURVE ( 'NONE', #2036, #18, #1855, .T. ) ;
#2502 = EDGE_CURVE ( 'NONE', #2560, #1903, #1692, .T. ) ;
#2503 = ORIENTED_EDGE ( 'NONE', *, *, #2284, .F. ) ;
#2504 = CARTESIAN_POINT ( 'NONE',  ( -37.29999999999999716, -27.49999999999999645, 0.000000000000000000 ) ) ;
#2505 = CARTESIAN_POINT ( 'NONE',  ( -45.23939296254344811, -24.84766693228628398, 7.157841500594130046 ) ) ;
#2506 = TOROIDAL_SURFACE ( 'NONE', #1643, 15.69999999999999929, 0.2999999999999999889 ) ;
#2507 = CIRCLE ( 'NONE', #1968, 3.250000000000002665 ) ;
#2508 = ORIENTED_EDGE ( 'NONE', *, *, #491, .F. ) ;
#2509 = CARTESIAN_POINT ( 'NONE',  ( -37.20000000000000284, -18.18257577072857245, 21.00000000000000000 ) ) ;
#2510 = AXIS2_PLACEMENT_3D ( 'NONE', #1210, #406, #448 ) ;
#2511 = EDGE_LOOP ( 'NONE', ( #295, #1858, #360, #2452 ) ) ;
#2512 = DIRECTION ( 'NONE',  ( -1.000000000000000000, 0.000000000000000000, 0.000000000000000000 ) ) ;
#2513 = AXIS2_PLACEMENT_3D ( 'NONE', #2181, #2355, #1378 ) ;
#2514 = DIRECTION ( 'NONE',  ( 0.000000000000000000, 0.000000000000000000, -1.000000000000000000 ) ) ;
#2515 = VECTOR ( 'NONE', #457, 1000.000000000000000 ) ;
#2516 = PERSON_AND_ORGANIZATION ( #152, #1163 ) ;
#2517 = DIRECTION ( 'NONE',  ( 0.000000000000000000, 0.000000000000000000, 1.000000000000000000 ) ) ;
#2518 = AXIS2_PLACEMENT_3D ( 'NONE', #1559, #1634, #1047 ) ;
#2519 = AXIS2_PLACEMENT_3D ( 'NONE', #2297, #1905, #775 ) ;
#2520 = ORIENTED_EDGE ( 'NONE', *, *, #2105, .F. ) ;
#2521 = FACE_OUTER_BOUND ( 'NONE', #884, .T. ) ;
#2522 = CARTESIAN_POINT ( 'NONE',  ( -44.72019200253165394, -29.22435508432833373, 10.33863303606165118 ) ) ;
#2523 = ADVANCED_FACE ( 'NONE', ( #2409 ), #446, .F. ) ;
#2524 = VERTEX_POINT ( 'NONE', #2196 ) ;
#2525 = DIRECTION ( 'NONE',  ( 0.000000000000000000, 0.000000000000000000, 1.000000000000000000 ) ) ;
#2526 = ORIENTED_EDGE ( 'NONE', *, *, #980, .F. ) ;
#2527 = DIRECTION ( 'NONE',  ( -1.000000000000000000, 0.000000000000000000, 0.000000000000000000 ) ) ;
#2528 = DIRECTION ( 'NONE',  ( 0.000000000000000000, 0.000000000000000000, 1.000000000000000000 ) ) ;
#2529 = APPROVAL_DATE_TIME ( #600, #1640 ) ;
#2530 = CARTESIAN_POINT ( 'NONE',  ( -41.80000000000000426, -27.49999999999999645, 8.864283880553822215 ) ) ;
#2531 =( BOUNDED_SURFACE ( )  B_SPLINE_SURFACE ( 3, 2, ( 
 ( #1174, #852, #586 ),
 ( #1623, #2227, #657 ),
 ( #1429, #206, #1442 ),
 ( #572, #466, #2345 ),
 ( #1248, #2027, #862 ),
 ( #2016, #2412, #269 ),
 ( #1750, #2163, #1952 ),
 ( #1057, #1830, #1234 ),
 ( #2213, #646, #2133 ),
 ( #69, #1809, #449 ),
 ( #258, #1647, #780 ),
 ( #599, #1371, #377 ) ),
 .UNSPECIFIED., .F., .F., .F. ) 
 B_SPLINE_SURFACE_WITH_KNOTS ( ( 4, 2, 2, 2, 2, 4 ),
 ( 3, 3 ),
 ( 0.000000000000000000, 0.003283847015732419168, 0.004925770523598629186, 0.006567694031464838336, 0.009851541047197258372, 0.01313538806292967667 ),
 ( 0.000000000000000000, 1.000000000000000000 ),
 .UNSPECIFIED. ) 
 GEOMETRIC_REPRESENTATION_ITEM ( )  RATIONAL_B_SPLINE_SURFACE ( (
 ( 1.000000000000000000, 0.7071067811865475727, 1.000000000000000000),
 ( 1.000000000000000000, 0.7009666291924125936, 1.000000000000000000),
 ( 1.000000000000000000, 0.6948795585256306584, 1.000000000000000000),
 ( 1.000000000000000000, 0.6872206528360443878, 1.000000000000000000),
 ( 1.000000000000000000, 0.6849117302619529557, 1.000000000000000000),
 ( 1.000000000000000000, 0.6810583498051798745, 1.000000000000000000),
 ( 1.000000000000000000, 0.6795495377332109177, 1.000000000000000000),
 ( 1.000000000000000000, 0.6765400993565297005, 1.000000000000000000),
 ( 1.000000000000000000, 0.6765709141298292817, 1.000000000000000000),
 ( 1.000000000000000000, 0.6818507743301334134, 1.000000000000000000),
 ( 1.000000000000000000, 0.6870072127172403009, 1.000000000000000000),
 ( 1.000000000000000000, 0.6945544255706015413, 1.000000000000000000) ) ) 
 REPRESENTATION_ITEM ( '' )  SURFACE ( )  );
#2532 = EDGE_LOOP ( 'NONE', ( #2173, #1299, #2471, #1071 ) ) ;
#2533 = CARTESIAN_POINT ( 'NONE',  ( -74.69999999999998863, -30.58945877365794530, -6.938893903907228378E-15 ) ) ;
#2534 = CARTESIAN_POINT ( 'NONE',  ( -44.70000000000000284, -30.58945877365794530, 7.638760279145382803 ) ) ;
#2535 = ORIENTED_EDGE ( 'NONE', *, *, #1856, .F. ) ;
#2536 = DIRECTION ( 'NONE',  ( 1.000000000000000000, -2.168404344971009115E-16, -0.000000000000000000 ) ) ;
#2537 = ADVANCED_FACE ( 'NONE', ( #1999 ), #1018, .F. ) ;
#2538 = ORIENTED_EDGE ( 'NONE', *, *, #136, .F. ) ;
#2539 = EDGE_CURVE ( 'NONE', #1412, #320, #2394, .T. ) ;
#2540 = PLANE ( 'NONE',  #1922 ) ;
#2541 = CARTESIAN_POINT ( 'NONE',  ( -42.10000000000000142, -32.09118371688911253, 14.62500000000000533 ) ) ;
#2542 = CARTESIAN_POINT ( 'NONE',  ( -37.29999999999999716, -23.00000000000000000, 0.2999999999999999889 ) ) ;
#2543 = ORIENTED_EDGE ( 'NONE', *, *, #2315, .F. ) ;
#2544 = CARTESIAN_POINT ( 'NONE',  ( -44.70000000000000284, -40.00000000000000000, 11.00000000000000000 ) ) ;
#2545 = DIRECTION ( 'NONE',  ( 0.000000000000000000, 1.000000000000000000, 0.000000000000000000 ) ) ;
#2546 = CARTESIAN_POINT ( 'NONE',  ( -45.98721578190334469, -21.83242866418925843, 6.081515810511093356 ) ) ;
#2547 = EDGE_LOOP ( 'NONE', ( #2508, #438, #246, #2243 ) ) ;
#2548 = EDGE_LOOP ( 'NONE', ( #2265, #243, #2301, #132, #1408, #819, #28, #1571, #1841 ) ) ;
#2549 = CARTESIAN_POINT ( 'NONE',  ( -42.10000000000000142, -33.67544467966323651, -3.469446951953614189E-15 ) ) ;
#2550 = AXIS2_PLACEMENT_3D ( 'NONE', #2235, #1837, #1656 ) ;
#2551 = AXIS2_PLACEMENT_3D ( 'NONE', #186, #1756, #359 ) ;
#2552 = ORIENTED_EDGE ( 'NONE', *, *, #1201, .T. ) ;
#2553 = CARTESIAN_POINT ( 'NONE',  ( -47.82461462387978912, -4.400859472198561662, 5.500000000000000000 ) ) ;
#2554 = DIRECTION ( 'NONE',  ( 0.000000000000000000, 0.000000000000000000, -1.000000000000000000 ) ) ;
#2555 = CONICAL_SURFACE ( 'NONE', #2134, 0.7499999999999867883, 1.029744258676653645 ) ;
#2556 = EDGE_CURVE ( 'NONE', #1770, #582, #756, .T. ) ;
#2557 = ADVANCED_FACE ( 'NONE', ( #1028 ), #341, .F. ) ;
#2558 = CONICAL_SURFACE ( 'NONE', #2013, 3.099999999999998757, 0.7853981633974489451 ) ;
#2559 = COORDINATED_UNIVERSAL_TIME_OFFSET ( 8, 0, .AHEAD. ) ;
#2560 = VERTEX_POINT ( 'NONE', #825 ) ;
#2561 = DIRECTION ( 'NONE',  ( -1.000000000000000000, 0.000000000000000000, 0.000000000000000000 ) ) ;
#2562 = AXIS2_PLACEMENT_3D ( 'NONE', #1789, #822, #1751 ) ;
ENDSEC;
END-ISO-10303-21;
