ISO-10303-21;
HEADER;
FILE_DESCRIPTION (( 'STEP AP203' ),
    '1' );
FILE_NAME ('EN02-PALM_TOP.STEP',
    '2025-11-16T04:22:14',
    ( '' ),
    ( '' ),
    'SwSTEP 2.0',
    'SolidWorks 2024',
    '' );
FILE_SCHEMA (( 'CONFIG_CONTROL_DESIGN' ));
ENDSEC;

DATA;
#1 = DIRECTION ( 'NONE',  ( 0.000000000000000000, 0.000000000000000000, -1.000000000000000000 ) ) ;
#2 = B_SPLINE_CURVE_WITH_KNOTS ( 'NONE', 3,
 ( #4730, #3304, #4827, #2813, #123, #2349, #2904, #2874, #30, #3798, #581, #5249 ),
 .UNSPECIFIED., .F., .F.,
 ( 4, 2, 2, 2, 2, 4 ),
 ( 0.001950151470398959596, 0.003839387574872115284, 0.005728623679345271405, 0.009507095888291584515, 0.01328556809723789763, 0.01706404030618421247 ),
 .UNSPECIFIED. ) ;
#3 = CIRCLE ( 'NONE', #199, 7.900000000000000355 ) ;
#4 = DIRECTION ( 'NONE',  ( -0.7048265072294259692, 0.000000000000000000, 0.7093797253282390081 ) ) ;
#5 = VECTOR ( 'NONE', #1256, 1000.000000000000000 ) ;
#6 = CARTESIAN_POINT ( 'NONE',  ( 24.53200000000000003, 4.770281120538044206, -4.700000000000000178 ) ) ;
#7 = CARTESIAN_POINT ( 'NONE',  ( 46.07971994444672958, 6.460218039061223827, 12.56397784930059558 ) ) ;
#8 = CARTESIAN_POINT ( 'NONE',  ( 6.935867425925474450, 3.132399710374196289, 26.82651768422166683 ) ) ;
#9 = AXIS2_PLACEMENT_3D ( 'NONE', #5730, #958, #1990 ) ;
#10 = B_SPLINE_CURVE_WITH_KNOTS ( 'NONE', 3,
 ( #5062, #6044, #353, #3200 ),
 .UNSPECIFIED., .F., .F.,
 ( 4, 4 ),
 ( 0.000000000000000000, 0.0005844863592787091604 ),
 .UNSPECIFIED. ) ;
#11 = EDGE_CURVE ( 'NONE', #386, #4380, #3872, .T. ) ;
#12 = VERTEX_POINT ( 'NONE', #5786 ) ;
#13 = CARTESIAN_POINT ( 'NONE',  ( -50.28772624159496019, 4.698247748974520022, 4.188285968458243858 ) ) ;
#14 = CARTESIAN_POINT ( 'NONE',  ( -29.83488901532545867, 4.775963219993051290, 4.749688629442001542 ) ) ;
#15 = CARTESIAN_POINT ( 'NONE',  ( -30.03200000000000358, 0.000000000000000000, -5.000000000000000000 ) ) ;
#16 = CARTESIAN_POINT ( 'NONE',  ( -24.53200000000000003, -4.000000000000000000, -7.500000000000000000 ) ) ;
#17 = CARTESIAN_POINT ( 'NONE',  ( 11.36003146334375558, 4.545483226009590538, -8.138980115835973805 ) ) ;
#18 = EDGE_CURVE ( 'NONE', #5948, #5511, #4792, .T. ) ;
#19 = ORIENTED_EDGE ( 'NONE', *, *, #4979, .F. ) ;
#20 = ORIENTED_EDGE ( 'NONE', *, *, #3187, .T. ) ;
#21 = CARTESIAN_POINT ( 'NONE',  ( 17.93977575077039788, 6.653352613987623343, 15.46143889308449459 ) ) ;
#22 = DIRECTION ( 'NONE',  ( -0.000000000000000000, 1.000000000000000000, -0.000000000000000000 ) ) ;
#23 = CARTESIAN_POINT ( 'NONE',  ( 11.29749686032285183, 4.529076594601921357, -26.17148966787070563 ) ) ;
#24 = CARTESIAN_POINT ( 'NONE',  ( -23.45207879911715310, -7.000000000000002665, -19.48717526990505888 ) ) ;
#25 = ORIENTED_EDGE ( 'NONE', *, *, #4152, .T. ) ;
#26 = ORIENTED_EDGE ( 'NONE', *, *, #1694, .F. ) ;
#27 = CARTESIAN_POINT ( 'NONE',  ( 23.45207879911716731, 8.000000000000000000, 24.17565324045341058 ) ) ;
#28 = PLANE ( 'NONE',  #3526 ) ;
#29 = CARTESIAN_POINT ( 'NONE',  ( 23.45207879911717441, 8.000000000000000000, -19.48717526990507309 ) ) ;
#30 = CARTESIAN_POINT ( 'NONE',  ( -19.81561823196569705, 5.974293476008596393, -10.93181145940915577 ) ) ;
#31 = ADVANCED_FACE ( 'NONE', ( #2481 ), #2109, .T. ) ;
#32 = DIRECTION ( 'NONE',  ( 0.000000000000000000, -0.4472135954999568730, -0.8944271909999162995 ) ) ;
#33 = CARTESIAN_POINT ( 'NONE',  ( 24.53200000000000003, 0.6334368540004994275, 22.56687370800099401 ) ) ;
#34 = CARTESIAN_POINT ( 'NONE',  ( 24.53200000000000003, 0.000000000000000000, 0.000000000000000000 ) ) ;
#35 = EDGE_CURVE ( 'NONE', #4918, #2988, #2507, .T. ) ;
#36 = PLANE ( 'NONE',  #4226 ) ;
#37 = CARTESIAN_POINT ( 'NONE',  ( 24.53200000000000003, 4.398845855716134956, 0.000000000000000000 ) ) ;
#38 = ADVANCED_FACE ( 'NONE', ( #732 ), #4507, .T. ) ;
#39 = ORIENTED_EDGE ( 'NONE', *, *, #724, .F. ) ;
#40 = CARTESIAN_POINT ( 'NONE',  ( 4.000000000000000000, 0.1576606101263197113, 21.24999999999999645 ) ) ;
#41 = CARTESIAN_POINT ( 'NONE',  ( 24.53200000000000003, 4.398845855716134956, 0.000000000000000000 ) ) ;
#42 = DIRECTION ( 'NONE',  ( 0.09648780284958161091, -0.04372477454158826826, -0.9943732940865557257 ) ) ;
#43 = CARTESIAN_POINT ( 'NONE',  ( -9.331373454292624103, 4.031456983489146495, 17.00926434660677700 ) ) ;
#44 = FACE_OUTER_BOUND ( 'NONE', #3467, .T. ) ;
#45 = VERTEX_POINT ( 'NONE', #5530 ) ;
#46 = ORIENTED_EDGE ( 'NONE', *, *, #3455, .T. ) ;
#47 = CARTESIAN_POINT ( 'NONE',  ( -24.53199999999999648, 0.5000000000000000000, 15.09999999999999964 ) ) ;
#48 = CARTESIAN_POINT ( 'NONE',  ( 28.60967169431778956, 4.567021397154567453, 2.357179645438415072 ) ) ;
#49 = DIRECTION ( 'NONE',  ( -0.9182816069699789585, -0.3704416433047200696, 0.1397564996926151104 ) ) ;
#50 = DIRECTION ( 'NONE',  ( 0.000000000000000000, 0.000000000000000000, 1.000000000000000000 ) ) ;
#51 = EDGE_LOOP ( 'NONE', ( #2389, #2553, #1937, #3599 ) ) ;
#52 = EDGE_LOOP ( 'NONE', ( #618, #2726, #2242, #3170, #1152 ) ) ;
#53 = CARTESIAN_POINT ( 'NONE',  ( 42.83090035031823106, 7.766691546092268972, 16.21888844039220601 ) ) ;
#54 = DIRECTION ( 'NONE',  ( 0.000000000000000000, -0.8480480961564286213, 0.5299192642332006820 ) ) ;
#55 = CARTESIAN_POINT ( 'NONE',  ( -1.379714784124986826, 3.022139992939713693, -20.63557697817833159 ) ) ;
#56 = CARTESIAN_POINT ( 'NONE',  ( 12.52565441141179114, 4.621925106533123717, -3.942952414439393038 ) ) ;
#57 = CARTESIAN_POINT ( 'NONE',  ( -24.53200000000000003, -5.000000000000000000, 0.000000000000000000 ) ) ;
#58 = ORIENTED_EDGE ( 'NONE', *, *, #4836, .F. ) ;
#59 = AXIS2_PLACEMENT_3D ( 'NONE', #5654, #4252, #3416 ) ;
#60 = CARTESIAN_POINT ( 'NONE',  ( -12.60491930200889854, 4.906630941574982252, -11.01946053105494983 ) ) ;
#61 = CARTESIAN_POINT ( 'NONE',  ( -24.53200000000000003, -3.500000000000000000, 5.000000000000000000 ) ) ;
#62 = CARTESIAN_POINT ( 'NONE',  ( 48.60292843032166843, 5.397352065127188681, 9.310691398785060358 ) ) ;
#63 = CARTESIAN_POINT ( 'NONE',  ( 3.817837745219256895, 3.171185908253080665, 27.64237181649426844 ) ) ;
#64 = CARTESIAN_POINT ( 'NONE',  ( 50.68807954658720405, 4.594593848811335590, -3.041349049786486791 ) ) ;
#65 = ADVANCED_FACE ( 'NONE', ( #3145 ), #1671, .T. ) ;
#66 = EDGE_CURVE ( 'NONE', #1623, #5543, #2288, .T. ) ;
#67 = VECTOR ( 'NONE', #2901, 1000.000000000000000 ) ;
#68 = ORIENTED_EDGE ( 'NONE', *, *, #5813, .T. ) ;
#69 = CARTESIAN_POINT ( 'NONE',  ( 50.89432957107128175, 4.398845855716134956, 1.831935292290213013 ) ) ;
#70 = CARTESIAN_POINT ( 'NONE',  ( -19.30223014436398898, 6.483843998102110540, 13.04268635447738589 ) ) ;
#71 = CARTESIAN_POINT ( 'NONE',  ( -24.53200000000000003, 0.000000000000000000, -5.500000000000000000 ) ) ;
#72 = CARTESIAN_POINT ( 'NONE',  ( 15.89981215290000094, 6.086221019769061158, 17.10248773028760993 ) ) ;
#73 = CARTESIAN_POINT ( 'NONE',  ( 24.53200000000000003, 0.000000000000000000, 0.000000000000000000 ) ) ;
#74 = AXIS2_PLACEMENT_3D ( 'NONE', #4930, #5824, #3999 ) ;
#75 = ORIENTED_EDGE ( 'NONE', *, *, #2843, .T. ) ;
#76 = B_SPLINE_CURVE_WITH_KNOTS ( 'NONE', 3,
 ( #2419, #1924, #1956, #3380, #4332, #5261, #106, #3808 ),
 .UNSPECIFIED., .F., .F.,
 ( 4, 2, 2, 4 ),
 ( 4.336808689942017736E-19, 0.003827147743938131078, 0.007654295487876262155, 0.01530859097575252258 ),
 .UNSPECIFIED. ) ;
#77 = VERTEX_POINT ( 'NONE', #1761 ) ;
#78 = CARTESIAN_POINT ( 'NONE',  ( -4.000000000000000000, 2.000000000000000000, 21.24999999999999645 ) ) ;
#79 = AXIS2_PLACEMENT_3D ( 'NONE', #5297, #2890, #1559 ) ;
#80 = CARTESIAN_POINT ( 'NONE',  ( 28.99248915685352657, 4.526932839343285941, 1.512933660990407603 ) ) ;
#81 = CARTESIAN_POINT ( 'NONE',  ( 0.000000000000000000, 3.603966959366334599, 25.15383195248298520 ) ) ;
#82 = DIRECTION ( 'NONE',  ( 0.000000000000000000, 1.000000000000000000, -0.000000000000000000 ) ) ;
#83 = CARTESIAN_POINT ( 'NONE',  ( 18.92702231805433044, 5.742329702129383762, -10.05951217752679305 ) ) ;
#84 = VECTOR ( 'NONE', #4453, 1000.000000000000000 ) ;
#85 = VERTEX_POINT ( 'NONE', #3176 ) ;
#86 = EDGE_CURVE ( 'NONE', #3506, #817, #1293, .T. ) ;
#87 = EDGE_LOOP ( 'NONE', ( #5273, #547, #5293, #2897, #5060 ) ) ;
#88 = CARTESIAN_POINT ( 'NONE',  ( 19.29716976107052773, 7.451291161062409962, 24.34537443486107477 ) ) ;
#89 = CYLINDRICAL_SURFACE ( 'NONE', #3556, 2.099999999999999645 ) ;
#90 = EDGE_CURVE ( 'NONE', #3305, #5519, #4612, .T. ) ;
#91 = DIRECTION ( 'NONE',  ( 0.000000000000000000, -0.000000000000000000, -1.000000000000000000 ) ) ;
#92 = CARTESIAN_POINT ( 'NONE',  ( 24.53200000000000003, 0.5000000000000000000, 7.900000000000000355 ) ) ;
#93 = AXIS2_PLACEMENT_3D ( 'NONE', #4958, #5443, #4061 ) ;
#94 = FACE_OUTER_BOUND ( 'NONE', #4274, .T. ) ;
#95 = ORIENTED_EDGE ( 'NONE', *, *, #3101, .F. ) ;
#96 = CARTESIAN_POINT ( 'NONE',  ( 23.45207879911716375, 7.062499999999999112, 14.26739617975193042 ) ) ;
#97 = EDGE_CURVE ( 'NONE', #4011, #475, #6086, .T. ) ;
#98 = CARTESIAN_POINT ( 'NONE',  ( 10.21941582766388379, 4.246875794569587192, -3.926036099299629267 ) ) ;
#99 = CARTESIAN_POINT ( 'NONE',  ( -1.319401125673765218, 0.08985301066542582260, 20.93070670546000045 ) ) ;
#100 = VECTOR ( 'NONE', #3364, 999.9999999999998863 ) ;
#101 = DIRECTION ( 'NONE',  ( 0.000000000000000000, 0.000000000000000000, -1.000000000000000000 ) ) ;
#102 = CARTESIAN_POINT ( 'NONE',  ( 24.53200000000000003, 0.000000000000000000, 0.000000000000000000 ) ) ;
#103 = EDGE_LOOP ( 'NONE', ( #3264, #1881, #4217, #3879, #5179 ) ) ;
#104 = CARTESIAN_POINT ( 'NONE',  ( 11.58689071290698713, 4.546138815443130810, 17.77368548878418153 ) ) ;
#105 = CYLINDRICAL_SURFACE ( 'NONE', #5906, 1.500000000000000444 ) ;
#106 = CARTESIAN_POINT ( 'NONE',  ( 19.02117702967368729, 5.316872829884222718, 8.512736510918289312 ) ) ;
#107 = DIRECTION ( 'NONE',  ( -0.9953252084754726781, 0.000000000000000000, -0.09658017070422314498 ) ) ;
#108 = CARTESIAN_POINT ( 'NONE',  ( 2.712884994732600585, 2.832063062230898876, 16.39396455943775877 ) ) ;
#109 = CARTESIAN_POINT ( 'NONE',  ( 10.67222341278877806, 4.361131600160065958, -6.209581793877331890 ) ) ;
#110 = VERTEX_POINT ( 'NONE', #5776 ) ;
#111 = VERTEX_POINT ( 'NONE', #5716 ) ;
#112 = CARTESIAN_POINT ( 'NONE',  ( 15.82166552797354164, 5.837322382336980198, 15.32357585849323911 ) ) ;
#113 = DIRECTION ( 'NONE',  ( -1.000000000000000000, 0.000000000000000000, -1.301042606982605567E-16 ) ) ;
#114 = CARTESIAN_POINT ( 'NONE',  ( -17.33414519934746423, 6.695652173913040350, 24.80810656615383891 ) ) ;
#115 = CARTESIAN_POINT ( 'NONE',  ( 24.53200000000000003, 4.450000000000000178, -4.699999999999999289 ) ) ;
#116 = CARTESIAN_POINT ( 'NONE',  ( -29.72609928666352630, 4.795352028454692217, -4.913081557086150575 ) ) ;
#117 = ORIENTED_EDGE ( 'NONE', *, *, #3660, .F. ) ;
#118 = EDGE_LOOP ( 'NONE', ( #2896, #2677, #3102, #566 ) ) ;
#119 = CARTESIAN_POINT ( 'NONE',  ( -4.353236889509100038, 0.6931402384323088750, 22.68628047686461002 ) ) ;
#120 = CARTESIAN_POINT ( 'NONE',  ( -17.33414519934745712, 6.695652173913043015, 24.80810656615383181 ) ) ;
#121 = CARTESIAN_POINT ( 'NONE',  ( -2.609082439237287776, 3.080105996886465913, -17.36271744564673725 ) ) ;
#122 = DIRECTION ( 'NONE',  ( 0.000000000000000000, 0.000000000000000000, 1.000000000000000000 ) ) ;
#123 = CARTESIAN_POINT ( 'NONE',  ( -15.25931799900779140, 4.910251254953259092, -5.807534562823811086 ) ) ;
#124 = ORIENTED_EDGE ( 'NONE', *, *, #4530, .F. ) ;
#125 = CARTESIAN_POINT ( 'NONE',  ( -16.63080064437455974, 6.381463756271824828, -18.34198012635913599 ) ) ;
#126 = DIRECTION ( 'NONE',  ( -0.000000000000000000, 1.000000000000000000, -0.000000000000000000 ) ) ;
#127 = CARTESIAN_POINT ( 'NONE',  ( 49.16934799783052057, 5.189759625020834655, 7.566588227309666514 ) ) ;
#128 = CARTESIAN_POINT ( 'NONE',  ( -4.331727945381776301, 3.221090617212708285, -26.46590240815677220 ) ) ;
#129 = DIRECTION ( 'NONE',  ( 0.000000000000000000, 0.000000000000000000, 1.000000000000000000 ) ) ;
#130 = ORIENTED_EDGE ( 'NONE', *, *, #1782, .T. ) ;
#131 = ORIENTED_EDGE ( 'NONE', *, *, #5066, .T. ) ;
#132 = CARTESIAN_POINT ( 'NONE',  ( 10.81411707019200819, 4.209896778478515955, -26.52600142245040971 ) ) ;
#133 = DIRECTION ( 'NONE',  ( 0.000000000000000000, 0.000000000000000000, -1.000000000000000000 ) ) ;
#134 = CARTESIAN_POINT ( 'NONE',  ( -16.76043735021257319, 5.804001732519440182, 13.20781398963972642 ) ) ;
#135 = CARTESIAN_POINT ( 'NONE',  ( -8.653737694104590261, 3.643869051445563834, 16.11666861855915300 ) ) ;
#136 = DIRECTION ( 'NONE',  ( -1.000000000000000000, -0.000000000000000000, -0.000000000000000000 ) ) ;
#137 = ORIENTED_EDGE ( 'NONE', *, *, #5383, .F. ) ;
#138 =( BOUNDED_CURVE ( )  B_SPLINE_CURVE ( 3, ( #3146, #3614, #2686, #3681 ),
 .UNSPECIFIED., .F., .T. ) 
 B_SPLINE_CURVE_WITH_KNOTS ( ( 4, 4 ),
 ( 0.000000000000000000, 0.09543864527808065823 ),
 .UNSPECIFIED. ) 
 CURVE ( )  GEOMETRIC_REPRESENTATION_ITEM ( )  RATIONAL_B_SPLINE_CURVE ( ( 1.000000000000000000, 0.9992410994418614578, 0.9992410994418614578, 1.000000000000000000 ) ) 
 REPRESENTATION_ITEM ( '' )  );
#139 = ORIENTED_EDGE ( 'NONE', *, *, #1729, .F. ) ;
#140 = CARTESIAN_POINT ( 'NONE',  ( -18.89271796991647534, -1.332843258862637326, 17.10248773028760638 ) ) ;
#141 = CARTESIAN_POINT ( 'NONE',  ( 28.26947748131574301, 4.599510164574998505, 2.866175919961535534 ) ) ;
#142 = CARTESIAN_POINT ( 'NONE',  ( 24.53200000000000358, 0.5000000000000000000, 15.10000000000000142 ) ) ;
#143 = ADVANCED_FACE ( 'NONE', ( #4384 ), #5659, .F. ) ;
#144 = ORIENTED_EDGE ( 'NONE', *, *, #3702, .T. ) ;
#145 = EDGE_CURVE ( 'NONE', #477, #5827, #4727, .T. ) ;
#146 = ORIENTED_EDGE ( 'NONE', *, *, #404, .T. ) ;
#147 = CARTESIAN_POINT ( 'NONE',  ( 20.15573975853848054, 7.956076134699864078, 16.67476135310219476 ) ) ;
#148 = CARTESIAN_POINT ( 'NONE',  ( 12.23754949249841850, -3.494819954956994934, -4.888966574700920553 ) ) ;
#149 = DIRECTION ( 'NONE',  ( 0.000000000000000000, 0.000000000000000000, -1.000000000000000000 ) ) ;
#150 = CARTESIAN_POINT ( 'NONE',  ( 4.361774869226995754, 2.665237299560908379, 26.63047459912089110 ) ) ;
#151 = EDGE_CURVE ( 'NONE', #2457, #4424, #1669, .T. ) ;
#152 = ORIENTED_EDGE ( 'NONE', *, *, #1499, .F. ) ;
#153 = DIRECTION ( 'NONE',  ( 0.000000000000000000, 0.000000000000000000, 1.000000000000000000 ) ) ;
#154 = DIRECTION ( 'NONE',  ( -1.000000000000000000, 0.000000000000000000, 0.000000000000000000 ) ) ;
#155 = DIRECTION ( 'NONE',  ( -0.8116490753512471956, 6.755537566889829662E-15, 0.5841453402035023945 ) ) ;
#156 = CARTESIAN_POINT ( 'NONE',  ( -4.517854449904014302, 3.240435135277579537, -27.41064543852485258 ) ) ;
#157 = VERTEX_POINT ( 'NONE', #514 ) ;
#158 = EDGE_CURVE ( 'NONE', #668, #6093, #2380, .T. ) ;
#159 = CARTESIAN_POINT ( 'NONE',  ( -15.48882298470512886, 5.701739534359792749, -25.61176576813682360 ) ) ;
#160 = FACE_OUTER_BOUND ( 'NONE', #286, .T. ) ;
#161 = B_SPLINE_CURVE_WITH_KNOTS ( 'NONE', 3,
 ( #1063, #567, #3789, #633, #3815, #5738, #4877, #5767, #1525, #2458 ),
 .UNSPECIFIED., .F., .F.,
 ( 4, 2, 2, 2, 4 ),
 ( 1.734723475976807094E-18, 0.0004238899126613595116, 0.0008477798253227172886, 0.001271669737984075120, 0.001695559650645432842 ),
 .UNSPECIFIED. ) ;
#162 = VECTOR ( 'NONE', #5857, 1000.000000000000000 ) ;
#163 = CARTESIAN_POINT ( 'NONE',  ( 4.078575790220725139, 2.626446581901019872, -26.55289316380204312 ) ) ;
#164 = CARTESIAN_POINT ( 'NONE',  ( -10.73831718418599124, 4.378976860347746580, -26.25156752845692765 ) ) ;
#165 = CARTESIAN_POINT ( 'NONE',  ( -14.49511678535467141, 5.302182731678950489, 15.52546795625939779 ) ) ;
#166 = FACE_OUTER_BOUND ( 'NONE', #1426, .T. ) ;
#167 = VERTEX_POINT ( 'NONE', #1037 ) ;
#168 = CIRCLE ( 'NONE', #264, 2.099999999999999645 ) ;
#169 = ORIENTED_EDGE ( 'NONE', *, *, #5197, .T. ) ;
#170 = CARTESIAN_POINT ( 'NONE',  ( -24.53200000000000003, 0.5000000000000000000, 0.000000000000000000 ) ) ;
#171 = DIRECTION ( 'NONE',  ( 0.000000000000000000, 0.000000000000000000, 1.000000000000000000 ) ) ;
#172 = FACE_OUTER_BOUND ( 'NONE', #1373, .T. ) ;
#173 = CIRCLE ( 'NONE', #3327, 0.3000000000000016542 ) ;
#174 = LINE ( 'NONE', #5335, #1856 ) ;
#175 = CARTESIAN_POINT ( 'NONE',  ( 3.395629150204736213, 0.5843633705925229682, 22.46872674118517565 ) ) ;
#176 =( BOUNDED_CURVE ( )  B_SPLINE_CURVE ( 3, ( #2035, #2432, #119, #3861 ),
 .UNSPECIFIED., .F., .T. ) 
 B_SPLINE_CURVE_WITH_KNOTS ( ( 4, 4 ),
 ( 3.141592653589793116, 3.855465701977926152 ),
 .UNSPECIFIED. ) 
 CURVE ( )  GEOMETRIC_REPRESENTATION_ITEM ( )  RATIONAL_B_SPLINE_CURVE ( ( 1.000000000000000000, 0.9579810759616603777, 0.9579810759616603777, 1.000000000000000000 ) ) 
 REPRESENTATION_ITEM ( '' )  );
#177 = ORIENTED_EDGE ( 'NONE', *, *, #158, .T. ) ;
#178 = AXIS2_PLACEMENT_3D ( 'NONE', #2215, #5929, #238 ) ;
#179 = ORIENTED_EDGE ( 'NONE', *, *, #1191, .T. ) ;
#180 = CARTESIAN_POINT ( 'NONE',  ( 16.41050474731125774, 6.283056199375796957, 17.98329135900108966 ) ) ;
#181 = DIRECTION ( 'NONE',  ( 1.000000000000000000, -0.000000000000000000, -0.000000000000000000 ) ) ;
#182 = DIRECTION ( 'NONE',  ( -0.000000000000000000, -1.000000000000000000, -0.000000000000000000 ) ) ;
#183 = CARTESIAN_POINT ( 'NONE',  ( -50.66165556791201396, 4.606638414782287860, -3.015049811654898715 ) ) ;
#184 = VECTOR ( 'NONE', #4772, 1000.000000000000000 ) ;
#185 = ADVANCED_FACE ( 'NONE', ( #3365, #1473 ), #28, .F. ) ;
#186 = ORIENTED_EDGE ( 'NONE', *, *, #1131, .T. ) ;
#187 = VECTOR ( 'NONE', #3306, 1000.000000000000000 ) ;
#188 = CARTESIAN_POINT ( 'NONE',  ( 1.363662444051753520, 2.366549356185558395, 26.03309871237108553 ) ) ;
#189 = CARTESIAN_POINT ( 'NONE',  ( -8.608875907139747596, 3.844607513857788650, -5.065132720563930491 ) ) ;
#190 = CARTESIAN_POINT ( 'NONE',  ( 0.000000000000000000, 2.449999999999999734, 20.00000000000000000 ) ) ;
#191 = CARTESIAN_POINT ( 'NONE',  ( -4.223085579513166543, 2.646240556215722073, -26.59248111243003265 ) ) ;
#192 = CIRCLE ( 'NONE', #4835, 0.3000000000000018208 ) ;
#193 = CYLINDRICAL_SURFACE ( 'NONE', #2850, 42.50000000000000711 ) ;
#194 = VECTOR ( 'NONE', #1167, 1000.000000000000000 ) ;
#195 = CARTESIAN_POINT ( 'NONE',  ( -17.62249740539125398, 6.453574068108482109, 14.38738330785241182 ) ) ;
#196 = CARTESIAN_POINT ( 'NONE',  ( -12.38250583270122362, 4.612454577559284452, -4.029992794490449448 ) ) ;
#197 = DIRECTION ( 'NONE',  ( 0.000000000000000000, 1.000000000000000000, -0.000000000000000000 ) ) ;
#198 = ORIENTED_EDGE ( 'NONE', *, *, #1700, .T. ) ;
#199 = AXIS2_PLACEMENT_3D ( 'NONE', #6113, #3235, #3772 ) ;
#200 = ORIENTED_EDGE ( 'NONE', *, *, #4340, .F. ) ;
#201 = DIRECTION ( 'NONE',  ( 1.000000000000000000, -0.000000000000000000, 0.000000000000000000 ) ) ;
#202 = CARTESIAN_POINT ( 'NONE',  ( 21.55622769205578138, 6.465276088164900514, -12.57484775481088590 ) ) ;
#203 = ADVANCED_FACE ( 'NONE', ( #4285 ), #3736, .T. ) ;
#204 = AXIS2_PLACEMENT_3D ( 'NONE', #4367, #1056, #5194 ) ;
#205 = DIRECTION ( 'NONE',  ( 0.000000000000000000, 0.4472135954999568730, -0.8944271909999162995 ) ) ;
#206 = FACE_OUTER_BOUND ( 'NONE', #5836, .T. ) ;
#207 = VERTEX_POINT ( 'NONE', #3464 ) ;
#208 = CC_DESIGN_APPROVAL ( #1991, ( #4349 ) ) ;
#209 = ORIENTED_EDGE ( 'NONE', *, *, #2520, .T. ) ;
#210 = DIRECTION ( 'NONE',  ( 0.000000000000000000, 0.000000000000000000, -1.000000000000000000 ) ) ;
#211 = DIRECTION ( 'NONE',  ( 0.000000000000000000, 0.000000000000000000, 1.000000000000000000 ) ) ;
#212 = DIRECTION ( 'NONE',  ( 0.000000000000000000, 0.000000000000000000, 1.000000000000000000 ) ) ;
#213 =( BOUNDED_CURVE ( )  B_SPLINE_CURVE ( 3, ( #1158, #4882, #2551, #4347 ),
 .UNSPECIFIED., .F., .T. ) 
 B_SPLINE_CURVE_WITH_KNOTS ( ( 4, 4 ),
 ( 0.000000000000000000, 0.4201114781424782896 ),
 .UNSPECIFIED. ) 
 CURVE ( )  GEOMETRIC_REPRESENTATION_ITEM ( )  RATIONAL_B_SPLINE_CURVE ( ( 1.000000000000000000, 0.9853461958957675515, 0.9853461958957675515, 1.000000000000000000 ) ) 
 REPRESENTATION_ITEM ( '' )  );
#214 = FACE_OUTER_BOUND ( 'NONE', #6042, .T. ) ;
#215 = ORIENTED_EDGE ( 'NONE', *, *, #3103, .T. ) ;
#216 = CARTESIAN_POINT ( 'NONE',  ( 4.078575790232559228, 2.626446581899998911, 26.55289316380000386 ) ) ;
#217 = CARTESIAN_POINT ( 'NONE',  ( 8.524489126814028594, 3.586330535804770125, -3.137609375635144193 ) ) ;
#218 = CARTESIAN_POINT ( 'NONE',  ( -1.600371712501946764, 0.003072438815650554295, 20.10445716795657134 ) ) ;
#219 = CARTESIAN_POINT ( 'NONE',  ( 0.000000000000000000, 2.449999999999999734, 23.00000000000000000 ) ) ;
#220 = ADVANCED_FACE ( 'NONE', ( #3583 ), #1222, .T. ) ;
#221 = ADVANCED_FACE ( 'NONE', ( #4412 ), #2992, .F. ) ;
#222 = CARTESIAN_POINT ( 'NONE',  ( 48.60320701618631034, 5.397234826091160009, 9.310175460148519377 ) ) ;
#223 = EDGE_CURVE ( 'NONE', #4012, #2021, #3370, .T. ) ;
#224 = DIRECTION ( 'NONE',  ( 0.000000000000000000, 1.000000000000000000, -0.000000000000000000 ) ) ;
#225 = CARTESIAN_POINT ( 'NONE',  ( -16.26900438244447855, 6.199199091690064556, 15.97859925290235061 ) ) ;
#226 = CARTESIAN_POINT ( 'NONE',  ( -10.73831718418599124, 4.378976860347746580, -26.25156752845692765 ) ) ;
#227 = CARTESIAN_POINT ( 'NONE',  ( 2.522382559199782381, 3.074917958534892914, 18.37593527685477923 ) ) ;
#228 = ADVANCED_FACE ( 'NONE', ( #4045 ), #3126, .T. ) ;
#229 = ORIENTED_EDGE ( 'NONE', *, *, #2469, .F. ) ;
#230 = ORIENTED_EDGE ( 'NONE', *, *, #1085, .F. ) ;
#231 = CARTESIAN_POINT ( 'NONE',  ( 11.37724389698395555, 4.398845855716136732, 26.42590409671763041 ) ) ;
#232 = CARTESIAN_POINT ( 'NONE',  ( 12.53420056355415113, 4.571914025622862532, -2.495691186143465856 ) ) ;
#233 = CARTESIAN_POINT ( 'NONE',  ( 22.42279038960857918, 7.858975779272849849, -24.26377495386270056 ) ) ;
#234 = CARTESIAN_POINT ( 'NONE',  ( -23.45207879911715310, 7.700000000000000178, 24.00936052501757700 ) ) ;
#235 = DIRECTION ( 'NONE',  ( -0.000000000000000000, 1.000000000000000000, -0.000000000000000000 ) ) ;
#236 = ORIENTED_EDGE ( 'NONE', *, *, #5240, .T. ) ;
#237 = ORIENTED_EDGE ( 'NONE', *, *, #4077, .T. ) ;
#238 = DIRECTION ( 'NONE',  ( 0.000000000000000000, 0.000000000000000000, -1.000000000000000000 ) ) ;
#239 = CARTESIAN_POINT ( 'NONE',  ( -8.411017330769679390, 3.828962025947955539, 26.81322786217749510 ) ) ;
#240 = CARTESIAN_POINT ( 'NONE',  ( 5.496910208333945391, 2.849122138194308818, 26.77273423189172163 ) ) ;
#241 = ORIENTED_EDGE ( 'NONE', *, *, #5882, .T. ) ;
#242 = DIRECTION ( 'NONE',  ( -0.5841453402035041709, 0.000000000000000000, 0.8116490753512457523 ) ) ;
#243 = CARTESIAN_POINT ( 'NONE',  ( -8.652465902760058114, 2.754389497335142156, 26.80877899467115100 ) ) ;
#244 = CARTESIAN_POINT ( 'NONE',  ( -11.11216608618755330, 4.477972697865276075, -26.20364833374069136 ) ) ;
#245 = CC_DESIGN_PERSON_AND_ORGANIZATION_ASSIGNMENT ( #5013, #4611, ( #5734 ) ) ;
#246 = CARTESIAN_POINT ( 'NONE',  ( -2.522382559215405440, 3.074917958535816620, 18.37593527685438843 ) ) ;
#247 = CARTESIAN_POINT ( 'NONE',  ( 9.717554711073791651, 3.857658723083422281, -26.67021391639097061 ) ) ;
#248 = CARTESIAN_POINT ( 'NONE',  ( 50.11844290538111579, 4.772945695191214810, 4.758128564532634108 ) ) ;
#249 = CARTESIAN_POINT ( 'NONE',  ( 23.45207879911716731, 8.000000000000000000, 24.00936052501757700 ) ) ;
#250 = EDGE_CURVE ( 'NONE', #5802, #3506, #463, .T. ) ;
#251 = CARTESIAN_POINT ( 'NONE',  ( 0.2681130832991980850, 2.999999999999993783, 23.00000000000000711 ) ) ;
#252 = ADVANCED_FACE ( 'NONE', ( #3957 ), #5839, .T. ) ;
#253 = ORIENTED_EDGE ( 'NONE', *, *, #4662, .T. ) ;
#254 = VERTEX_POINT ( 'NONE', #3019 ) ;
#255 = CARTESIAN_POINT ( 'NONE',  ( -20.53200000000000003, 0.000000000000000000, -4.000000000000000000 ) ) ;
#256 = CARTESIAN_POINT ( 'NONE',  ( 14.74932916319945875, 4.532298785661653895, 2.064923076845987637 ) ) ;
#257 = CARTESIAN_POINT ( 'NONE',  ( 17.00911236726821940, 6.456151672480324066, -12.70853271561551523 ) ) ;
#258 = CARTESIAN_POINT ( 'NONE',  ( 19.20589256224647912, 6.544247902925993898, 13.34321198042277246 ) ) ;
#259 = DIRECTION ( 'NONE',  ( 1.000000000000000000, 0.000000000000000000, 0.000000000000000000 ) ) ;
#260 = CARTESIAN_POINT ( 'NONE',  ( 10.81411707019199930, 2.262326172866460539, 25.82465234573292534 ) ) ;
#261 = ORIENTED_EDGE ( 'NONE', *, *, #4076, .T. ) ;
#262 = EDGE_LOOP ( 'NONE', ( #169, #2888, #492, #2669 ) ) ;
#263 = CARTESIAN_POINT ( 'NONE',  ( -50.89432957107178623, 4.398845855716134956, -1.831935292282847572 ) ) ;
#264 = AXIS2_PLACEMENT_3D ( 'NONE', #3470, #1080, #4388 ) ;
#265 = DIRECTION ( 'NONE',  ( 0.000000000000000000, 0.000000000000000000, 1.000000000000000000 ) ) ;
#266 = DIRECTION ( 'NONE',  ( 0.000000000000000000, 0.000000000000000000, 1.000000000000000000 ) ) ;
#267 = CARTESIAN_POINT ( 'NONE',  ( -48.30826258395447326, 5.520929491799660305, -9.838849620183532707 ) ) ;
#268 = AXIS2_PLACEMENT_3D ( 'NONE', #1927, #2454, #1022 ) ;
#269 = EDGE_LOOP ( 'NONE', ( #5862, #3198, #75, #3392 ) ) ;
#270 = ADVANCED_FACE ( 'NONE', ( #4915 ), #4297, .F. ) ;
#271 = ORIENTED_EDGE ( 'NONE', *, *, #6073, .T. ) ;
#272 = DIRECTION ( 'NONE',  ( -1.000000000000000000, 0.000000000000000000, 0.000000000000000000 ) ) ;
#273 = FACE_OUTER_BOUND ( 'NONE', #2543, .T. ) ;
#274 = CARTESIAN_POINT ( 'NONE',  ( -11.32446113086579587, 4.536511837366306921, -26.33988084398392715 ) ) ;
#275 = EDGE_CURVE ( 'NONE', #1922, #5364, #4477, .T. ) ;
#276 = CIRCLE ( 'NONE', #2064, 15.00000000000000000 ) ;
#277 = DIRECTION ( 'NONE',  ( -0.000000000000000000, 1.000000000000000000, -0.000000000000000000 ) ) ;
#278 = CARTESIAN_POINT ( 'NONE',  ( 2.470564269842622451, 3.071812433404714771, -19.47116187770587459 ) ) ;
#279 = CARTESIAN_POINT ( 'NONE',  ( -2.774028359553621037, 3.090590744809071477, 18.84992909761739099 ) ) ;
#280 = DIRECTION ( 'NONE',  ( 0.2541134667796677848, 0.2572077912085016238, 0.9323467692564084697 ) ) ;
#281 = CARTESIAN_POINT ( 'NONE',  ( -16.37117173826991134, 6.276370989088411179, 17.90461425588714661 ) ) ;
#282 = FACE_OUTER_BOUND ( 'NONE', #4714, .T. ) ;
#283 = CIRCLE ( 'NONE', #4633, 1.500000000000001332 ) ;
#284 = CARTESIAN_POINT ( 'NONE',  ( -45.31277978188815325, 6.756456433507470827, 13.44289047185329444 ) ) ;
#285 = ORIENTED_EDGE ( 'NONE', *, *, #5064, .F. ) ;
#286 = EDGE_LOOP ( 'NONE', ( #4381, #1903, #1303, #4105, #3225, #5890, #253, #4811, #4337, #995, #6100, #4408, #3290 ) ) ;
#287 = DIRECTION ( 'NONE',  ( 5.670945745609629891E-16, -3.935009086359929688E-31, 1.000000000000000000 ) ) ;
#288 = DIRECTION ( 'NONE',  ( -0.000000000000000000, 1.000000000000000000, -0.000000000000000000 ) ) ;
#289 = CARTESIAN_POINT ( 'NONE',  ( -12.72559692478965765, 3.976370727014816975, 0.8112433197907137350 ) ) ;
#290 = CARTESIAN_POINT ( 'NONE',  ( 19.38026794183050683, 7.321241117111346064, -24.59978886370673123 ) ) ;
#291 = CARTESIAN_POINT ( 'NONE',  ( -6.275605482578326288, 2.445340079421973289, -26.19068015884395351 ) ) ;
#292 = B_SPLINE_CURVE_WITH_KNOTS ( 'NONE', 3,
 ( #5042, #1765, #4083, #829, #4672, #4201, #6084, #4174, #1855, #396 ),
 .UNSPECIFIED., .F., .F.,
 ( 4, 2, 2, 2, 4 ),
 ( 2.637977740025101358E-18, 0.0008498121613380925452, 0.001699624322676182488, 0.003399248645352359339, 0.006798497290704716076 ),
 .UNSPECIFIED. ) ;
#293 = CIRCLE ( 'NONE', #4339, 0.3000000000000001554 ) ;
#294 = ORIENTED_EDGE ( 'NONE', *, *, #1477, .T. ) ;
#295 = ORIENTED_EDGE ( 'NONE', *, *, #4322, .F. ) ;
#296 = FACE_OUTER_BOUND ( 'NONE', #3362, .T. ) ;
#297 = AXIS2_PLACEMENT_3D ( 'NONE', #479, #419, #5150 ) ;
#298 = FACE_OUTER_BOUND ( 'NONE', #118, .T. ) ;
#299 = CARTESIAN_POINT ( 'NONE',  ( 16.32727934581675555, 6.007257731624018326, 15.08564978547983593 ) ) ;
#300 = CARTESIAN_POINT ( 'NONE',  ( -24.53200000000000003, 6.000000000000000000, 19.88359213500125477 ) ) ;
#301 = ORIENTED_EDGE ( 'NONE', *, *, #1539, .T. ) ;
#302 = ORIENTED_EDGE ( 'NONE', *, *, #6030, .T. ) ;
#303 = DIRECTION ( 'NONE',  ( 0.000000000000000000, 0.000000000000000000, -1.000000000000000000 ) ) ;
#304 = CARTESIAN_POINT ( 'NONE',  ( -3.840441824321923381, 0.1576606101263197113, 21.25000000000000000 ) ) ;
#305 = CARTESIAN_POINT ( 'NONE',  ( -19.03200000000000003, 0.000000000000000000, -5.000000000000000000 ) ) ;
#306 = CARTESIAN_POINT ( 'NONE',  ( 24.53200000000000003, 0.000000000000000000, 6.158312395177701681 ) ) ;
#307 = CARTESIAN_POINT ( 'NONE',  ( 0.000000000000000000, 8.000000000000000000, 24.17565324045341058 ) ) ;
#308 = CARTESIAN_POINT ( 'NONE',  ( 13.36046340326366177, 5.097927772575474137, -25.81352288800411188 ) ) ;
#309 = DIRECTION ( 'NONE',  ( 0.000000000000000000, 0.000000000000000000, -1.000000000000000000 ) ) ;
#310 = CARTESIAN_POINT ( 'NONE',  ( -14.99440442474787361, 4.491412782263087600, -0.7935118299249707130 ) ) ;
#311 = CARTESIAN_POINT ( 'NONE',  ( -24.53200000000000003, 7.700000000000000178, 0.000000000000000000 ) ) ;
#312 = ORIENTED_EDGE ( 'NONE', *, *, #4186, .F. ) ;
#313 = CARTESIAN_POINT ( 'NONE',  ( 11.00331941959713511, 4.271657001254514974, -26.49872901810528347 ) ) ;
#314 = CARTESIAN_POINT ( 'NONE',  ( 24.53200000000000003, 81.49999999999998579, 4.700000000000000178 ) ) ;
#315 = CARTESIAN_POINT ( 'NONE',  ( -16.41050475383786278, 6.283056202291278147, 17.98329136969093867 ) ) ;
#316 = CARTESIAN_POINT ( 'NONE',  ( 12.53420056355417422, 4.571914025622980660, -2.495691186143922824 ) ) ;
#317 = CARTESIAN_POINT ( 'NONE',  ( 20.07354847572737455, 4.527155537133406682, 1.518901533299106710 ) ) ;
#318 = CARTESIAN_POINT ( 'NONE',  ( 10.29406767966151293, 4.092045136833696972, 26.58023342444667847 ) ) ;
#319 = ORIENTED_EDGE ( 'NONE', *, *, #3318, .T. ) ;
#320 = VERTEX_POINT ( 'NONE', #2100 ) ;
#321 = CARTESIAN_POINT ( 'NONE',  ( 2.723173195319394946, 2.496694604866675604, 26.29338920973333771 ) ) ;
#322 = CARTESIAN_POINT ( 'NONE',  ( 11.37724389698395910, 4.398845855716129627, 26.42590409671763396 ) ) ;
#323 = DIRECTION ( 'NONE',  ( -1.000000000000000000, 0.000000000000000000, 0.000000000000000000 ) ) ;
#324 = LINE ( 'NONE', #4632, #5129 ) ;
#325 = EDGE_CURVE ( 'NONE', #4280, #3326, #3590, .T. ) ;
#326 = EDGE_CURVE ( 'NONE', #477, #5543, #1541, .T. ) ;
#327 = ORIENTED_EDGE ( 'NONE', *, *, #2871, .F. ) ;
#328 =( BOUNDED_SURFACE ( )  B_SPLINE_SURFACE ( 3, 2, ( 
 ( #163, #1091, #656 ),
 ( #4896, #2051, #3995 ),
 ( #4460, #2174, #3500 ),
 ( #738, #5407, #1206 ) ),
 .UNSPECIFIED., .F., .F., .T. ) 
 B_SPLINE_SURFACE_WITH_KNOTS ( ( 4, 4 ),
 ( 3, 3 ),
 ( 6.187746661901504908, 6.283185307179586232 ),
 ( 0.000000000000000000, 1.000000000000000000 ),
 .UNSPECIFIED. ) 
 GEOMETRIC_REPRESENTATION_ITEM ( )  RATIONAL_B_SPLINE_SURFACE ( (
 ( 1.000000000000000000, 0.2341401062324714177, 1.000000000000000000),
 ( 1.000000000000000000, 0.2312419495333566388, 1.000000000000000000),
 ( 1.000000000000000000, 0.2297498140913932230, 1.000000000000000000),
 ( 1.000000000000000000, 0.2297529205473625435, 1.000000000000000000) ) ) 
 REPRESENTATION_ITEM ( '' )  SURFACE ( )  );
#329 = CARTESIAN_POINT ( 'NONE',  ( 9.732792814065936327, 3.850106105022104153, -26.68487968235724139 ) ) ;
#330 = CARTESIAN_POINT ( 'NONE',  ( -19.61560071800329652, 4.829979365946832637, 5.191575612219235580 ) ) ;
#331 = EDGE_CURVE ( 'NONE', #85, #4302, #3807, .T. ) ;
#332 = CARTESIAN_POINT ( 'NONE',  ( -8.675755808235592781, 3.740371976384524899, 26.75815201414673439 ) ) ;
#333 = DIRECTION ( 'NONE',  ( -0.9953252084755088713, 0.000000000000000000, -0.09658017070384919411 ) ) ;
#334 = CARTESIAN_POINT ( 'NONE',  ( 1.819139406368735168, 3.038760767965555498, -16.17987434106060363 ) ) ;
#335 = CARTESIAN_POINT ( 'NONE',  ( -11.42250812657649739, 4.114954233987619503, -1.978482244567875581 ) ) ;
#336 = PERSON_AND_ORGANIZATION_ROLE ( 'classification_officer' ) ;
#337 = CARTESIAN_POINT ( 'NONE',  ( 50.58237830230604715, 4.565740026042880650, 2.396030964488428339 ) ) ;
#338 = CARTESIAN_POINT ( 'NONE',  ( 44.68328546888272257, 6.940225779269962203, -14.52052555676733014 ) ) ;
#339 = DIRECTION ( 'NONE',  ( -1.000000000000000000, 0.000000000000000000, 0.000000000000000000 ) ) ;
#340 = ADVANCED_FACE ( 'NONE', ( #3231 ), #1723, .T. ) ;
#341 = ORIENTED_EDGE ( 'NONE', *, *, #5872, .T. ) ;
#342 = CARTESIAN_POINT ( 'NONE',  ( -14.49511161496875644, 5.302180645973955109, 15.52546874343005712 ) ) ;
#343 = CARTESIAN_POINT ( 'NONE',  ( -8.601686398775022724, 3.539583679946334271, -26.76690194682062085 ) ) ;
#344 = DIRECTION ( 'NONE',  ( -1.000000000000000000, -0.000000000000000000, -0.000000000000000000 ) ) ;
#345 = FACE_OUTER_BOUND ( 'NONE', #4004, .T. ) ;
#346 = CARTESIAN_POINT ( 'NONE',  ( 23.31339829701627053, 4.753184008977404673, 4.549797821408574805 ) ) ;
#347 = DIRECTION ( 'NONE',  ( 0.000000000000000000, 0.000000000000000000, -1.000000000000000000 ) ) ;
#348 = ORIENTED_EDGE ( 'NONE', *, *, #6070, .T. ) ;
#349 = ORIENTED_EDGE ( 'NONE', *, *, #5705, .F. ) ;
#350 = B_SPLINE_CURVE_WITH_KNOTS ( 'NONE', 3,
 ( #2241, #4126, #3376, #523, #497, #4770 ),
 .UNSPECIFIED., .F., .F.,
 ( 4, 2, 4 ),
 ( 0.000000000000000000, 0.001960138115793139124, 0.003920276231586278248 ),
 .UNSPECIFIED. ) ;
#351 = ORIENTED_EDGE ( 'NONE', *, *, #6013, .F. ) ;
#352 = CARTESIAN_POINT ( 'NONE',  ( 16.76037851604994700, 5.803893072290577493, 13.20737320939494275 ) ) ;
#353 = CARTESIAN_POINT ( 'NONE',  ( -10.92571106962836680, 4.427912777467883032, 26.22980561172461478 ) ) ;
#354 = EDGE_CURVE ( 'NONE', #3326, #77, #5580, .T. ) ;
#355 = CARTESIAN_POINT ( 'NONE',  ( -4.604370849795262899, 0.5843633705925211919, 22.46872674118516144 ) ) ;
#356 = CARTESIAN_POINT ( 'NONE',  ( 4.000000000000000000, 0.1576606101263197113, 21.24999999999999645 ) ) ;
#357 = ORIENTED_EDGE ( 'NONE', *, *, #2394, .F. ) ;
#358 = VECTOR ( 'NONE', #520, 1000.000000000000000 ) ;
#359 = VECTOR ( 'NONE', #361, 1000.000000000000000 ) ;
#360 = EDGE_CURVE ( 'NONE', #1945, #5174, #3419, .T. ) ;
#361 = DIRECTION ( 'NONE',  ( -0.000000000000000000, 1.000000000000000000, -0.000000000000000000 ) ) ;
#362 = CARTESIAN_POINT ( 'NONE',  ( 2.703582031668676056, 3.064518795250362970, -26.15912805083078752 ) ) ;
#363 = DIRECTION ( 'NONE',  ( 0.000000000000000000, 1.000000000000000000, -0.000000000000000000 ) ) ;
#364 = CARTESIAN_POINT ( 'NONE',  ( -15.89981215290000094, 6.086221019769064711, 17.10248773028760638 ) ) ;
#365 = B_SPLINE_CURVE_WITH_KNOTS ( 'NONE', 3,
 ( #4066, #2547, #1714, #5481, #5829, #1246, #5883, #1594, #3483, #5360, #4904, #2091 ),
 .UNSPECIFIED., .F., .F.,
 ( 4, 2, 2, 2, 2, 4 ),
 ( 2.439060688519226740E-16, 0.005171351009800057713, 0.01034270201959987256, 0.01292837752449977999, 0.01551405302939968395, 0.02068540403919950227 ),
 .UNSPECIFIED. ) ;
#366 = AXIS2_PLACEMENT_3D ( 'NONE', #5420, #1216, #2062 ) ;
#367 =( BOUNDED_CURVE ( )  B_SPLINE_CURVE ( 3, ( #5592, #362, #3177, #1699 ),
 .UNSPECIFIED., .F., .T. ) 
 B_SPLINE_CURVE_WITH_KNOTS ( ( 4, 4 ),
 ( 6.187746661901505796, 6.283185307179586232 ),
 .UNSPECIFIED. ) 
 CURVE ( )  GEOMETRIC_REPRESENTATION_ITEM ( )  RATIONAL_B_SPLINE_CURVE ( ( 1.000000000000000000, 0.9992410994418614578, 0.9992410994418614578, 1.000000000000000000 ) ) 
 REPRESENTATION_ITEM ( '' )  );
#368 = AXIS2_PLACEMENT_3D ( 'NONE', #2606, #3600, #5021 ) ;
#369 = FACE_OUTER_BOUND ( 'NONE', #87, .T. ) ;
#370 = CARTESIAN_POINT ( 'NONE',  ( -11.03527858710285869, 4.408196322433522774, -3.664843189420482261 ) ) ;
#371 = DIRECTION ( 'NONE',  ( 0.000000000000000000, 0.000000000000000000, -1.000000000000000000 ) ) ;
#372 = DIRECTION ( 'NONE',  ( -0.000000000000000000, -0.000000000000000000, 1.000000000000000000 ) ) ;
#373 = CARTESIAN_POINT ( 'NONE',  ( -47.46240295488238559, 5.908281360470279076, 10.69786598003035927 ) ) ;
#374 = CIRCLE ( 'NONE', #3834, 0.3000000000000018208 ) ;
#375 = VERTEX_POINT ( 'NONE', #3706 ) ;
#376 = CARTESIAN_POINT ( 'NONE',  ( -11.37724389698393779, 4.398845855716135844, -26.42590409671763041 ) ) ;
#377 = AXIS2_PLACEMENT_3D ( 'NONE', #5627, #1384, #4258 ) ;
#378 = CARTESIAN_POINT ( 'NONE',  ( 0.2198436413516943744, 0.2473092241549243453, 21.58861247172268349 ) ) ;
#379 = SPHERICAL_SURFACE ( 'NONE', #3720, 39.99999999999999289 ) ;
#380 = CARTESIAN_POINT ( 'NONE',  ( -11.13471095265438926, 4.484056277723460049, 26.38247122243926057 ) ) ;
#381 = CARTESIAN_POINT ( 'NONE',  ( 4.078575790220692276, 2.626446581901024757, -26.55289316380205378 ) ) ;
#382 = CARTESIAN_POINT ( 'NONE',  ( 7.966486082280505698, 2.344335799862548697, 25.98867159972510166 ) ) ;
#383 = ORIENTED_EDGE ( 'NONE', *, *, #1254, .T. ) ;
#384 = AXIS2_PLACEMENT_3D ( 'NONE', #3714, #799, #3241 ) ;
#385 = ORIENTED_EDGE ( 'NONE', *, *, #4982, .F. ) ;
#386 = VERTEX_POINT ( 'NONE', #5124 ) ;
#387 = CARTESIAN_POINT ( 'NONE',  ( 18.06652600309319112, 6.664704336130044204, 15.30352523891722960 ) ) ;
#388 = CARTESIAN_POINT ( 'NONE',  ( -16.12145010533558320, 5.945505755486896859, 15.21686609765318643 ) ) ;
#389 = AXIS2_PLACEMENT_3D ( 'NONE', #4411, #181, #3956 ) ;
#390 = CARTESIAN_POINT ( 'NONE',  ( -20.14139245076112417, 4.864046864550224392, -5.451576921243626472 ) ) ;
#391 = ORIENTED_EDGE ( 'NONE', *, *, #5842, .T. ) ;
#392 = CIRCLE ( 'NONE', #4450, 8.000000000000000000 ) ;
#393 = CARTESIAN_POINT ( 'NONE',  ( -0.7120170967152210650, 3.005601123101020899, -15.58773549231808886 ) ) ;
#394 = CARTESIAN_POINT ( 'NONE',  ( 0.000000000000000000, 2.449999999999999734, 20.00000000000000000 ) ) ;
#395 = DIRECTION ( 'NONE',  ( -1.000000000000000000, 0.000000000000000000, 0.000000000000000000 ) ) ;
#396 = CARTESIAN_POINT ( 'NONE',  ( 10.73831718418598236, 4.378976860347740363, 26.25156752845692765 ) ) ;
#397 = EDGE_CURVE ( 'NONE', #4302, #1603, #882, .T. ) ;
#398 = CC_DESIGN_SECURITY_CLASSIFICATION ( #4349, ( #5734 ) ) ;
#399 = CYLINDRICAL_SURFACE ( 'NONE', #586, 0.7500000000000006661 ) ;
#400 = CARTESIAN_POINT ( 'NONE',  ( -11.46195844849817647, 4.504799641571836766, -4.501004197727590750 ) ) ;
#401 = CALENDAR_DATE ( 2025, 16, 11 ) ;
#402 = CARTESIAN_POINT ( 'NONE',  ( -4.000000000000000000, 2.000000000000000000, 22.00000000000000000 ) ) ;
#403 = DIRECTION ( 'NONE',  ( 0.000000000000000000, 0.000000000000000000, -1.000000000000000000 ) ) ;
#404 = EDGE_CURVE ( 'NONE', #3535, #4491, #4503, .T. ) ;
#405 = CARTESIAN_POINT ( 'NONE',  ( -23.45207879912828375, 7.062500000003638867, -14.26739617976172703 ) ) ;
#406 = EDGE_CURVE ( 'NONE', #1025, #4219, #5799, .T. ) ;
#407 = EDGE_CURVE ( 'NONE', #5810, #110, #1872, .T. ) ;
#408 = VERTEX_POINT ( 'NONE', #5587 ) ;
#409 = CARTESIAN_POINT ( 'NONE',  ( -46.30010397906935538, 6.333225813280740191, 12.78354071124680758 ) ) ;
#410 = CARTESIAN_POINT ( 'NONE',  ( -5.496910208343444459, 2.849122138196006571, -26.77273423189242507 ) ) ;
#411 = CARTESIAN_POINT ( 'NONE',  ( -30.03200000000000358, 0.000000000000000000, -4.000000000000000000 ) ) ;
#412 = CARTESIAN_POINT ( 'NONE',  ( 0.000000000000000000, 2.262326172866459650, 25.82465234573292179 ) ) ;
#413 = EDGE_CURVE ( 'NONE', #5948, #4280, #2326, .T. ) ;
#414 = CARTESIAN_POINT ( 'NONE',  ( 20.79174655791146620, 4.599257298919994241, -2.862650951419178913 ) ) ;
#415 = VERTEX_POINT ( 'NONE', #5238 ) ;
#416 = VERTEX_POINT ( 'NONE', #1906 ) ;
#417 = VERTEX_POINT ( 'NONE', #2805 ) ;
#418 = CARTESIAN_POINT ( 'NONE',  ( 16.25866166579533356, 5.986674121990924746, 15.12940627277765770 ) ) ;
#419 = DIRECTION ( 'NONE',  ( -0.000000000000000000, -0.000000000000000000, 1.000000000000000000 ) ) ;
#420 = CARTESIAN_POINT ( 'NONE',  ( -3.508925464743148925, 0.6334368540006024562, 22.56687370800127823 ) ) ;
#421 = CARTESIAN_POINT ( 'NONE',  ( 4.491074535256852407, 0.6334368540006025672, 22.56687370800127823 ) ) ;
#422 = ORIENTED_EDGE ( 'NONE', *, *, #5736, .F. ) ;
#423 = DIRECTION ( 'NONE',  ( -0.000000000000000000, -0.000000000000000000, 1.000000000000000000 ) ) ;
#424 = CARTESIAN_POINT ( 'NONE',  ( -2.071709484430644732, 3.050334117789087696, -16.43266909927922725 ) ) ;
#425 = CARTESIAN_POINT ( 'NONE',  ( 12.78936390626181208, 4.632499570832171010, -3.769909779111725090 ) ) ;
#426 = DIRECTION ( 'NONE',  ( 0.000000000000000000, 0.000000000000000000, 1.000000000000000000 ) ) ;
#427 = DIRECTION ( 'NONE',  ( 0.09648780284920986661, 0.04372477454138948283, -0.9943732940866005787 ) ) ;
#428 = CARTESIAN_POINT ( 'NONE',  ( -23.45207879911715310, 8.000000000000000000, -19.48717526990505888 ) ) ;
#429 = CARTESIAN_POINT ( 'NONE',  ( -10.99090431082591124, 4.133474435369501876, -2.607562363522716975 ) ) ;
#430 = CARTESIAN_POINT ( 'NONE',  ( 47.69663626378613230, 5.776054348819934958, -10.87886280450764609 ) ) ;
#431 = DIRECTION ( 'NONE',  ( 0.000000000000000000, -1.000000000000000000, 0.000000000000000000 ) ) ;
#432 = DIRECTION ( 'NONE',  ( -6.938893903907228378E-16, 0.000000000000000000, 1.000000000000000000 ) ) ;
#433 = ORIENTED_EDGE ( 'NONE', *, *, #5371, .F. ) ;
#434 = DIRECTION ( 'NONE',  ( 1.000000000000000000, -0.000000000000000000, -0.000000000000000000 ) ) ;
#435 = EDGE_CURVE ( 'NONE', #3585, #5841, #565, .T. ) ;
#436 = CARTESIAN_POINT ( 'NONE',  ( 4.439344646909155431E-15, 1.500000000000008216, 6.500000000000000000 ) ) ;
#437 = DIRECTION ( 'NONE',  ( 0.000000000000000000, 0.000000000000000000, -1.000000000000000000 ) ) ;
#438 = DIRECTION ( 'NONE',  ( 0.000000000000000000, 1.000000000000000000, -0.000000000000000000 ) ) ;
#439 = EDGE_CURVE ( 'NONE', #4499, #2860, #940, .T. ) ;
#440 = CARTESIAN_POINT ( 'NONE',  ( 10.33432872641537514, 4.038378358305267035, -2.978842442981088023 ) ) ;
#441 = VERTEX_POINT ( 'NONE', #5769 ) ;
#442 = ORIENTED_EDGE ( 'NONE', *, *, #5811, .F. ) ;
#443 = ORIENTED_EDGE ( 'NONE', *, *, #4986, .T. ) ;
#444 = CARTESIAN_POINT ( 'NONE',  ( 18.39676900627187450, 6.675162237153289269, 14.84657228782081617 ) ) ;
#445 = CARTESIAN_POINT ( 'NONE',  ( -50.69906115286516979, 4.513247678304762367, 1.202268634499079392 ) ) ;
#446 = CYLINDRICAL_SURFACE ( 'NONE', #3424, 2.099999999999999645 ) ;
#447 = CARTESIAN_POINT ( 'NONE',  ( 17.21263517346723404, 5.326830478029366489, -8.245155142445964813 ) ) ;
#448 = ORIENTED_EDGE ( 'NONE', *, *, #413, .F. ) ;
#449 = ORIENTED_EDGE ( 'NONE', *, *, #151, .T. ) ;
#450 = LINE ( 'NONE', #2170, #1785 ) ;
#451 = AXIS2_PLACEMENT_3D ( 'NONE', #3191, #872, #2764 ) ;
#452 = CARTESIAN_POINT ( 'NONE',  ( 10.75961796135495341, 4.384539331415967744, -26.44888184441958501 ) ) ;
#453 = CARTESIAN_POINT ( 'NONE',  ( 10.63276435363354722, 4.350118811869272406, -4.810401641707223064 ) ) ;
#454 = DIRECTION ( 'NONE',  ( 1.000000000000000000, -1.857310601612501799E-13, -5.003742473402167419E-13 ) ) ;
#455 = AXIS2_PLACEMENT_3D ( 'NONE', #1396, #2796, #527 ) ;
#456 = VERTEX_POINT ( 'NONE', #1431 ) ;
#457 = EDGE_CURVE ( 'NONE', #3504, #5479, #1496, .T. ) ;
#458 = MANIFOLD_SOLID_BREP ( 'CSK for M3 Countersunk Flat Head Screw1', #4914 ) ;
#459 = EDGE_CURVE ( 'NONE', #5243, #5962, #480, .T. ) ;
#460 = LINE ( 'NONE', #4699, #187 ) ;
#461 = AXIS2_PLACEMENT_3D ( 'NONE', #3211, #3625, #5104 ) ;
#462 = B_SPLINE_CURVE_WITH_KNOTS ( 'NONE', 3,
 ( #1157, #3543, #3043, #4938 ),
 .UNSPECIFIED., .F., .F.,
 ( 4, 4 ),
 ( 1.734723475976807094E-18, 0.0006023562496235780649 ),
 .UNSPECIFIED. ) ;
#463 = CIRCLE ( 'NONE', #5600, 7.500000000000000000 ) ;
#464 = CARTESIAN_POINT ( 'NONE',  ( -50.95739903452660258, 4.365692457123683923, -1.223177649058614813 ) ) ;
#465 = CARTESIAN_POINT ( 'NONE',  ( -15.74393164159706338, 5.805963950947805152, 15.33540644190633984 ) ) ;
#466 = CARTESIAN_POINT ( 'NONE',  ( 4.049987642158390244, 3.193409495701916789, -26.41872908515204443 ) ) ;
#467 = ORIENTED_EDGE ( 'NONE', *, *, #3628, .F. ) ;
#468 = DIRECTION ( 'NONE',  ( 0.000000000000000000, 0.000000000000000000, -1.000000000000000000 ) ) ;
#469 = CARTESIAN_POINT ( 'NONE',  ( -29.99321907552559452, 4.735468227474287417, 4.391612971009211108 ) ) ;
#470 = DIRECTION ( 'NONE',  ( -0.000000000000000000, -1.000000000000000000, 0.000000000000000000 ) ) ;
#471 = CARTESIAN_POINT ( 'NONE',  ( -11.19060724200793544, 4.334515875666310691, 26.46610192965968622 ) ) ;
#472 = CIRCLE ( 'NONE', #1759, 25.82465234573292534 ) ;
#473 = CARTESIAN_POINT ( 'NONE',  ( 24.53200000000000003, 7.858975779269965045, 0.000000000000000000 ) ) ;
#474 = VERTEX_POINT ( 'NONE', #1527 ) ;
#475 = VERTEX_POINT ( 'NONE', #536 ) ;
#476 = VECTOR ( 'NONE', #32, 1000.000000000000114 ) ;
#477 = VERTEX_POINT ( 'NONE', #2371 ) ;
#478 = CARTESIAN_POINT ( 'NONE',  ( 16.49992192823322412, 5.470395395247538595, 11.94244139953826789 ) ) ;
#479 = CARTESIAN_POINT ( 'NONE',  ( 5.817072295949929004E-15, 45.50000000000000711, -27.30000000000000071 ) ) ;
#480 = LINE ( 'NONE', #3356, #2721 ) ;
#481 = CARTESIAN_POINT ( 'NONE',  ( -10.81411707019201174, 4.209896778478519508, -26.52600142245041326 ) ) ;
#482 = EDGE_CURVE ( 'NONE', #3480, #4275, #2527, .T. ) ;
#483 = EDGE_LOOP ( 'NONE', ( #5365, #5057, #5209, #989 ) ) ;
#484 = ORIENTED_EDGE ( 'NONE', *, *, #4261, .T. ) ;
#485 = DIRECTION ( 'NONE',  ( 0.000000000000000000, -1.000000000000000000, 0.000000000000000000 ) ) ;
#486 = EDGE_CURVE ( 'NONE', #3748, #415, #5094, .T. ) ;
#487 = VECTOR ( 'NONE', #980, 1000.000000000000114 ) ;
#488 = CARTESIAN_POINT ( 'NONE',  ( -11.37724389698320060, 4.398845855716136732, 26.42590409671763041 ) ) ;
#489 = CARTESIAN_POINT ( 'NONE',  ( -4.078575790220690500, 2.626446581901023869, 26.55289316380205378 ) ) ;
#490 = PLANE ( 'NONE',  #5221 ) ;
#491 = AXIS2_PLACEMENT_3D ( 'NONE', #5257, #1016, #4326 ) ;
#492 = ORIENTED_EDGE ( 'NONE', *, *, #894, .F. ) ;
#493 = CARTESIAN_POINT ( 'NONE',  ( 15.42341466599430611, 5.839715857143112920, -25.52554859272989773 ) ) ;
#494 = CARTESIAN_POINT ( 'NONE',  ( -50.11844290538260793, 4.772945695190564663, -4.758128564527056348 ) ) ;
#495 = CARTESIAN_POINT ( 'NONE',  ( 47.68253678778274463, 5.779113270293350979, 10.85780332293217576 ) ) ;
#496 = CARTESIAN_POINT ( 'NONE',  ( 4.184711849721052701, 3.205931234395572371, 27.50567993712258641 ) ) ;
#497 = CARTESIAN_POINT ( 'NONE',  ( 13.20407482134331900, 4.646917551519141654, -3.493145775922071650 ) ) ;
#498 = CONICAL_SURFACE ( 'NONE', #5338, 24.17565324045341058, 0.5585053606381804592 ) ;
#499 = ORIENTED_EDGE ( 'NONE', *, *, #3891, .F. ) ;
#500 = CARTESIAN_POINT ( 'NONE',  ( -49.82957131022433117, 4.871264618887270359, 6.573460287589220741 ) ) ;
#501 = CARTESIAN_POINT ( 'NONE',  ( -10.81411707019200996, 4.088710814656083770, -26.25156752845692765 ) ) ;
#502 = PLANE ( 'NONE',  #1151 ) ;
#503 = CARTESIAN_POINT ( 'NONE',  ( -14.63863740630208277, 5.577453728691853740, 17.33056071323635550 ) ) ;
#504 = CARTESIAN_POINT ( 'NONE',  ( -24.53200000000000003, 7.700000000000000178, 24.00936052501757700 ) ) ;
#505 = ORIENTED_EDGE ( 'NONE', *, *, #5811, .T. ) ;
#506 = ORIENTED_EDGE ( 'NONE', *, *, #5486, .F. ) ;
#507 = CARTESIAN_POINT ( 'NONE',  ( -7.983148644283795115, 2.343471998736998962, -25.98694399747399686 ) ) ;
#508 = CARTESIAN_POINT ( 'NONE',  ( 19.79990631387985900, 5.976397009105690827, 10.90343095627108561 ) ) ;
#509 = CARTESIAN_POINT ( 'NONE',  ( -5.208757737473868943, 2.798900686322518538, 26.74849834171001817 ) ) ;
#510 = DIRECTION ( 'NONE',  ( -0.000000000000000000, -1.000000000000000000, 0.000000000000000000 ) ) ;
#511 = EDGE_LOOP ( 'NONE', ( #4968, #3413, #5412, #327, #5795 ) ) ;
#512 = ORIENTED_EDGE ( 'NONE', *, *, #5217, .F. ) ;
#513 = CARTESIAN_POINT ( 'NONE',  ( 21.35155541545152147, 7.889287654247128856, 24.07715766172061223 ) ) ;
#514 = CARTESIAN_POINT ( 'NONE',  ( -2.522382559215405440, 3.074917958535816620, 18.37593527685438843 ) ) ;
#515 = CARTESIAN_POINT ( 'NONE',  ( 10.69064642029908008, 4.347165756851857132, -3.810527597583145187 ) ) ;
#516 = EDGE_CURVE ( 'NONE', #6093, #2988, #5794, .T. ) ;
#517 = CARTESIAN_POINT ( 'NONE',  ( -10.44314791272027243, 4.286955517244463110, 17.88100434000686079 ) ) ;
#518 = EDGE_CURVE ( 'NONE', #2634, #3919, #3671, .T. ) ;
#519 = CARTESIAN_POINT ( 'NONE',  ( -18.57258364088978553, 7.157828749379867794, -14.73592812927057238 ) ) ;
#520 = DIRECTION ( 'NONE',  ( 1.000000000000000000, -0.000000000000000000, -0.000000000000000000 ) ) ;
#521 = CARTESIAN_POINT ( 'NONE',  ( 50.03460423222478681, 4.809938596783511322, 5.040034191320386547 ) ) ;
#522 = CARTESIAN_POINT ( 'NONE',  ( 5.457050829446322915, 3.350850195340803861, 26.55145326790873739 ) ) ;
#523 = CARTESIAN_POINT ( 'NONE',  ( 12.66788763773671356, 4.640543862468684999, -3.873812994628087480 ) ) ;
#524 = EDGE_LOOP ( 'NONE', ( #4386, #1380, #1741, #4997 ) ) ;
#525 = DIRECTION ( 'NONE',  ( 0.000000000000000000, -1.000000000000000000, 0.000000000000000000 ) ) ;
#526 = DIRECTION ( 'NONE',  ( 0.000000000000000000, -1.000000000000000000, 0.000000000000000000 ) ) ;
#527 = DIRECTION ( 'NONE',  ( 0.000000000000000000, 0.000000000000000000, -1.000000000000000000 ) ) ;
#528 = CARTESIAN_POINT ( 'NONE',  ( 13.27452735546982332, 5.035881294339913161, 16.62462547630338250 ) ) ;
#529 = CARTESIAN_POINT ( 'NONE',  ( 11.42250812657658265, 4.114954233987632826, -1.978482244567828285 ) ) ;
#530 = ADVANCED_FACE ( 'NONE', ( #4224 ), #2235, .F. ) ;
#531 = VERTEX_POINT ( 'NONE', #1028 ) ;
#532 = ADVANCED_FACE ( 'NONE', ( #2427 ), #2863, .T. ) ;
#533 = ORIENTED_EDGE ( 'NONE', *, *, #974, .F. ) ;
#534 = DIRECTION ( 'NONE',  ( 0.000000000000000000, 0.000000000000000000, -1.000000000000000000 ) ) ;
#535 = CARTESIAN_POINT ( 'NONE',  ( 24.83887194583899927, 4.770281120538046871, 4.700000000000001954 ) ) ;
#536 = CARTESIAN_POINT ( 'NONE',  ( 2.571758289908945844E-15, 2.999999999999998668, -21.00000000000000000 ) ) ;
#537 = CARTESIAN_POINT ( 'NONE',  ( 10.81411707019199220, 3.603966959366334155, -25.15383195248298520 ) ) ;
#538 = CARTESIAN_POINT ( 'NONE',  ( 22.53159837876376059, 6.761454301565277270, -13.45635512588347638 ) ) ;
#539 = EDGE_LOOP ( 'NONE', ( #795, #699, #5854, #5339 ) ) ;
#540 = ADVANCED_FACE ( 'NONE', ( #3768 ), #446, .F. ) ;
#541 = ORIENTED_EDGE ( 'NONE', *, *, #1240, .T. ) ;
#542 = CARTESIAN_POINT ( 'NONE',  ( 17.37404300804795909, 6.713474774933152922, 24.97956342405591457 ) ) ;
#543 = CARTESIAN_POINT ( 'NONE',  ( -4.049987642186362535, 3.193409495704594647, -26.41872908515743745 ) ) ;
#544 = CARTESIAN_POINT ( 'NONE',  ( -24.53200000000000003, 0.000000000000000000, 19.88359213500125122 ) ) ;
#545 = DIRECTION ( 'NONE',  ( 1.000000000000000000, -0.000000000000000000, -0.000000000000000000 ) ) ;
#546 = DIRECTION ( 'NONE',  ( -1.000000000000000000, 0.000000000000000000, 0.000000000000000000 ) ) ;
#547 = ORIENTED_EDGE ( 'NONE', *, *, #2651, .T. ) ;
#548 = EDGE_CURVE ( 'NONE', #2800, #2457, #2556, .T. ) ;
#549 = CARTESIAN_POINT ( 'NONE',  ( -12.82045518314376586, 4.931778136009174140, -6.037234869628044009 ) ) ;
#550 = CARTESIAN_POINT ( 'NONE',  ( -50.64052720365371840, 4.539580463300757707, -1.801119478987085243 ) ) ;
#551 = CARTESIAN_POINT ( 'NONE',  ( -17.45650387134285353, 6.580714909704743931, 25.06252099500076724 ) ) ;
#552 = AXIS2_PLACEMENT_3D ( 'NONE', #3759, #5645, #4743 ) ;
#553 = CARTESIAN_POINT ( 'NONE',  ( 8.534072004877172546, 3.850198886518052532, 26.47840302215838193 ) ) ;
#554 = CARTESIAN_POINT ( 'NONE',  ( 50.28772624159493176, 4.698247748974530680, -4.188285968458367314 ) ) ;
#555 = CIRCLE ( 'NONE', #1944, 1.500000000000001332 ) ;
#556 = VECTOR ( 'NONE', #4257, 1000.000000000000000 ) ;
#557 = ORIENTED_EDGE ( 'NONE', *, *, #5432, .F. ) ;
#558 = CARTESIAN_POINT ( 'NONE',  ( -50.80675604738625850, 4.540288357827721555, 1.817218164915962664 ) ) ;
#559 = FACE_OUTER_BOUND ( 'NONE', #1428, .T. ) ;
#560 = CARTESIAN_POINT ( 'NONE',  ( 24.53200000000000003, -0.5000000000000000000, 0.000000000000000000 ) ) ;
#561 = CARTESIAN_POINT ( 'NONE',  ( 0.6846560737083108306, 3.000155988170512877, 17.39791787426793945 ) ) ;
#562 = CARTESIAN_POINT ( 'NONE',  ( 24.53200000000000003, 4.450000000000000178, 0.000000000000000000 ) ) ;
#563 = AXIS2_PLACEMENT_3D ( 'NONE', #4399, #1589, #4846 ) ;
#564 = VERTEX_POINT ( 'NONE', #1066 ) ;
#565 =( BOUNDED_CURVE ( )  B_SPLINE_CURVE ( 3, ( #114, #6106, #3389, #5270 ),
 .UNSPECIFIED., .F., .T. ) 
 B_SPLINE_CURVE_WITH_KNOTS ( ( 4, 4 ),
 ( 5.863073829037108275, 6.014127297592462007 ),
 .UNSPECIFIED. ) 
 CURVE ( )  GEOMETRIC_REPRESENTATION_ITEM ( )  RATIONAL_B_SPLINE_CURVE ( ( 1.000000000000000000, 0.9980994744895193005, 0.9980994744895193005, 1.000000000000000000 ) ) 
 REPRESENTATION_ITEM ( '' )  );
#566 = ORIENTED_EDGE ( 'NONE', *, *, #2149, .T. ) ;
#567 = CARTESIAN_POINT ( 'NONE',  ( -10.33459754856140123, 4.038445502634082196, -2.978818860742113550 ) ) ;
#568 = AXIS2_PLACEMENT_3D ( 'NONE', #3394, #4314, #1035 ) ;
#569 = DIRECTION ( 'NONE',  ( 1.224646799147353207E-16, 6.092774117063797900E-33, -1.000000000000000000 ) ) ;
#570 = DIRECTION ( 'NONE',  ( 1.000000000000000000, -0.000000000000000000, 0.000000000000000000 ) ) ;
#571 = CARTESIAN_POINT ( 'NONE',  ( -24.53200000000000003, 0.000000000000000000, 0.000000000000000000 ) ) ;
#572 = CARTESIAN_POINT ( 'NONE',  ( 13.96220707312199849, 4.661591147405761859, -3.647364950142293782 ) ) ;
#573 = AXIS2_PLACEMENT_3D ( 'NONE', #5110, #4093, #3284 ) ;
#574 = VERTEX_POINT ( 'NONE', #3509 ) ;
#575 = VERTEX_POINT ( 'NONE', #2954 ) ;
#576 = CARTESIAN_POINT ( 'NONE',  ( 44.63274191430692639, 7.113677662846524363, 14.40527287364056264 ) ) ;
#577 = DIRECTION ( 'NONE',  ( -0.000000000000000000, -0.000000000000000000, 1.000000000000000000 ) ) ;
#578 = CARTESIAN_POINT ( 'NONE',  ( -4.222018874249236831, 2.646094447055956866, 26.59218889411192066 ) ) ;
#579 = CARTESIAN_POINT ( 'NONE',  ( 23.45207879911716731, 7.858975779269961492, -24.26377495386450178 ) ) ;
#580 = AXIS2_PLACEMENT_3D ( 'NONE', #2572, #4462, #3004 ) ;
#581 = CARTESIAN_POINT ( 'NONE',  ( -22.53160807530861831, 6.761457472847254735, -13.45636366956996888 ) ) ;
#582 = CIRCLE ( 'NONE', #3344, 1.500000000000001332 ) ;
#583 = CARTESIAN_POINT ( 'NONE',  ( -21.55595001432653035, 6.465191085193483289, -12.57459867961847166 ) ) ;
#584 = DIRECTION ( 'NONE',  ( -0.000000000000000000, 1.000000000000000000, -0.000000000000000000 ) ) ;
#585 = CARTESIAN_POINT ( 'NONE',  ( -0.2214315616117560614, 0.2507440445766321302, 21.60000000000001208 ) ) ;
#586 = AXIS2_PLACEMENT_3D ( 'NONE', #2689, #4112, #2497 ) ;
#587 = CARTESIAN_POINT ( 'NONE',  ( -4.655119269020980610, 2.710049210026274746, -26.67522629935720957 ) ) ;
#588 = CARTESIAN_POINT ( 'NONE',  ( 50.64052720365522475, 4.539580463300075586, -1.801119478971693555 ) ) ;
#589 = ORIENTED_EDGE ( 'NONE', *, *, #3700, .T. ) ;
#590 = VECTOR ( 'NONE', #3914, 1000.000000000000000 ) ;
#591 = EDGE_LOOP ( 'NONE', ( #677, #876, #1753 ) ) ;
#592 = CARTESIAN_POINT ( 'NONE',  ( -50.89432957107290179, 4.398845855716131403, 1.831935292267018456 ) ) ;
#593 = CARTESIAN_POINT ( 'NONE',  ( -18.92924132796629522, 6.617343064589389812, 13.92739546900769199 ) ) ;
#594 = CARTESIAN_POINT ( 'NONE',  ( -16.77465444862319188, 5.958280492325400246, 13.94339101434995776 ) ) ;
#595 = CARTESIAN_POINT ( 'NONE',  ( -3.453407034833035905, 2.857234926344235593, -3.385728330855133361 ) ) ;
#596 = ADVANCED_FACE ( 'NONE', ( #172 ), #4303, .F. ) ;
#597 = CARTESIAN_POINT ( 'NONE',  ( -50.64052720365523186, 4.539580463300080027, 1.801119478971552779 ) ) ;
#598 = VECTOR ( 'NONE', #2625, 1000.000000000000000 ) ;
#599 = ADVANCED_FACE ( 'NONE', ( #4468 ), #5224, .T. ) ;
#600 = ORIENTED_EDGE ( 'NONE', *, *, #2529, .F. ) ;
#601 = EDGE_CURVE ( 'NONE', #1341, #934, #2492, .T. ) ;
#602 = ADVANCED_FACE ( 'NONE', ( #3041 ), #801, .T. ) ;
#603 = ORIENTED_EDGE ( 'NONE', *, *, #4077, .F. ) ;
#604 = DIRECTION ( 'NONE',  ( -0.000000000000000000, -1.000000000000000000, -0.000000000000000000 ) ) ;
#605 = DIRECTION ( 'NONE',  ( 0.000000000000000000, 0.000000000000000000, 1.000000000000000000 ) ) ;
#606 = CARTESIAN_POINT ( 'NONE',  ( 11.86288677698560079, 4.649200187135781981, -3.536205059805994644 ) ) ;
#607 = CARTESIAN_POINT ( 'NONE',  ( 10.81411707019200641, 4.209896778478517732, -26.52600142245040971 ) ) ;
#608 = CARTESIAN_POINT ( 'NONE',  ( 3.431485403639471077, 0.2173072687912915857, 21.48656144574458082 ) ) ;
#609 =( BOUNDED_CURVE ( )  B_SPLINE_CURVE ( 3, ( #5105, #3752, #865, #4701 ),
 .UNSPECIFIED., .F., .T. ) 
 B_SPLINE_CURVE_WITH_KNOTS ( ( 4, 4 ),
 ( 2.721481175447315159, 2.872534644002651127 ),
 .UNSPECIFIED. ) 
 CURVE ( )  GEOMETRIC_REPRESENTATION_ITEM ( )  RATIONAL_B_SPLINE_CURVE ( ( 1.000000000000000000, 0.9980994744895197446, 0.9980994744895197446, 1.000000000000000000 ) ) 
 REPRESENTATION_ITEM ( '' )  );
#610 = ORIENTED_EDGE ( 'NONE', *, *, #2994, .F. ) ;
#611 = ORIENTED_EDGE ( 'NONE', *, *, #4109, .F. ) ;
#612 = FACE_OUTER_BOUND ( 'NONE', #4849, .T. ) ;
#613 = CARTESIAN_POINT ( 'NONE',  ( -1.352061784382994292, 2.999999999999993783, -26.02917960673115871 ) ) ;
#614 = CARTESIAN_POINT ( 'NONE',  ( -2.661929151850089603, 3.083430458830043186, -18.96342476369803975 ) ) ;
#615 = B_SPLINE_CURVE_WITH_KNOTS ( 'NONE', 3,
 ( #2883, #3782, #4366, #3843 ),
 .UNSPECIFIED., .F., .F.,
 ( 4, 4 ),
 ( 0.000000000000000000, 0.0005844863592794488031 ),
 .UNSPECIFIED. ) ;
#616 = CARTESIAN_POINT ( 'NONE',  ( -50.49568917808637991, 4.604692875253654449, -2.987513142352514084 ) ) ;
#617 = EDGE_CURVE ( 'NONE', #531, #3473, #3977, .T. ) ;
#618 = ORIENTED_EDGE ( 'NONE', *, *, #2529, .T. ) ;
#619 = CARTESIAN_POINT ( 'NONE',  ( -15.94770685845312386, 6.099034506758778562, -17.19974929139349484 ) ) ;
#620 = CARTESIAN_POINT ( 'NONE',  ( 1.219348312957813096, 2.934575630049530037, 17.24776841307921060 ) ) ;
#621 = DIRECTION ( 'NONE',  ( -0.000000000000000000, 1.000000000000000000, -0.000000000000000000 ) ) ;
#622 = CARTESIAN_POINT ( 'NONE',  ( -9.645263069362624009, 4.093537421144329613, -26.37850311534637271 ) ) ;
#623 = ORIENTED_EDGE ( 'NONE', *, *, #5564, .T. ) ;
#624 = CARTESIAN_POINT ( 'NONE',  ( -11.29749686032284117, 4.529076594601919581, -26.17148966787070918 ) ) ;
#625 = FACE_BOUND ( 'NONE', #4092, .T. ) ;
#626 = CARTESIAN_POINT ( 'NONE',  ( -24.53200000000000003, 0.5000000000000000000, 7.900000000000000355 ) ) ;
#627 = CARTESIAN_POINT ( 'NONE',  ( -4.000000000000000000, 2.000000000000000000, 22.75000000000000000 ) ) ;
#628 = CARTESIAN_POINT ( 'NONE',  ( -13.22303684695755521, 4.858566912372457303, 15.68689900169423623 ) ) ;
#629 = DIRECTION ( 'NONE',  ( 0.000000000000000000, 0.000000000000000000, 1.000000000000000000 ) ) ;
#630 = ORIENTED_EDGE ( 'NONE', *, *, #5679, .T. ) ;
#631 = EDGE_CURVE ( 'NONE', #254, #2959, #944, .T. ) ;
#632 = ORIENTED_EDGE ( 'NONE', *, *, #2628, .T. ) ;
#633 = CARTESIAN_POINT ( 'NONE',  ( -10.71944350627333264, 4.109058054278308170, -2.829018249109306549 ) ) ;
#634 = EDGE_CURVE ( 'NONE', #4918, #5785, #5294, .T. ) ;
#635 = DIRECTION ( 'NONE',  ( -1.000000000000000000, 0.000000000000000000, 0.000000000000000000 ) ) ;
#636 = CARTESIAN_POINT ( 'NONE',  ( 11.99569266478572516, 4.724159747712434410, -9.718584725488721432 ) ) ;
#637 = CARTESIAN_POINT ( 'NONE',  ( -4.038599864860769273, 2.629891330043159225, -26.55978266008632360 ) ) ;
#638 = CARTESIAN_POINT ( 'NONE',  ( -29.88060225768942502, 4.766040995693108684, -4.664001145857991304 ) ) ;
#639 = ORIENTED_EDGE ( 'NONE', *, *, #3755, .T. ) ;
#640 = ORIENTED_EDGE ( 'NONE', *, *, #2093, .T. ) ;
#641 = FACE_OUTER_BOUND ( 'NONE', #1819, .T. ) ;
#642 = CARTESIAN_POINT ( 'NONE',  ( 23.45207879911716731, 8.000000000000000000, -24.00936052501757700 ) ) ;
#643 = CARTESIAN_POINT ( 'NONE',  ( -10.73831718418596637, 4.378976860347740363, 26.25156752845693120 ) ) ;
#644 = CARTESIAN_POINT ( 'NONE',  ( -14.97906038295245779, 4.492187786298178054, -0.8224419240802469666 ) ) ;
#645 = EDGE_LOOP ( 'NONE', ( #1006, #4032, #6067, #3630, #5977 ) ) ;
#646 = CARTESIAN_POINT ( 'NONE',  ( 23.45207879911716731, 7.700000000000000178, -24.00936052501757700 ) ) ;
#647 = CARTESIAN_POINT ( 'NONE',  ( 4.307479133167698926, 3.209889477129600266, -5.321871352916663689 ) ) ;
#648 = FACE_OUTER_BOUND ( 'NONE', #524, .T. ) ;
#649 = CARTESIAN_POINT ( 'NONE',  ( -4.004314661122641894, 3.188327357868089074, -27.56652090181051307 ) ) ;
#650 = EDGE_CURVE ( 'NONE', #2245, #2876, #4209, .T. ) ;
#651 = AXIS2_PLACEMENT_3D ( 'NONE', #3491, #5368, #1137 ) ;
#652 = EDGE_LOOP ( 'NONE', ( #2040, #5349, #2195, #1193, #4585, #1032 ) ) ;
#653 = ADVANCED_FACE ( 'NONE', ( #3667 ), #5576, .T. ) ;
#654 = CARTESIAN_POINT ( 'NONE',  ( 45.52614393866316078, 6.631971717596994331, 13.68030477921651666 ) ) ;
#655 = AXIS2_PLACEMENT_3D ( 'NONE', #2451, #5608, #4299 ) ;
#656 = CARTESIAN_POINT ( 'NONE',  ( 4.049987642158430212, 3.193409495701922562, -26.41872908515205509 ) ) ;
#657 = CARTESIAN_POINT ( 'NONE',  ( -18.29252036015409999, 6.675452671709825481, 14.99937442337076732 ) ) ;
#658 = CARTESIAN_POINT ( 'NONE',  ( -13.14727728399236995, 4.503165922686585887, -1.366594665629951688 ) ) ;
#659 = CARTESIAN_POINT ( 'NONE',  ( -50.87087190665054237, 4.513316303312714162, 1.209227831850637314 ) ) ;
#660 = EDGE_LOOP ( 'NONE', ( #4758, #1751, #5274, #209 ) ) ;
#661 = AXIS2_PLACEMENT_3D ( 'NONE', #1528, #1353, #3857 ) ;
#662 = VERTEX_POINT ( 'NONE', #1335 ) ;
#663 = FACE_OUTER_BOUND ( 'NONE', #3664, .T. ) ;
#664 = DIRECTION ( 'NONE',  ( -0.000000000000000000, 1.000000000000000000, -0.000000000000000000 ) ) ;
#665 = CARTESIAN_POINT ( 'NONE',  ( -44.63274191430753035, 7.113677662846304983, 14.40527287363994979 ) ) ;
#666 = CARTESIAN_POINT ( 'NONE',  ( 4.000000000000000000, 2.000000000000000000, 21.24999999999999645 ) ) ;
#667 = CARTESIAN_POINT ( 'NONE',  ( 3.314808129397134095, 0.5228706788421429996, 22.33803595268229714 ) ) ;
#668 = VERTEX_POINT ( 'NONE', #411 ) ;
#669 = VECTOR ( 'NONE', #5415, 1000.000000000000000 ) ;
#670 = ORIENTED_EDGE ( 'NONE', *, *, #35, .F. ) ;
#671 = DIRECTION ( 'NONE',  ( -1.000000000000000000, 0.000000000000000000, -0.000000000000000000 ) ) ;
#672 = CARTESIAN_POINT ( 'NONE',  ( -24.53200000000000003, -3.500000000000000000, 0.000000000000000000 ) ) ;
#673 = CARTESIAN_POINT ( 'NONE',  ( 2.234980408443919215E-15, 2.949999999999999734, -18.25000000000000000 ) ) ;
#674 = EDGE_CURVE ( 'NONE', #4492, #5119, #4067, .T. ) ;
#675 = CARTESIAN_POINT ( 'NONE',  ( -47.12256132426619359, 6.043904054844706053, -11.15598590468534468 ) ) ;
#676 = VECTOR ( 'NONE', #4418, 1000.000000000000000 ) ;
#677 = ORIENTED_EDGE ( 'NONE', *, *, #5038, .F. ) ;
#678 = ADVANCED_FACE ( 'NONE', ( #3162 ), #1200, .T. ) ;
#679 = AXIS2_PLACEMENT_3D ( 'NONE', #4546, #2779, #303 ) ;
#680 = CARTESIAN_POINT ( 'NONE',  ( -42.13064226588647898, 8.000000000000000000, 19.48717526990507309 ) ) ;
#681 = EDGE_CURVE ( 'NONE', #4543, #5191, #4655, .T. ) ;
#682 = CARTESIAN_POINT ( 'NONE',  ( -22.21586362903069656, 6.658192367740619844, 13.17815926369652146 ) ) ;
#683 = CARTESIAN_POINT ( 'NONE',  ( 38.70557107504664884, 7.858975779269959716, -19.69367050583469947 ) ) ;
#684 = AXIS2_PLACEMENT_3D ( 'NONE', #5680, #4279, #50 ) ;
#685 = CARTESIAN_POINT ( 'NONE',  ( -1.025530809984031654E-14, 2.999999999999978240, 23.00000000000015277 ) ) ;
#686 = CARTESIAN_POINT ( 'NONE',  ( -16.65757528023849687, 5.641850943800638341, 12.56874394323557631 ) ) ;
#687 = CARTESIAN_POINT ( 'NONE',  ( -6.858941846784875729, 3.553289692709058922, -26.55294521497206972 ) ) ;
#688 = CARTESIAN_POINT ( 'NONE',  ( 1.645288675345421003, 3.031702334251005659, 22.51216106472038092 ) ) ;
#689 = VERTEX_POINT ( 'NONE', #5547 ) ;
#690 = CIRCLE ( 'NONE', #2768, 22.56687370800099757 ) ;
#691 = VERTEX_POINT ( 'NONE', #1715 ) ;
#692 = CARTESIAN_POINT ( 'NONE',  ( 0.000000000000000000, 2.262326172866459650, -25.82465234573292179 ) ) ;
#693 = LINE ( 'NONE', #314, #1088 ) ;
#694 = DIRECTION ( 'NONE',  ( 0.000000000000000000, 1.000000000000000000, -0.000000000000000000 ) ) ;
#695 = DIRECTION ( 'NONE',  ( -0.7048265072294259692, 0.000000000000000000, 0.7093797253282390081 ) ) ;
#696 = CIRCLE ( 'NONE', #6023, 0.3000000000000016542 ) ;
#697 = CARTESIAN_POINT ( 'NONE',  ( 24.53200000000000003, 1.850000000000000977, 2.100000000000000977 ) ) ;
#698 = CARTESIAN_POINT ( 'NONE',  ( 0.000000000000000000, 7.700000000000000178, -24.00936052501757700 ) ) ;
#699 = ORIENTED_EDGE ( 'NONE', *, *, #3312, .T. ) ;
#700 = EDGE_LOOP ( 'NONE', ( #1186, #5493, #2005, #2590, #130 ) ) ;
#701 = CARTESIAN_POINT ( 'NONE',  ( -24.53200000000000003, 0.000000000000000000, 19.88359213500125122 ) ) ;
#702 = FACE_OUTER_BOUND ( 'NONE', #2206, .T. ) ;
#703 = CARTESIAN_POINT ( 'NONE',  ( 11.13471095265616029, 4.484056277721703232, 26.38247122244159115 ) ) ;
#704 = CARTESIAN_POINT ( 'NONE',  ( -50.58245880377052117, 4.565703810692808950, -2.395207367861041714 ) ) ;
#705 = EDGE_LOOP ( 'NONE', ( #1117, #5612 ) ) ;
#706 = ADVANCED_FACE ( 'NONE', ( #3602 ), #2729, .F. ) ;
#707 = DIRECTION ( 'NONE',  ( -0.8116490753512471956, -6.755537566889829662E-15, -0.5841453402035023945 ) ) ;
#708 = ADVANCED_FACE ( 'NONE', ( #1306 ), #379, .F. ) ;
#709 = CARTESIAN_POINT ( 'NONE',  ( -46.30023427232155342, 6.333175845706682239, 12.78339461611048122 ) ) ;
#710 = CARTESIAN_POINT ( 'NONE',  ( 24.53200000000000003, 4.450000000000000178, 2.099999999999999645 ) ) ;
#711 = CARTESIAN_POINT ( 'NONE',  ( -2.822315664716491757, 3.093795994646905800, 18.97416798105048130 ) ) ;
#712 = CARTESIAN_POINT ( 'NONE',  ( -16.95233101787494334, 6.378596930361934980, 15.42946772267158373 ) ) ;
#713 = CARTESIAN_POINT ( 'NONE',  ( -16.49992192823323478, 5.470395395247543036, 11.94244139953827144 ) ) ;
#714 = CARTESIAN_POINT ( 'NONE',  ( -24.53200000000000003, 8.000000000000000000, 0.000000000000000000 ) ) ;
#715 = ORIENTED_EDGE ( 'NONE', *, *, #4149, .T. ) ;
#716 = ORIENTED_EDGE ( 'NONE', *, *, #5818, .T. ) ;
#717 = CARTESIAN_POINT ( 'NONE',  ( -17.37404300804793778, 6.713474774933151146, -24.97956342405592522 ) ) ;
#718 = CARTESIAN_POINT ( 'NONE',  ( 14.37934565070383819, 4.530163177644206840, -1.940456289572901172 ) ) ;
#719 = CARTESIAN_POINT ( 'NONE',  ( 12.28852290915305190, 4.771339352773834364, -4.805384300144730503 ) ) ;
#720 = CARTESIAN_POINT ( 'NONE',  ( 23.45207879911716731, 8.000000000000001776, -24.17565324045340702 ) ) ;
#721 = ADVANCED_FACE ( 'NONE', ( #6035 ), #4812, .F. ) ;
#722 = CARTESIAN_POINT ( 'NONE',  ( 2.234980408443919215E-15, 4.450000000000000178, -15.49999999999999822 ) ) ;
#723 = CARTESIAN_POINT ( 'NONE',  ( 15.48699527997419167, 5.700923087222518504, -25.61227594093035975 ) ) ;
#724 = EDGE_CURVE ( 'NONE', #4491, #3535, #3119, .T. ) ;
#725 = EDGE_LOOP ( 'NONE', ( #1241, #200, #1760, #2530 ) ) ;
#726 = ORIENTED_EDGE ( 'NONE', *, *, #4203, .T. ) ;
#727 = DIRECTION ( 'NONE',  ( 0.000000000000000000, 0.000000000000000000, -1.000000000000000000 ) ) ;
#728 = FACE_OUTER_BOUND ( 'NONE', #1656, .T. ) ;
#729 = CARTESIAN_POINT ( 'NONE',  ( -6.247057991526332899, 3.458406099472545847, 27.10096143042598982 ) ) ;
#730 = CARTESIAN_POINT ( 'NONE',  ( -14.36918125026893378, 4.531452145646945873, -1.957597977714068183 ) ) ;
#731 = ORIENTED_EDGE ( 'NONE', *, *, #435, .T. ) ;
#732 = FACE_OUTER_BOUND ( 'NONE', #2696, .T. ) ;
#733 = LINE ( 'NONE', #3431, #1266 ) ;
#734 = LINE ( 'NONE', #3113, #948 ) ;
#735 = LINE ( 'NONE', #5939, #1865 ) ;
#736 = CARTESIAN_POINT ( 'NONE',  ( 42.65611503887043909, 7.747703937052981438, -16.11339008071697165 ) ) ;
#737 = CARTESIAN_POINT ( 'NONE',  ( -24.53200000000000003, 0.000000000000000000, 5.499999999999999112 ) ) ;
#738 = CARTESIAN_POINT ( 'NONE',  ( 8.184514502228067224E-14, 2.431671842700018793, -26.16334368540004007 ) ) ;
#739 = CARTESIAN_POINT ( 'NONE',  ( -4.491074535256313283, 0.6334368540004994275, 22.56687370800099401 ) ) ;
#740 = CARTESIAN_POINT ( 'NONE',  ( -51.83200000000000074, 45.50000000000000711, 0.000000000000000000 ) ) ;
#741 = B_SPLINE_CURVE_WITH_KNOTS ( 'NONE', 3,
 ( #1079, #1604, #5780, #1202 ),
 .UNSPECIFIED., .F., .F.,
 ( 4, 4 ),
 ( 0.000000000000000000, 0.007947983980026341808 ),
 .UNSPECIFIED. ) ;
#742 = ORIENTED_EDGE ( 'NONE', *, *, #5648, .F. ) ;
#743 = EDGE_LOOP ( 'NONE', ( #5433, #3586, #4304, #5737 ) ) ;
#744 = DIRECTION ( 'NONE',  ( 0.000000000000000000, 0.000000000000000000, 1.000000000000000000 ) ) ;
#745 = CARTESIAN_POINT ( 'NONE',  ( 16.67176343378096703, 4.570815522368324224, 2.679281873208976705 ) ) ;
#746 = CARTESIAN_POINT ( 'NONE',  ( 24.53200000000000003, 4.770281120538043318, 4.700000000000000178 ) ) ;
#747 = CARTESIAN_POINT ( 'NONE',  ( 15.89981215290001515, 6.086221019769059382, 17.10248773028760283 ) ) ;
#748 = CARTESIAN_POINT ( 'NONE',  ( -8.087513981622034720, 2.742306189334743571, -26.78461237866835987 ) ) ;
#749 = CARTESIAN_POINT ( 'NONE',  ( 5.155648720370366256, 2.533527832432832749, 26.36705566486566710 ) ) ;
#750 = AXIS2_PLACEMENT_3D ( 'NONE', #1812, #6064, #4588 ) ;
#751 = ORIENTED_EDGE ( 'NONE', *, *, #1632, .T. ) ;
#752 = ORIENTED_EDGE ( 'NONE', *, *, #5927, .F. ) ;
#753 = DIRECTION ( 'NONE',  ( 0.000000000000000000, 0.000000000000000000, 1.000000000000000000 ) ) ;
#754 = AXIS2_PLACEMENT_3D ( 'NONE', #4082, #1172, #1730 ) ;
#755 = CYLINDRICAL_SURFACE ( 'NONE', #5930, 7.900000000000000355 ) ;
#756 = AXIS2_PLACEMENT_3D ( 'NONE', #5342, #2526, #266 ) ;
#757 = CARTESIAN_POINT ( 'NONE',  ( 10.75961796135495696, 4.384539331415963304, 26.44888184441957790 ) ) ;
#758 = CARTESIAN_POINT ( 'NONE',  ( 17.45650387134286774, 6.421739130434781728, -24.80810656615383891 ) ) ;
#759 = AXIS2_PLACEMENT_3D ( 'NONE', #3206, #5131, #4853 ) ;
#760 = ORIENTED_EDGE ( 'NONE', *, *, #5108, .T. ) ;
#761 = CARTESIAN_POINT ( 'NONE',  ( -11.32446113086580297, 4.536511837366301592, -26.33988084398393426 ) ) ;
#762 = PLANE ( 'NONE',  #3745 ) ;
#763 = CIRCLE ( 'NONE', #4420, 0.3000000000000016542 ) ;
#764 = CARTESIAN_POINT ( 'NONE',  ( -48.32082267948069898, 5.516969417541893961, 9.869663510495897185 ) ) ;
#765 = LINE ( 'NONE', #2225, #4635 ) ;
#766 = AXIS2_PLACEMENT_3D ( 'NONE', #5161, #5688, #4 ) ;
#767 = FACE_OUTER_BOUND ( 'NONE', #511, .T. ) ;
#768 = CARTESIAN_POINT ( 'NONE',  ( 1.816339893003573458, 3.038640709421497998, -20.32256939960290154 ) ) ;
#769 = CARTESIAN_POINT ( 'NONE',  ( -10.63561392922639826, 4.350830556955263440, -4.809731034985317066 ) ) ;
#770 = APPROVAL_ROLE ( '' ) ;
#771 = CARTESIAN_POINT ( 'NONE',  ( 50.49545051289811681, 4.604800150238711254, 2.989135499594568479 ) ) ;
#772 = CARTESIAN_POINT ( 'NONE',  ( -4.331744022420088491, 3.220381885690450918, -26.47305465180896178 ) ) ;
#773 = CIRCLE ( 'NONE', #1766, 0.2999999999999981015 ) ;
#774 = FACE_OUTER_BOUND ( 'NONE', #1953, .T. ) ;
#775 = ORIENTED_EDGE ( 'NONE', *, *, #35, .T. ) ;
#776 = AXIS2_PLACEMENT_3D ( 'NONE', #2834, #4691, #1432 ) ;
#777 = VERTEX_POINT ( 'NONE', #746 ) ;
#778 = DIRECTION ( 'NONE',  ( 0.000000000000000000, 0.000000000000000000, -1.000000000000000000 ) ) ;
#779 = EDGE_CURVE ( 'NONE', #3919, #1450, #5982, .T. ) ;
#780 = CARTESIAN_POINT ( 'NONE',  ( 17.37186733651968140, 5.427815667503154806, 9.017070090077885069 ) ) ;
#781 = DIRECTION ( 'NONE',  ( 0.000000000000000000, 0.000000000000000000, -1.000000000000000000 ) ) ;
#782 = CARTESIAN_POINT ( 'NONE',  ( 18.29312772600423287, 7.124035674525058148, -24.54577652016554623 ) ) ;
#783 = ADVANCED_FACE ( 'NONE', ( #3258 ), #3847, .T. ) ;
#784 = CARTESIAN_POINT ( 'NONE',  ( 8.545259757431864500, 2.315365169595462014, -25.93073033919092651 ) ) ;
#785 = CARTESIAN_POINT ( 'NONE',  ( 38.65409518678680456, 8.000000000000001776, -19.62214659862621957 ) ) ;
#786 = VECTOR ( 'NONE', #5940, 1000.000000000000000 ) ;
#787 = ORIENTED_EDGE ( 'NONE', *, *, #2782, .T. ) ;
#788 = EDGE_CURVE ( 'NONE', #668, #4918, #1454, .T. ) ;
#789 = VERTEX_POINT ( 'NONE', #4808 ) ;
#790 = CARTESIAN_POINT ( 'NONE',  ( 4.078575790234361342, 2.626446581902317501, 26.55289316380462239 ) ) ;
#791 = TOROIDAL_SURFACE ( 'NONE', #4145, 24.00936052501757700, 0.2999999999999999889 ) ;
#792 = CARTESIAN_POINT ( 'NONE',  ( 15.38025627675805040, 5.822837755298002627, 25.35735139316641806 ) ) ;
#793 = CARTESIAN_POINT ( 'NONE',  ( 16.61237726267631487, 6.041362854445045727, 14.66828723319008176 ) ) ;
#794 = DIRECTION ( 'NONE',  ( 0.000000000000000000, -1.000000000000000000, 0.000000000000000000 ) ) ;
#795 = ORIENTED_EDGE ( 'NONE', *, *, #4786, .T. ) ;
#796 = CARTESIAN_POINT ( 'NONE',  ( 4.182852311188315575, 3.205746570441225352, -27.50627702776873917 ) ) ;
#797 = CARTESIAN_POINT ( 'NONE',  ( 0.000000000000000000, 8.000000000000000000, 0.000000000000000000 ) ) ;
#798 = CARTESIAN_POINT ( 'NONE',  ( -47.69663626378616073, 5.776054348819918083, 10.87886280450760879 ) ) ;
#799 = DIRECTION ( 'NONE',  ( 1.000000000000000000, -0.000000000000000000, -0.000000000000000000 ) ) ;
#800 = EDGE_CURVE ( 'NONE', #1283, #474, #904, .T. ) ;
#801 =( BOUNDED_SURFACE ( )  B_SPLINE_SURFACE ( 3, 2, ( 
 ( #1100, #4879, #2061 ),
 ( #3947, #5830, #1155 ),
 ( #3484, #1128, #3012 ),
 ( #4905, #665, #2699 ) ),
 .UNSPECIFIED., .F., .F., .T. ) 
 B_SPLINE_SURFACE_WITH_KNOTS ( ( 4, 4 ),
 ( 3, 3 ),
 ( 0.000000000000000000, 0.007877607463358108839 ),
 ( 0.000000000000000000, 1.000000000000000000 ),
 .UNSPECIFIED. ) 
 GEOMETRIC_REPRESENTATION_ITEM ( )  RATIONAL_B_SPLINE_SURFACE ( (
 ( 1.000000000000000000, 0.8746197071393939648, 1.000000000000000000),
 ( 1.000000000000000000, 0.8538125406760215252, 1.000000000000000000),
 ( 1.000000000000000000, 0.8322814998254332020, 1.000000000000000000),
 ( 1.000000000000000000, 0.8137184430976495131, 1.000000000000000000) ) ) 
 REPRESENTATION_ITEM ( '' )  SURFACE ( )  );
#802 = CARTESIAN_POINT ( 'NONE',  ( 2.540100790081095151E-15, 2.999999999999994227, -15.49999999999999822 ) ) ;
#803 = CARTESIAN_POINT ( 'NONE',  ( -13.70700975189158299, 4.615423434942647951, -3.074312784341389548 ) ) ;
#804 = APPROVAL_DATE_TIME ( #897, #5622 ) ;
#805 = CARTESIAN_POINT ( 'NONE',  ( -13.45477254571994408, 4.971712450734422362, 26.06793731875805875 ) ) ;
#806 = CARTESIAN_POINT ( 'NONE',  ( 40.88196759489847665, 7.858975779269959716, -18.12731390651692820 ) ) ;
#807 = PLANE ( 'NONE',  #5604 ) ;
#808 = ORIENTED_EDGE ( 'NONE', *, *, #4372, .T. ) ;
#809 = CARTESIAN_POINT ( 'NONE',  ( -46.23476312170348024, 6.500141581403243052, 12.68914125694556461 ) ) ;
#810 = CARTESIAN_POINT ( 'NONE',  ( -4.361774869240173658, 2.665237299562971174, -26.63047459912401393 ) ) ;
#811 = DIRECTION ( 'NONE',  ( 1.000000000000000000, 0.000000000000000000, 0.000000000000000000 ) ) ;
#812 = LINE ( 'NONE', #412, #4040 ) ;
#813 = CARTESIAN_POINT ( 'NONE',  ( 20.30695138283793355, 4.551894796263056264, -2.081787530915248485 ) ) ;
#814 = CARTESIAN_POINT ( 'NONE',  ( 44.47687577975150219, 7.062500000000002665, -14.26739617975192687 ) ) ;
#815 = EDGE_LOOP ( 'NONE', ( #5950, #3276 ) ) ;
#816 = EDGE_CURVE ( 'NONE', #5186, #3793, #5691, .T. ) ;
#817 = VERTEX_POINT ( 'NONE', #1898 ) ;
#818 = EDGE_CURVE ( 'NONE', #5382, #4961, #3813, .T. ) ;
#819 = ORIENTED_EDGE ( 'NONE', *, *, #1111, .T. ) ;
#820 = CARTESIAN_POINT ( 'NONE',  ( -2.723173195307016847, 2.496694604862668587, 26.29338920972531213 ) ) ;
#821 = CARTESIAN_POINT ( 'NONE',  ( -16.76043735344084951, 5.804001733856337886, 13.20781398868316003 ) ) ;
#822 = DIRECTION ( 'NONE',  ( 1.000000000000000000, -0.000000000000000000, 0.000000000000000000 ) ) ;
#823 = CARTESIAN_POINT ( 'NONE',  ( -44.47687577975150930, 7.062499999999999112, -14.26739617975193042 ) ) ;
#824 = ORIENTED_EDGE ( 'NONE', *, *, #1296, .F. ) ;
#825 = B_SPLINE_CURVE_WITH_KNOTS ( 'NONE', 3,
 ( #263, #5031, #3608, #2098, #2123, #1220, #5959, #3048, #5489, #1164, #3640, #2645, #4101, #2555 ),
 .UNSPECIFIED., .F., .F.,
 ( 4, 2, 2, 2, 2, 2, 4 ),
 ( 0.01819748680424321946, 0.02001076446314274671, 0.02182404212204227395, 0.02545059743984132844, 0.02726387509874085222, 0.02907715275764037599, 0.03270370807543940966 ),
 .UNSPECIFIED. ) ;
#826 = CARTESIAN_POINT ( 'NONE',  ( -24.53200000000000003, -3.500000000000000000, -7.500000000000000000 ) ) ;
#827 = CYLINDRICAL_SURFACE ( 'NONE', #679, 7.900000000000000355 ) ;
#828 = CARTESIAN_POINT ( 'NONE',  ( -4.038600031068632745, 2.629891315705045862, 26.55978263141009421 ) ) ;
#829 = CARTESIAN_POINT ( 'NONE',  ( 5.176024990308556895, 3.315417871258248272, 26.54119170643899395 ) ) ;
#830 = CARTESIAN_POINT ( 'NONE',  ( 2.186188284751616528, 3.056147746122837461, -19.92791573166518404 ) ) ;
#831 = DIRECTION ( 'NONE',  ( -1.000000000000000000, 0.000000000000000000, 0.000000000000000000 ) ) ;
#832 = DIRECTION ( 'NONE',  ( -1.000000000000000000, 0.000000000000000000, 0.000000000000000000 ) ) ;
#833 = CARTESIAN_POINT ( 'NONE',  ( -50.98775707154012338, 4.348988381435940020, -0.6104581359905836280 ) ) ;
#834 =( BOUNDED_SURFACE ( )  B_SPLINE_SURFACE ( 3, 2, ( 
 ( #1068, #785, #1784 ),
 ( #5551, #2640, #5083 ),
 ( #1747, #3670, #1338 ),
 ( #814, #5956, #841 ) ),
 .UNSPECIFIED., .F., .F., .T. ) 
 B_SPLINE_SURFACE_WITH_KNOTS ( ( 4, 4 ),
 ( 3, 3 ),
 ( 0.000000000000000000, 0.007877607463358114043 ),
 ( 0.000000000000000000, 1.000000000000000000 ),
 .UNSPECIFIED. ) 
 GEOMETRIC_REPRESENTATION_ITEM ( )  RATIONAL_B_SPLINE_SURFACE ( (
 ( 1.000000000000000000, 0.8746197071393939648, 1.000000000000000000),
 ( 1.000000000000000000, 0.8538125406760219693, 1.000000000000000000),
 ( 1.000000000000000000, 0.8322814998254328689, 1.000000000000000000),
 ( 1.000000000000000000, 0.8137184430976487359, 1.000000000000000000) ) ) 
 REPRESENTATION_ITEM ( '' )  SURFACE ( )  );
#835 = EDGE_CURVE ( 'NONE', #4072, #1420, #4682, .T. ) ;
#836 = ORIENTED_EDGE ( 'NONE', *, *, #4281, .F. ) ;
#837 = DIRECTION ( 'NONE',  ( 0.000000000000000000, 0.000000000000000000, 1.000000000000000000 ) ) ;
#838 = CARTESIAN_POINT ( 'NONE',  ( -17.07055520208387733, 6.491501019742973888, 12.77447121893041526 ) ) ;
#839 = CARTESIAN_POINT ( 'NONE',  ( -24.53200000000000003, 0.5000000000000000000, -7.900000000000000355 ) ) ;
#840 = CARTESIAN_POINT ( 'NONE',  ( 9.675019119795807754, 2.274867381812604616, -25.84973476362521438 ) ) ;
#841 = CARTESIAN_POINT ( 'NONE',  ( 44.68328546888271546, 6.940225779269962203, -14.52052555676732659 ) ) ;
#842 = EDGE_LOOP ( 'NONE', ( #3741, #3910, #2500, #2278, #5399, #4617, #3513 ) ) ;
#843 = ORIENTED_EDGE ( 'NONE', *, *, #1133, .F. ) ;
#844 = ORIENTED_EDGE ( 'NONE', *, *, #779, .T. ) ;
#845 = CARTESIAN_POINT ( 'NONE',  ( 1.271190557059004744, 2.999999999999993783, 27.29999999999995453 ) ) ;
#846 = EDGE_CURVE ( 'NONE', #1371, #4249, #1145, .T. ) ;
#847 = CARTESIAN_POINT ( 'NONE',  ( -16.58493122873601067, 5.556439848898883760, 12.25434201497975195 ) ) ;
#848 = CARTESIAN_POINT ( 'NONE',  ( 14.85545430707657744, 4.360863266220638579, 6.500000000000000000 ) ) ;
#849 = AXIS2_PLACEMENT_3D ( 'NONE', #4278, #1876, #4690 ) ;
#850 = PLANE ( 'NONE',  #877 ) ;
#851 = ORIENTED_EDGE ( 'NONE', *, *, #3652, .F. ) ;
#852 = EDGE_CURVE ( 'NONE', #1558, #417, #3115, .T. ) ;
#853 = CARTESIAN_POINT ( 'NONE',  ( -0.1817499699667069757, 2.999999999999995559, -15.49999999999999645 ) ) ;
#854 = DIRECTION ( 'NONE',  ( -1.000000000000000000, 0.000000000000000000, -0.000000000000000000 ) ) ;
#855 = EDGE_CURVE ( 'NONE', #417, #4625, #1867, .T. ) ;
#856 = FACE_OUTER_BOUND ( 'NONE', #5892, .T. ) ;
#857 = CARTESIAN_POINT ( 'NONE',  ( 50.98768360909691921, 4.349028174552159953, -0.6126509634973874574 ) ) ;
#858 = EDGE_CURVE ( 'NONE', #416, #2869, #4607, .T. ) ;
#859 = EDGE_CURVE ( 'NONE', #3555, #207, #2724, .T. ) ;
#860 = CIRCLE ( 'NONE', #4030, 8.000000000000001776 ) ;
#861 = DIRECTION ( 'NONE',  ( -0.000000000000000000, 1.000000000000000000, -0.000000000000000000 ) ) ;
#862 = CARTESIAN_POINT ( 'NONE',  ( -12.25746930204801721, 4.556548439607459144, -2.796007775138436013 ) ) ;
#863 = PERSON_AND_ORGANIZATION ( #2293, #1479 ) ;
#864 = CARTESIAN_POINT ( 'NONE',  ( 2.571758278209441267E-15, 2.949999999999999734, -20.99999999999999645 ) ) ;
#865 = CARTESIAN_POINT ( 'NONE',  ( -13.45671669227190748, 4.972248537989997885, -26.06760233426209439 ) ) ;
#866 = DIRECTION ( 'NONE',  ( 0.000000000000000000, 0.000000000000000000, 1.000000000000000000 ) ) ;
#867 = VECTOR ( 'NONE', #928, 1000.000000000000000 ) ;
#868 = ORIENTED_EDGE ( 'NONE', *, *, #5507, .T. ) ;
#869 = CARTESIAN_POINT ( 'NONE',  ( -10.81411707019201174, 4.209896778478519508, -26.52600142245041326 ) ) ;
#870 = AXIS2_PLACEMENT_3D ( 'NONE', #4683, #438, #1397 ) ;
#871 = CARTESIAN_POINT ( 'NONE',  ( 1.600349945328269907, 0.003076724559525212919, 20.10438749200503139 ) ) ;
#872 = DIRECTION ( 'NONE',  ( -0.000000000000000000, 1.000000000000000000, -0.000000000000000000 ) ) ;
#873 = CARTESIAN_POINT ( 'NONE',  ( 10.81411707019200108, 4.209896778478511514, 26.52600142245041326 ) ) ;
#874 = CARTESIAN_POINT ( 'NONE',  ( -40.88121540752540284, 8.014584818358219565, -18.00805555204984998 ) ) ;
#875 = CARTESIAN_POINT ( 'NONE',  ( 50.89432957107288757, 4.398845855716133180, -1.831935292267162119 ) ) ;
#876 = ORIENTED_EDGE ( 'NONE', *, *, #5383, .T. ) ;
#877 = AXIS2_PLACEMENT_3D ( 'NONE', #3141, #1223, #5001 ) ;
#878 = EDGE_LOOP ( 'NONE', ( #6032, #3821, #139, #4634 ) ) ;
#879 = ORIENTED_EDGE ( 'NONE', *, *, #3010, .T. ) ;
#880 = CARTESIAN_POINT ( 'NONE',  ( 16.73986930377687443, 6.330214887829503034, 15.63649119266043996 ) ) ;
#881 = CARTESIAN_POINT ( 'NONE',  ( -16.75255558829253033, 6.000227613865250831, 14.19065590373380736 ) ) ;
#882 = LINE ( 'NONE', #3140, #3519 ) ;
#883 = DIRECTION ( 'NONE',  ( 0.000000000000000000, 0.000000000000000000, 1.000000000000000000 ) ) ;
#884 = B_SPLINE_CURVE_WITH_KNOTS ( 'NONE', 3,
 ( #1367, #5575, #1334, #4654, #4183, #1487, #593, #3313, #70, #3846, #1551, #4298 ),
 .UNSPECIFIED., .F., .F.,
 ( 4, 2, 2, 2, 2, 4 ),
 ( 2.138710737318089144E-17, 0.001943097597055992286, 0.003886195194111966358, 0.004857743992639954045, 0.005829292791167940864, 0.007772390388223913635 ),
 .UNSPECIFIED. ) ;
#885 = ORIENTED_EDGE ( 'NONE', *, *, #4322, .T. ) ;
#886 = CIRCLE ( 'NONE', #4345, 6.158312395177701681 ) ;
#887 = LINE ( 'NONE', #2378, #1877 ) ;
#888 = CARTESIAN_POINT ( 'NONE',  ( -1.818095967989527439, 3.038715978548161445, -16.17896189272753560 ) ) ;
#889 = CARTESIAN_POINT ( 'NONE',  ( -20.04689673070204137, 4.860184263089210255, 5.422806767988407550 ) ) ;
#890 = CARTESIAN_POINT ( 'NONE',  ( 2.234980408443919215E-15, 0.000000000000000000, -18.25000000000000000 ) ) ;
#891 = DIRECTION ( 'NONE',  ( -0.9509916601688871429, -0.2622304893800787018, -0.1638597959497955781 ) ) ;
#892 =( BOUNDED_CURVE ( )  B_SPLINE_CURVE ( 3, ( #903, #2327, #1395, #4121 ),
 .UNSPECIFIED., .F., .T. ) 
 B_SPLINE_CURVE_WITH_KNOTS ( ( 4, 4 ),
 ( 6.187746661900940914, 6.283185307179586232 ),
 .UNSPECIFIED. ) 
 CURVE ( )  GEOMETRIC_REPRESENTATION_ITEM ( )  RATIONAL_B_SPLINE_CURVE ( ( 1.000000000000000000, 0.9992410994418523540, 0.9992410994418523540, 1.000000000000000000 ) ) 
 REPRESENTATION_ITEM ( '' )  );
#893 = ADVANCED_FACE ( 'NONE', ( #3314 ), #1925, .T. ) ;
#894 = EDGE_CURVE ( 'NONE', #662, #3721, #5596, .T. ) ;
#895 = CARTESIAN_POINT ( 'NONE',  ( 5.817072295949915593E-15, 2.999999999999993783, -27.29999999999998650 ) ) ;
#896 = FACE_OUTER_BOUND ( 'NONE', #1062, .T. ) ;
#897 = DATE_AND_TIME ( #5504, #2282 ) ;
#898 = CARTESIAN_POINT ( 'NONE',  ( -49.60860459765778785, 4.997914669208532779, -6.473951111272704395 ) ) ;
#899 = CARTESIAN_POINT ( 'NONE',  ( 50.83585614741107861, 4.425160348524837417, 2.436198639577226377 ) ) ;
#900 = CARTESIAN_POINT ( 'NONE',  ( 6.858942151640002649, 3.553289854808470594, 26.55294507729361797 ) ) ;
#901 = VERTEX_POINT ( 'NONE', #1020 ) ;
#902 = CARTESIAN_POINT ( 'NONE',  ( 6.740635763875871156, 3.271784932026287951, 16.24508866795933670 ) ) ;
#903 = CARTESIAN_POINT ( 'NONE',  ( -4.078575790245140276, 2.626446581898914445, -26.55289316379783315 ) ) ;
#904 = LINE ( 'NONE', #5263, #4702 ) ;
#905 = PLANE ( 'NONE',  #870 ) ;
#906 = CARTESIAN_POINT ( 'NONE',  ( 20.30988213573336054, 4.552198195217753707, 2.087719474064400504 ) ) ;
#907 = ORIENTED_EDGE ( 'NONE', *, *, #2205, .T. ) ;
#908 = ORIENTED_EDGE ( 'NONE', *, *, #1509, .F. ) ;
#909 = ORIENTED_EDGE ( 'NONE', *, *, #250, .T. ) ;
#910 = CARTESIAN_POINT ( 'NONE',  ( 1.361591339185829419, 2.431671842700018793, 26.16334368540001165 ) ) ;
#911 = FACE_OUTER_BOUND ( 'NONE', #652, .T. ) ;
#912 = CARTESIAN_POINT ( 'NONE',  ( 16.65755210143405307, 5.641830335977874533, 12.56867526730558282 ) ) ;
#913 = ADVANCED_FACE ( 'NONE', ( #2823, #5195 ), #502, .T. ) ;
#914 = DIRECTION ( 'NONE',  ( 0.000000000000000000, 0.000000000000000000, 1.000000000000000000 ) ) ;
#915 = ORIENTED_EDGE ( 'NONE', *, *, #4606, .F. ) ;
#916 = ADVANCED_FACE ( 'NONE', ( #3809 ), #4168, .T. ) ;
#917 = VERTEX_POINT ( 'NONE', #164 ) ;
#918 = DIRECTION ( 'NONE',  ( 0.000000000000000000, -1.000000000000000000, 0.000000000000000000 ) ) ;
#919 = CARTESIAN_POINT ( 'NONE',  ( 4.365755405182663473, 2.666711043863828845, -26.62282819247039711 ) ) ;
#920 = CARTESIAN_POINT ( 'NONE',  ( 50.95735037863828154, 4.365718034115612767, 1.223647281592194824 ) ) ;
#921 = ORIENTED_EDGE ( 'NONE', *, *, #3702, .F. ) ;
#922 = CARTESIAN_POINT ( 'NONE',  ( -17.33414519935568521, 6.695652173916713856, -19.48717526991845972 ) ) ;
#923 =( BOUNDED_CURVE ( )  B_SPLINE_CURVE ( 3, ( #3968, #3002, #5850, #2539 ),
 .UNSPECIFIED., .F., .T. ) 
 B_SPLINE_CURVE_WITH_KNOTS ( ( 4, 4 ),
 ( 0.2690580095871423216, 0.4201114781424782341 ),
 .UNSPECIFIED. ) 
 CURVE ( )  GEOMETRIC_REPRESENTATION_ITEM ( )  RATIONAL_B_SPLINE_CURVE ( ( 1.000000000000000000, 0.9980994744895197446, 0.9980994744895197446, 1.000000000000000000 ) ) 
 REPRESENTATION_ITEM ( '' )  );
#924 = CARTESIAN_POINT ( 'NONE',  ( -50.95740356865406540, 4.365690073692327644, 1.223133884850701625 ) ) ;
#925 = DIRECTION ( 'NONE',  ( -0.000000000000000000, 1.000000000000000000, -0.000000000000000000 ) ) ;
#926 = CARTESIAN_POINT ( 'NONE',  ( 5.417698233809736585, 3.345562553562661634, 27.22755309867288176 ) ) ;
#927 = VERTEX_POINT ( 'NONE', #627 ) ;
#928 = DIRECTION ( 'NONE',  ( -0.000000000000000000, 1.000000000000000000, -0.000000000000000000 ) ) ;
#929 = CARTESIAN_POINT ( 'NONE',  ( 50.72730803747416672, 4.500016008197252226, -0.6022371226250066156 ) ) ;
#930 = DIRECTION ( 'NONE',  ( 0.8958012529582437544, 0.000000000000000000, -0.4444548516986181474 ) ) ;
#931 = CARTESIAN_POINT ( 'NONE',  ( 3.402768526425690609, 2.878912751195895847, -3.378177462056389579 ) ) ;
#932 = CARTESIAN_POINT ( 'NONE',  ( -19.26628566603008252, 7.558751421067400500, 24.27956878429511889 ) ) ;
#933 = ORIENTED_EDGE ( 'NONE', *, *, #90, .F. ) ;
#934 = VERTEX_POINT ( 'NONE', #4397 ) ;
#935 = ORIENTED_EDGE ( 'NONE', *, *, #1830, .T. ) ;
#936 = CARTESIAN_POINT ( 'NONE',  ( 17.67656680545748316, 6.453761468593295803, 14.27316035598672350 ) ) ;
#937 = CARTESIAN_POINT ( 'NONE',  ( -16.32620918504278507, 6.006953223832272037, 15.08640788551401002 ) ) ;
#938 = CARTESIAN_POINT ( 'NONE',  ( -4.078575790220690500, 2.626446581901023869, 26.55289316380205378 ) ) ;
#939 = CARTESIAN_POINT ( 'NONE',  ( -10.81411707019201174, 3.603966959366335043, -25.15383195248298875 ) ) ;
#940 = CIRCLE ( 'NONE', #1636, 2.749999999999999112 ) ;
#941 = EDGE_LOOP ( 'NONE', ( #2279, #4884, #5861 ) ) ;
#942 = ORIENTED_EDGE ( 'NONE', *, *, #2682, .F. ) ;
#943 = DIRECTION ( 'NONE',  ( -0.000000000000000000, 1.000000000000000000, -0.000000000000000000 ) ) ;
#944 = CIRCLE ( 'NONE', #1848, 15.09999999999999964 ) ;
#945 = CARTESIAN_POINT ( 'NONE',  ( -1.218961916400343348, 3.017157478793037750, -20.72167031780469060 ) ) ;
#946 = CARTESIAN_POINT ( 'NONE',  ( 24.53200000000000003, 1.850000000000000977, 0.000000000000000000 ) ) ;
#947 = CARTESIAN_POINT ( 'NONE',  ( -2.522382559215405440, 3.074917958535816620, 18.37593527685438843 ) ) ;
#948 = VECTOR ( 'NONE', #2655, 1000.000000000000000 ) ;
#949 = VERTEX_POINT ( 'NONE', #2052 ) ;
#950 = CARTESIAN_POINT ( 'NONE',  ( -23.45207879912828020, 7.062500000003638867, -14.26739617976172880 ) ) ;
#951 = AXIS2_PLACEMENT_3D ( 'NONE', #234, #3099, #4405 ) ;
#952 = CARTESIAN_POINT ( 'NONE',  ( -48.36250694045828880, 5.532126201299962354, -9.157578980922943757 ) ) ;
#953 = DIRECTION ( 'NONE',  ( 0.000000000000000000, 0.000000000000000000, -1.000000000000000000 ) ) ;
#954 = CARTESIAN_POINT ( 'NONE',  ( 5.514737210903449594, 2.852294201624160586, 26.77411351951719354 ) ) ;
#955 = AXIS2_PLACEMENT_3D ( 'NONE', #4374, #4750, #534 ) ;
#956 = ORIENTED_EDGE ( 'NONE', *, *, #3886, .F. ) ;
#957 = CARTESIAN_POINT ( 'NONE',  ( -28.53200000000000358, 0.000000000000000000, -5.500000000000000888 ) ) ;
#958 = DIRECTION ( 'NONE',  ( 0.000000000000000000, -1.000000000000000000, 0.000000000000000000 ) ) ;
#959 = CC_DESIGN_PERSON_AND_ORGANIZATION_ASSIGNMENT ( #2755, #4177, ( #4328 ) ) ;
#960 = DIRECTION ( 'NONE',  ( -1.000000000000000000, 0.000000000000000000, 0.000000000000000000 ) ) ;
#961 = CARTESIAN_POINT ( 'NONE',  ( 13.37751303015266302, 5.068706757428918408, 17.55862458753140132 ) ) ;
#962 = AXIS2_PLACEMENT_3D ( 'NONE', #6055, #2785, #4674 ) ;
#963 = CARTESIAN_POINT ( 'NONE',  ( 15.94800315380717493, 6.099157481530695257, -17.20024308631053600 ) ) ;
#964 = ORIENTED_EDGE ( 'NONE', *, *, #5636, .T. ) ;
#965 = VECTOR ( 'NONE', #1081, 1000.000000000000000 ) ;
#966 = EDGE_CURVE ( 'NONE', #3953, #5382, #5593, .T. ) ;
#967 = ORIENTED_EDGE ( 'NONE', *, *, #846, .T. ) ;
#968 = CARTESIAN_POINT ( 'NONE',  ( -11.37724389698393779, 4.239870076446170089, -26.17148966787070208 ) ) ;
#969 = EDGE_CURVE ( 'NONE', #1623, #4820, #1804, .T. ) ;
#970 = CARTESIAN_POINT ( 'NONE',  ( 29.08134649863543686, 4.517040235279994320, 1.219819562718559958 ) ) ;
#971 = DIRECTION ( 'NONE',  ( 0.000000000000000000, 0.000000000000000000, 1.000000000000000000 ) ) ;
#972 = DIRECTION ( 'NONE',  ( -0.000000000000000000, -1.000000000000000000, 0.000000000000000000 ) ) ;
#973 = VECTOR ( 'NONE', #545, 1000.000000000000000 ) ;
#974 = EDGE_CURVE ( 'NONE', #320, #417, #5996, .T. ) ;
#975 = ORIENTED_EDGE ( 'NONE', *, *, #5245, .F. ) ;
#976 = ORIENTED_EDGE ( 'NONE', *, *, #5682, .T. ) ;
#977 = DIRECTION ( 'NONE',  ( 0.000000000000000000, 0.000000000000000000, 1.000000000000000000 ) ) ;
#978 = CARTESIAN_POINT ( 'NONE',  ( -3.817837745199962995, 3.171185908251291874, 27.64237181650264930 ) ) ;
#979 = DIRECTION ( 'NONE',  ( 0.000000000000000000, 0.000000000000000000, 1.000000000000000000 ) ) ;
#980 = DIRECTION ( 'NONE',  ( 0.000000000000000000, 0.4472135954999568730, -0.8944271909999162995 ) ) ;
#981 = AXIS2_PLACEMENT_3D ( 'NONE', #1801, #4057, #4552 ) ;
#982 = FACE_OUTER_BOUND ( 'NONE', #660, .T. ) ;
#983 = ADVANCED_FACE ( 'NONE', ( #1236 ), #5569, .F. ) ;
#984 = VECTOR ( 'NONE', #1519, 1000.000000000000000 ) ;
#985 = CARTESIAN_POINT ( 'NONE',  ( -50.58237830230696375, 4.565740026042472088, -2.396030964481515646 ) ) ;
#986 = CARTESIAN_POINT ( 'NONE',  ( -0.7420764021884787009, 0.2003288332369429214, 21.42173749637647262 ) ) ;
#987 = CARTESIAN_POINT ( 'NONE',  ( 4.367305549833791822, 2.666936066691409479, 26.62314749860767549 ) ) ;
#988 = CARTESIAN_POINT ( 'NONE',  ( 49.13224865851493206, 5.172804430534122311, -8.257528377130515906 ) ) ;
#989 = ORIENTED_EDGE ( 'NONE', *, *, #4159, .F. ) ;
#990 = DIRECTION ( 'NONE',  ( 1.000000000000000000, -0.000000000000000000, -0.000000000000000000 ) ) ;
#991 = FACE_OUTER_BOUND ( 'NONE', #2088, .T. ) ;
#992 = CARTESIAN_POINT ( 'NONE',  ( -15.82157434258350470, 5.837285597541581161, 15.32358973660229218 ) ) ;
#993 = CARTESIAN_POINT ( 'NONE',  ( -16.49992192823324544, 5.470395395247547476, 11.94244139953826789 ) ) ;
#994 = CARTESIAN_POINT ( 'NONE',  ( 0.000000000000000000, 2.999999999999997335, 27.30000000000000071 ) ) ;
#995 = ORIENTED_EDGE ( 'NONE', *, *, #4106, .T. ) ;
#996 = EDGE_CURVE ( 'NONE', #4491, #2860, #3121, .T. ) ;
#997 =( BOUNDED_SURFACE ( )  B_SPLINE_SURFACE ( 3, 2, ( 
 ( #6002, #4211, #2819 ),
 ( #4653, #5643, #4618 ),
 ( #4156, #809, #409 ),
 ( #5512, #2300, #4181 ),
 ( #6094, #3159, #5141 ),
 ( #2697, #1864, #3665 ),
 ( #3757, #1055, #5670 ),
 ( #4806, #3407, #500 ),
 ( #4741, #3443, #4330 ),
 ( #13, #5787, #4840 ),
 ( #1518, #5288, #2943 ),
 ( #1090, #558, #592 ) ),
 .UNSPECIFIED., .F., .F., .T. ) 
 B_SPLINE_SURFACE_WITH_KNOTS ( ( 4, 2, 2, 2, 2, 4 ),
 ( 3, 3 ),
 ( 0.000000000000000000, 0.003604243783701661756, 0.007208487567403323512, 0.009010609459254154824, 0.01081273135110498440, 0.01441697513480664702 ),
 ( 0.000000000000000000, 1.000000000000000000 ),
 .UNSPECIFIED. ) 
 GEOMETRIC_REPRESENTATION_ITEM ( )  RATIONAL_B_SPLINE_SURFACE ( (
 ( 1.000000000000000000, 0.8137184430976487359, 1.000000000000000000),
 ( 1.000000000000000000, 0.8214905995095471702, 1.000000000000000000),
 ( 1.000000000000000000, 0.8287973693454731006, 1.000000000000000000),
 ( 1.000000000000000000, 0.8421856903804740835, 1.000000000000000000),
 ( 1.000000000000000000, 0.8482705295208720075, 1.000000000000000000),
 ( 1.000000000000000000, 0.8562407684589075085, 1.000000000000000000),
 ( 1.000000000000000000, 0.8587129543340906723, 1.000000000000000000),
 ( 1.000000000000000000, 0.8631317689419296668, 1.000000000000000000),
 ( 1.000000000000000000, 0.8650900151940976723, 1.000000000000000000),
 ( 1.000000000000000000, 0.8701832069188116803, 1.000000000000000000),
 ( 1.000000000000000000, 0.8725401346042072070, 1.000000000000000000),
 ( 1.000000000000000000, 0.8737348221099858758, 1.000000000000000000) ) ) 
 REPRESENTATION_ITEM ( '' )  SURFACE ( )  );
#998 = ORIENTED_EDGE ( 'NONE', *, *, #1191, .F. ) ;
#999 = LINE ( 'NONE', #1461, #5115 ) ;
#1000 = CARTESIAN_POINT ( 'NONE',  ( 29.20148167250580329, 4.503530681266227909, 0.6168097278496595948 ) ) ;
#1001 = CARTESIAN_POINT ( 'NONE',  ( -8.605557941611612804, 3.540640725163869185, 26.76662317732634477 ) ) ;
#1002 = CARTESIAN_POINT ( 'NONE',  ( 0.000000000000000000, 3.000000000000016431, -27.30000000000000071 ) ) ;
#1003 = CARTESIAN_POINT ( 'NONE',  ( -24.53200000000000003, -3.500000000000000000, -5.000000000000000000 ) ) ;
#1004 = ADVANCED_FACE ( 'NONE', ( #5540 ), #3090, .T. ) ;
#1005 = ORIENTED_EDGE ( 'NONE', *, *, #6109, .F. ) ;
#1006 = ORIENTED_EDGE ( 'NONE', *, *, #2595, .F. ) ;
#1007 = DIRECTION ( 'NONE',  ( -0.7048265072294259692, 0.000000000000000000, -0.7093797253282390081 ) ) ;
#1008 = CARTESIAN_POINT ( 'NONE',  ( 3.673940397442059375E-16, 2.449999999999999734, 17.00000000000000000 ) ) ;
#1009 = CARTESIAN_POINT ( 'NONE',  ( -2.073294910039805039, 3.050406883091407284, -20.06573894647281620 ) ) ;
#1010 = CARTESIAN_POINT ( 'NONE',  ( -24.53200000000000003, 2.262326172866459650, -25.82465234573292179 ) ) ;
#1011 = CARTESIAN_POINT ( 'NONE',  ( 23.45207879911717441, -6.999999999999994671, -19.48717526990507309 ) ) ;
#1012 = CARTESIAN_POINT ( 'NONE',  ( -13.11414952489453256, 5.023176538148260484, -6.633208361792545027 ) ) ;
#1013 = LINE ( 'NONE', #4700, #5102 ) ;
#1014 = CARTESIAN_POINT ( 'NONE',  ( 47.28307352688768361, 6.073847513691380762, 11.26202321989154420 ) ) ;
#1015 = CARTESIAN_POINT ( 'NONE',  ( 4.331727945367458865, 3.221090617211236129, 26.46590240815461570 ) ) ;
#1016 = DIRECTION ( 'NONE',  ( 0.000000000000000000, 1.000000000000000000, -0.000000000000000000 ) ) ;
#1017 = ORIENTED_EDGE ( 'NONE', *, *, #4273, .T. ) ;
#1018 = CARTESIAN_POINT ( 'NONE',  ( 50.83586519108503410, 4.425156278634601037, 2.436105182518454537 ) ) ;
#1019 = DIRECTION ( 'NONE',  ( 0.000000000000000000, -1.000000000000000000, 0.000000000000000000 ) ) ;
#1020 = CARTESIAN_POINT ( 'NONE',  ( 24.53200000000000003, -0.4999999999999995559, 2.099999999999999645 ) ) ;
#1021 = CARTESIAN_POINT ( 'NONE',  ( 10.68184893949348080, 4.040304836261322308, 15.97980723417742333 ) ) ;
#1022 = DIRECTION ( 'NONE',  ( -0.9953252084755900286, 0.000000000000000000, 0.09658017070301405660 ) ) ;
#1023 = EDGE_CURVE ( 'NONE', #5479, #456, #5894, .T. ) ;
#1024 = ORIENTED_EDGE ( 'NONE', *, *, #2342, .F. ) ;
#1025 = VERTEX_POINT ( 'NONE', #739 ) ;
#1026 = DIRECTION ( 'NONE',  ( 0.000000000000000000, -1.000000000000000000, 0.000000000000000000 ) ) ;
#1027 = CARTESIAN_POINT ( 'NONE',  ( 29.23211180537276732, 4.499987183287387893, 0.3051145768317808926 ) ) ;
#1028 = CARTESIAN_POINT ( 'NONE',  ( -11.42250812657661818, 4.114954233987635490, -1.978482244567787651 ) ) ;
#1029 = CARTESIAN_POINT ( 'NONE',  ( -28.53200000000000358, 0.000000000000000000, -5.500000000000000000 ) ) ;
#1030 = CARTESIAN_POINT ( 'NONE',  ( 14.90061806856162363, 4.839127919518625198, -5.290314333692110793 ) ) ;
#1031 =( BOUNDED_SURFACE ( )  B_SPLINE_SURFACE ( 3, 2, ( 
 ( #2387, #5139, #1894 ),
 ( #1985, #5641, #4801 ),
 ( #553, #3754, #4239 ),
 ( #900, #1919, #8 ),
 ( #5725, #3253, #3780 ),
 ( #522, #926, #954 ),
 ( #5667, #1950, #2817 ),
 ( #1391, #1482, #2789 ),
 ( #4703, #6091, #1417 ),
 ( #1015, #496, #987 ),
 ( #3802, #4678, #3375 ),
 ( #3282, #63, #2909 ) ),
 .UNSPECIFIED., .F., .F., .T. ) 
 B_SPLINE_SURFACE_WITH_KNOTS ( ( 4, 2, 2, 2, 2, 4 ),
 ( 3, 3 ),
 ( 0.000000000000000000, 0.003436555838132111015, 0.005154833757198166305, 0.006013972716731194601, 0.006443542196497708749, 0.006873111676264222029 ),
 ( 0.000000000000000000, 1.000000000000000000 ),
 .UNSPECIFIED. ) 
 GEOMETRIC_REPRESENTATION_ITEM ( )  RATIONAL_B_SPLINE_SURFACE ( (
 ( 1.000000000000000000, 0.8339203616122489171, 1.000000000000000000),
 ( 1.000000000000000000, 0.7594712514190915531, 1.000000000000000000),
 ( 1.000000000000000000, 0.6775885966252441772, 1.000000000000000000),
 ( 1.000000000000000000, 0.5379120954250690145, 1.000000000000000000),
 ( 1.000000000000000000, 0.4886290176592815171, 1.000000000000000000),
 ( 1.000000000000000000, 0.4054941306471661067, 1.000000000000000000),
 ( 1.000000000000000000, 0.3762366528632935525, 1.000000000000000000),
 ( 1.000000000000000000, 0.3278620288057712551, 1.000000000000000000),
 ( 1.000000000000000000, 0.3109767205928815059, 1.000000000000000000),
 ( 1.000000000000000000, 0.2748058357492792481, 1.000000000000000000),
 ( 1.000000000000000000, 0.2555332891449250132, 1.000000000000000000),
 ( 1.000000000000000000, 0.2341401062345701278, 1.000000000000000000) ) ) 
 REPRESENTATION_ITEM ( '' )  SURFACE ( )  );
#1032 = ORIENTED_EDGE ( 'NONE', *, *, #2580, .T. ) ;
#1033 = EDGE_CURVE ( 'NONE', #3506, #5802, #4216, .T. ) ;
#1034 = ORIENTED_EDGE ( 'NONE', *, *, #2845, .T. ) ;
#1035 = DIRECTION ( 'NONE',  ( 0.000000000000000000, 0.000000000000000000, -1.000000000000000000 ) ) ;
#1036 = CARTESIAN_POINT ( 'NONE',  ( 24.53200000000000003, 4.450000000000000178, 0.000000000000000000 ) ) ;
#1037 = CARTESIAN_POINT ( 'NONE',  ( -11.29749686032283407, 4.529076594601921357, -26.17148966787070208 ) ) ;
#1038 = CARTESIAN_POINT ( 'NONE',  ( 10.72004411398198442, 4.109174983694057204, -2.828815091153308536 ) ) ;
#1039 = CARTESIAN_POINT ( 'NONE',  ( -24.53200000000000003, -5.000000000000000000, 0.000000000000000000 ) ) ;
#1040 = EDGE_LOOP ( 'NONE', ( #2438, #5613, #4692, #5552 ) ) ;
#1041 = AXIS2_PLACEMENT_3D ( 'NONE', #5936, #1757, #5063 ) ;
#1042 = ADVANCED_FACE ( 'NONE', ( #4027 ), #1707, .T. ) ;
#1043 = LINE ( 'NONE', #2846, #476 ) ;
#1044 = ADVANCED_FACE ( 'NONE', ( #3567 ), #3125, .T. ) ;
#1045 = CARTESIAN_POINT ( 'NONE',  ( 2.364576677641247580E-13, 2.875499914012058511, 17.00000000000000000 ) ) ;
#1046 = CARTESIAN_POINT ( 'NONE',  ( 46.23399115709613483, 6.500473438247831304, 12.69047293166415713 ) ) ;
#1047 = EDGE_CURVE ( 'NONE', #4099, #5519, #2642, .T. ) ;
#1048 = CARTESIAN_POINT ( 'NONE',  ( -9.561881526210925131, 4.071098551924564823, -26.65190433222189625 ) ) ;
#1049 = CARTESIAN_POINT ( 'NONE',  ( 49.82957131022428854, 4.871264618886807618, -6.573460287590430440 ) ) ;
#1050 = ADVANCED_FACE ( 'NONE', ( #3184 ), #4995, .T. ) ;
#1051 = ORIENTED_EDGE ( 'NONE', *, *, #1637, .F. ) ;
#1052 = CIRCLE ( 'NONE', #3428, 2.999999999999999112 ) ;
#1053 = B_SPLINE_CURVE_WITH_KNOTS ( 'NONE', 3,
 ( #529, #1059, #2948, #5172, #4745, #2422, #440, #4245 ),
 .UNSPECIFIED., .F., .F.,
 ( 4, 2, 2, 4 ),
 ( 1.592854986122347850E-17, 0.0008407499627856047236, 0.001261124944178399279, 0.001681499925571194052 ),
 .UNSPECIFIED. ) ;
#1054 = ORIENTED_EDGE ( 'NONE', *, *, #1047, .T. ) ;
#1055 = CARTESIAN_POINT ( 'NONE',  ( -49.30403743675446293, 5.214066148730219119, 7.640169522746724340 ) ) ;
#1056 = DIRECTION ( 'NONE',  ( -0.9778480890255391023, -0.09360888289982036148, -0.1872177658005494960 ) ) ;
#1057 = CARTESIAN_POINT ( 'NONE',  ( -16.43738448628261395, 6.027546870309286930, 14.95722410712830452 ) ) ;
#1058 = CARTESIAN_POINT ( 'NONE',  ( -2.689860100823509903, 2.999381642125511060, 17.39820462327147155 ) ) ;
#1059 = CARTESIAN_POINT ( 'NONE',  ( 11.29814232386945072, 4.133802592697289668, -2.229142219285209059 ) ) ;
#1060 = AXIS2_PLACEMENT_3D ( 'NONE', #4471, #3981, #2581 ) ;
#1061 = VERTEX_POINT ( 'NONE', #1480 ) ;
#1062 = EDGE_LOOP ( 'NONE', ( #2299, #2487, #2644, #3422 ) ) ;
#1063 = CARTESIAN_POINT ( 'NONE',  ( -10.19795791041799937, 4.004316704203167987, -2.990805478917196059 ) ) ;
#1064 = CIRCLE ( 'NONE', #178, 15.09999999999999964 ) ;
#1065 = CARTESIAN_POINT ( 'NONE',  ( 27.39931183352645405, 4.670268012944201352, 3.736603386782134439 ) ) ;
#1066 = CARTESIAN_POINT ( 'NONE',  ( -24.53200000000000003, 0.000000000000000000, 19.88359213500125477 ) ) ;
#1067 = CARTESIAN_POINT ( 'NONE',  ( 0.000000000000000000, 7.858975779269959716, 24.26377495386450533 ) ) ;
#1068 = CARTESIAN_POINT ( 'NONE',  ( 38.55695607195517738, 8.000000000000000000, -19.48717526990508020 ) ) ;
#1069 = ORIENTED_EDGE ( 'NONE', *, *, #852, .F. ) ;
#1070 = VERTEX_POINT ( 'NONE', #3751 ) ;
#1071 = DIRECTION ( 'NONE',  ( -0.000000000000000000, -1.000000000000000000, 0.000000000000000000 ) ) ;
#1072 = CARTESIAN_POINT ( 'NONE',  ( -1.271084637267623885, 2.999999999991137312, -27.29999999998108606 ) ) ;
#1073 = CARTESIAN_POINT ( 'NONE',  ( -4.653279768454543941, 2.709766564136213418, 26.67493180737825398 ) ) ;
#1074 = CARTESIAN_POINT ( 'NONE',  ( 8.652465902759821859, 2.754389497336378057, -26.80877899467361658 ) ) ;
#1075 = AXIS2_PLACEMENT_3D ( 'NONE', #1204, #5815, #5374 ) ;
#1076 = CARTESIAN_POINT ( 'NONE',  ( -19.02117702967368373, 5.316872829884227158, 8.512736510918310628 ) ) ;
#1077 = ORIENTED_EDGE ( 'NONE', *, *, #1563, .F. ) ;
#1078 = CIRCLE ( 'NONE', #4541, 24.26377495386450533 ) ;
#1079 = CARTESIAN_POINT ( 'NONE',  ( 38.55695607195518448, 8.000000000000000000, 19.48717526990507309 ) ) ;
#1080 = DIRECTION ( 'NONE',  ( 0.000000000000000000, -1.000000000000000000, 0.000000000000000000 ) ) ;
#1081 = DIRECTION ( 'NONE',  ( 1.000000000000000000, -0.000000000000000000, -0.000000000000000000 ) ) ;
#1082 = AXIS2_PLACEMENT_3D ( 'NONE', #3116, #918, #2838 ) ;
#1083 = CARTESIAN_POINT ( 'NONE',  ( -6.241618199568438996, 3.457626150008158650, -27.10173309549303156 ) ) ;
#1084 = CARTESIAN_POINT ( 'NONE',  ( 50.53906684273133010, 4.558674121733102602, -4.260060174322189752 ) ) ;
#1085 = EDGE_CURVE ( 'NONE', #927, #2377, #3623, .T. ) ;
#1086 = ORIENTED_EDGE ( 'NONE', *, *, #3493, .F. ) ;
#1087 = EDGE_CURVE ( 'NONE', #5623, #1025, #2815, .T. ) ;
#1088 = VECTOR ( 'NONE', #3257, 1000.000000000000000 ) ;
#1089 = CARTESIAN_POINT ( 'NONE',  ( 7.115448343667629238, 3.584082832115945916, 18.17056427011637254 ) ) ;
#1090 = CARTESIAN_POINT ( 'NONE',  ( -50.64052720365523896, 4.539580463300072921, 1.801119478971552335 ) ) ;
#1091 = CARTESIAN_POINT ( 'NONE',  ( 3.817837745200034938, 3.171185908251302088, -27.64237181650260311 ) ) ;
#1092 = CARTESIAN_POINT ( 'NONE',  ( -16.32128309300606261, 6.002994780578270628, 15.07820016299933563 ) ) ;
#1093 = CARTESIAN_POINT ( 'NONE',  ( -9.312254153803516843, 3.787677360491482403, 16.06675499861011858 ) ) ;
#1094 = CARTESIAN_POINT ( 'NONE',  ( 0.5325803394394417190, 3.002536986505945027, 22.96470065593217669 ) ) ;
#1095 = CONICAL_SURFACE ( 'NONE', #9, 24.17565324045341058, 0.5585053606381804592 ) ;
#1096 = ORIENTED_EDGE ( 'NONE', *, *, #4017, .T. ) ;
#1097 = ORIENTED_EDGE ( 'NONE', *, *, #3755, .F. ) ;
#1098 = CARTESIAN_POINT ( 'NONE',  ( -10.24369005921126252, 2.262326172866460094, -25.82465234573291823 ) ) ;
#1099 = CARTESIAN_POINT ( 'NONE',  ( 26.04813220319065081, 4.743063836282749079, -4.459399305407267811 ) ) ;
#1100 = CARTESIAN_POINT ( 'NONE',  ( -38.55695607195518448, 8.000000000000000000, 19.48717526990507309 ) ) ;
#1101 = CARTESIAN_POINT ( 'NONE',  ( -5.155653159387785678, 2.533527448614586230, -26.36705489722917761 ) ) ;
#1102 = CARTESIAN_POINT ( 'NONE',  ( -29.45561420988313728, 4.830598395290299329, -5.198004431195801800 ) ) ;
#1103 = VERTEX_POINT ( 'NONE', #6 ) ;
#1104 = B_SPLINE_CURVE_WITH_KNOTS ( 'NONE', 3,
 ( #4075, #3611, #4104, #823 ),
 .UNSPECIFIED., .F., .F.,
 ( 4, 4 ),
 ( 0.000000000000000000, 0.007947983980026341808 ),
 .UNSPECIFIED. ) ;
#1105 = ORIENTED_EDGE ( 'NONE', *, *, #3318, .F. ) ;
#1106 = CARTESIAN_POINT ( 'NONE',  ( 19.38026794183021195, 7.321241117110091068, 24.59978886370751283 ) ) ;
#1107 = CARTESIAN_POINT ( 'NONE',  ( -22.42279038960837312, 7.858975779272849849, 24.26377495386269345 ) ) ;
#1108 = EDGE_CURVE ( 'NONE', #1460, #1997, #2058, .T. ) ;
#1109 = CARTESIAN_POINT ( 'NONE',  ( -6.830890020108552285, 3.547961555261591293, 27.02528243588571399 ) ) ;
#1110 = CARTESIAN_POINT ( 'NONE',  ( -50.74860588218108148, 4.566897444299277353, -2.417028678700768207 ) ) ;
#1111 = EDGE_CURVE ( 'NONE', #2876, #2828, #6089, .T. ) ;
#1112 = ORIENTED_EDGE ( 'NONE', *, *, #1612, .F. ) ;
#1113 = LINE ( 'NONE', #1542, #3539 ) ;
#1114 = CARTESIAN_POINT ( 'NONE',  ( 1.682399737106653692, 3.024503626680116408, -4.388914863944196831 ) ) ;
#1115 = DIRECTION ( 'NONE',  ( -0.000000000000000000, 1.000000000000000000, -0.000000000000000000 ) ) ;
#1116 = FACE_OUTER_BOUND ( 'NONE', #5642, .T. ) ;
#1117 = ORIENTED_EDGE ( 'NONE', *, *, #482, .F. ) ;
#1118 = DIRECTION ( 'NONE',  ( 0.000000000000000000, 0.000000000000000000, 1.000000000000000000 ) ) ;
#1119 = CARTESIAN_POINT ( 'NONE',  ( 4.078575790220692276, 2.626446581901024757, -26.55289316380205378 ) ) ;
#1120 = CARTESIAN_POINT ( 'NONE',  ( -16.57492440079637319, 6.042028105439341878, 14.74688809291569491 ) ) ;
#1121 = CARTESIAN_POINT ( 'NONE',  ( -11.98280585539395737, 4.030037863236879403, -0.8491990201258756699 ) ) ;
#1122 = CARTESIAN_POINT ( 'NONE',  ( -50.80675604738625140, 4.540288357827733101, 1.817218164915962220 ) ) ;
#1123 = EDGE_LOOP ( 'NONE', ( #3047, #271, #2163, #5287 ) ) ;
#1124 = EDGE_CURVE ( 'NONE', #4380, #1623, #555, .T. ) ;
#1125 = ORIENTED_EDGE ( 'NONE', *, *, #1419, .F. ) ;
#1126 = DIRECTION ( 'NONE',  ( -1.000000000000000000, 0.000000000000000000, 0.000000000000000000 ) ) ;
#1127 = CARTESIAN_POINT ( 'NONE',  ( 18.16535957433488946, 4.901129344949977096, 6.183726625180520742 ) ) ;
#1128 = CARTESIAN_POINT ( 'NONE',  ( -42.83090035035507981, 7.766691546091629483, 16.21888844041864175 ) ) ;
#1129 = CARTESIAN_POINT ( 'NONE',  ( -9.758638853584262307, 3.966407959892670920, -26.64152221140301435 ) ) ;
#1130 = CARTESIAN_POINT ( 'NONE',  ( 3.338091729509655270, 0.2535589481529545997, 21.61603218935015391 ) ) ;
#1131 = EDGE_CURVE ( 'NONE', #2851, #574, #1548, .T. ) ;
#1132 = EDGE_LOOP ( 'NONE', ( #4749, #5589, #4188, #3607, #2867, #5674, #5758, #726 ) ) ;
#1133 = EDGE_CURVE ( 'NONE', #3480, #4249, #1013, .T. ) ;
#1134 = ORIENTED_EDGE ( 'NONE', *, *, #4106, .F. ) ;
#1135 = DIRECTION ( 'NONE',  ( -0.7691273432445231428, 0.000000000000000000, 0.6390955561366558069 ) ) ;
#1136 = CYLINDRICAL_SURFACE ( 'NONE', #2173, 1.500000000000000444 ) ;
#1137 = DIRECTION ( 'NONE',  ( 0.000000000000000000, 0.000000000000000000, 1.000000000000000000 ) ) ;
#1138 = CARTESIAN_POINT ( 'NONE',  ( -16.65105256383649746, 4.567785675276615720, 2.632913830915463826 ) ) ;
#1139 = EDGE_LOOP ( 'NONE', ( #1929, #6112, #557, #5488 ) ) ;
#1140 = CARTESIAN_POINT ( 'NONE',  ( 50.89432957107288757, 4.398845855716134956, -1.831935292267161897 ) ) ;
#1141 = CARTESIAN_POINT ( 'NONE',  ( 0.9832738525273730934, 2.913160456167765755, 17.15473940059043301 ) ) ;
#1142 = DIRECTION ( 'NONE',  ( -1.000000000000000000, -0.000000000000000000, -0.000000000000000000 ) ) ;
#1143 = CARTESIAN_POINT ( 'NONE',  ( 0.000000000000000000, 1.049999999999999822, 20.00000000000000000 ) ) ;
#1144 = DIRECTION ( 'NONE',  ( -0.000000000000000000, -0.000000000000000000, 1.000000000000000000 ) ) ;
#1145 = CIRCLE ( 'NONE', #5889, 7.900000000000000355 ) ;
#1146 = CARTESIAN_POINT ( 'NONE',  ( -19.35000152869181278, 7.426552171916011247, -24.53398321314206143 ) ) ;
#1147 = CARTESIAN_POINT ( 'NONE',  ( -16.62610814969520945, 6.301222468200560201, 15.73221050965329226 ) ) ;
#1148 = CARTESIAN_POINT ( 'NONE',  ( -13.45552946564565389, 4.631171296088600009, -3.283739957151088795 ) ) ;
#1149 = DIRECTION ( 'NONE',  ( 0.000000000000000000, 0.000000000000000000, -1.000000000000000000 ) ) ;
#1150 = EDGE_LOOP ( 'NONE', ( #5779, #2122, #1648, #1727, #5234, #1540, #6069 ) ) ;
#1151 = AXIS2_PLACEMENT_3D ( 'NONE', #560, #1423, #3346 ) ;
#1152 = ORIENTED_EDGE ( 'NONE', *, *, #617, .F. ) ;
#1153 = DIRECTION ( 'NONE',  ( 0.000000000000000000, 1.000000000000000000, -0.000000000000000000 ) ) ;
#1154 = CARTESIAN_POINT ( 'NONE',  ( 16.14074846447409328, 4.511772595720216827, 1.516278626775051430 ) ) ;
#1155 = CARTESIAN_POINT ( 'NONE',  ( -40.88307785912487446, 7.858975781539757399, 18.12651484555293280 ) ) ;
#1156 = AXIS2_PLACEMENT_3D ( 'NONE', #537, #2894, #5271 ) ;
#1157 = CARTESIAN_POINT ( 'NONE',  ( 11.37724389698395555, 4.398845855716136732, 26.42590409671763041 ) ) ;
#1158 = CARTESIAN_POINT ( 'NONE',  ( 23.45207879911716731, 8.000000000000000000, -24.00936052501757700 ) ) ;
#1159 = EDGE_CURVE ( 'NONE', #5465, #3321, #2228, .T. ) ;
#1160 = ORIENTED_EDGE ( 'NONE', *, *, #858, .F. ) ;
#1161 = AXIS2_PLACEMENT_3D ( 'NONE', #255, #1153, #4466 ) ;
#1162 = EDGE_CURVE ( 'NONE', #5793, #5050, #2073, .T. ) ;
#1163 = ORIENTED_EDGE ( 'NONE', *, *, #1491, .F. ) ;
#1164 = CARTESIAN_POINT ( 'NONE',  ( -47.68279092141737152, 5.779009544462047288, -10.85741684709938504 ) ) ;
#1165 = CARTESIAN_POINT ( 'NONE',  ( 13.45477254571824410, 4.971712450737715727, 26.06793731875599818 ) ) ;
#1166 = CARTESIAN_POINT ( 'NONE',  ( -5.458781571301147828, 3.351064981118366148, 26.55152552345956707 ) ) ;
#1167 = DIRECTION ( 'NONE',  ( -0.000000000000000000, -1.000000000000000000, -0.000000000000000000 ) ) ;
#1168 = VECTOR ( 'NONE', #3379, 1000.000000000000000 ) ;
#1169 = ORIENTED_EDGE ( 'NONE', *, *, #1087, .F. ) ;
#1170 = CIRCLE ( 'NONE', #3943, 1.000000000000000000 ) ;
#1171 = DIRECTION ( 'NONE',  ( -0.000000000000000000, -1.000000000000000000, -0.000000000000000000 ) ) ;
#1172 = DIRECTION ( 'NONE',  ( 0.000000000000000000, 0.000000000000000000, 1.000000000000000000 ) ) ;
#1173 = DIRECTION ( 'NONE',  ( -0.000000000000000000, 1.000000000000000000, -0.000000000000000000 ) ) ;
#1174 = AXIS2_PLACEMENT_3D ( 'NONE', #1265, #427, #333 ) ;
#1175 = EDGE_CURVE ( 'NONE', #4275, #3480, #1350, .T. ) ;
#1176 = LINE ( 'NONE', #2172, #5207 ) ;
#1177 = AXIS2_PLACEMENT_3D ( 'NONE', #4726, #485, #3329 ) ;
#1178 = LINE ( 'NONE', #1586, #4550 ) ;
#1179 = EDGE_CURVE ( 'NONE', #1492, #1599, #5251, .T. ) ;
#1180 = CARTESIAN_POINT ( 'NONE',  ( -17.79377101239044734, 6.435784010354512752, 13.92705575671077334 ) ) ;
#1181 = CARTESIAN_POINT ( 'NONE',  ( -4.078575790245140276, 2.626446581898914445, -26.55289316379783315 ) ) ;
#1182 = FACE_BOUND ( 'NONE', #2313, .T. ) ;
#1183 = B_SPLINE_CURVE_WITH_KNOTS ( 'NONE', 3,
 ( #3874, #2944, #469, #2361, #14, #1453, #1897, #5698, #5671, #3345, #1422, #5229 ),
 .UNSPECIFIED., .F., .F.,
 ( 4, 2, 2, 2, 2, 4 ),
 ( 0.007051046784733523871, 0.007638800859749617263, 0.007932677897257663091, 0.008226554934765709787, 0.008814309009781803178, 0.009402063084797896569 ),
 .UNSPECIFIED. ) ;
#1184 = ORIENTED_EDGE ( 'NONE', *, *, #3740, .F. ) ;
#1185 = CIRCLE ( 'NONE', #3361, 0.2999999999999994893 ) ;
#1186 = ORIENTED_EDGE ( 'NONE', *, *, #974, .T. ) ;
#1187 = CARTESIAN_POINT ( 'NONE',  ( -24.53200000000000003, 0.6334368540005033132, 0.000000000000000000 ) ) ;
#1188 = CARTESIAN_POINT ( 'NONE',  ( 17.33414519935559284, 6.695652173916673888, -19.48717526991830340 ) ) ;
#1189 = CARTESIAN_POINT ( 'NONE',  ( 12.40143747492634851, 4.565510508165131043, -2.646318579410186000 ) ) ;
#1190 = FACE_BOUND ( 'NONE', #1617, .T. ) ;
#1191 = EDGE_CURVE ( 'NONE', #901, #3399, #168, .T. ) ;
#1192 = CARTESIAN_POINT ( 'NONE',  ( 50.58146325216700490, 4.566151681482109481, -2.405392686298472693 ) ) ;
#1193 = ORIENTED_EDGE ( 'NONE', *, *, #3878, .F. ) ;
#1194 = EDGE_LOOP ( 'NONE', ( #5765, #2793, #198, #4600, #4434 ) ) ;
#1195 = CARTESIAN_POINT ( 'NONE',  ( -24.53200000000000003, -3.500000000000000000, -5.000000000000000000 ) ) ;
#1196 = DIRECTION ( 'NONE',  ( 0.000000000000000000, 1.000000000000000000, -0.000000000000000000 ) ) ;
#1197 = CARTESIAN_POINT ( 'NONE',  ( -9.732792814061616227, 3.850106105030748349, 26.68487968235342223 ) ) ;
#1198 = CARTESIAN_POINT ( 'NONE',  ( 24.53200000000000003, 81.49999999999998579, -4.700000000000000178 ) ) ;
#1199 = ORIENTED_EDGE ( 'NONE', *, *, #5066, .F. ) ;
#1200 =( BOUNDED_SURFACE ( )  B_SPLINE_SURFACE ( 3, 2, ( 
 ( #5450, #4620, #4184 ),
 ( #315, #3220, #5975 ),
 ( #5953, #1839, #3097 ),
 ( #1780, #838, #1744 ) ),
 .UNSPECIFIED., .F., .F., .T. ) 
 B_SPLINE_SURFACE_WITH_KNOTS ( ( 4, 4 ),
 ( 3, 3 ),
 ( 0.07957743505384713700, 0.08562316481367501786 ),
 ( 0.000000000000000000, 1.000000000000000000 ),
 .UNSPECIFIED. ) 
 GEOMETRIC_REPRESENTATION_ITEM ( )  RATIONAL_B_SPLINE_SURFACE ( (
 ( 1.000000000000000000, 0.9633219246102429079, 1.000000000000000000),
 ( 1.000000000000000000, 0.9680455808431893683, 1.000000000000000000),
 ( 1.000000000000000000, 0.9722918843553837176, 1.000000000000000000),
 ( 1.000000000000000000, 0.9760371827485622154, 1.000000000000000000) ) ) 
 REPRESENTATION_ITEM ( '' )  SURFACE ( )  );
#1201 = DIRECTION ( 'NONE',  ( -0.000000000000000000, 1.000000000000000000, -0.000000000000000000 ) ) ;
#1202 = CARTESIAN_POINT ( 'NONE',  ( 44.47687577975150930, 7.062499999999999112, 14.26739617975193042 ) ) ;
#1203 = CARTESIAN_POINT ( 'NONE',  ( 24.53200000000000358, 0.5000000000000000000, 15.10000000000000142 ) ) ;
#1204 = CARTESIAN_POINT ( 'NONE',  ( -24.53200000000000003, 4.398845855716134956, 0.000000000000000000 ) ) ;
#1205 = CARTESIAN_POINT ( 'NONE',  ( 50.36970493895009326, 4.633417319493622344, 4.835386896653401045 ) ) ;
#1206 = CARTESIAN_POINT ( 'NONE',  ( 8.131223797046060215E-14, 2.999999999999993783, -26.02917960675005205 ) ) ;
#1207 = CARTESIAN_POINT ( 'NONE',  ( -17.33414519934746068, 6.695652173913041239, 19.48717526990506599 ) ) ;
#1208 = CARTESIAN_POINT ( 'NONE',  ( -4.613387459388333056, 3.250185086483344588, -26.50108355381036063 ) ) ;
#1209 = CARTESIAN_POINT ( 'NONE',  ( 1.757298250135088447, 3.036215795672134732, 22.43513312508009960 ) ) ;
#1210 = ORIENTED_EDGE ( 'NONE', *, *, #3514, .T. ) ;
#1211 = ORIENTED_EDGE ( 'NONE', *, *, #2628, .F. ) ;
#1212 = CARTESIAN_POINT ( 'NONE',  ( -23.45207879911709981, 7.858975779269961492, -24.26377495386450178 ) ) ;
#1213 = CARTESIAN_POINT ( 'NONE',  ( 19.79990631387987676, 5.976397009105697045, 10.90343095627108205 ) ) ;
#1214 = CARTESIAN_POINT ( 'NONE',  ( -23.45207879911715310, -6.999999999999999112, -27.30000000000000071 ) ) ;
#1215 = CARTESIAN_POINT ( 'NONE',  ( 19.72233461622342432, 6.147464930681561412, 11.52353123882969221 ) ) ;
#1216 = DIRECTION ( 'NONE',  ( 0.000000000000000000, 1.000000000000000000, -0.000000000000000000 ) ) ;
#1217 = DIRECTION ( 'NONE',  ( 0.000000000000000000, -1.000000000000000000, 0.000000000000000000 ) ) ;
#1218 = ORIENTED_EDGE ( 'NONE', *, *, #3085, .F. ) ;
#1219 = ORIENTED_EDGE ( 'NONE', *, *, #2657, .F. ) ;
#1220 = CARTESIAN_POINT ( 'NONE',  ( -49.85720094387709622, 4.859613419710107074, -6.579365803533214319 ) ) ;
#1221 = FACE_OUTER_BOUND ( 'NONE', #5166, .T. ) ;
#1222 = CYLINDRICAL_SURFACE ( 'NONE', #756, 5.999999999999998224 ) ;
#1223 = DIRECTION ( 'NONE',  ( 0.000000000000000000, -0.5299192642332006820, 0.8480480961564286213 ) ) ;
#1224 = ORIENTED_EDGE ( 'NONE', *, *, #681, .F. ) ;
#1225 = VERTEX_POINT ( 'NONE', #1634 ) ;
#1226 = DIRECTION ( 'NONE',  ( 0.000000000000000000, -0.000000000000000000, -1.000000000000000000 ) ) ;
#1227 = CARTESIAN_POINT ( 'NONE',  ( 23.45207879911716731, -6.999999999999999112, -27.30000000000000071 ) ) ;
#1228 = CARTESIAN_POINT ( 'NONE',  ( 0.000000000000000000, 4.398845855716135844, -26.42590409671763041 ) ) ;
#1229 =( BOUNDED_SURFACE ( )  B_SPLINE_SURFACE ( 3, 2, ( 
 ( #335, #3655, #803 ),
 ( #2230, #2690, #5538 ),
 ( #6085, #862, #3118 ),
 ( #1832, #2754, #1802 ),
 ( #5101, #5994, #1858 ),
 ( #3716, #4578, #5598 ),
 ( #429, #1358, #5012 ),
 ( #1298, #2718, #4113 ),
 ( #1768, #3182, #1269 ),
 ( #3750, #5073, #2295 ),
 ( #3248, #370, #400 ),
 ( #5503, #2261, #5135 ),
 ( #5567, #4144, #769 ),
 ( #1734, #1234, #3151 ) ),
 .UNSPECIFIED., .F., .F., .T. ) 
 B_SPLINE_SURFACE_WITH_KNOTS ( ( 4, 2, 2, 2, 2, 2, 4 ),
 ( 3, 3 ),
 ( -1.405126015541213746E-16, 0.0004991809389040832799, 0.0007487714083561951761, 0.0009983618778083070723, 0.001247952347260418860, 0.001497542816712530865, 0.001996723755616754657 ),
 ( 0.000000000000000000, 1.000000000000000000 ),
 .UNSPECIFIED. ) 
 GEOMETRIC_REPRESENTATION_ITEM ( )  RATIONAL_B_SPLINE_SURFACE ( (
 ( 1.000000000000000000, 0.9868861587615802566, 1.000000000000000000),
 ( 1.000000000000000000, 0.9879780560213603513, 1.000000000000000000),
 ( 1.000000000000000000, 0.9889902534313632643, 1.000000000000000000),
 ( 1.000000000000000000, 0.9903280830521355993, 1.000000000000000000),
 ( 1.000000000000000000, 0.9907438645351022144, 1.000000000000000000),
 ( 1.000000000000000000, 0.9915010127586910693, 1.000000000000000000),
 ( 1.000000000000000000, 0.9918441407167261081, 1.000000000000000000),
 ( 1.000000000000000000, 0.9924221269245011579, 1.000000000000000000),
 ( 1.000000000000000000, 0.9926589145571944606, 1.000000000000000000),
 ( 1.000000000000000000, 0.9930162816937686543, 1.000000000000000000),
 ( 1.000000000000000000, 0.9931368676278750085, 1.000000000000000000),
 ( 1.000000000000000000, 0.9933007780479568005, 1.000000000000000000),
 ( 1.000000000000000000, 0.9931536891437720005, 1.000000000000000000),
 ( 1.000000000000000000, 0.9927824020030510122, 1.000000000000000000) ) ) 
 REPRESENTATION_ITEM ( '' )  SURFACE ( )  );
#1230 = ADVANCED_FACE ( 'NONE', ( #2997 ), #2105, .T. ) ;
#1231 = ADVANCED_FACE ( 'NONE', ( #3434 ), #1835, .T. ) ;
#1232 = CARTESIAN_POINT ( 'NONE',  ( -14.85545430707646197, 4.360863266220594170, 6.499999999999682032 ) ) ;
#1233 = CARTESIAN_POINT ( 'NONE',  ( 1.376851648102243031, 3.022041507620146561, -20.63736910467071795 ) ) ;
#1234 = CARTESIAN_POINT ( 'NONE',  ( -10.21941582766852541, 4.246875794570626361, -3.926036099298741089 ) ) ;
#1235 = COORDINATED_UNIVERSAL_TIME_OFFSET ( 8, 0, .AHEAD. ) ;
#1236 = FACE_OUTER_BOUND ( 'NONE', #5266, .T. ) ;
#1237 = CARTESIAN_POINT ( 'NONE',  ( -16.14074846447540423, 4.511772595720218604, 1.516278626774818505 ) ) ;
#1238 = AXIS2_PLACEMENT_3D ( 'NONE', #3883, #49, #4344 ) ;
#1239 = DIRECTION ( 'NONE',  ( 0.000000000000000000, 0.000000000000000000, 1.000000000000000000 ) ) ;
#1240 = EDGE_CURVE ( 'NONE', #5511, #45, #2743, .T. ) ;
#1241 = ORIENTED_EDGE ( 'NONE', *, *, #2144, .T. ) ;
#1242 = B_SPLINE_CURVE_WITH_KNOTS ( 'NONE', 3,
 ( #2341, #538, #4784, #5620, #83, #447, #1878, #5272, #1030, #2925, #4819, #572, #6077, #6107 ),
 .UNSPECIFIED., .F., .F.,
 ( 4, 2, 2, 2, 2, 2, 4 ),
 ( 0.003655814137019624665, 0.007445066609087737028, 0.01123431908115585069, 0.01502357155322396436, 0.01691819778925801945, 0.01786551090727504440, 0.01881282402529207282 ),
 .UNSPECIFIED. ) ;
#1243 = VECTOR ( 'NONE', #5731, 1000.000000000000000 ) ;
#1244 = VERTEX_POINT ( 'NONE', #5402 ) ;
#1245 = CARTESIAN_POINT ( 'NONE',  ( -24.53200000000000003, 3.603966959366334155, 25.15383195248298520 ) ) ;
#1246 = CARTESIAN_POINT ( 'NONE',  ( 0.8269531789770784291, 2.999233023414066501, -5.406187084337988225 ) ) ;
#1247 = CARTESIAN_POINT ( 'NONE',  ( -24.53200000000000003, -4.000000000000000000, -6.500000000000000000 ) ) ;
#1248 = CARTESIAN_POINT ( 'NONE',  ( 20.98988406042407107, 4.617117822641133351, -3.104387976688209427 ) ) ;
#1249 = CARTESIAN_POINT ( 'NONE',  ( 4.182110362175409435, 3.146350203122509015, 27.13334144816504434 ) ) ;
#1250 = ORIENTED_EDGE ( 'NONE', *, *, #2093, .F. ) ;
#1251 = B_SPLINE_CURVE_WITH_KNOTS ( 'NONE', 3,
 ( #4343, #4815, #5740, #2516 ),
 .UNSPECIFIED., .F., .F.,
 ( 4, 4 ),
 ( 0.000000000000000000, 0.007947983980026341808 ),
 .UNSPECIFIED. ) ;
#1252 = ORIENTED_EDGE ( 'NONE', *, *, #1750, .T. ) ;
#1253 = CARTESIAN_POINT ( 'NONE',  ( 3.817837745212866896, 3.171185908252446506, 27.64237181650488040 ) ) ;
#1254 = EDGE_CURVE ( 'NONE', #1935, #4491, #1512, .T. ) ;
#1255 = AXIS2_PLACEMENT_3D ( 'NONE', #3991, #154, #1543 ) ;
#1256 = DIRECTION ( 'NONE',  ( -0.000000000000000000, 1.000000000000000000, -0.000000000000000000 ) ) ;
#1257 = CARTESIAN_POINT ( 'NONE',  ( 15.74393164159705627, 5.805963950947798935, 15.33540644190634161 ) ) ;
#1258 = CARTESIAN_POINT ( 'NONE',  ( -20.43378701602755854, 4.870577163833593737, -5.499999999999944045 ) ) ;
#1259 = VECTOR ( 'NONE', #136, 1000.000000000000000 ) ;
#1260 = ORIENTED_EDGE ( 'NONE', *, *, #3436, .T. ) ;
#1261 = CARTESIAN_POINT ( 'NONE',  ( 4.049987642158390244, 3.193409495701915457, -26.41872908515204088 ) ) ;
#1262 = CARTESIAN_POINT ( 'NONE',  ( -23.45207879911382065, 7.062499999998909317, 14.26739617974898877 ) ) ;
#1263 = CIRCLE ( 'NONE', #3739, 15.10000000000000142 ) ;
#1264 = CARTESIAN_POINT ( 'NONE',  ( -3.685312217659456380, 0.1691237348368036242, 21.30133953309140082 ) ) ;
#1265 = CARTESIAN_POINT ( 'NONE',  ( -50.64052720365379656, 4.239870076446726088, -1.814298402004070221 ) ) ;
#1266 = VECTOR ( 'NONE', #5314, 1000.000000000000000 ) ;
#1267 = CARTESIAN_POINT ( 'NONE',  ( 1.217149607850172899, 3.017109960104228161, -20.72247246255748721 ) ) ;
#1268 = B_SPLINE_CURVE_WITH_KNOTS ( 'NONE', 3,
 ( #4582, #806, #4148, #338 ),
 .UNSPECIFIED., .F., .F.,
 ( 4, 4 ),
 ( 0.000000000000000000, 0.007958555120173269742 ),
 .UNSPECIFIED. ) ;
#1269 = CARTESIAN_POINT ( 'NONE',  ( -11.93799839154562825, 4.568720518843892187, -4.273328331143720682 ) ) ;
#1270 = MECHANICAL_CONTEXT ( 'NONE', #1537, 'mechanical' ) ;
#1271 = CARTESIAN_POINT ( 'NONE',  ( -15.38025627675466467, 5.822837755296496276, 25.35735139315966080 ) ) ;
#1272 = DIRECTION ( 'NONE',  ( 0.000000000000000000, 0.000000000000000000, -1.000000000000000000 ) ) ;
#1273 = CARTESIAN_POINT ( 'NONE',  ( 44.68328546888272257, 6.940225779269961315, 14.52052555676732837 ) ) ;
#1274 = EDGE_CURVE ( 'NONE', #3255, #3859, #1052, .T. ) ;
#1275 = AXIS2_PLACEMENT_3D ( 'NONE', #2373, #3950, #5887 ) ;
#1276 = ORIENTED_EDGE ( 'NONE', *, *, #3439, .F. ) ;
#1277 = CARTESIAN_POINT ( 'NONE',  ( 10.81411707019200641, 4.209896778478517732, -26.52600142245040971 ) ) ;
#1278 = CARTESIAN_POINT ( 'NONE',  ( 1.603857049856149519, -2.382280164152718741E-19, 19.99459263007331700 ) ) ;
#1279 = DIRECTION ( 'NONE',  ( 0.000000000000000000, 0.000000000000000000, 1.000000000000000000 ) ) ;
#1280 = DIRECTION ( 'NONE',  ( -1.000000000000000000, -0.000000000000000000, -0.000000000000000000 ) ) ;
#1281 = CARTESIAN_POINT ( 'NONE',  ( 5.188993333079677583, 2.530867894091226145, -26.36173578818245389 ) ) ;
#1282 = CARTESIAN_POINT ( 'NONE',  ( -20.53200000000000003, 0.000000000000000000, 5.500000000000000000 ) ) ;
#1283 = VERTEX_POINT ( 'NONE', #3615 ) ;
#1284 = ORIENTED_EDGE ( 'NONE', *, *, #1108, .F. ) ;
#1285 = PRODUCT_DEFINITION_SHAPE ( 'NONE', 'NONE',  #4328 ) ;
#1286 = ORIENTED_EDGE ( 'NONE', *, *, #5507, .F. ) ;
#1287 = CARTESIAN_POINT ( 'NONE',  ( 17.45045835464030404, 6.450432427493881349, 14.73738844285187177 ) ) ;
#1288 = CIRCLE ( 'NONE', #3561, 1.350000000000004086 ) ;
#1289 = DIRECTION ( 'NONE',  ( -1.000000000000000000, -0.000000000000000000, -0.000000000000000000 ) ) ;
#1290 = CARTESIAN_POINT ( 'NONE',  ( -4.759133354964666829, 0.3482721018201397900, 21.90371714826177652 ) ) ;
#1291 = CARTESIAN_POINT ( 'NONE',  ( 4.314687782340543620, 0.1691237348368026805, 21.30133953309140082 ) ) ;
#1292 = ORIENTED_EDGE ( 'NONE', *, *, #855, .F. ) ;
#1293 = LINE ( 'NONE', #826, #359 ) ;
#1294 = CARTESIAN_POINT ( 'NONE',  ( -12.13778474996778911, 4.766537958203342029, -10.02562503654543491 ) ) ;
#1295 = CARTESIAN_POINT ( 'NONE',  ( -9.758672924043498398, 3.966415480624676526, 26.64151843465381120 ) ) ;
#1296 = EDGE_CURVE ( 'NONE', #2882, #5465, #4739, .T. ) ;
#1297 = CARTESIAN_POINT ( 'NONE',  ( 0.1794615184851201806, 2.999999999999992895, -20.99999999999999289 ) ) ;
#1298 = CARTESIAN_POINT ( 'NONE',  ( -10.88760763585812263, 4.126333157335127844, -2.701843796134983933 ) ) ;
#1299 = PERSON_AND_ORGANIZATION ( #2293, #1479 ) ;
#1300 = DIRECTION ( 'NONE',  ( 0.000000000000000000, 0.000000000000000000, -1.000000000000000000 ) ) ;
#1301 = CARTESIAN_POINT ( 'NONE',  ( -24.53200000000000003, -5.000000000000000000, -6.500000000000000000 ) ) ;
#1302 = CARTESIAN_POINT ( 'NONE',  ( -49.77756485664475150, 4.923357630328461632, 5.904900048156576098 ) ) ;
#1303 = ORIENTED_EDGE ( 'NONE', *, *, #5245, .T. ) ;
#1304 = CARTESIAN_POINT ( 'NONE',  ( 3.391943055955448649, 2.881469632107514389, 16.37732371581815016 ) ) ;
#1305 = CARTESIAN_POINT ( 'NONE',  ( -30.03200000000000358, 0.000000000000000000, -4.000000000000000000 ) ) ;
#1306 = FACE_OUTER_BOUND ( 'NONE', #1150, .T. ) ;
#1307 = CARTESIAN_POINT ( 'NONE',  ( 8.126335722955667862, 3.639285080904679504, -26.81377342533246733 ) ) ;
#1308 = CARTESIAN_POINT ( 'NONE',  ( 22.44533881597135760, 4.717841392518391963, -4.222498520169993164 ) ) ;
#1309 = FACE_OUTER_BOUND ( 'NONE', #3850, .T. ) ;
#1310 = ORIENTED_EDGE ( 'NONE', *, *, #1456, .T. ) ;
#1311 = ADVANCED_FACE ( 'NONE', ( #5987 ), #6087, .T. ) ;
#1312 = EDGE_LOOP ( 'NONE', ( #5901, #1408, #5773, #808, #2417 ) ) ;
#1313 = ADVANCED_FACE ( 'NONE', ( #273 ), #5262, .T. ) ;
#1314 = EDGE_LOOP ( 'NONE', ( #2858, #3487 ) ) ;
#1315 = CARTESIAN_POINT ( 'NONE',  ( 17.52218725829911250, 6.590301786324128663, 15.92181081048317104 ) ) ;
#1316 = CARTESIAN_POINT ( 'NONE',  ( -50.72730803747407435, 4.500016008197297523, 0.6022371226273308675 ) ) ;
#1317 = CARTESIAN_POINT ( 'NONE',  ( 23.45207879911698967, -7.000000000000081712, -19.48717526990484572 ) ) ;
#1318 = EDGE_CURVE ( 'NONE', #5804, #77, #2344, .T. ) ;
#1319 = CARTESIAN_POINT ( 'NONE',  ( -20.33404129341923294, 4.869236485520761271, -5.490121527358893694 ) ) ;
#1320 = ADVANCED_FACE ( 'NONE', ( #1764 ), #1668, .T. ) ;
#1321 = ORIENTED_EDGE ( 'NONE', *, *, #966, .T. ) ;
#1322 = DIRECTION ( 'NONE',  ( 0.7691273432445223657, -5.146346312064527450E-15, 0.6390955561366568061 ) ) ;
#1323 = CYLINDRICAL_SURFACE ( 'NONE', #2453, 2.999999999999999112 ) ;
#1324 = DIRECTION ( 'NONE',  ( 0.000000000000000000, 0.000000000000000000, -1.000000000000000000 ) ) ;
#1325 = CARTESIAN_POINT ( 'NONE',  ( 4.078575790232559228, 2.626446581899998911, 26.55289316380000386 ) ) ;
#1326 =( BOUNDED_CURVE ( )  B_SPLINE_CURVE ( 3, ( #6038, #1816, #723, #6008 ),
 .UNSPECIFIED., .F., .T. ) 
 B_SPLINE_CURVE_WITH_KNOTS ( ( 4, 4 ),
 ( 3.410650663176935105, 3.561704131732271073 ),
 .UNSPECIFIED. ) 
 CURVE ( )  GEOMETRIC_REPRESENTATION_ITEM ( )  RATIONAL_B_SPLINE_CURVE ( ( 1.000000000000000000, 0.9980994744895197446, 0.9980994744895197446, 1.000000000000000000 ) ) 
 REPRESENTATION_ITEM ( '' )  );
#1327 = CARTESIAN_POINT ( 'NONE',  ( -17.45650387134285708, 6.421739130434778176, 24.80810656615384246 ) ) ;
#1328 = DIRECTION ( 'NONE',  ( 0.000000000000000000, 0.000000000000000000, -1.000000000000000000 ) ) ;
#1329 = CARTESIAN_POINT ( 'NONE',  ( 0.000000000000000000, 2.262326172866459650, 25.82465234573292179 ) ) ;
#1330 = CARTESIAN_POINT ( 'NONE',  ( -19.03200000000000003, 4.695588473793671724, 4.000000000000000000 ) ) ;
#1331 = PRODUCT ( 'EN02-PALM_TOP', 'EN02-PALM_TOP', '', ( #1270 ) ) ;
#1332 = EDGE_LOOP ( 'NONE', ( #2180, #4723, #2140, #3169 ) ) ;
#1333 = CARTESIAN_POINT ( 'NONE',  ( -11.28043606020052714, 4.284416774546594198, 15.89216356015391440 ) ) ;
#1334 = CARTESIAN_POINT ( 'NONE',  ( -16.96267494177572033, 6.471792886754488272, 16.45951098917428013 ) ) ;
#1335 = CARTESIAN_POINT ( 'NONE',  ( 13.70700975189192405, 4.615423434942687031, -3.074312784341601823 ) ) ;
#1336 = CARTESIAN_POINT ( 'NONE',  ( -10.75961796135493920, 4.384539331415965080, 26.44888184441957435 ) ) ;
#1337 = CARTESIAN_POINT ( 'NONE',  ( -42.83090035035971255, 7.766691546093216658, -16.21888844041403033 ) ) ;
#1338 = CARTESIAN_POINT ( 'NONE',  ( 42.84379120463539437, 7.612974048318670306, -16.35426319876072654 ) ) ;
#1339 = ORIENTED_EDGE ( 'NONE', *, *, #2323, .T. ) ;
#1340 = ORIENTED_EDGE ( 'NONE', *, *, #4948, .T. ) ;
#1341 = VERTEX_POINT ( 'NONE', #1203 ) ;
#1342 = CARTESIAN_POINT ( 'NONE',  ( 16.32217698553310470, 6.003217842623989497, 15.07742423088633288 ) ) ;
#1343 = CARTESIAN_POINT ( 'NONE',  ( -17.33414519934746068, 6.695652173913041239, 19.48717526990506599 ) ) ;
#1344 = CARTESIAN_POINT ( 'NONE',  ( 15.45977670560568562, 4.602588964974618335, 8.306135896727157686 ) ) ;
#1345 = AXIS2_PLACEMENT_3D ( 'NONE', #1214, #2209, #4095 ) ;
#1346 = CARTESIAN_POINT ( 'NONE',  ( -19.33815210226526560, 4.795387655377182590, -4.913371167774918113 ) ) ;
#1347 = EDGE_CURVE ( 'NONE', #2377, #4219, #734, .T. ) ;
#1348 = EDGE_CURVE ( 'NONE', #4219, #5810, #1931, .T. ) ;
#1349 = ORIENTED_EDGE ( 'NONE', *, *, #5842, .F. ) ;
#1350 = CIRCLE ( 'NONE', #4817, 7.900000000000000355 ) ;
#1351 = CARTESIAN_POINT ( 'NONE',  ( 5.458781571301263291, 3.351064981118383024, -26.55152552345808203 ) ) ;
#1352 = CARTESIAN_POINT ( 'NONE',  ( -11.11652438890019390, 4.478960787957341871, -7.501905507580016064 ) ) ;
#1353 = DIRECTION ( 'NONE',  ( -0.000000000000000000, -0.000000000000000000, 1.000000000000000000 ) ) ;
#1354 = CARTESIAN_POINT ( 'NONE',  ( 4.049987642158390244, 3.193409495701916789, -26.41872908515204443 ) ) ;
#1355 = TOROIDAL_SURFACE ( 'NONE', #2440, 25.15383195248298520, 1.500000000000000000 ) ;
#1356 = AXIS2_PLACEMENT_3D ( 'NONE', #4524, #287, #3945 ) ;
#1357 = CARTESIAN_POINT ( 'NONE',  ( 40.71590516472935661, 8.000000000000000000, -17.90166541909781017 ) ) ;
#1358 = CARTESIAN_POINT ( 'NONE',  ( -11.66087999194382441, 4.498813214263766902, -3.298323144014692510 ) ) ;
#1359 = CARTESIAN_POINT ( 'NONE',  ( -4.049987642158389356, 3.193409495701915457, 26.41872908515204443 ) ) ;
#1360 = CARTESIAN_POINT ( 'NONE',  ( 24.53200000000000003, 6.000000000000000000, -19.88359213500125477 ) ) ;
#1361 = DIRECTION ( 'NONE',  ( -1.000000000000000000, 0.000000000000000000, -6.646731388496021083E-16 ) ) ;
#1362 = AXIS2_PLACEMENT_3D ( 'NONE', #394, #2289, #3237 ) ;
#1363 = ADVANCED_FACE ( 'NONE', ( #2924 ), #2493, .T. ) ;
#1364 = EDGE_LOOP ( 'NONE', ( #5424, #4350, #2995, #4988, #2575 ) ) ;
#1365 = CARTESIAN_POINT ( 'NONE',  ( -38.55695607195518448, 7.700000000000000178, -19.48717526990507309 ) ) ;
#1366 = VECTOR ( 'NONE', #1142, 1000.000000000000000 ) ;
#1367 = CARTESIAN_POINT ( 'NONE',  ( -15.89981215290000094, 6.086221019769064711, 17.10248773028760638 ) ) ;
#1368 = DIRECTION ( 'NONE',  ( -0.000000000000000000, 0.000000000000000000, 1.000000000000000000 ) ) ;
#1369 = CARTESIAN_POINT ( 'NONE',  ( -23.45207879911715310, 8.000000000000000000, -24.00936052501757700 ) ) ;
#1370 = CARTESIAN_POINT ( 'NONE',  ( 19.98287877997985973, 4.517065087517776689, 1.220382273687113717 ) ) ;
#1371 = VERTEX_POINT ( 'NONE', #3417 ) ;
#1372 = CIRCLE ( 'NONE', #3553, 15.00000000000000000 ) ;
#1373 = EDGE_LOOP ( 'NONE', ( #4163, #4658, #3918, #2927 ) ) ;
#1374 = ORIENTED_EDGE ( 'NONE', *, *, #66, .T. ) ;
#1375 = CARTESIAN_POINT ( 'NONE',  ( 16.04743035043921395, 5.920720529402489163, 15.25224886305541006 ) ) ;
#1376 = CYLINDRICAL_SURFACE ( 'NONE', #2276, 1.500000000000000444 ) ;
#1377 = DIRECTION ( 'NONE',  ( 0.000000000000000000, 1.000000000000000000, -0.000000000000000000 ) ) ;
#1378 = AXIS2_PLACEMENT_3D ( 'NONE', #2525, #1472, #4673 ) ;
#1379 = CARTESIAN_POINT ( 'NONE',  ( 5.817072295949929004E-15, 2.699999999999993960, -26.02917960675005205 ) ) ;
#1380 = ORIENTED_EDGE ( 'NONE', *, *, #5171, .T. ) ;
#1381 = CIRCLE ( 'NONE', #4945, 4.250000000000008882 ) ;
#1382 = DIRECTION ( 'NONE',  ( 0.6145424040403651977, -0.2745199406657814478, 0.7395785528347509352 ) ) ;
#1383 = CARTESIAN_POINT ( 'NONE',  ( 9.560131107887308133, 4.070640477479059882, -26.65220103709938115 ) ) ;
#1384 = DIRECTION ( 'NONE',  ( -0.000000000000000000, 1.000000000000000000, -0.000000000000000000 ) ) ;
#1385 = CARTESIAN_POINT ( 'NONE',  ( 5.458774990845325803, 3.351064020703565571, -26.55152554467846571 ) ) ;
#1386 = APPROVAL_PERSON_ORGANIZATION ( #3717, #5622, #770 ) ;
#1387 = ORIENTED_EDGE ( 'NONE', *, *, #326, .T. ) ;
#1388 = CARTESIAN_POINT ( 'NONE',  ( 17.33414519934747489, 6.695652173913037686, -24.80810656615384602 ) ) ;
#1389 = DIRECTION ( 'NONE',  ( 0.000000000000000000, 0.000000000000000000, -1.000000000000000000 ) ) ;
#1390 = CYLINDRICAL_SURFACE ( 'NONE', #5213, 15.10000000000000142 ) ;
#1391 = CARTESIAN_POINT ( 'NONE',  ( 4.754056369770194301, 3.266494353313447618, 26.51111139145910656 ) ) ;
#1392 =( BOUNDED_CURVE ( )  B_SPLINE_CURVE ( 3, ( #2840, #5748, #1912, #3797 ),
 .UNSPECIFIED., .F., .T. ) 
 B_SPLINE_CURVE_WITH_KNOTS ( ( 4, 4 ),
 ( 0.2690580095871253907, 0.4201114781424782341 ),
 .UNSPECIFIED. ) 
 CURVE ( )  GEOMETRIC_REPRESENTATION_ITEM ( )  RATIONAL_B_SPLINE_CURVE ( ( 1.000000000000000000, 0.9980994744895193005, 0.9980994744895193005, 1.000000000000000000 ) ) 
 REPRESENTATION_ITEM ( '' )  );
#1393 = ORIENTED_EDGE ( 'NONE', *, *, #1775, .T. ) ;
#1394 = CARTESIAN_POINT ( 'NONE',  ( -11.19112207227953881, 4.334693325230375649, -26.46599104686561077 ) ) ;
#1395 = CARTESIAN_POINT ( 'NONE',  ( -1.362108348661339452, 2.431671842700017017, -26.16334368540002941 ) ) ;
#1396 = CARTESIAN_POINT ( 'NONE',  ( -24.53200000000000003, -5.000000000000000000, 0.000000000000000000 ) ) ;
#1397 = DIRECTION ( 'NONE',  ( 0.000000000000000000, 0.000000000000000000, 1.000000000000000000 ) ) ;
#1398 = CARTESIAN_POINT ( 'NONE',  ( 12.72138215308564213, 4.943382093365013219, -11.25799555760851511 ) ) ;
#1399 = ORIENTED_EDGE ( 'NONE', *, *, #3385, .F. ) ;
#1400 = ORIENTED_EDGE ( 'NONE', *, *, #4311, .F. ) ;
#1401 = EDGE_LOOP ( 'NONE', ( #2047, #1688, #4394, #241 ) ) ;
#1402 = CARTESIAN_POINT ( 'NONE',  ( 18.06716576064385649, 6.097466786336434907, 11.34229408372657488 ) ) ;
#1403 = DIRECTION ( 'NONE',  ( -0.000000000000000000, 1.000000000000000000, -0.000000000000000000 ) ) ;
#1404 = CARTESIAN_POINT ( 'NONE',  ( 10.73831718418597880, 4.378976860347743028, -26.25156752845692409 ) ) ;
#1405 = B_SPLINE_CURVE_WITH_KNOTS ( 'NONE', 3,
 ( #2707, #4223, #6014, #1316, #445, #5177 ),
 .UNSPECIFIED., .F., .F.,
 ( 4, 2, 4 ),
 ( 0.000000000000000000, 0.001805529866994116635, 0.003611059733988233270 ),
 .UNSPECIFIED. ) ;
#1406 = DIRECTION ( 'NONE',  ( 1.000000000000000000, -0.000000000000000000, -0.000000000000000000 ) ) ;
#1407 = VERTEX_POINT ( 'NONE', #4308 ) ;
#1408 = ORIENTED_EDGE ( 'NONE', *, *, #5240, .F. ) ;
#1409 = CARTESIAN_POINT ( 'NONE',  ( 4.049987642171967828, 3.193409495703214418, 26.41872908515465923 ) ) ;
#1410 = CARTESIAN_POINT ( 'NONE',  ( -2.732483023900297514, 3.087916958092198794, -17.89111817738609744 ) ) ;
#1411 = CARTESIAN_POINT ( 'NONE',  ( -11.29749686032283407, 4.529076594601921357, -26.17148966787070208 ) ) ;
#1412 = DIRECTION ( 'NONE',  ( 0.000000000000000000, -0.000000000000000000, -1.000000000000000000 ) ) ;
#1413 = EDGE_LOOP ( 'NONE', ( #2678, #5084, #312, #1276 ) ) ;
#1414 = DIRECTION ( 'NONE',  ( 0.000000000000000000, 1.000000000000000000, 1.289477783809426674E-12 ) ) ;
#1415 = CARTESIAN_POINT ( 'NONE',  ( -46.07721150144649158, 6.461191018546887932, -12.56692043912135759 ) ) ;
#1416 = CARTESIAN_POINT ( 'NONE',  ( 48.52859979717775474, 5.550376605772742167, 9.237692884195503495 ) ) ;
#1417 = CARTESIAN_POINT ( 'NONE',  ( 4.655119269007303551, 2.710049210024371824, 26.67522629935536926 ) ) ;
#1418 = EDGE_CURVE ( 'NONE', #4535, #1225, #5302, .T. ) ;
#1419 = EDGE_CURVE ( 'NONE', #1407, #1450, #4114, .T. ) ;
#1420 = VERTEX_POINT ( 'NONE', #1029 ) ;
#1421 = CYLINDRICAL_SURFACE ( 'NONE', #3039, 15.00000000000000000 ) ;
#1422 = CARTESIAN_POINT ( 'NONE',  ( -28.73075152182997272, 4.870577163833599954, 5.500000000000000000 ) ) ;
#1423 = DIRECTION ( 'NONE',  ( 0.000000000000000000, -1.000000000000000000, 0.000000000000000000 ) ) ;
#1424 = CARTESIAN_POINT ( 'NONE',  ( -14.52891299856149132, 5.537548885700791068, 16.41609848504348079 ) ) ;
#1425 = CARTESIAN_POINT ( 'NONE',  ( 10.47108760608931810, 4.309736436718639041, -5.552808325123897326 ) ) ;
#1426 = EDGE_LOOP ( 'NONE', ( #2102, #3537, #1547, #1517 ) ) ;
#1427 =( BOUNDED_SURFACE ( )  B_SPLINE_SURFACE ( 3, 2, ( 
 ( #950, #3400, #922 ),
 ( #3337, #5282, #125 ),
 ( #583, #519, #5253 ),
 ( #3835, #4235, #2475 ),
 ( #2410, #4263, #4321 ),
 ( #4290, #2013, #60 ),
 ( #5637, #5721, #1478 ),
 ( #3371, #1012, #2906 ),
 ( #4797, #549, #2439 ),
 ( #5400, #5868, #5812 ),
 ( #3056, #5843, #1576 ),
 ( #3523, #3495, #4890 ) ),
 .UNSPECIFIED., .F., .F., .T. ) 
 B_SPLINE_SURFACE_WITH_KNOTS ( ( 4, 2, 2, 2, 2, 4 ),
 ( 3, 3 ),
 ( 0.07272049273789241153, 0.07734705650700965385, 0.08197362027612691004, 0.08660018404524416624, 0.08891346592980278740, 0.09122674781436140856 ),
 ( 0.000000000000000000, 1.000000000000000000 ),
 .UNSPECIFIED. ) 
 GEOMETRIC_REPRESENTATION_ITEM ( )  RATIONAL_B_SPLINE_SURFACE ( (
 ( 1.000000000000000000, 0.9633219246102008304, 1.000000000000000000),
 ( 1.000000000000000000, 0.9669188138749795769, 1.000000000000000000),
 ( 1.000000000000000000, 0.9702493238380679452, 1.000000000000000000),
 ( 1.000000000000000000, 0.9763544364136124143, 1.000000000000000000),
 ( 1.000000000000000000, 0.9791307887877611638, 1.000000000000000000),
 ( 1.000000000000000000, 0.9840508198798605388, 1.000000000000000000),
 ( 1.000000000000000000, 0.9861941113660041003, 1.000000000000000000),
 ( 1.000000000000000000, 0.9888669312698766811, 1.000000000000000000),
 ( 1.000000000000000000, 0.9896679298435551164, 1.000000000000000000),
 ( 1.000000000000000000, 0.9910707590953120594, 1.000000000000000000),
 ( 1.000000000000000000, 0.9916730699714372266, 1.000000000000000000),
 ( 1.000000000000000000, 0.9921468228457535066, 1.000000000000000000) ) ) 
 REPRESENTATION_ITEM ( '' )  SURFACE ( )  );
#1428 = EDGE_LOOP ( 'NONE', ( #2269, #5703, #533, #5913, #907 ) ) ;
#1429 = DIRECTION ( 'NONE',  ( -0.9509916601688874760, 0.2622304893800788128, 0.1638597959497922751 ) ) ;
#1430 = CARTESIAN_POINT ( 'NONE',  ( 28.07263359946960080, 4.617247036968132434, -3.106085020917347617 ) ) ;
#1431 = CARTESIAN_POINT ( 'NONE',  ( 17.33414519935559639, 6.695652173916670336, -19.48717526991828919 ) ) ;
#1432 = DIRECTION ( 'NONE',  ( 0.000000000000000000, 0.000000000000000000, -1.000000000000000000 ) ) ;
#1433 = ORIENTED_EDGE ( 'NONE', *, *, #4601, .T. ) ;
#1434 = ADVANCED_FACE ( 'NONE', ( #856 ), #2002, .F. ) ;
#1435 = VERTEX_POINT ( 'NONE', #3713 ) ;
#1436 = CARTESIAN_POINT ( 'NONE',  ( 0.000000000000000000, 4.450000000000000178, 20.00000000000000000 ) ) ;
#1437 = VECTOR ( 'NONE', #2302, 1000.000000000000000 ) ;
#1438 = DIRECTION ( 'NONE',  ( 0.000000000000000000, -1.000000000000000000, 0.000000000000000000 ) ) ;
#1439 = FACE_OUTER_BOUND ( 'NONE', #262, .T. ) ;
#1440 = CYLINDRICAL_SURFACE ( 'NONE', #4440, 4.250000000000008882 ) ;
#1441 = ORIENTED_EDGE ( 'NONE', *, *, #3886, .T. ) ;
#1442 = FACE_OUTER_BOUND ( 'NONE', #4063, .T. ) ;
#1443 = CIRCLE ( 'NONE', #5499, 41.00000000000000000 ) ;
#1444 = ADVANCED_FACE ( 'NONE', ( #1854 ), #2955, .T. ) ;
#1445 = CARTESIAN_POINT ( 'NONE',  ( -47.11941497651875466, 6.045174231933083675, -11.16045463298337026 ) ) ;
#1446 = CARTESIAN_POINT ( 'NONE',  ( 47.61347698743291801, 5.936961852101955373, 10.77269993004155246 ) ) ;
#1447 = CARTESIAN_POINT ( 'NONE',  ( 23.45207879911716731, -6.999999999999999112, 19.48717526990507309 ) ) ;
#1448 = CARTESIAN_POINT ( 'NONE',  ( 46.08044932397793758, 6.459909235007851969, -12.56271750529632136 ) ) ;
#1449 = AXIS2_PLACEMENT_3D ( 'NONE', #3009, #4435, #4493 ) ;
#1450 = VERTEX_POINT ( 'NONE', #607 ) ;
#1451 = CARTESIAN_POINT ( 'NONE',  ( 11.13471095265606792, 4.484056277721368389, -26.38247122244165510 ) ) ;
#1452 = ADVANCED_FACE ( 'NONE', ( #5097 ), #4415, .T. ) ;
#1453 = CARTESIAN_POINT ( 'NONE',  ( -29.72658748747922530, 4.795272686311234267, 4.912421811515072179 ) ) ;
#1454 = LINE ( 'NONE', #15, #5391 ) ;
#1455 = CARTESIAN_POINT ( 'NONE',  ( -10.62581701025701975, 4.107960842332095908, 15.95450040937181413 ) ) ;
#1456 = EDGE_CURVE ( 'NONE', #4249, #1371, #3028, .T. ) ;
#1457 = DIRECTION ( 'NONE',  ( -0.000000000000000000, -1.000000000000000000, -0.000000000000000000 ) ) ;
#1458 = ORIENTED_EDGE ( 'NONE', *, *, #3925, .F. ) ;
#1459 = VECTOR ( 'NONE', #925, 1000.000000000000000 ) ;
#1460 = VERTEX_POINT ( 'NONE', #4818 ) ;
#1461 = CARTESIAN_POINT ( 'NONE',  ( 24.53200000000000003, 0.000000000000000000, -19.88359213500125477 ) ) ;
#1462 = CARTESIAN_POINT ( 'NONE',  ( 28.61067728574492719, 4.566928221658811182, -2.355821403002459125 ) ) ;
#1463 = CARTESIAN_POINT ( 'NONE',  ( -8.043796478869470690, 3.394117475527846928, 26.79908188682651371 ) ) ;
#1464 = CARTESIAN_POINT ( 'NONE',  ( -20.53199999999959502, 4.870577163834533430, -5.500000000006902923 ) ) ;
#1465 = CARTESIAN_POINT ( 'NONE',  ( 24.53200000000000003, 8.000000000000000000, -24.00936052501757700 ) ) ;
#1466 = AXIS2_PLACEMENT_3D ( 'NONE', #1379, #1406, #4720 ) ;
#1467 =( BOUNDED_SURFACE ( )  B_SPLINE_SURFACE ( 3, 2, ( 
 ( #3095, #717, #5448 ),
 ( #3976, #5881, #1618 ),
 ( #3507, #4033, #3128 ),
 ( #5386, #1649, #3069 ),
 ( #1681, #3538, #4962 ),
 ( #1212, #3038, #3573 ) ),
 .UNSPECIFIED., .F., .F., .T. ) 
 B_SPLINE_SURFACE_WITH_KNOTS ( ( 4, 2, 4 ),
 ( 3, 3 ),
 ( 5.863073829037109164, 6.073129568108347698, 6.283185307179586232 ),
 ( 0.000000000000000000, 1.000000000000000000 ),
 .UNSPECIFIED. ) 
 GEOMETRIC_REPRESENTATION_ITEM ( )  RATIONAL_B_SPLINE_SURFACE ( (
 ( 1.000000000000000000, 0.8613475861151900226, 1.000000000000000000),
 ( 1.000000000000000000, 0.8657407066264442008, 1.000000000000000000),
 ( 1.000000000000000000, 0.8690639681483792733, 1.000000000000000000),
 ( 1.000000000000000000, 0.8735038294420055527, 1.000000000000000000),
 ( 1.000000000000000000, 0.8746204484149399105, 1.000000000000000000),
 ( 1.000000000000000000, 0.8746197071393944089, 1.000000000000000000) ) ) 
 REPRESENTATION_ITEM ( '' )  SURFACE ( )  );
#1468 = VERTEX_POINT ( 'NONE', #5742 ) ;
#1469 = EDGE_LOOP ( 'NONE', ( #2809, #4942 ) ) ;
#1470 = CARTESIAN_POINT ( 'NONE',  ( 17.33414519934747489, 6.695652173913045679, 19.48717526990506599 ) ) ;
#1471 = AXIS2_PLACEMENT_3D ( 'NONE', #4070, #5056, #4591 ) ;
#1472 = DIRECTION ( 'NONE',  ( -0.9778480890231320277, 0.09360888290152336033, -0.1872177658122696764 ) ) ;
#1473 = FACE_OUTER_BOUND ( 'NONE', #3143, .T. ) ;
#1474 = CARTESIAN_POINT ( 'NONE',  ( -6.302290609541298494, 2.443490002417810114, 26.18698000483562538 ) ) ;
#1475 = CARTESIAN_POINT ( 'NONE',  ( 50.69900969856593065, 4.513270825752781157, 1.202795045548946451 ) ) ;
#1476 = ORIENTED_EDGE ( 'NONE', *, *, #3196, .T. ) ;
#1477 = EDGE_CURVE ( 'NONE', #4731, #4625, #4616, .T. ) ;
#1478 = CARTESIAN_POINT ( 'NONE',  ( -11.99574666145876378, 4.724182160322772717, -9.718572460163869664 ) ) ;
#1479 = ORGANIZATION ( 'UNSPECIFIED', 'UNSPECIFIED', '' ) ;
#1480 = CARTESIAN_POINT ( 'NONE',  ( 17.33414519934747844, 6.695652173913040350, -24.80810656615383891 ) ) ;
#1481 = DIRECTION ( 'NONE',  ( 0.000000000000000000, -1.000000000000000000, 0.000000000000000000 ) ) ;
#1482 = CARTESIAN_POINT ( 'NONE',  ( 4.676732224694486462, 3.257731425707484529, 27.37235555961069977 ) ) ;
#1483 = CARTESIAN_POINT ( 'NONE',  ( 49.74800602836491237, 5.018077493412697265, -6.522108194758320820 ) ) ;
#1484 = CIRCLE ( 'NONE', #3368, 7.999999999999999112 ) ;
#1485 = ORIENTED_EDGE ( 'NONE', *, *, #818, .F. ) ;
#1486 = CARTESIAN_POINT ( 'NONE',  ( 24.53200000000000003, 3.000000000000016431, -27.30000000000000071 ) ) ;
#1487 = CARTESIAN_POINT ( 'NONE',  ( -18.78283222424011711, 6.646630859312848472, 14.21332242693515013 ) ) ;
#1488 = DIRECTION ( 'NONE',  ( 0.000000000000000000, 0.000000000000000000, 1.000000000000000000 ) ) ;
#1489 = CARTESIAN_POINT ( 'NONE',  ( 5.410957520521457731, 3.077408146810260092, 16.31105147399064847 ) ) ;
#1490 = FACE_OUTER_BOUND ( 'NONE', #1712, .T. ) ;
#1491 = EDGE_CURVE ( 'NONE', #77, #3721, #4458, .T. ) ;
#1492 = VERTEX_POINT ( 'NONE', #4346 ) ;
#1493 = VERTEX_POINT ( 'NONE', #1464 ) ;
#1494 = LINE ( 'NONE', #47, #5991 ) ;
#1495 = CARTESIAN_POINT ( 'NONE',  ( -24.53200000000000003, -5.000000000000000000, 0.000000000000000000 ) ) ;
#1496 = LINE ( 'NONE', #2923, #1738 ) ;
#1497 = CARTESIAN_POINT ( 'NONE',  ( 11.42250812657658265, 4.114954233987632826, -1.978482244567828285 ) ) ;
#1498 = CARTESIAN_POINT ( 'NONE',  ( -24.53200000000000003, 0.000000000000000000, 0.000000000000000000 ) ) ;
#1499 = EDGE_CURVE ( 'NONE', #1720, #1935, #3629, .T. ) ;
#1500 = EDGE_CURVE ( 'NONE', #817, #2114, #2638, .T. ) ;
#1501 = ORIENTED_EDGE ( 'NONE', *, *, #2333, .F. ) ;
#1502 = VERTEX_POINT ( 'NONE', #115 ) ;
#1503 = CARTESIAN_POINT ( 'NONE',  ( 22.40906153953067914, 8.000000000008038015, 24.17565324044268849 ) ) ;
#1504 = ADVANCED_FACE ( 'NONE', ( #2461 ), #5239, .F. ) ;
#1505 = DIRECTION ( 'NONE',  ( 0.000000000000000000, -1.000000000000000000, 0.000000000000000000 ) ) ;
#1506 = CARTESIAN_POINT ( 'NONE',  ( -4.752445227762972735, 3.266311619083247741, 26.51098195804504698 ) ) ;
#1507 = CARTESIAN_POINT ( 'NONE',  ( -19.03200000000000358, 4.714748496720965854, 4.195453365094161668 ) ) ;
#1508 = CARTESIAN_POINT ( 'NONE',  ( 2.571758278209441267E-15, 4.450000000000000178, -21.00000000000000000 ) ) ;
#1509 = EDGE_CURVE ( 'NONE', #2733, #416, #174, .T. ) ;
#1510 = ORIENTED_EDGE ( 'NONE', *, *, #3351, .F. ) ;
#1511 = FACE_OUTER_BOUND ( 'NONE', #2049, .T. ) ;
#1512 = LINE ( 'NONE', #4831, #3728 ) ;
#1513 = CARTESIAN_POINT ( 'NONE',  ( 48.30826258395120476, 5.520929491800460553, 9.838849620189849432 ) ) ;
#1514 = CARTESIAN_POINT ( 'NONE',  ( -5.175644098286212191, 3.315365460236465278, 26.54119416122872366 ) ) ;
#1515 = CARTESIAN_POINT ( 'NONE',  ( 10.81411707019200108, 2.262326172866460094, 25.82465234573292179 ) ) ;
#1516 = ORIENTED_EDGE ( 'NONE', *, *, #4549, .T. ) ;
#1517 = ORIENTED_EDGE ( 'NONE', *, *, #1159, .F. ) ;
#1518 = CARTESIAN_POINT ( 'NONE',  ( -50.52210030178061118, 4.592857411102945875, 3.012724904996147757 ) ) ;
#1519 = DIRECTION ( 'NONE',  ( -0.000000000000000000, -1.000000000000000000, -0.000000000000000000 ) ) ;
#1520 = CARTESIAN_POINT ( 'NONE',  ( -17.44951526486960347, 6.450381053688848176, 14.73912816213741728 ) ) ;
#1521 = FACE_OUTER_BOUND ( 'NONE', #842, .T. ) ;
#1522 = CARTESIAN_POINT ( 'NONE',  ( -24.53200000000000003, 0.000000000000000000, -5.000000000000000000 ) ) ;
#1523 = EDGE_LOOP ( 'NONE', ( #5605, #5772, #5463, #5478 ) ) ;
#1524 = EDGE_LOOP ( 'NONE', ( #236, #4341 ) ) ;
#1525 = CARTESIAN_POINT ( 'NONE',  ( -11.36038101017366841, 4.124369958809756653, -2.103699797045262887 ) ) ;
#1526 = CARTESIAN_POINT ( 'NONE',  ( -44.68328546888272257, 6.940225779269962203, -14.52052555676733014 ) ) ;
#1527 = CARTESIAN_POINT ( 'NONE',  ( -24.53200000000000003, 4.398845855716136732, 26.42590409671763041 ) ) ;
#1528 = CARTESIAN_POINT ( 'NONE',  ( 23.45207879911716731, -6.999999999999999112, -27.30000000000000071 ) ) ;
#1529 = CARTESIAN_POINT ( 'NONE',  ( 44.47687577975150930, 7.062499999999999112, -14.26739617975193042 ) ) ;
#1530 = ORIENTED_EDGE ( 'NONE', *, *, #4565, .F. ) ;
#1531 = ORIENTED_EDGE ( 'NONE', *, *, #5549, .T. ) ;
#1532 = CARTESIAN_POINT ( 'NONE',  ( 17.45650387134287840, 6.580714909704746596, 25.06252099500075659 ) ) ;
#1533 = CARTESIAN_POINT ( 'NONE',  ( -23.45207879911713889, 8.000000000000001776, 24.17565324045339992 ) ) ;
#1534 = CARTESIAN_POINT ( 'NONE',  ( -4.611519104440115591, 3.250693541674093634, 26.49842484070529025 ) ) ;
#1535 = CARTESIAN_POINT ( 'NONE',  ( 10.29406767965797798, 4.092045136837900721, -26.58023342444463566 ) ) ;
#1536 = EDGE_CURVE ( 'NONE', #1928, #575, #1443, .T. ) ;
#1537 = APPLICATION_CONTEXT ( 'configuration controlled 3d designs of mechanical parts and assemblies' ) ;
#1538 = CARTESIAN_POINT ( 'NONE',  ( -47.68253678778233962, 5.779113270292971727, -10.85780332293385619 ) ) ;
#1539 = EDGE_CURVE ( 'NONE', #1908, #4543, #1947, .T. ) ;
#1540 = ORIENTED_EDGE ( 'NONE', *, *, #325, .T. ) ;
#1541 = CIRCLE ( 'NONE', #2821, 6.000000000000001776 ) ;
#1542 = CARTESIAN_POINT ( 'NONE',  ( -24.53200000000000003, 0.5000000000000000000, -15.09999999999999964 ) ) ;
#1543 = DIRECTION ( 'NONE',  ( 0.000000000000000000, 0.000000000000000000, 1.000000000000000000 ) ) ;
#1544 = CARTESIAN_POINT ( 'NONE',  ( 48.07311099061181636, 5.653513370594229315, 9.670799586223287392 ) ) ;
#1545 = CARTESIAN_POINT ( 'NONE',  ( -4.798749493405402688, 2.732473568951780063, -26.69642314691104446 ) ) ;
#1546 = CARTESIAN_POINT ( 'NONE',  ( 45.46461454530033564, 6.803126274892789205, -13.57761945142381954 ) ) ;
#1547 = ORIENTED_EDGE ( 'NONE', *, *, #4130, .F. ) ;
#1548 = CIRCLE ( 'NONE', #5394, 4.500000000000001776 ) ;
#1549 = EDGE_LOOP ( 'NONE', ( #124, #2619, #2495 ) ) ;
#1550 = FACE_OUTER_BOUND ( 'NONE', #2012, .T. ) ;
#1551 = CARTESIAN_POINT ( 'NONE',  ( -19.72233950691290616, 6.147454145303559159, 11.52349214315420411 ) ) ;
#1552 = CARTESIAN_POINT ( 'NONE',  ( -16.49992192823323478, 5.470395395247543924, 11.94244139953827322 ) ) ;
#1553 = CARTESIAN_POINT ( 'NONE',  ( 0.6901550270753188387, 3.000158514133529852, 18.40581761943593619 ) ) ;
#1554 = CARTESIAN_POINT ( 'NONE',  ( 1.967487133307055380, 3.045435339978766809, 22.26869232313713098 ) ) ;
#1555 = B_SPLINE_CURVE_WITH_KNOTS ( 'NONE', 3,
 ( #4587, #5142, #1838, #343, #4157, #5546, #3758, #410, #4559, #3219, #810, #2795 ),
 .UNSPECIFIED., .F., .F.,
 ( 4, 2, 2, 2, 2, 4 ),
 ( 0.000000000000000000, 0.001743176874534439150, 0.003486353749068878301, 0.005229530623603317885, 0.006101119060870538111, 0.006972707498137760071 ),
 .UNSPECIFIED. ) ;
#1556 = ORIENTED_EDGE ( 'NONE', *, *, #779, .F. ) ;
#1557 = ADVANCED_FACE ( 'NONE', ( #1190, #1596 ), #3510, .T. ) ;
#1558 = VERTEX_POINT ( 'NONE', #4993 ) ;
#1559 = DIRECTION ( 'NONE',  ( 0.000000000000000000, 0.000000000000000000, 1.000000000000000000 ) ) ;
#1560 = CIRCLE ( 'NONE', #5017, 0.2999999999999981015 ) ;
#1561 = CARTESIAN_POINT ( 'NONE',  ( -50.64052720365523896, 4.239870076446168312, 1.814298401988418741 ) ) ;
#1562 = CARTESIAN_POINT ( 'NONE',  ( 15.13123469830420653, 4.884608459395030522, -5.625153659418010044 ) ) ;
#1563 = EDGE_CURVE ( 'NONE', #386, #3555, #462, .T. ) ;
#1564 = LINE ( 'NONE', #722, #3432 ) ;
#1565 = CARTESIAN_POINT ( 'NONE',  ( -29.98435349232440217, 4.735324867564949969, -4.387541643827499449 ) ) ;
#1566 = VECTOR ( 'NONE', #1667, 1000.000000000000000 ) ;
#1567 = VERTEX_POINT ( 'NONE', #666 ) ;
#1568 = VERTEX_POINT ( 'NONE', #5452 ) ;
#1569 = CARTESIAN_POINT ( 'NONE',  ( 19.11922687735462034, 7.412894544739273783, 15.42172327382202823 ) ) ;
#1570 = CARTESIAN_POINT ( 'NONE',  ( 23.45207879911716731, 8.000000000000000000, 19.48717526990507309 ) ) ;
#1571 = CARTESIAN_POINT ( 'NONE',  ( -6.304872970732822601, 3.466410399547667165, 26.56563171461469608 ) ) ;
#1572 = VECTOR ( 'NONE', #1115, 1000.000000000000000 ) ;
#1573 = CARTESIAN_POINT ( 'NONE',  ( 6.346846901589859868, 3.007740429306270613, 26.82239237159160794 ) ) ;
#1574 = VERTEX_POINT ( 'NONE', #697 ) ;
#1575 = CIRCLE ( 'NONE', #1870, 1.500000000000001332 ) ;
#1576 = CARTESIAN_POINT ( 'NONE',  ( -10.27135297896651345, 4.259513049247116712, -4.833544302292675177 ) ) ;
#1577 = CARTESIAN_POINT ( 'NONE',  ( -8.541209935035578127, 3.831169479299700864, -4.086937164367708597 ) ) ;
#1578 = DIRECTION ( 'NONE',  ( 0.000000000000000000, 0.000000000000000000, 1.000000000000000000 ) ) ;
#1579 = AXIS2_PLACEMENT_3D ( 'NONE', #1327, #4143, #3685 ) ;
#1580 = DIRECTION ( 'NONE',  ( 0.000000000000000000, 0.7071067811865479058, 0.7071067811865472397 ) ) ;
#1581 = ADVANCED_FACE ( 'NONE', ( #2610 ), #5800, .F. ) ;
#1582 = ORIENTED_EDGE ( 'NONE', *, *, #4786, .F. ) ;
#1583 = AXIS2_PLACEMENT_3D ( 'NONE', #4478, #3139, #4044 ) ;
#1584 = CARTESIAN_POINT ( 'NONE',  ( 5.817072295949929004E-15, 45.50000000000000711, -27.30000000000000071 ) ) ;
#1585 = EDGE_CURVE ( 'NONE', #408, #1603, #5803, .T. ) ;
#1586 = CARTESIAN_POINT ( 'NONE',  ( 26.13066341471818887, 8.000000000000000000, 19.48717526990507309 ) ) ;
#1587 = CARTESIAN_POINT ( 'NONE',  ( -17.67129519469200005, 6.451037308659892666, 14.27001783099709620 ) ) ;
#1588 = CARTESIAN_POINT ( 'NONE',  ( -24.53200000000000003, 6.000000000000000000, 0.000000000000000000 ) ) ;
#1589 = DIRECTION ( 'NONE',  ( 0.000000000000000000, 1.000000000000000000, -0.000000000000000000 ) ) ;
#1590 = LOCAL_TIME ( 12, 22, 14.00000000000000000, #1235 ) ;
#1591 = ORIENTED_EDGE ( 'NONE', *, *, #5108, .F. ) ;
#1592 = ORIENTED_EDGE ( 'NONE', *, *, #5663, .T. ) ;
#1593 = CYLINDRICAL_SURFACE ( 'NONE', #5610, 41.00000000000000000 ) ;
#1594 = CARTESIAN_POINT ( 'NONE',  ( 3.436618683433377619, 3.130191268650613701, -5.353812108113158885 ) ) ;
#1595 = CARTESIAN_POINT ( 'NONE',  ( -10.26830725968838642, 4.028288645741593399, 26.60619689788323683 ) ) ;
#1596 = FACE_OUTER_BOUND ( 'NONE', #3974, .T. ) ;
#1597 = CARTESIAN_POINT ( 'NONE',  ( 50.49267344535016377, 4.606044402084724432, -3.005605987606207119 ) ) ;
#1598 = EDGE_LOOP ( 'NONE', ( #775, #5259, #1097, #2965 ) ) ;
#1599 = VERTEX_POINT ( 'NONE', #4966 ) ;
#1600 = CARTESIAN_POINT ( 'NONE',  ( -44.47687577975150930, 6.781250000000001776, -14.37179176155499327 ) ) ;
#1601 = CARTESIAN_POINT ( 'NONE',  ( 24.53200000000000003, 81.49999999999998579, 0.000000000000000000 ) ) ;
#1602 = CARTESIAN_POINT ( 'NONE',  ( -47.45212855095259386, 5.909821722522098142, -10.67167490611611669 ) ) ;
#1603 = VERTEX_POINT ( 'NONE', #3073 ) ;
#1604 = CARTESIAN_POINT ( 'NONE',  ( 40.71590516472935661, 8.000000000000000000, 17.90166541909781017 ) ) ;
#1605 = CARTESIAN_POINT ( 'NONE',  ( 3.436459303920104791, 3.130189115069429651, -5.353812954445613670 ) ) ;
#1606 = CARTESIAN_POINT ( 'NONE',  ( -11.29749686032283407, 4.529076594601923134, -26.17148966787070208 ) ) ;
#1607 = CARTESIAN_POINT ( 'NONE',  ( -5.417698233822403786, 3.345562553563366404, -27.22755309866992945 ) ) ;
#1608 = CARTESIAN_POINT ( 'NONE',  ( -2.067352079997178738, 3.050209487435263433, 22.17807118269411504 ) ) ;
#1609 = CARTESIAN_POINT ( 'NONE',  ( -21.37824803154447650, 7.858975779269961492, -24.26377495386450178 ) ) ;
#1610 = CARTESIAN_POINT ( 'NONE',  ( -16.76823790132690206, 5.972488258018604057, 14.02523059011637763 ) ) ;
#1611 = CARTESIAN_POINT ( 'NONE',  ( -13.70690570356896920, 4.480746046579033859, -0.2271000306491284537 ) ) ;
#1612 = EDGE_CURVE ( 'NONE', #4499, #4011, #1564, .T. ) ;
#1613 = UNCERTAINTY_MEASURE_WITH_UNIT (LENGTH_MEASURE( 1.000000000000000082E-05 ), #3687, 'distance_accuracy_value', 'NONE');
#1614 = FACE_OUTER_BOUND ( 'NONE', #1194, .T. ) ;
#1615 = ADVANCED_FACE ( 'NONE', ( #5832 ), #2899, .T. ) ;
#1616 = ORIENTED_EDGE ( 'NONE', *, *, #2536, .F. ) ;
#1617 = EDGE_LOOP ( 'NONE', ( #4943, #4018 ) ) ;
#1618 = CARTESIAN_POINT ( 'NONE',  ( -18.29312772600470183, 7.124035674525273976, -24.54577652016800116 ) ) ;
#1619 = CARTESIAN_POINT ( 'NONE',  ( -24.53200000000000003, 0.000000000000000000, 0.000000000000000000 ) ) ;
#1620 = CARTESIAN_POINT ( 'NONE',  ( 13.11329079353059335, 5.022902649931593189, -6.631546830722081509 ) ) ;
#1621 = CARTESIAN_POINT ( 'NONE',  ( -6.437432702286157493, 2.735321963837526127, -26.77064392767718104 ) ) ;
#1622 = CARTESIAN_POINT ( 'NONE',  ( -29.28823712271147883, 4.845256837526524585, -5.310141415724762837 ) ) ;
#1623 = VERTEX_POINT ( 'NONE', #2518 ) ;
#1624 = ORIENTED_EDGE ( 'NONE', *, *, #4665, .F. ) ;
#1625 = CARTESIAN_POINT ( 'NONE',  ( -20.53200000000000003, 0.000000000000000000, 4.000000000000000000 ) ) ;
#1626 = CARTESIAN_POINT ( 'NONE',  ( 17.33414519934748910, 6.695652173913044791, 24.80810656615384246 ) ) ;
#1627 = CARTESIAN_POINT ( 'NONE',  ( 10.92569913414121707, 4.427909660642539436, 26.22980700017645361 ) ) ;
#1628 = CARTESIAN_POINT ( 'NONE',  ( -48.60292843032398480, 5.397352065125700094, -9.310691398781610673 ) ) ;
#1629 = EDGE_CURVE ( 'NONE', #45, #157, #1646, .T. ) ;
#1630 = ORIENTED_EDGE ( 'NONE', *, *, #516, .T. ) ;
#1631 =( BOUNDED_CURVE ( )  B_SPLINE_CURVE ( 3, ( #2050, #3029, #3935, #5907 ),
 .UNSPECIFIED., .F., .T. ) 
 B_SPLINE_CURVE_WITH_KNOTS ( ( 4, 4 ),
 ( 2.721481175447315159, 3.141592653589793116 ),
 .UNSPECIFIED. ) 
 CURVE ( )  GEOMETRIC_REPRESENTATION_ITEM ( )  RATIONAL_B_SPLINE_CURVE ( ( 1.000000000000000000, 0.9853461958957675515, 0.9853461958957675515, 1.000000000000000000 ) ) 
 REPRESENTATION_ITEM ( '' )  );
#1632 = EDGE_CURVE ( 'NONE', #777, #1103, #6068, .T. ) ;
#1633 = CARTESIAN_POINT ( 'NONE',  ( -38.55695607195518448, 7.700000000000000178, 19.48717526990507665 ) ) ;
#1634 = CARTESIAN_POINT ( 'NONE',  ( 23.45207879911716731, 7.858975779269959716, 24.26377495386450533 ) ) ;
#1635 = CARTESIAN_POINT ( 'NONE',  ( -11.00282133165284293, 4.271494412252978989, -26.49880081501262197 ) ) ;
#1636 = AXIS2_PLACEMENT_3D ( 'NONE', #2832, #2001, #4719 ) ;
#1637 = EDGE_CURVE ( 'NONE', #6079, #1407, #5258, .T. ) ;
#1638 = B_SPLINE_CURVE_WITH_KNOTS ( 'NONE', 3,
 ( #4898, #1148, #1676, #5876, #196, #2176, #5353, #5409 ),
 .UNSPECIFIED., .F., .F.,
 ( 4, 2, 2, 4 ),
 ( 4.336808689942017736E-18, 0.0009792338060613118081, 0.001958467612122619279, 0.003916935224245234222 ),
 .UNSPECIFIED. ) ;
#1639 = CARTESIAN_POINT ( 'NONE',  ( -2.594973887184998773, 3.079233874753534383, 18.48867899760105260 ) ) ;
#1640 = FACE_OUTER_BOUND ( 'NONE', #878, .T. ) ;
#1641 = CARTESIAN_POINT ( 'NONE',  ( -16.61165818618921008, 6.041405947343336358, 14.66993941321220873 ) ) ;
#1642 = CARTESIAN_POINT ( 'NONE',  ( -8.534096171315741941, 3.850203386040493392, -26.47840169854163506 ) ) ;
#1643 = CARTESIAN_POINT ( 'NONE',  ( -50.89432957107289468, 4.398845855716138509, 1.831935292267018900 ) ) ;
#1644 = VERTEX_POINT ( 'NONE', #2211 ) ;
#1645 = AXIS2_PLACEMENT_3D ( 'NONE', #1736, #2136, #1300 ) ;
#1646 = B_SPLINE_CURVE_WITH_KNOTS ( 'NONE', 3,
 ( #4069, #3727, #1717, #1815, #1783, #3166, #3635, #2701, #3697, #5611 ),
 .UNSPECIFIED., .F., .F.,
 ( 4, 2, 2, 2, 4 ),
 ( 0.002989888399326190611, 0.003736896264442336919, 0.004483904129558483227, 0.005230911994674628668, 0.005977919859790774976 ),
 .UNSPECIFIED. ) ;
#1647 = ADVANCED_FACE ( 'NONE', ( #4097 ), #2933, .T. ) ;
#1648 = ORIENTED_EDGE ( 'NONE', *, *, #5015, .T. ) ;
#1649 = CARTESIAN_POINT ( 'NONE',  ( -21.36351267017410649, 7.890277833545964015, -24.24421525949455614 ) ) ;
#1650 = DIRECTION ( 'NONE',  ( -0.000000000000000000, 1.000000000000000000, -0.000000000000000000 ) ) ;
#1651 = CARTESIAN_POINT ( 'NONE',  ( 14.75957347262714947, 5.573943465181773860, -9.499751994245011488 ) ) ;
#1652 = CARTESIAN_POINT ( 'NONE',  ( 19.32271941017184602, 7.458305445718849569, -24.51414156551780010 ) ) ;
#1653 = AXIS2_PLACEMENT_3D ( 'NONE', #3884, #1324, #2317 ) ;
#1654 = CARTESIAN_POINT ( 'NONE',  ( -9.760686736485986614, 2.806106014821730721, -26.91221202964415227 ) ) ;
#1655 = CARTESIAN_POINT ( 'NONE',  ( 50.11720086369028593, 4.773496127145671508, -4.762733760071466094 ) ) ;
#1656 = EDGE_LOOP ( 'NONE', ( #1096, #4779, #2703, #3021 ) ) ;
#1657 = AXIS2_PLACEMENT_3D ( 'NONE', #1447, #1361, #432 ) ;
#1658 = VERTEX_POINT ( 'NONE', #1522 ) ;
#1659 = CARTESIAN_POINT ( 'NONE',  ( 5.817072295949929004E-15, 2.431671842700017905, -26.16334368540003652 ) ) ;
#1660 = CARTESIAN_POINT ( 'NONE',  ( -4.078575790248856414, 2.626446581903711941, -26.55289316380742548 ) ) ;
#1661 = CARTESIAN_POINT ( 'NONE',  ( -5.228550115485710137, 2.802243272201062840, 26.75051808684010979 ) ) ;
#1662 = CARTESIAN_POINT ( 'NONE',  ( -49.16934799783241772, 5.189759625020355038, -7.566588227307028625 ) ) ;
#1663 = CIRCLE ( 'NONE', #5120, 19.88359213500125477 ) ;
#1664 = ORIENTED_EDGE ( 'NONE', *, *, #2919, .F. ) ;
#1665 = TOROIDAL_SURFACE ( 'NONE', #4534, 19.88359213500125477, 6.000000000000000000 ) ;
#1666 = CARTESIAN_POINT ( 'NONE',  ( -11.37724389698394489, 4.398845855716128739, -26.42590409671763751 ) ) ;
#1667 = DIRECTION ( 'NONE',  ( -1.000000000000000000, 0.000000000000000000, 0.000000000000000000 ) ) ;
#1668 = CYLINDRICAL_SURFACE ( 'NONE', #1748, 14.99999999999999645 ) ;
#1669 = B_SPLINE_CURVE_WITH_KNOTS ( 'NONE', 3,
 ( #5308, #4790, #5277, #488 ),
 .UNSPECIFIED., .F., .F.,
 ( 4, 4 ),
 ( 0.000000000000000000, 0.0006023562496228876450 ),
 .UNSPECIFIED. ) ;
#1670 = CIRCLE ( 'NONE', #1776, 6.500000000000000000 ) ;
#1671 =( BOUNDED_SURFACE ( )  B_SPLINE_SURFACE ( 3, 2, ( 
 ( #1261, #5626, #3236 ),
 ( #4230, #3648, #5156 ),
 ( #2713, #796, #919 ),
 ( #2685, #5560, #3613 ),
 ( #1825, #4695, #3204 ),
 ( #3680, #4602, #6115 ),
 ( #1351, #2253, #3743 ),
 ( #1852, #2811, #4636 ),
 ( #5495, #4669, #5039 ),
 ( #2778, #4573, #1797 ),
 ( #5130, #1383, #329 ),
 ( #3273, #452, #4107 ) ),
 .UNSPECIFIED., .F., .F., .F. ) 
 B_SPLINE_SURFACE_WITH_KNOTS ( ( 4, 2, 2, 2, 2, 4 ),
 ( 3, 3 ),
 ( -8.131516293641283255E-19, 0.0004300156284778573843, 0.0008600312569557155276, 0.001720062513911431923, 0.003440125027822864712, 0.006880250055645730292 ),
 ( 0.000000000000000000, 1.000000000000000000 ),
 .UNSPECIFIED. ) 
 GEOMETRIC_REPRESENTATION_ITEM ( )  RATIONAL_B_SPLINE_SURFACE ( (
 ( 1.000000000000000000, 0.2341401062324599547, 1.000000000000000000),
 ( 1.000000000000000000, 0.2553771521320931104, 1.000000000000000000),
 ( 1.000000000000000000, 0.2746015897558741203, 1.000000000000000000),
 ( 1.000000000000000000, 0.3107548636742425430, 1.000000000000000000),
 ( 1.000000000000000000, 0.3276729038114009618, 1.000000000000000000),
 ( 1.000000000000000000, 0.3762039175467443153, 1.000000000000000000),
 ( 1.000000000000000000, 0.4056769361243414140, 1.000000000000000000),
 ( 1.000000000000000000, 0.4891814934048077657, 1.000000000000000000),
 ( 1.000000000000000000, 0.5384855428937945776, 1.000000000000000000),
 ( 1.000000000000000000, 0.6779774406680445509, 1.000000000000000000),
 ( 1.000000000000000000, 0.7593488129169486678, 1.000000000000000000),
 ( 1.000000000000000000, 0.8339203616122514706, 1.000000000000000000) ) ) 
 REPRESENTATION_ITEM ( '' )  SURFACE ( )  );
#1672 = CARTESIAN_POINT ( 'NONE',  ( 24.53200000000000003, 4.398845855716135844, -26.42590409671763041 ) ) ;
#1673 = AXIS2_PLACEMENT_3D ( 'NONE', #2260, #861, #3246 ) ;
#1674 = CARTESIAN_POINT ( 'NONE',  ( 4.640655609807646798, 2.706954580812924060, -26.67600058078883407 ) ) ;
#1675 = DIRECTION ( 'NONE',  ( 8.659560562354930393E-17, 0.7071067811865479058, -0.7071067811865472397 ) ) ;
#1676 = CARTESIAN_POINT ( 'NONE',  ( -13.19673097251242844, 4.637537792802731929, -3.482960479227915851 ) ) ;
#1677 = PLANE ( 'NONE',  #4710 ) ;
#1678 = ORIENTED_EDGE ( 'NONE', *, *, #1033, .F. ) ;
#1679 = CIRCLE ( 'NONE', #5534, 0.2999999999999987121 ) ;
#1680 = ORIENTED_EDGE ( 'NONE', *, *, #5434, .F. ) ;
#1681 = CARTESIAN_POINT ( 'NONE',  ( -22.42279038960792192, 7.858975779272849849, -24.26377495386270056 ) ) ;
#1682 = CARTESIAN_POINT ( 'NONE',  ( 15.13779964527683930, 4.399498737948707827, 7.241922858402010554 ) ) ;
#1683 = CARTESIAN_POINT ( 'NONE',  ( 10.10755057143849456, 4.219406236757999196, -4.093100809816819563 ) ) ;
#1684 = CARTESIAN_POINT ( 'NONE',  ( 12.25552389396312414, 4.556420714001401251, -2.797991192399968075 ) ) ;
#1685 = ADVANCED_FACE ( 'NONE', ( #1994 ), #5265, .F. ) ;
#1686 = CARTESIAN_POINT ( 'NONE',  ( -7.966478405186385281, 2.344336237183924698, -25.98867247436785632 ) ) ;
#1687 = CARTESIAN_POINT ( 'NONE',  ( 4.115629991924991238, 2.808478088226245895, 26.91695617645249428 ) ) ;
#1688 = ORIENTED_EDGE ( 'NONE', *, *, #2374, .T. ) ;
#1689 = EDGE_LOOP ( 'NONE', ( #4931, #5305, #4909, #3703 ) ) ;
#1690 = CARTESIAN_POINT ( 'NONE',  ( 23.45207879911717441, -7.000000000000004441, 19.48717526990506954 ) ) ;
#1691 = DIRECTION ( 'NONE',  ( 1.000000000000000000, -0.000000000000000000, 0.000000000000000000 ) ) ;
#1692 = CARTESIAN_POINT ( 'NONE',  ( 10.81411707019200108, 4.209896778478507962, 26.52600142245041326 ) ) ;
#1693 = CARTESIAN_POINT ( 'NONE',  ( 3.861943509606346531E-17, 0.2507440445766864201, 21.59999999999999787 ) ) ;
#1694 = EDGE_CURVE ( 'NONE', #691, #1997, #5398, .T. ) ;
#1695 = ADVANCED_FACE ( 'NONE', ( #1490 ), #4512, .F. ) ;
#1696 = EDGE_LOOP ( 'NONE', ( #2465, #5669, #885, #4371 ) ) ;
#1697 = EDGE_CURVE ( 'NONE', #1603, #3585, #2695, .T. ) ;
#1698 = CARTESIAN_POINT ( 'NONE',  ( 0.000000000000000000, 4.398845855716136732, 26.42590409671763041 ) ) ;
#1699 = CARTESIAN_POINT ( 'NONE',  ( 5.817072295949929004E-15, 2.999999999999994671, -26.02917960675005205 ) ) ;
#1700 = EDGE_CURVE ( 'NONE', #2194, #2882, #4378, .T. ) ;
#1701 = CARTESIAN_POINT ( 'NONE',  ( -49.82979408729125481, 4.871167254477729358, 6.572842524303260880 ) ) ;
#1702 = CARTESIAN_POINT ( 'NONE',  ( -28.53200000000000358, 0.000000000000000000, -4.000000000000000000 ) ) ;
#1703 = DIRECTION ( 'NONE',  ( 1.000000000000000000, 0.000000000000000000, 1.224646799147353207E-16 ) ) ;
#1704 = CARTESIAN_POINT ( 'NONE',  ( 2.732413098116655448, 3.087912869680462524, -17.89151265792555279 ) ) ;
#1705 = CARTESIAN_POINT ( 'NONE',  ( 24.53200000000000003, 0.000000000000000000, 0.000000000000000000 ) ) ;
#1706 = FACE_OUTER_BOUND ( 'NONE', #2368, .T. ) ;
#1707 = CYLINDRICAL_SURFACE ( 'NONE', #3025, 15.00000000000000000 ) ;
#1708 = CARTESIAN_POINT ( 'NONE',  ( 21.33592495465525474, 7.999999999999998224, 24.00936052501756279 ) ) ;
#1709 = CARTESIAN_POINT ( 'NONE',  ( -24.53200000000000003, 2.262326172866459650, 25.82465234573292179 ) ) ;
#1710 = ORIENTED_EDGE ( 'NONE', *, *, #1085, .T. ) ;
#1711 = EDGE_CURVE ( 'NONE', #3765, #456, #4754, .T. ) ;
#1712 = EDGE_LOOP ( 'NONE', ( #3405, #3094, #4876, #3451 ) ) ;
#1713 = DIRECTION ( 'NONE',  ( 0.000000000000000000, -1.000000000000000000, 0.000000000000000000 ) ) ;
#1714 = CARTESIAN_POINT ( 'NONE',  ( -6.910219575745265352, 3.530155360590963021, -5.192632044900466148 ) ) ;
#1715 = CARTESIAN_POINT ( 'NONE',  ( 50.64052720365522475, 4.539580463300084467, -1.801119478971692001 ) ) ;
#1716 = CARTESIAN_POINT ( 'NONE',  ( 10.81411707019197799, 4.229593484839812234, -26.51713362512334626 ) ) ;
#1717 = CARTESIAN_POINT ( 'NONE',  ( -0.5003878868060659402, 2.883734924216587281, 17.03153198448809746 ) ) ;
#1718 = CARTESIAN_POINT ( 'NONE',  ( -23.45207879911715310, 8.000000000000000000, -24.00936052501757700 ) ) ;
#1719 = EDGE_LOOP ( 'NONE', ( #177, #1630, #670, #1788 ) ) ;
#1720 = VERTEX_POINT ( 'NONE', #1900 ) ;
#1721 = CARTESIAN_POINT ( 'NONE',  ( 24.53200000000000003, 0.5000000000000000000, 0.000000000000000000 ) ) ;
#1722 = DIRECTION ( 'NONE',  ( -0.000000000000000000, -1.000000000000000000, -0.000000000000000000 ) ) ;
#1723 = SPHERICAL_SURFACE ( 'NONE', #5788, 15.00000000000000000 ) ;
#1724 = CARTESIAN_POINT ( 'NONE',  ( -44.47687577975150930, 7.062500000000003553, -14.26739617975193042 ) ) ;
#1725 = EDGE_LOOP ( 'NONE', ( #1051, #302, #1125 ) ) ;
#1726 = EDGE_CURVE ( 'NONE', #3721, #4652, #1053, .T. ) ;
#1727 = ORIENTED_EDGE ( 'NONE', *, *, #5486, .T. ) ;
#1728 = LINE ( 'NONE', #5496, #3142 ) ;
#1729 = EDGE_CURVE ( 'NONE', #1283, #4302, #173, .T. ) ;
#1730 = DIRECTION ( 'NONE',  ( 1.000000000000000000, 0.000000000000000000, 0.000000000000000000 ) ) ;
#1731 = CARTESIAN_POINT ( 'NONE',  ( 10.73831718418597880, 4.378976860347743028, -26.25156752845692409 ) ) ;
#1732 = DIRECTION ( 'NONE',  ( 0.7691273432445231428, 0.000000000000000000, -0.6390955561366559179 ) ) ;
#1733 = CARTESIAN_POINT ( 'NONE',  ( 1.680859060579885211, 3.032986340037513884, -16.06600684088106945 ) ) ;
#1734 = CARTESIAN_POINT ( 'NONE',  ( -10.19795791041799760, 4.004316704203169763, -2.990805478917204052 ) ) ;
#1735 = CARTESIAN_POINT ( 'NONE',  ( 0.000000000000000000, 0.000000000000000000, 0.000000000000000000 ) ) ;
#1736 = CARTESIAN_POINT ( 'NONE',  ( 0.000000000000000000, 7.700000000000000178, 24.00936052501757700 ) ) ;
#1737 = CARTESIAN_POINT ( 'NONE',  ( 50.58245880376987458, 4.565703810693208631, 2.395207367867911330 ) ) ;
#1738 = VECTOR ( 'NONE', #1933, 1000.000000000000000 ) ;
#1739 = CARTESIAN_POINT ( 'NONE',  ( -48.88821889708989943, 5.309102914362498815, 8.123035593157545975 ) ) ;
#1740 = AXIS2_PLACEMENT_3D ( 'NONE', #2672, #5515, #1279 ) ;
#1741 = ORIENTED_EDGE ( 'NONE', *, *, #1274, .T. ) ;
#1742 = CARTESIAN_POINT ( 'NONE',  ( -26.13066341472703513, 8.000000000000000000, -19.48717526990507309 ) ) ;
#1743 = CARTESIAN_POINT ( 'NONE',  ( 1.571159026519948654, 0.01502538641859384877, 20.32167687107435583 ) ) ;
#1744 = CARTESIAN_POINT ( 'NONE',  ( -19.77860286334927409, 5.970679812737250458, 10.88268558458165636 ) ) ;
#1745 = CARTESIAN_POINT ( 'NONE',  ( 22.40178450370001428, 8.000000000000001776, -24.00936052501400653 ) ) ;
#1746 = CARTESIAN_POINT ( 'NONE',  ( -44.47687577975150930, 7.062500000000000888, -14.26739617975192864 ) ) ;
#1747 = CARTESIAN_POINT ( 'NONE',  ( 42.65273862695904938, 7.748974577514202267, -16.11681328717403261 ) ) ;
#1748 = AXIS2_PLACEMENT_3D ( 'NONE', #1227, #2130, #4021 ) ;
#1749 = ORIENTED_EDGE ( 'NONE', *, *, #5549, .F. ) ;
#1750 = EDGE_CURVE ( 'NONE', #5364, #4535, #4716, .T. ) ;
#1751 = ORIENTED_EDGE ( 'NONE', *, *, #1697, .T. ) ;
#1752 = ADVANCED_FACE ( 'NONE', ( #44 ), #3811, .F. ) ;
#1753 = ORIENTED_EDGE ( 'NONE', *, *, #360, .F. ) ;
#1754 = FACE_OUTER_BOUND ( 'NONE', #1598, .T. ) ;
#1755 = AXIS2_PLACEMENT_3D ( 'NONE', #1002, #4783, #259 ) ;
#1756 = CYLINDRICAL_SURFACE ( 'NONE', #297, 42.50000000000000711 ) ;
#1757 = DIRECTION ( 'NONE',  ( -1.000000000000000000, 1.407438980180566061E-12, -2.261674981143350895E-12 ) ) ;
#1758 = CARTESIAN_POINT ( 'NONE',  ( 4.761907872372407091, 0.4054720015273140521, 22.05718566858950069 ) ) ;
#1759 = AXIS2_PLACEMENT_3D ( 'NONE', #3581, #2157, #210 ) ;
#1760 = ORIENTED_EDGE ( 'NONE', *, *, #2657, .T. ) ;
#1761 = CARTESIAN_POINT ( 'NONE',  ( 14.85545430707657744, 4.360863266220638579, 6.500000000000000000 ) ) ;
#1762 = FACE_OUTER_BOUND ( 'NONE', #6012, .T. ) ;
#1763 = CIRCLE ( 'NONE', #4729, 2.100000000000000977 ) ;
#1764 = FACE_OUTER_BOUND ( 'NONE', #3459, .T. ) ;
#1765 = CARTESIAN_POINT ( 'NONE',  ( 4.331744022406253336, 3.220381885689034274, 26.47305465180730977 ) ) ;
#1766 = AXIS2_PLACEMENT_3D ( 'NONE', #3576, #2184, #695 ) ;
#1767 = FACE_OUTER_BOUND ( 'NONE', #3952, .T. ) ;
#1768 = CARTESIAN_POINT ( 'NONE',  ( -10.83318391279539838, 4.121208053856158848, -2.745156579731321767 ) ) ;
#1769 =( NAMED_UNIT ( * ) SI_UNIT ( $, .STERADIAN. ) SOLID_ANGLE_UNIT ( ) );
#1770 = DIRECTION ( 'NONE',  ( 0.000000000000000000, 0.000000000000000000, 1.000000000000000000 ) ) ;
#1771 = FACE_OUTER_BOUND ( 'NONE', #2383, .T. ) ;
#1772 = VECTOR ( 'NONE', #4793, 1000.000000000000000 ) ;
#1773 = EDGE_CURVE ( 'NONE', #3109, #689, #5232, .T. ) ;
#1774 = DIRECTION ( 'NONE',  ( 0.000000000000000000, 0.000000000000000000, -1.000000000000000000 ) ) ;
#1775 = EDGE_CURVE ( 'NONE', #5019, #5030, #5009, .T. ) ;
#1776 = AXIS2_PLACEMENT_3D ( 'NONE', #1039, #1886, #1 ) ;
#1777 = ORIENTED_EDGE ( 'NONE', *, *, #1936, .T. ) ;
#1778 = CARTESIAN_POINT ( 'NONE',  ( 10.68184893949244341, 4.040304836269620559, 15.97980723421092719 ) ) ;
#1779 = DIRECTION ( 'NONE',  ( -0.9778480890251198820, -0.09360888290106014753, 0.1872177658021184909 ) ) ;
#1780 = CARTESIAN_POINT ( 'NONE',  ( -14.61896733377989577, 5.593411645520534492, 14.86415592040421352 ) ) ;
#1781 = CARTESIAN_POINT ( 'NONE',  ( -10.92569913414110161, 4.427909660642515455, 26.22980700017653888 ) ) ;
#1782 = EDGE_CURVE ( 'NONE', #3515, #320, #5733, .T. ) ;
#1783 = CARTESIAN_POINT ( 'NONE',  ( -1.219848002556875644, 2.934623875427849082, 17.24799130843498673 ) ) ;
#1784 = CARTESIAN_POINT ( 'NONE',  ( 38.70557107504664174, 7.858975779269959716, -19.69367050583470302 ) ) ;
#1785 = VECTOR ( 'NONE', #4668, 1000.000000000000000 ) ;
#1786 = ORIENTED_EDGE ( 'NONE', *, *, #5217, .T. ) ;
#1787 = EDGE_LOOP ( 'NONE', ( #5121, #5337, #5650, #1260 ) ) ;
#1788 = ORIENTED_EDGE ( 'NONE', *, *, #788, .F. ) ;
#1789 = CARTESIAN_POINT ( 'NONE',  ( 17.95760613575905396, 6.396911786977266701, 13.36596103457843299 ) ) ;
#1790 = AXIS2_PLACEMENT_3D ( 'NONE', #3986, #2586, #2557 ) ;
#1791 = CARTESIAN_POINT ( 'NONE',  ( -50.89432957107290179, 4.398845855716134956, 1.831935292267019566 ) ) ;
#1792 = CARTESIAN_POINT ( 'NONE',  ( 24.53200000000000003, 6.000000000000000000, 19.88359213500125477 ) ) ;
#1793 = CARTESIAN_POINT ( 'NONE',  ( -19.77451676227868305, 4.845187857625065320, -5.309620674015549824 ) ) ;
#1794 = AXIS2_PLACEMENT_3D ( 'NONE', #3529, #5351, #4871 ) ;
#1795 = ORIENTED_EDGE ( 'NONE', *, *, #3377, .T. ) ;
#1796 = B_SPLINE_CURVE_WITH_KNOTS ( 'NONE', 3,
 ( #1798, #1826, #6049, #5561, #889, #5040, #4574, #330, #4670, #2166, #1853, #5717, #1507, #1942 ),
 .UNSPECIFIED., .F., .F.,
 ( 4, 2, 2, 2, 2, 2, 4 ),
 ( 0.000000000000000000, 0.0002941274342309645380, 0.0005882548684619290759, 0.0008823823026928936681, 0.001176509736923858152, 0.001764764605385779530, 0.002353019473847701125 ),
 .UNSPECIFIED. ) ;
#1797 = CARTESIAN_POINT ( 'NONE',  ( 8.628775466685388196, 3.532964318695434258, -26.78368935489524105 ) ) ;
#1798 = CARTESIAN_POINT ( 'NONE',  ( -20.53200000000000003, 4.870577163833599954, 5.500000000000000000 ) ) ;
#1799 = CARTESIAN_POINT ( 'NONE',  ( -6.275599971363683416, 2.445340366096748763, 26.19068073219350268 ) ) ;
#1800 = FACE_OUTER_BOUND ( 'NONE', #4432, .T. ) ;
#1801 = CARTESIAN_POINT ( 'NONE',  ( -17.45650387134285353, 6.421739130434781728, -24.80810656615383891 ) ) ;
#1802 = CARTESIAN_POINT ( 'NONE',  ( -12.91591986986802709, 4.633406475030961147, -3.679602402035543118 ) ) ;
#1803 = SHAPE_DEFINITION_REPRESENTATION ( #1285, #6052 ) ;
#1804 = LINE ( 'NONE', #1329, #4410 ) ;
#1805 = CARTESIAN_POINT ( 'NONE',  ( -24.53200000000000003, 2.999999999999997335, 0.000000000000000000 ) ) ;
#1806 = CARTESIAN_POINT ( 'NONE',  ( 24.53200000000000003, 3.603966959366334599, 0.000000000000000000 ) ) ;
#1807 = CC_DESIGN_PERSON_AND_ORGANIZATION_ASSIGNMENT ( #5568, #3624, ( #1331 ) ) ;
#1808 = ORIENTED_EDGE ( 'NONE', *, *, #2979, .F. ) ;
#1809 = CARTESIAN_POINT ( 'NONE',  ( -8.653737694102414224, 3.643869051448076046, 16.11666861857084498 ) ) ;
#1810 = ADVANCED_FACE ( 'NONE', ( #1614 ), #4312, .T. ) ;
#1811 = PLANE ( 'NONE',  #2473 ) ;
#1812 = CARTESIAN_POINT ( 'NONE',  ( -28.53200000000000358, 0.000000000000000000, 4.000000000000000000 ) ) ;
#1813 = CARTESIAN_POINT ( 'NONE',  ( 5.155648720360310300, 2.533527832435123361, -26.36705566487025010 ) ) ;
#1814 = EDGE_CURVE ( 'NONE', #4731, #4100, #2113, .T. ) ;
#1815 = CARTESIAN_POINT ( 'NONE',  ( -0.9836508636841629905, 2.913195949728078382, 17.15489519090195003 ) ) ;
#1816 = CARTESIAN_POINT ( 'NONE',  ( 13.45671669227190570, 4.972248537989997885, -26.06760233426209439 ) ) ;
#1817 = ORIENTED_EDGE ( 'NONE', *, *, #2285, .T. ) ;
#1818 = ORIENTED_EDGE ( 'NONE', *, *, #3948, .F. ) ;
#1819 = EDGE_LOOP ( 'NONE', ( #230, #4441, #1895, #1843, #4042 ) ) ;
#1820 = CARTESIAN_POINT ( 'NONE',  ( 17.05170264327685459, 6.398126472401975740, 15.31743868025767696 ) ) ;
#1821 = CARTESIAN_POINT ( 'NONE',  ( -16.61165819298798496, 6.041405950987579487, 14.66993941520127898 ) ) ;
#1822 = CARTESIAN_POINT ( 'NONE',  ( -24.53200000000000003, 8.000000000000000000, 0.000000000000000000 ) ) ;
#1823 = CARTESIAN_POINT ( 'NONE',  ( -19.04176012396723294, 4.715252845029849205, -4.196868957151555612 ) ) ;
#1824 = EDGE_LOOP ( 'NONE', ( #5029, #1592 ) ) ;
#1825 = CARTESIAN_POINT ( 'NONE',  ( 4.752445227762847502, 3.266311619083234419, -26.51098195804579305 ) ) ;
#1826 = CARTESIAN_POINT ( 'NONE',  ( -20.43253956637604318, 4.870577163833600842, 5.500000000000003553 ) ) ;
#1827 = CARTESIAN_POINT ( 'NONE',  ( 14.37621614326762121, 4.169170586455262395, 5.067702847282022027 ) ) ;
#1828 = CARTESIAN_POINT ( 'NONE',  ( 50.90134847157987252, 4.499983924566714144, 0.6055331212383344708 ) ) ;
#1829 = EDGE_CURVE ( 'NONE', #5511, #789, #4447, .T. ) ;
#1830 = EDGE_CURVE ( 'NONE', #2377, #927, #3928, .T. ) ;
#1831 = CARTESIAN_POINT ( 'NONE',  ( 2.608707682995521360, 3.080082128529598506, -19.13857659639745279 ) ) ;
#1832 = CARTESIAN_POINT ( 'NONE',  ( -11.17276284053080992, 4.136230310208029337, -2.395104962309592356 ) ) ;
#1833 = CARTESIAN_POINT ( 'NONE',  ( 24.53200000000000003, -0.5000000000000000000, 0.000000000000000000 ) ) ;
#1834 = CARTESIAN_POINT ( 'NONE',  ( 50.89432957107065647, 4.398845855717135933, 1.831935292290110651 ) ) ;
#1835 =( BOUNDED_SURFACE ( )  B_SPLINE_SURFACE ( 3, 2, ( 
 ( #2503, #5844, #5869 ),
 ( #3962, #1577, #189 ),
 ( #4323, #5315, #1983 ),
 ( #5814, #3929, #2566 ),
 ( #2936, #2043, #5346 ),
 ( #4798, #5781, #5283 ),
 ( #4920, #1114, #2014 ),
 ( #2968, #2907, #1605 ),
 ( #4891, #4455, #647 ),
 ( #2532, #3867, #5373 ),
 ( #217, #2441, #3023 ),
 ( #3401, #98, #4421 ) ),
 .UNSPECIFIED., .F., .F., .T. ) 
 B_SPLINE_SURFACE_WITH_KNOTS ( ( 4, 2, 2, 2, 2, 4 ),
 ( 3, 3 ),
 ( -8.673617379884035472E-18, 0.006143693623233367242, 0.01228738724646674316, 0.01535923405808343155, 0.01843108086970011994, 0.02457477449293349325 ),
 ( 0.000000000000000000, 1.000000000000000000 ),
 .UNSPECIFIED. ) 
 GEOMETRIC_REPRESENTATION_ITEM ( )  RATIONAL_B_SPLINE_SURFACE ( (
 ( 1.000000000000000000, 0.9927824020030441288, 1.000000000000000000),
 ( 1.000000000000000000, 0.9925740408590855157, 1.000000000000000000),
 ( 1.000000000000000000, 0.9924184923475972697, 1.000000000000000000),
 ( 1.000000000000000000, 0.9922102519302126167, 1.000000000000000000),
 ( 1.000000000000000000, 0.9921574923639814303, 1.000000000000000000),
 ( 1.000000000000000000, 0.9921563781802730242, 1.000000000000000000),
 ( 1.000000000000000000, 0.9921690453965199552, 1.000000000000000000),
 ( 1.000000000000000000, 0.9922210625983338694, 1.000000000000000000),
 ( 1.000000000000000000, 0.9922604379574452294, 1.000000000000000000),
 ( 1.000000000000000000, 0.9924174228670914477, 1.000000000000000000),
 ( 1.000000000000000000, 0.9925740417246774472, 1.000000000000000000),
 ( 1.000000000000000000, 0.9927824020030437957, 1.000000000000000000) ) ) 
 REPRESENTATION_ITEM ( '' )  SURFACE ( )  );
#1836 = ORIENTED_EDGE ( 'NONE', *, *, #5434, .T. ) ;
#1837 = CARTESIAN_POINT ( 'NONE',  ( -2.684880219785541922, 2.749377789617453161, 16.42177645953955079 ) ) ;
#1838 = CARTESIAN_POINT ( 'NONE',  ( -9.715703365148394610, 3.857084475152686043, -26.67043102542709576 ) ) ;
#1839 = CARTESIAN_POINT ( 'NONE',  ( -18.08084482782031444, 6.923129479228824934, 14.12461713663371832 ) ) ;
#1840 = CARTESIAN_POINT ( 'NONE',  ( 5.276075970019145522, 2.764440578092825618, -26.82888115619025271 ) ) ;
#1841 = CARTESIAN_POINT ( 'NONE',  ( 21.66414586693450417, 4.670244917503947768, 3.736417063151783235 ) ) ;
#1842 = EDGE_LOOP ( 'NONE', ( #4712, #5358, #3572, #3729 ) ) ;
#1843 = ORIENTED_EDGE ( 'NONE', *, *, #406, .T. ) ;
#1844 = EDGE_LOOP ( 'NONE', ( #4868, #3904 ) ) ;
#1845 = CARTESIAN_POINT ( 'NONE',  ( 19.23204687032281157, 6.534700096402909608, 13.27720771584385950 ) ) ;
#1846 = CARTESIAN_POINT ( 'NONE',  ( -16.44426836583471285, 6.031593383766450600, 14.96205542151436951 ) ) ;
#1847 = CARTESIAN_POINT ( 'NONE',  ( 42.84269126023932017, 7.613376327135835453, 16.35535969866635497 ) ) ;
#1848 = AXIS2_PLACEMENT_3D ( 'NONE', #4560, #5024, #4122 ) ;
#1849 = DIRECTION ( 'NONE',  ( 0.000000000000000000, 0.000000000000000000, 1.000000000000000000 ) ) ;
#1850 = ORIENTED_EDGE ( 'NONE', *, *, #4533, .T. ) ;
#1851 = CARTESIAN_POINT ( 'NONE',  ( 24.53200000000000003, 0.000000000000000000, -6.158312395177701681 ) ) ;
#1852 = CARTESIAN_POINT ( 'NONE',  ( 6.304872970732606774, 3.466410399547638743, -26.56563171461768746 ) ) ;
#1853 = CARTESIAN_POINT ( 'NONE',  ( -19.22008631811205603, 4.776021386590096895, 4.752943479948275929 ) ) ;
#1854 = FACE_OUTER_BOUND ( 'NONE', #4839, .T. ) ;
#1855 = CARTESIAN_POINT ( 'NONE',  ( 9.643919235719442540, 4.093186493302522599, 26.37865917272441152 ) ) ;
#1856 = VECTOR ( 'NONE', #205, 1000.000000000000114 ) ;
#1857 = AXIS2_PLACEMENT_3D ( 'NONE', #3913, #3322, #5331 ) ;
#1858 = CARTESIAN_POINT ( 'NONE',  ( -12.78909288673748001, 4.630374036686523809, -3.766382104271105202 ) ) ;
#1859 = DIRECTION ( 'NONE',  ( 1.000000000000000000, 0.000000000000000000, -0.000000000000000000 ) ) ;
#1860 = FACE_OUTER_BOUND ( 'NONE', #2153, .T. ) ;
#1861 = DIRECTION ( 'NONE',  ( 0.000000000000000000, -1.000000000000000000, 0.000000000000000000 ) ) ;
#1862 = CIRCLE ( 'NONE', #573, 7.900000000000000355 ) ;
#1863 = ORIENTED_EDGE ( 'NONE', *, *, #3998, .T. ) ;
#1864 = CARTESIAN_POINT ( 'NONE',  ( -49.05469532125019327, 5.323168923982684042, 8.192921542040593863 ) ) ;
#1865 = VECTOR ( 'NONE', #621, 1000.000000000000000 ) ;
#1866 = FACE_OUTER_BOUND ( 'NONE', #1719, .T. ) ;
#1867 = LINE ( 'NONE', #1957, #1243 ) ;
#1868 = CARTESIAN_POINT ( 'NONE',  ( 8.524472718126299142, 3.586326437385970234, -3.137610815143475840 ) ) ;
#1869 = EDGE_LOOP ( 'NONE', ( #442, #383, #4933, #1749 ) ) ;
#1870 = AXIS2_PLACEMENT_3D ( 'NONE', #939, #5178, #914 ) ;
#1871 = ORIENTED_EDGE ( 'NONE', *, *, #5848, .F. ) ;
#1872 =( BOUNDED_CURVE ( )  B_SPLINE_CURVE ( 3, ( #420, #2311, #4193, #6075 ),
 .UNSPECIFIED., .F., .T. ) 
 B_SPLINE_CURVE_WITH_KNOTS ( ( 4, 4 ),
 ( 2.427719605201353659, 3.141592653589793116 ),
 .UNSPECIFIED. ) 
 CURVE ( )  GEOMETRIC_REPRESENTATION_ITEM ( )  RATIONAL_B_SPLINE_CURVE ( ( 1.000000000000000000, 0.9579810759616247395, 0.9579810759616247395, 1.000000000000000000 ) ) 
 REPRESENTATION_ITEM ( '' )  );
#1873 = EDGE_LOOP ( 'NONE', ( #3787, #1678, #5175, #2837 ) ) ;
#1874 = CARTESIAN_POINT ( 'NONE',  ( 16.58492489921833268, 5.556433440702379656, 12.25431878124521035 ) ) ;
#1875 = FACE_OUTER_BOUND ( 'NONE', #3673, .T. ) ;
#1876 = DIRECTION ( 'NONE',  ( 0.000000000000000000, 1.000000000000000000, -0.000000000000000000 ) ) ;
#1877 = VECTOR ( 'NONE', #277, 1000.000000000000000 ) ;
#1878 = CARTESIAN_POINT ( 'NONE',  ( 16.38549994961428169, 5.143213726532641417, -7.304289433618034622 ) ) ;
#1879 = VERTEX_POINT ( 'NONE', #4874 ) ;
#1880 = CIRCLE ( 'NONE', #5136, 0.2999999999999999889 ) ;
#1881 = ORIENTED_EDGE ( 'NONE', *, *, #1563, .T. ) ;
#1882 = DIRECTION ( 'NONE',  ( -0.000000000000000000, 1.000000000000000000, -0.000000000000000000 ) ) ;
#1883 = CARTESIAN_POINT ( 'NONE',  ( -2.609973145073065215, 3.080160261019321055, -19.13487909793174069 ) ) ;
#1884 = CARTESIAN_POINT ( 'NONE',  ( 10.96497880503958733, 4.420488400524862804, -4.703536743793993224 ) ) ;
#1885 = ADVANCED_FACE ( 'NONE', ( #2138, #5877 ), #1677, .F. ) ;
#1886 = DIRECTION ( 'NONE',  ( 0.000000000000000000, -1.000000000000000000, 0.000000000000000000 ) ) ;
#1887 = APPROVAL_PERSON_ORGANIZATION ( #4675, #4520, #2691 ) ;
#1888 = ADVANCED_FACE ( 'NONE', ( #4029, #5912, #1182, #3569 ), #5444, .F. ) ;
#1889 = ORIENTED_EDGE ( 'NONE', *, *, #4017, .F. ) ;
#1890 = ADVANCED_FACE ( 'NONE', ( #166 ), #5460, .T. ) ;
#1891 = DIRECTION ( 'NONE',  ( -0.000000000000000000, 1.000000000000000000, -0.000000000000000000 ) ) ;
#1892 = CARTESIAN_POINT ( 'NONE',  ( -24.53200000000000003, 0.5000000000000000000, 0.000000000000000000 ) ) ;
#1893 = CARTESIAN_POINT ( 'NONE',  ( 45.52609035509703261, 6.631991314098517165, 13.68035819544318876 ) ) ;
#1894 = CARTESIAN_POINT ( 'NONE',  ( 10.81411707019200108, 4.209896778478511514, 26.52600142245041326 ) ) ;
#1895 = ORIENTED_EDGE ( 'NONE', *, *, #2152, .T. ) ;
#1896 = CARTESIAN_POINT ( 'NONE',  ( 10.75961796135496407, 4.384539331415967744, -26.44888184441957435 ) ) ;
#1897 = CARTESIAN_POINT ( 'NONE',  ( -29.66346464825889484, 4.804686381941877471, 4.989621328955393231 ) ) ;
#1898 = CARTESIAN_POINT ( 'NONE',  ( -24.53200000000000003, 0.000000000000000000, -7.500000000000000000 ) ) ;
#1899 = CARTESIAN_POINT ( 'NONE',  ( 8.087521856741188842, 2.742306259132728741, -26.78461251826477962 ) ) ;
#1900 = CARTESIAN_POINT ( 'NONE',  ( 2.234980408443919215E-15, 0.000000000000000000, -16.89999999999999503 ) ) ;
#1901 = ADVANCED_FACE ( 'NONE', ( #2694 ), #5998, .F. ) ;
#1902 = ORIENTED_EDGE ( 'NONE', *, *, #5582, .F. ) ;
#1903 = ORIENTED_EDGE ( 'NONE', *, *, #3320, .T. ) ;
#1904 = CARTESIAN_POINT ( 'NONE',  ( 16.43839119257697590, 6.027725169227258206, 14.95601707908663514 ) ) ;
#1905 = CARTESIAN_POINT ( 'NONE',  ( 25.74947528764709048, 4.753196883528128858, -4.549907196904286799 ) ) ;
#1906 = CARTESIAN_POINT ( 'NONE',  ( 24.53200000000000003, 2.262326172866459650, -25.82465234573292179 ) ) ;
#1907 = CARTESIAN_POINT ( 'NONE',  ( 16.37117173824480787, 6.276370989078273510, 17.90461425584436128 ) ) ;
#1908 = VERTEX_POINT ( 'NONE', #5971 ) ;
#1909 = ORIENTED_EDGE ( 'NONE', *, *, #3242, .F. ) ;
#1910 = CARTESIAN_POINT ( 'NONE',  ( 4.353236889509250140, 0.6931402384322812305, 22.68628047686455318 ) ) ;
#1911 = CARTESIAN_POINT ( 'NONE',  ( -2.750064038553697188, 3.089068062727096553, -18.42843266131986368 ) ) ;
#1912 = CARTESIAN_POINT ( 'NONE',  ( -15.48699527997397141, 5.700923087222427021, 25.61227594093041304 ) ) ;
#1913 = CARTESIAN_POINT ( 'NONE',  ( 50.89432957107050015, 4.398845855717392617, 1.831935292290145734 ) ) ;
#1914 = ADVANCED_FACE ( 'NONE', ( #774 ), #2836, .T. ) ;
#1915 = ADVANCED_FACE ( 'NONE', ( #2667, #2204 ), #807, .F. ) ;
#1916 = CARTESIAN_POINT ( 'NONE',  ( 24.53200000000000003, 0.5000000000000000000, 0.000000000000000000 ) ) ;
#1917 = CARTESIAN_POINT ( 'NONE',  ( 49.13256165158463062, 5.172670529769262338, -8.256860291717366351 ) ) ;
#1918 = CARTESIAN_POINT ( 'NONE',  ( 0.000000000000000000, 1.049999999999999822, 20.00000000000000000 ) ) ;
#1919 = CARTESIAN_POINT ( 'NONE',  ( 6.824038976378436594, 3.546836867952430250, 27.02618982385658697 ) ) ;
#1920 = DIRECTION ( 'NONE',  ( -0.000000000000000000, 1.000000000000000000, -0.000000000000000000 ) ) ;
#1921 = B_SPLINE_CURVE_WITH_KNOTS ( 'NONE', 3,
 ( #1232, #2659, #2314, #4196 ),
 .UNSPECIFIED., .F., .F.,
 ( 4, 4 ),
 ( 0.009125915341017308210, 0.01487983423160089969 ),
 .UNSPECIFIED. ) ;
#1922 = VERTEX_POINT ( 'NONE', #1273 ) ;
#1923 = DIRECTION ( 'NONE',  ( -0.000000000000000000, 1.000000000000000000, -0.000000000000000000 ) ) ;
#1924 = CARTESIAN_POINT ( 'NONE',  ( 14.36918125026889825, 4.531452145646944984, -1.957597977714125026 ) ) ;
#1925 = CYLINDRICAL_SURFACE ( 'NONE', #2928, 1.500000000000001332 ) ;
#1926 = CARTESIAN_POINT ( 'NONE',  ( -9.404454689980552118, 4.047951393761702654, 17.98010599833803624 ) ) ;
#1927 = CARTESIAN_POINT ( 'NONE',  ( 50.64052720365522475, 4.239870076446175418, -1.814298401988558407 ) ) ;
#1928 = VERTEX_POINT ( 'NONE', #1330 ) ;
#1929 = ORIENTED_EDGE ( 'NONE', *, *, #5628, .T. ) ;
#1930 = FACE_OUTER_BOUND ( 'NONE', #1844, .T. ) ;
#1931 = B_SPLINE_CURVE_WITH_KNOTS ( 'NONE', 3,
 ( #4547, #304, #1264, #3147, #5041, #4671, #5770, #6083, #3746, #4638 ),
 .UNSPECIFIED., .F., .F.,
 ( 4, 2, 2, 2, 4 ),
 ( 0.000000000000000000, 0.0004718385563541610149, 0.0009436771127083220297, 0.001415515669062482936, 0.001887354225416644059 ),
 .UNSPECIFIED. ) ;
#1932 = CARTESIAN_POINT ( 'NONE',  ( 25.15059512575187384, 4.766698372854541788, 4.669240234740142270 ) ) ;
#1933 = DIRECTION ( 'NONE',  ( -1.000000000000000000, 0.000000000000000000, 0.000000000000000000 ) ) ;
#1934 = CARTESIAN_POINT ( 'NONE',  ( -24.53200000000000003, 7.858975779269965045, 0.000000000000000000 ) ) ;
#1935 = VERTEX_POINT ( 'NONE', #4615 ) ;
#1936 = EDGE_CURVE ( 'NONE', #1225, #5935, #2537, .T. ) ;
#1937 = ORIENTED_EDGE ( 'NONE', *, *, #1585, .F. ) ;
#1938 = CARTESIAN_POINT ( 'NONE',  ( 40.88121540752604943, 8.014584818358594376, 18.00805555202250829 ) ) ;
#1939 = AXIS2_PLACEMENT_3D ( 'NONE', #5672, #4271, #3381 ) ;
#1940 = CARTESIAN_POINT ( 'NONE',  ( 24.53200000000000003, 0.5000000000000000000, -7.900000000000000355 ) ) ;
#1941 = CARTESIAN_POINT ( 'NONE',  ( -2.661874543306145480, 3.083426878809678140, -17.53607874789674170 ) ) ;
#1942 = CARTESIAN_POINT ( 'NONE',  ( -19.03200000000000003, 4.695588473793671724, 4.000000000000000000 ) ) ;
#1943 = DIRECTION ( 'NONE',  ( 0.000000000000000000, 0.000000000000000000, 1.000000000000000000 ) ) ;
#1944 = AXIS2_PLACEMENT_3D ( 'NONE', #5188, #1859, #1389 ) ;
#1945 = VERTEX_POINT ( 'NONE', #405 ) ;
#1946 = DIRECTION ( 'NONE',  ( 1.149056889486922136E-12, 1.289477783811271069E-12, -1.000000000000000000 ) ) ;
#1947 = CIRCLE ( 'NONE', #366, 24.00936052501757700 ) ;
#1948 = CARTESIAN_POINT ( 'NONE',  ( -49.16688289006935264, 5.190825823012323426, -7.572267315136874899 ) ) ;
#1949 = CARTESIAN_POINT ( 'NONE',  ( 47.12256132426497857, 6.043904054844912110, 11.15598590468610674 ) ) ;
#1950 = CARTESIAN_POINT ( 'NONE',  ( 5.118131767560402778, 3.308353436047095197, 27.27819386348278741 ) ) ;
#1951 = CARTESIAN_POINT ( 'NONE',  ( 48.24534057608104121, 5.672649839582010856, -9.797806739278907884 ) ) ;
#1952 = VECTOR ( 'NONE', #1580, 999.9999999999998863 ) ;
#1953 = EDGE_LOOP ( 'NONE', ( #4255, #1069, #1219, #3852 ) ) ;
#1954 = FACE_OUTER_BOUND ( 'NONE', #4048, .T. ) ;
#1955 = EDGE_CURVE ( 'NONE', #5320, #6001, #3637, .T. ) ;
#1956 = CARTESIAN_POINT ( 'NONE',  ( 14.97906038295241693, 4.492187786298175389, -0.8224419240802961495 ) ) ;
#1957 = CARTESIAN_POINT ( 'NONE',  ( 0.000000000000000000, 7.858975779269959716, -24.26377495386450533 ) ) ;
#1958 = CARTESIAN_POINT ( 'NONE',  ( 10.70345626861575106, 4.282474656126887602, 16.91404822388356521 ) ) ;
#1959 = AXIS2_PLACEMENT_3D ( 'NONE', #3622, #3686, #1328 ) ;
#1960 = ADVANCED_FACE ( 'NONE', ( #2234 ), #5542, .T. ) ;
#1961 = DIRECTION ( 'NONE',  ( 0.000000000000000000, 1.000000000000000000, -0.000000000000000000 ) ) ;
#1962 = ORIENTED_EDGE ( 'NONE', *, *, #800, .T. ) ;
#1963 = ADVANCED_FACE ( 'NONE', ( #2722 ), #1355, .T. ) ;
#1964 = CIRCLE ( 'NONE', #3545, 1.500000000000000444 ) ;
#1965 = ADVANCED_FACE ( 'NONE', ( #2266, #2629 ), #5603, .F. ) ;
#1966 = VERTEX_POINT ( 'NONE', #1709 ) ;
#1967 = CARTESIAN_POINT ( 'NONE',  ( 15.89804012013393297, 5.866765309592651967, 15.30522086587815700 ) ) ;
#1968 = CARTESIAN_POINT ( 'NONE',  ( 24.53200000000000003, 7.700000000000000178, -24.00936052501757700 ) ) ;
#1969 = CARTESIAN_POINT ( 'NONE',  ( -6.349167263850981513, 3.008160498936031324, 26.82255634122920540 ) ) ;
#1970 = DIRECTION ( 'NONE',  ( -1.000000000000000000, -0.000000000000000000, -0.000000000000000000 ) ) ;
#1971 = DIRECTION ( 'NONE',  ( -0.8116490753512494161, 0.000000000000000000, -0.5841453402034992859 ) ) ;
#1972 = VECTOR ( 'NONE', #4355, 1000.000000000000000 ) ;
#1973 = EDGE_LOOP ( 'NONE', ( #5651, #95, #26, #3549 ) ) ;
#1974 = VERTEX_POINT ( 'NONE', #3597 ) ;
#1975 = CARTESIAN_POINT ( 'NONE',  ( 23.45207879911717086, 8.000000000000001776, 24.00936052501756635 ) ) ;
#1976 = CIRCLE ( 'NONE', #2662, 15.00000000000000000 ) ;
#1977 = LINE ( 'NONE', #2037, #4142 ) ;
#1978 = CARTESIAN_POINT ( 'NONE',  ( -4.330213000374390830, 3.220935913486165258, 26.46569540838473245 ) ) ;
#1979 = CARTESIAN_POINT ( 'NONE',  ( 11.36253898788713634, 4.460517085925873815, -3.498460269327869021 ) ) ;
#1980 = CARTESIAN_POINT ( 'NONE',  ( -24.53200000000000003, 0.000000000000000000, -21.29999999999999005 ) ) ;
#1981 = CIRCLE ( 'NONE', #5427, 22.56687370800099757 ) ;
#1982 = CARTESIAN_POINT ( 'NONE',  ( -24.53199999999999648, 0.5000000000000000000, 15.09999999999999964 ) ) ;
#1983 = CARTESIAN_POINT ( 'NONE',  ( -6.908379867798504215, 3.529842174707180646, -5.192759186066289168 ) ) ;
#1984 = CARTESIAN_POINT ( 'NONE',  ( 50.57352946915248992, 4.542598410746273352, 3.939677768597078966 ) ) ;
#1985 = CARTESIAN_POINT ( 'NONE',  ( 9.645263069359888419, 4.093537421143612853, 26.37850311534470649 ) ) ;
#1986 = CARTESIAN_POINT ( 'NONE',  ( 48.08521655728988975, 5.649723228095487215, -9.701714875432394081 ) ) ;
#1987 = EDGE_LOOP ( 'NONE', ( #131, #1005, #4475, #3234 ) ) ;
#1988 = CARTESIAN_POINT ( 'NONE',  ( 8.242357174821718147, 3.791250992365328809, 18.08616893973852413 ) ) ;
#1989 = CARTESIAN_POINT ( 'NONE',  ( 11.37724389698395022, 4.398845855716131403, -26.42590409671763041 ) ) ;
#1990 = DIRECTION ( 'NONE',  ( 0.000000000000000000, 0.000000000000000000, -1.000000000000000000 ) ) ;
#1991 = APPROVAL ( #4553, 'UNSPECIFIED' ) ;
#1992 = CARTESIAN_POINT ( 'NONE',  ( -16.25795615744136668, 5.986470733487323947, 15.12989395448121144 ) ) ;
#1993 = CARTESIAN_POINT ( 'NONE',  ( 13.24629777888361737, 4.798399838266225181, 15.71553010261100880 ) ) ;
#1994 = FACE_OUTER_BOUND ( 'NONE', #2951, .T. ) ;
#1995 = ORIENTED_EDGE ( 'NONE', *, *, #3923, .F. ) ;
#1996 = EDGE_CURVE ( 'NONE', #3399, #901, #4118, .T. ) ;
#1997 = VERTEX_POINT ( 'NONE', #5256 ) ;
#1998 = DIRECTION ( 'NONE',  ( -0.2658234555370091456, -0.9640217271858366743, 0.000000000000000000 ) ) ;
#1999 = ADVANCED_FACE ( 'NONE', ( #3839 ), #1031, .T. ) ;
#2000 = CARTESIAN_POINT ( 'NONE',  ( -42.84269126023932017, 7.613376327135833677, -16.35535969866635853 ) ) ;
#2001 = DIRECTION ( 'NONE',  ( -0.000000000000000000, 1.000000000000000000, -0.000000000000000000 ) ) ;
#2002 = SPHERICAL_SURFACE ( 'NONE', #1653, 39.99999999999999289 ) ;
#2003 =( BOUNDED_SURFACE ( )  B_SPLINE_SURFACE ( 3, 2, ( 
 ( #5726, #2017, #5784 ),
 ( #3404, #1546, #5756 ),
 ( #1448, #3902, #2444 ),
 ( #5117, #3438, #2388 ),
 ( #1986, #1951, #3341 ),
 ( #2881, #2415, #988 ),
 ( #4802, #4294, #2910 ),
 ( #4267, #1483, #1049 ),
 ( #2939, #5223, #2479 ),
 ( #554, #4834, #1084 ),
 ( #3870, #64, #4361 ),
 ( #588, #4657, #875 ) ),
 .UNSPECIFIED., .F., .F., .T. ) 
 B_SPLINE_SURFACE_WITH_KNOTS ( ( 4, 2, 2, 2, 2, 4 ),
 ( 3, 3 ),
 ( 8.638922910364499330E-16, 0.003604243783702492689, 0.007208487567404121485, 0.009010609459254935449, 0.01081273135110575115, 0.01441697513480737908 ),
 ( 0.000000000000000000, 1.000000000000000000 ),
 .UNSPECIFIED. ) 
 GEOMETRIC_REPRESENTATION_ITEM ( )  RATIONAL_B_SPLINE_SURFACE ( (
 ( 1.000000000000000000, 0.8137184430976420746, 1.000000000000000000),
 ( 1.000000000000000000, 0.8214905995094055058, 1.000000000000000000),
 ( 1.000000000000000000, 0.8287973693456723856, 1.000000000000000000),
 ( 1.000000000000000000, 0.8421856903802728000, 1.000000000000000000),
 ( 1.000000000000000000, 0.8482705295179745475, 1.000000000000000000),
 ( 1.000000000000000000, 0.8562407684603562386, 1.000000000000000000),
 ( 1.000000000000000000, 0.8587129543340535909, 1.000000000000000000),
 ( 1.000000000000000000, 0.8631317689419600869, 1.000000000000000000),
 ( 1.000000000000000000, 0.8650900151941253169, 1.000000000000000000),
 ( 1.000000000000000000, 0.8701832069187386276, 1.000000000000000000),
 ( 1.000000000000000000, 0.8725401346042633843, 1.000000000000000000),
 ( 1.000000000000000000, 0.8737348221099825452, 1.000000000000000000) ) ) 
 REPRESENTATION_ITEM ( '' )  SURFACE ( )  );
#2004 = CARTESIAN_POINT ( 'NONE',  ( 48.88821889708988522, 5.309102914362513914, -8.123035593157602818 ) ) ;
#2005 = ORIENTED_EDGE ( 'NONE', *, *, #6109, .T. ) ;
#2006 = VERTEX_POINT ( 'NONE', #2443 ) ;
#2007 = CYLINDRICAL_SURFACE ( 'NONE', #568, 0.7500000000000006661 ) ;
#2008 = CARTESIAN_POINT ( 'NONE',  ( -24.53200000000000003, -5.000000000000000000, 6.500000000000000000 ) ) ;
#2009 = CARTESIAN_POINT ( 'NONE',  ( -2.186957440837982602, 3.056188244665801523, -19.92684915296999293 ) ) ;
#2010 = CARTESIAN_POINT ( 'NONE',  ( 16.96280172792836183, 6.471827577582369706, 16.45940734990781706 ) ) ;
#2011 = CARTESIAN_POINT ( 'NONE',  ( -24.53200000000000003, 0.000000000000000000, -7.900000000000000355 ) ) ;
#2012 = EDGE_LOOP ( 'NONE', ( #3449, #5880, #5917, #836 ) ) ;
#2013 = CARTESIAN_POINT ( 'NONE',  ( -14.75910514870089507, 5.573774952590789589, -9.499026795785997734 ) ) ;
#2014 = CARTESIAN_POINT ( 'NONE',  ( 1.695935657339583846, 3.024902245922443722, -5.395954192558234830 ) ) ;
#2015 = CARTESIAN_POINT ( 'NONE',  ( 50.28413948611384399, 4.671182219527159951, 5.126585833862143282 ) ) ;
#2016 = CARTESIAN_POINT ( 'NONE',  ( -4.078575790249349353, 2.626446581904952726, -26.55289316380991593 ) ) ;
#2017 = CARTESIAN_POINT ( 'NONE',  ( 44.63274191430692639, 7.113677662846534133, -14.40527287364054843 ) ) ;
#2018 = EDGE_CURVE ( 'NONE', #4100, #417, #763, .T. ) ;
#2019 = ORIENTED_EDGE ( 'NONE', *, *, #5752, .T. ) ;
#2020 = ADVANCED_FACE ( 'NONE', ( #4293 ), #36, .T. ) ;
#2021 = VERTEX_POINT ( 'NONE', #4208 ) ;
#2022 = DIRECTION ( 'NONE',  ( 0.000000000000000000, 0.000000000000000000, 1.000000000000000000 ) ) ;
#2023 = DIRECTION ( 'NONE',  ( -0.000000000000000000, 1.000000000000000000, -0.000000000000000000 ) ) ;
#2024 = CARTESIAN_POINT ( 'NONE',  ( -16.74773020056794337, 5.997933073817173444, 14.18919797016342343 ) ) ;
#2025 = CARTESIAN_POINT ( 'NONE',  ( -8.671266820493306327, 3.888488203323639425, 17.06395215423356504 ) ) ;
#2026 = CARTESIAN_POINT ( 'NONE',  ( 2.981591887941260843, 3.104671077046591066, 20.42675462942661113 ) ) ;
#2027 = ORIENTED_EDGE ( 'NONE', *, *, #835, .F. ) ;
#2028 = EDGE_LOOP ( 'NONE', ( #851, #5153, #2827, #5456 ) ) ;
#2029 = CARTESIAN_POINT ( 'NONE',  ( 15.78268771445452145, 6.038972148486472236, 16.20767305370051758 ) ) ;
#2030 = CARTESIAN_POINT ( 'NONE',  ( 0.000000000000000000, 41.50000000000000000, 6.500000000000000000 ) ) ;
#2031 = CARTESIAN_POINT ( 'NONE',  ( 24.53200000000000003, 6.000000000000000000, 0.000000000000000000 ) ) ;
#2032 = DIRECTION ( 'NONE',  ( 0.000000000000000000, 0.000000000000000000, -1.000000000000000000 ) ) ;
#2033 = ORIENTED_EDGE ( 'NONE', *, *, #2825, .T. ) ;
#2034 = ORIENTED_EDGE ( 'NONE', *, *, #2791, .F. ) ;
#2035 = CARTESIAN_POINT ( 'NONE',  ( -4.000000000000000000, 0.7250000000000025313, 22.75000000000000000 ) ) ;
#2036 =( BOUNDED_SURFACE ( )  B_SPLINE_SURFACE ( 3, 2, ( 
 ( #713, #2601, #4489 ),
 ( #2137, #4028, #5910 ),
 ( #4555, #5823, #5946 ),
 ( #3568, #2085, #3091 ),
 ( #3596, #5476, #1237 ),
 ( #2666, #1611, #310 ),
 ( #1121, #658, #5506 ),
 ( #3155, #2720, #2693 ) ),
 .UNSPECIFIED., .F., .F., .T. ) 
 B_SPLINE_SURFACE_WITH_KNOTS ( ( 4, 2, 2, 4 ),
 ( 3, 3 ),
 ( 0.000000000000000000, 0.008927900538960536689, 0.01339185080844080417, 0.01785580107792107338 ),
 ( 0.000000000000000000, 1.000000000000000000 ),
 .UNSPECIFIED. ) 
 GEOMETRIC_REPRESENTATION_ITEM ( )  RATIONAL_B_SPLINE_SURFACE ( (
 ( 1.000000000000000000, 0.9758300207388416192, 1.000000000000000000),
 ( 1.000000000000000000, 0.9774902662053643887, 1.000000000000000000),
 ( 1.000000000000000000, 0.9792594832264621685, 1.000000000000000000),
 ( 1.000000000000000000, 0.9820377780793692057, 1.000000000000000000),
 ( 1.000000000000000000, 0.9829846774495445416, 1.000000000000000000),
 ( 1.000000000000000000, 0.9849124965060469528, 1.000000000000000000),
 ( 1.000000000000000000, 0.9858934440170298297, 1.000000000000000000),
 ( 1.000000000000000000, 0.9868861587615770370, 1.000000000000000000) ) ) 
 REPRESENTATION_ITEM ( '' )  SURFACE ( )  );
#2037 = CARTESIAN_POINT ( 'NONE',  ( 24.53200000000000003, 8.000000000000000000, 24.17565324045341058 ) ) ;
#2038 = CARTESIAN_POINT ( 'NONE',  ( -6.942554747121204350, 3.133880427493148879, 26.82648753293965527 ) ) ;
#2039 = CARTESIAN_POINT ( 'NONE',  ( -50.74848045119215101, 4.464434699931665307, -3.038665871439977018 ) ) ;
#2040 = ORIENTED_EDGE ( 'NONE', *, *, #3967, .F. ) ;
#2041 = AXIS2_PLACEMENT_3D ( 'NONE', #6005, #2183, #3695 ) ;
#2042 = CARTESIAN_POINT ( 'NONE',  ( 24.53200000000000003, 0.6334368540004994275, 22.56687370800099401 ) ) ;
#2043 = CARTESIAN_POINT ( 'NONE',  ( -1.753191710504778955, 3.001495232550717152, -4.397421936738299841 ) ) ;
#2044 = CARTESIAN_POINT ( 'NONE',  ( -20.99117445335896548, 6.296292260431816779, 12.06301209754607839 ) ) ;
#2045 = AXIS2_PLACEMENT_3D ( 'NONE', #402, #2296, #3778 ) ;
#2046 = CARTESIAN_POINT ( 'NONE',  ( -4.329610126499647826, 3.220177608956910742, 26.47264321443740087 ) ) ;
#2047 = ORIENTED_EDGE ( 'NONE', *, *, #1814, .T. ) ;
#2048 = AXIS2_PLACEMENT_3D ( 'NONE', #3156, #4151, #1774 ) ;
#2049 = EDGE_LOOP ( 'NONE', ( #5445, #4210, #4522, #3941 ) ) ;
#2050 = CARTESIAN_POINT ( 'NONE',  ( -17.45650387134285353, 6.580714909704743931, 25.06252099500076724 ) ) ;
#2051 = CARTESIAN_POINT ( 'NONE',  ( 2.526667624093402953, 3.055129281328403223, -27.41025856266350047 ) ) ;
#2052 = CARTESIAN_POINT ( 'NONE',  ( -10.81411707019198154, 2.262326172866459650, 25.82465234573292179 ) ) ;
#2053 = CARTESIAN_POINT ( 'NONE',  ( 2.717944717012502398, 3.081555559982706249, 17.36773950159258817 ) ) ;
#2054 = CARTESIAN_POINT ( 'NONE',  ( 2.942594952931349095, 3.101915357512774030, 19.35752349218058299 ) ) ;
#2055 = ORIENTED_EDGE ( 'NONE', *, *, #4580, .F. ) ;
#2056 = ORIENTED_EDGE ( 'NONE', *, *, #1536, .F. ) ;
#2057 = CARTESIAN_POINT ( 'NONE',  ( 24.53200000000000003, 1.850000000000000977, 0.000000000000000000 ) ) ;
#2058 = B_SPLINE_CURVE_WITH_KNOTS ( 'NONE', 3,
 ( #5639, #4735, #3338, #430, #2878, #1917, #5722, #4291, #4178, #6057, #3373, #4767, #4206, #5162 ),
 .UNSPECIFIED., .F., .F.,
 ( 4, 2, 2, 2, 2, 2, 4 ),
 ( 0.000000000000000000, 0.003638499057996100010, 0.007276998115992200020, 0.009096247644990252193, 0.01091549717398830610, 0.01273474670298635827, 0.01455399623198441218 ),
 .UNSPECIFIED. ) ;
#2059 = CIRCLE ( 'NONE', #3136, 0.3000000000000001554 ) ;
#2060 = CARTESIAN_POINT ( 'NONE',  ( 13.70690570357024640, 4.480746046589391796, -0.2271000306491772480 ) ) ;
#2061 = CARTESIAN_POINT ( 'NONE',  ( -38.70557107504664884, 7.858975779269959716, 19.69367050583469592 ) ) ;
#2062 = DIRECTION ( 'NONE',  ( 0.000000000000000000, 0.000000000000000000, 1.000000000000000000 ) ) ;
#2063 = CARTESIAN_POINT ( 'NONE',  ( -30.03199999999999292, 4.705281524299764762, -4.098879805448703451 ) ) ;
#2064 = AXIS2_PLACEMENT_3D ( 'NONE', #3866, #1946, #1414 ) ;
#2065 = ORIENTED_EDGE ( 'NONE', *, *, #2413, .F. ) ;
#2066 = ORIENTED_EDGE ( 'NONE', *, *, #3057, .F. ) ;
#2067 = CARTESIAN_POINT ( 'NONE',  ( 18.08084483244144636, 6.923129481250325234, 14.12461714293259440 ) ) ;
#2068 = FACE_OUTER_BOUND ( 'NONE', #5615, .T. ) ;
#2069 = CARTESIAN_POINT ( 'NONE',  ( 11.32446113086581718, 4.536511837366310473, 26.33988084398392004 ) ) ;
#2070 = CIRCLE ( 'NONE', #6003, 24.26377495386450533 ) ;
#2071 = CARTESIAN_POINT ( 'NONE',  ( -50.20025648873087931, 4.815577237514870212, -5.085691928227339176 ) ) ;
#2072 = ORIENTED_EDGE ( 'NONE', *, *, #4717, .T. ) ;
#2073 =( BOUNDED_CURVE ( )  B_SPLINE_CURVE ( 3, ( #1359, #3837, #3250, #3800 ),
 .UNSPECIFIED., .F., .T. ) 
 B_SPLINE_CURVE_WITH_KNOTS ( ( 4, 4 ),
 ( 3.046154008311712236, 3.237031298868194629 ),
 .UNSPECIFIED. ) 
 CURVE ( )  GEOMETRIC_REPRESENTATION_ITEM ( )  RATIONAL_B_SPLINE_CURVE ( ( 1.000000000000000000, 0.9969661255576066639, 0.9969661255576066639, 1.000000000000000000 ) ) 
 REPRESENTATION_ITEM ( '' )  );
#2074 = EDGE_CURVE ( 'NONE', #1341, #3109, #1263, .T. ) ;
#2075 = B_SPLINE_CURVE_WITH_KNOTS ( 'NONE', 3,
 ( #4956, #5908, #1674, #3936, #2599, #4516, #5441, #3476, #4026, #247, #3565, #5874 ),
 .UNSPECIFIED., .F., .F.,
 ( 4, 2, 2, 2, 2, 4 ),
 ( 1.140836248210248932E-17, 0.0008697579598010898166, 0.001739515919602168358, 0.003479031839204324138, 0.005218547758806480787, 0.006958063678408637001 ),
 .UNSPECIFIED. ) ;
#2076 = CARTESIAN_POINT ( 'NONE',  ( -1.363662444040005139, 2.366549356185184472, 26.03309871237033946 ) ) ;
#2077 = EDGE_CURVE ( 'NONE', #5227, #2940, #2251, .T. ) ;
#2078 = CARTESIAN_POINT ( 'NONE',  ( 2.385555236997213058, 3.066782892330171872, 18.16342474924513084 ) ) ;
#2079 = DIRECTION ( 'NONE',  ( -0.000000000000000000, 1.000000000000000000, -0.000000000000000000 ) ) ;
#2080 = CIRCLE ( 'NONE', #5633, 7.900000000000000355 ) ;
#2081 = FACE_OUTER_BOUND ( 'NONE', #3342, .T. ) ;
#2082 = AXIS2_PLACEMENT_3D ( 'NONE', #672, #3551, #2099 ) ;
#2083 = CARTESIAN_POINT ( 'NONE',  ( -23.45207879911715310, 7.858975779269959716, -24.26377495386450533 ) ) ;
#2084 = CARTESIAN_POINT ( 'NONE',  ( -18.39613451449545778, 6.675205953717731511, 14.84760498768907411 ) ) ;
#2085 = CARTESIAN_POINT ( 'NONE',  ( -15.23167323520912753, 4.606394024678598598, 3.217540958081450242 ) ) ;
#2086 = CARTESIAN_POINT ( 'NONE',  ( -50.90127389233627042, 4.500016104150403429, 0.6077033778069146353 ) ) ;
#2087 = AXIS2_PLACEMENT_3D ( 'NONE', #501, #2390, #2854 ) ;
#2088 = EDGE_LOOP ( 'NONE', ( #787, #5745, #144, #5728, #4900 ) ) ;
#2089 = VERTEX_POINT ( 'NONE', #466 ) ;
#2090 = CARTESIAN_POINT ( 'NONE',  ( 4.000000000000000000, 2.000000000000000000, 22.00000000000000000 ) ) ;
#2091 = CARTESIAN_POINT ( 'NONE',  ( 10.29892779071649400, 4.266735681471828912, -4.888966574700921441 ) ) ;
#2092 = CARTESIAN_POINT ( 'NONE',  ( 12.81930513474041433, 4.931421372996107166, -6.034874889125492636 ) ) ;
#2093 = EDGE_CURVE ( 'NONE', #1435, #5793, #4150, .T. ) ;
#2094 = DIRECTION ( 'NONE',  ( 0.000000000000000000, -0.000000000000000000, -1.000000000000000000 ) ) ;
#2095 = CARTESIAN_POINT ( 'NONE',  ( 3.508925464743685829, 0.6334368540004994275, 22.56687370800099401 ) ) ;
#2096 = ORIENTED_EDGE ( 'NONE', *, *, #3566, .F. ) ;
#2097 = ORIENTED_EDGE ( 'NONE', *, *, #3057, .T. ) ;
#2098 = CARTESIAN_POINT ( 'NONE',  ( -50.51530234862590163, 4.568612912094149436, -4.239602975811838093 ) ) ;
#2099 = DIRECTION ( 'NONE',  ( 0.000000000000000000, 0.000000000000000000, 1.000000000000000000 ) ) ;
#2100 = CARTESIAN_POINT ( 'NONE',  ( -24.53200000000000003, 4.398845855716136732, -26.42590409671763041 ) ) ;
#2101 = CARTESIAN_POINT ( 'NONE',  ( -47.28307352689313348, 6.073847513689824673, -11.26202321989139143 ) ) ;
#2102 = ORIENTED_EDGE ( 'NONE', *, *, #5648, .T. ) ;
#2103 = EDGE_CURVE ( 'NONE', #1070, #3859, #5348, .T. ) ;
#2104 = CARTESIAN_POINT ( 'NONE',  ( 24.53200000000000003, 0.5000000000000000000, -15.10000000000000142 ) ) ;
#2105 = CYLINDRICAL_SURFACE ( 'NONE', #1255, 1.500000000000001332 ) ;
#2106 = DIRECTION ( 'NONE',  ( -0.8847611571602904679, -0.3952283500213559231, 0.2469660829340345198 ) ) ;
#2107 = CARTESIAN_POINT ( 'NONE',  ( -9.734198392294935331, 3.850573785175044783, -26.68467316169294179 ) ) ;
#2108 = ADVANCED_FACE ( 'NONE', ( #1116 ), #3571, .T. ) ;
#2109 =( BOUNDED_SURFACE ( )  B_SPLINE_SURFACE ( 3, 2, ( 
 ( #3111, #4869, #2165 ),
 ( #2942, #5004, #159 ),
 ( #3442, #2972, #4365 ),
 ( #624, #761, #1666 ) ),
 .UNSPECIFIED., .F., .F., .F. ) 
 B_SPLINE_SURFACE_WITH_KNOTS ( ( 4, 4 ),
 ( 3, 3 ),
 ( 2.721481175447315159, 2.872534644002651127 ),
 ( 0.000000000000000000, 1.000000000000000000 ),
 .UNSPECIFIED. ) 
 GEOMETRIC_REPRESENTATION_ITEM ( )  RATIONAL_B_SPLINE_SURFACE ( (
 ( 1.000000000000000000, 0.8613475861151880242, 1.000000000000000000),
 ( 1.000000000000000000, 0.8645062998508750152, 1.000000000000000000),
 ( 1.000000000000000000, 0.8671129388643283864, 1.000000000000000000),
 ( 1.000000000000000000, 0.8691529452217079399, 1.000000000000000000) ) ) 
 REPRESENTATION_ITEM ( '' )  SURFACE ( )  );
#2110 = CARTESIAN_POINT ( 'NONE',  ( 47.68279092141603570, 5.779009544462591741, 10.85741684710139765 ) ) ;
#2111 = CARTESIAN_POINT ( 'NONE',  ( 17.45650387134287129, 6.580714909704739490, 25.06252099500077080 ) ) ;
#2112 = CARTESIAN_POINT ( 'NONE',  ( -16.39208548374689300, 6.236129371595385606, 15.90235624553684701 ) ) ;
#2113 = LINE ( 'NONE', #5327, #1259 ) ;
#2114 = VERTEX_POINT ( 'NONE', #3472 ) ;
#2115 = VERTEX_POINT ( 'NONE', #3901 ) ;
#2116 = CYLINDRICAL_SURFACE ( 'NONE', #2643, 2.750000000000000888 ) ;
#2117 = CARTESIAN_POINT ( 'NONE',  ( 11.98280585540550369, 4.030037863241774154, -0.8491990201319197240 ) ) ;
#2118 = CARTESIAN_POINT ( 'NONE',  ( 15.93286394632075975, 6.092728351908745843, -17.17540181146727107 ) ) ;
#2119 = DIRECTION ( 'NONE',  ( -0.000000000000000000, 1.000000000000000000, -0.000000000000000000 ) ) ;
#2120 = LINE ( 'NONE', #4406, #4932 ) ;
#2121 = ORIENTED_EDGE ( 'NONE', *, *, #439, .F. ) ;
#2122 = ORIENTED_EDGE ( 'NONE', *, *, #5631, .T. ) ;
#2123 = CARTESIAN_POINT ( 'NONE',  ( -50.36970493895158540, 4.633417319492959763, -4.835386896647729138 ) ) ;
#2124 = CARTESIAN_POINT ( 'NONE',  ( 13.36046340326439719, 5.097927772575673089, 25.81352288801941697 ) ) ;
#2125 = CARTESIAN_POINT ( 'NONE',  ( -5.516498285691967318, 2.852597919138261773, 26.77427051925202051 ) ) ;
#2126 = CARTESIAN_POINT ( 'NONE',  ( -48.23544255631297517, 5.675557350166416271, -9.761801280087437860 ) ) ;
#2127 = EDGE_CURVE ( 'NONE', #1879, #1070, #5401, .T. ) ;
#2128 = VERTEX_POINT ( 'NONE', #683 ) ;
#2129 = CARTESIAN_POINT ( 'NONE',  ( 15.37844157474073903, 5.822027116541685920, -25.35786151208342432 ) ) ;
#2130 = DIRECTION ( 'NONE',  ( -0.000000000000000000, -0.000000000000000000, 1.000000000000000000 ) ) ;
#2131 = CARTESIAN_POINT ( 'NONE',  ( 17.45650387134286774, 6.580714909704743931, -25.06252099500076724 ) ) ;
#2132 = ADVANCED_FACE ( 'NONE', ( #2081 ), #6053, .T. ) ;
#2133 = CARTESIAN_POINT ( 'NONE',  ( 47.35064420401527485, 5.914085646700334209, 11.35061646998255647 ) ) ;
#2134 = AXIS2_PLACEMENT_3D ( 'NONE', #4213, #470, #2362 ) ;
#2135 = CARTESIAN_POINT ( 'NONE',  ( -44.47687577975150930, 7.062499999999999112, 14.26739617975193042 ) ) ;
#2136 = DIRECTION ( 'NONE',  ( 1.000000000000000000, -0.000000000000000000, 0.000000000000000000 ) ) ;
#2137 = CARTESIAN_POINT ( 'NONE',  ( -15.85848011519006739, 4.821142783639431606, 9.588980129525666030 ) ) ;
#2138 = FACE_BOUND ( 'NONE', #5392, .T. ) ;
#2139 = PRODUCT_RELATED_PRODUCT_CATEGORY ( 'detail', '', ( #1331 ) ) ;
#2140 = ORIENTED_EDGE ( 'NONE', *, *, #3160, .F. ) ;
#2141 = B_SPLINE_CURVE_WITH_KNOTS ( 'NONE', 3,
 ( #4577, #2229, #2717, #4609 ),
 .UNSPECIFIED., .F., .F.,
 ( 4, 4 ),
 ( 0.000000000000000000, 0.0005844863592794812207 ),
 .UNSPECIFIED. ) ;
#2142 = VERTEX_POINT ( 'NONE', #2990 ) ;
#2143 = CARTESIAN_POINT ( 'NONE',  ( 17.45650387134287129, 6.580714909704739490, 25.06252099500077080 ) ) ;
#2144 = EDGE_CURVE ( 'NONE', #3598, #1492, #1560, .T. ) ;
#2145 = CARTESIAN_POINT ( 'NONE',  ( 16.58882947278192077, 4.979246532811864689, 6.690011702547066896 ) ) ;
#2146 = CARTESIAN_POINT ( 'NONE',  ( 10.93059981120445201, 4.428991121665270647, -6.990119190950325745 ) ) ;
#2147 = DIRECTION ( 'NONE',  ( 5.670945745609629891E-16, -0.000000000000000000, 1.000000000000000000 ) ) ;
#2148 = AXIS2_PLACEMENT_3D ( 'NONE', #311, #4062, #866 ) ;
#2149 = EDGE_CURVE ( 'NONE', #2114, #817, #2352, .T. ) ;
#2150 = CARTESIAN_POINT ( 'NONE',  ( -8.675741541032971682, 3.740369403544575810, -26.75815344452187716 ) ) ;
#2151 = CARTESIAN_POINT ( 'NONE',  ( 8.652465902764616246, 2.754389497336788395, 26.80877899467229852 ) ) ;
#2152 = EDGE_CURVE ( 'NONE', #110, #1025, #176, .T. ) ;
#2153 = EDGE_LOOP ( 'NONE', ( #5159, #4778, #1664, #4164 ) ) ;
#2154 = ADVANCED_FACE ( 'NONE', ( #641 ), #2007, .F. ) ;
#2155 = CIRCLE ( 'NONE', #1161, 1.500000000000000444 ) ;
#2156 = ORIENTED_EDGE ( 'NONE', *, *, #5944, .T. ) ;
#2157 = DIRECTION ( 'NONE',  ( 0.000000000000000000, -1.000000000000000000, 0.000000000000000000 ) ) ;
#2158 = DIRECTION ( 'NONE',  ( 1.000000000000000000, 0.000000000000000000, 0.000000000000000000 ) ) ;
#2159 = CARTESIAN_POINT ( 'NONE',  ( 23.45207879911716731, 7.858975779269959716, -24.26377495386450533 ) ) ;
#2160 = B_SPLINE_CURVE_WITH_KNOTS ( 'NONE', 3,
 ( #2762, #342, #6033, #1333, #3693, #6062, #1809, #5574, #1837, #5606, #4120, #3218, #1304, #5078, #902, #1778, #3722, #4586 ),
 .UNSPECIFIED., .F., .F.,
 ( 4, 2, 2, 2, 2, 2, 2, 2, 4 ),
 ( 0.000000000000000000, 0.004069861112309516860, 0.006104791668464275289, 0.008139722224619033719, 0.01627944444923806050, 0.01831437500539281893, 0.02034930556154757736, 0.02441916667385709075, 0.03255888889847612100 ),
 .UNSPECIFIED. ) ;
#2161 = CARTESIAN_POINT ( 'NONE',  ( 10.26740820899994588, 4.027989503231466983, 26.60632899480796709 ) ) ;
#2162 = AXIS2_PLACEMENT_3D ( 'NONE', #3587, #3712, #1226 ) ;
#2163 = ORIENTED_EDGE ( 'NONE', *, *, #4838, .F. ) ;
#2164 = AXIS2_PLACEMENT_3D ( 'NONE', #2730, #2765, #4158 ) ;
#2165 = CARTESIAN_POINT ( 'NONE',  ( -17.45650387134286419, 6.580714909704743931, -25.06252099500077080 ) ) ;
#2166 = CARTESIAN_POINT ( 'NONE',  ( -19.33142231470479899, 4.796062123348801443, 4.920257635023508769 ) ) ;
#2167 = CARTESIAN_POINT ( 'NONE',  ( -49.13256165158466615, 5.172670529769253456, 8.256860291717314837 ) ) ;
#2168 = CARTESIAN_POINT ( 'NONE',  ( -10.19795791041799937, 4.004316704203167987, -2.990805478917196059 ) ) ;
#2169 = AXIS2_PLACEMENT_3D ( 'NONE', #4260, #454, #2381 ) ;
#2170 = CARTESIAN_POINT ( 'NONE',  ( 17.33414519934747844, 6.695652173913040350, -27.30000000000000071 ) ) ;
#2171 = DIRECTION ( 'NONE',  ( 0.000000000000000000, 0.5299192642332006820, 0.8480480961564286213 ) ) ;
#2172 = CARTESIAN_POINT ( 'NONE',  ( 2.234980408443919215E-15, 2.949999999999999734, -15.50000000000000000 ) ) ;
#2173 = AXIS2_PLACEMENT_3D ( 'NONE', #5490, #3106, #211 ) ;
#2174 = CARTESIAN_POINT ( 'NONE',  ( 1.271084637256009620, 2.999999999991137312, -27.29999999998108962 ) ) ;
#2175 = CARTESIAN_POINT ( 'NONE',  ( -17.37404300804794488, 6.713474774933149369, 24.97956342405592522 ) ) ;
#2176 = CARTESIAN_POINT ( 'NONE',  ( -11.52496974295730148, 4.528201478449673800, -4.499580402842513926 ) ) ;
#2177 = CARTESIAN_POINT ( 'NONE',  ( 23.45207879911716731, 7.700000000000000178, 24.00936052501757700 ) ) ;
#2178 = ORIENTED_EDGE ( 'NONE', *, *, #634, .T. ) ;
#2179 = AXIS2_PLACEMENT_3D ( 'NONE', #5298, #4376, #5797 ) ;
#2180 = ORIENTED_EDGE ( 'NONE', *, *, #1729, .T. ) ;
#2181 = FACE_BOUND ( 'NONE', #3692, .T. ) ;
#2182 = DIRECTION ( 'NONE',  ( 0.000000000000000000, -1.000000000000000000, 0.000000000000000000 ) ) ;
#2183 = DIRECTION ( 'NONE',  ( 0.000000000000000000, -1.000000000000000000, 0.000000000000000000 ) ) ;
#2184 = DIRECTION ( 'NONE',  ( -0.6862820268981599803, -0.2531020542551485897, -0.6818770634713980927 ) ) ;
#2185 = CARTESIAN_POINT ( 'NONE',  ( 23.91400771624686428, 4.766725300784890429, -4.669483019328482420 ) ) ;
#2186 = CYLINDRICAL_SURFACE ( 'NONE', #1471, 0.7500000000000006661 ) ;
#2187 = ADVANCED_FACE ( 'NONE', ( #4283 ), #4362, .T. ) ;
#2188 = ORIENTED_EDGE ( 'NONE', *, *, #5545, .T. ) ;
#2189 = ADVANCED_FACE ( 'NONE', ( #612 ), #2501, .T. ) ;
#2190 = EDGE_LOOP ( 'NONE', ( #2801, #3481, #1199, #5819 ) ) ;
#2191 = CARTESIAN_POINT ( 'NONE',  ( -23.45207879911715665, -7.000000000000000888, -19.48717526990505888 ) ) ;
#2192 = CARTESIAN_POINT ( 'NONE',  ( 16.67201493311539551, 6.033889367202760035, 14.51285576518599818 ) ) ;
#2193 = CARTESIAN_POINT ( 'NONE',  ( -45.46293881354029054, 6.803751852438526093, -13.57928668406884398 ) ) ;
#2194 = VERTEX_POINT ( 'NONE', #5244 ) ;
#2195 = ORIENTED_EDGE ( 'NONE', *, *, #2522, .F. ) ;
#2196 = CARTESIAN_POINT ( 'NONE',  ( -19.79990631387988032, 5.976397009105697045, 10.90343095627108383 ) ) ;
#2197 = DIRECTION ( 'NONE',  ( 0.000000000000000000, 0.000000000000000000, -1.000000000000000000 ) ) ;
#2198 = CARTESIAN_POINT ( 'NONE',  ( -10.81411707019201174, 2.262326172866460539, -25.82465234573292179 ) ) ;
#2199 = CARTESIAN_POINT ( 'NONE',  ( 2.750146478048615339, 3.089073408246655994, -18.07077621227737652 ) ) ;
#2200 = FACE_OUTER_BOUND ( 'NONE', #1523, .T. ) ;
#2201 = DATE_TIME_ROLE ( 'creation_date' ) ;
#2202 = ADVANCED_FACE ( 'NONE', ( #1754 ), #3550, .F. ) ;
#2203 = CARTESIAN_POINT ( 'NONE',  ( -9.643919235721813976, 4.093186493303148765, -26.37865917272413085 ) ) ;
#2204 = FACE_OUTER_BOUND ( 'NONE', #3636, .T. ) ;
#2205 = EDGE_CURVE ( 'NONE', #3321, #3598, #825, .T. ) ;
#2206 = EDGE_LOOP ( 'NONE', ( #1850, #1818, #4262, #3168 ) ) ;
#2207 = CARTESIAN_POINT ( 'NONE',  ( 11.37724389698395200, 4.398845855716135844, -26.42590409671763041 ) ) ;
#2208 = DIRECTION ( 'NONE',  ( 1.000000000000000000, 0.000000000000000000, -0.000000000000000000 ) ) ;
#2209 = DIRECTION ( 'NONE',  ( -0.000000000000000000, -0.000000000000000000, 1.000000000000000000 ) ) ;
#2210 = CARTESIAN_POINT ( 'NONE',  ( 17.45650387134287129, 6.580714909704744819, -25.06252099500076369 ) ) ;
#2211 = CARTESIAN_POINT ( 'NONE',  ( 24.53200000000000003, 1.850000000000000977, -2.100000000000000977 ) ) ;
#2212 = DIRECTION ( 'NONE',  ( -0.000000000000000000, -1.000000000000000000, -0.000000000000000000 ) ) ;
#2213 = ORIENTED_EDGE ( 'NONE', *, *, #4482, .T. ) ;
#2214 = ORIENTED_EDGE ( 'NONE', *, *, #1632, .F. ) ;
#2215 = CARTESIAN_POINT ( 'NONE',  ( -24.53200000000000003, 0.000000000000000000, 0.000000000000000000 ) ) ;
#2216 = FACE_OUTER_BOUND ( 'NONE', #1123, .T. ) ;
#2217 = CARTESIAN_POINT ( 'NONE',  ( 2.234980408443919215E-15, 1.550000000000000266, -18.25000000000000000 ) ) ;
#2218 = DIRECTION ( 'NONE',  ( 1.000000000000000000, -0.000000000000000000, -0.000000000000000000 ) ) ;
#2219 = EDGE_LOOP ( 'NONE', ( #4442, #1591, #3016, #1077 ) ) ;
#2220 = B_SPLINE_CURVE_WITH_KNOTS ( 'NONE', 3,
 ( #5088, #847, #2739, #821, #2310, #5556, #881, #4630, #4596, #1821, #3293, #1846, #937, #388, #4718, #2283, #2773, #2370 ),
 .UNSPECIFIED., .F., .F.,
 ( 4, 2, 2, 2, 2, 2, 2, 2, 4 ),
 ( 5.275955480050203486E-18, 0.001000587929071948328, 0.002001175858143891453, 0.002501469822679865292, 0.002751616804947854163, 0.003001763787215842600, 0.003502057751751813403, 0.003752204734019796203, 0.004002351716287779436 ),
 .UNSPECIFIED. ) ;
#2221 = EDGE_CURVE ( 'NONE', #415, #564, #3017, .T. ) ;
#2222 = CARTESIAN_POINT ( 'NONE',  ( 24.53200000000000003, 2.999999999999997335, 27.30000000000000071 ) ) ;
#2223 = DIRECTION ( 'NONE',  ( 0.000000000000000000, 0.000000000000000000, 1.000000000000000000 ) ) ;
#2224 = CARTESIAN_POINT ( 'NONE',  ( -9.760722324957457730, 2.806108142697899765, 26.91221628539488364 ) ) ;
#2225 = CARTESIAN_POINT ( 'NONE',  ( -17.33414519934746423, 6.695652173913040350, -27.30000000000000071 ) ) ;
#2226 = EDGE_CURVE ( 'NONE', #1225, #6041, #5635, .T. ) ;
#2227 = EDGE_CURVE ( 'NONE', #5802, #2114, #4043, .T. ) ;
#2228 = B_SPLINE_CURVE_WITH_KNOTS ( 'NONE', 3,
 ( #2385, #924, #4648, #5219, #464, #2847 ),
 .UNSPECIFIED., .F., .F.,
 ( 4, 2, 4 ),
 ( 0.000000000000000000, 0.001833352526264272944, 0.003666705052528545887 ),
 .UNSPECIFIED. ) ;
#2229 = CARTESIAN_POINT ( 'NONE',  ( 10.92571106962863325, 4.427912777467948757, 26.22980561172458636 ) ) ;
#2230 = CARTESIAN_POINT ( 'NONE',  ( -11.36038541070972485, 4.124369296139253294, -2.103690946507661419 ) ) ;
#2231 = COORDINATED_UNIVERSAL_TIME_OFFSET ( 8, 0, .AHEAD. ) ;
#2232 = CARTESIAN_POINT ( 'NONE',  ( -13.36046340326452864, 5.097927772575681971, 25.81352288801326011 ) ) ;
#2233 = CARTESIAN_POINT ( 'NONE',  ( -24.53200000000000003, -3.500000000000000000, 0.000000000000000000 ) ) ;
#2234 = FACE_OUTER_BOUND ( 'NONE', #4794, .T. ) ;
#2235 = TOROIDAL_SURFACE ( 'NONE', #3522, 6.158312395177701681, 3.000000000000000000 ) ;
#2236 = EDGE_LOOP ( 'NONE', ( #6111, #505 ) ) ;
#2237 = CARTESIAN_POINT ( 'NONE',  ( -19.03200000000000003, 0.000000000000000000, 3.999999999999999112 ) ) ;
#2238 = CARTESIAN_POINT ( 'NONE',  ( 2.234980408443919215E-15, 0.000000000000000000, -18.25000000000000000 ) ) ;
#2239 = CARTESIAN_POINT ( 'NONE',  ( -12.10979120740376480, 4.010792496913029304, -0.5932593302740472030 ) ) ;
#2240 = CARTESIAN_POINT ( 'NONE',  ( 20.79560827452653271, 4.599611471022849507, 2.867678410271622624 ) ) ;
#2241 = CARTESIAN_POINT ( 'NONE',  ( 10.29892779071649400, 4.266735681471828912, -4.888966574700921441 ) ) ;
#2242 = ORIENTED_EDGE ( 'NONE', *, *, #5300, .F. ) ;
#2243 = VECTOR ( 'NONE', #2911, 1000.000000000000000 ) ;
#2244 = ORIENTED_EDGE ( 'NONE', *, *, #3372, .T. ) ;
#2245 = VERTEX_POINT ( 'NONE', #1195 ) ;
#2246 = CARTESIAN_POINT ( 'NONE',  ( 16.79206408814862428, 5.881742270487293922, 13.53407435045510177 ) ) ;
#2247 = AXIS2_PLACEMENT_3D ( 'NONE', #994, #5673, #2857 ) ;
#2248 = DIRECTION ( 'NONE',  ( 0.000000000000000000, 0.000000000000000000, 1.000000000000000000 ) ) ;
#2249 = CARTESIAN_POINT ( 'NONE',  ( -4.661908270490345174, 0.2535589481529555433, 21.61603218935015391 ) ) ;
#2250 = CARTESIAN_POINT ( 'NONE',  ( -24.53200000000000003, 0.000000000000000000, 0.000000000000000000 ) ) ;
#2251 = CIRCLE ( 'NONE', #1657, 15.00000000000000000 ) ;
#2252 = EDGE_LOOP ( 'NONE', ( #3889, #1250, #1286, #3833 ) ) ;
#2253 = CARTESIAN_POINT ( 'NONE',  ( 5.419341578705509477, 3.345762109790425765, -27.22726684141874998 ) ) ;
#2254 = DIRECTION ( 'NONE',  ( 0.000000000000000000, 0.000000000000000000, -1.000000000000000000 ) ) ;
#2255 = CIRCLE ( 'NONE', #6102, 0.3000000000000018208 ) ;
#2256 = CARTESIAN_POINT ( 'NONE',  ( -10.81411707019198509, 4.229593484839804240, 26.51713362512334626 ) ) ;
#2257 = CARTESIAN_POINT ( 'NONE',  ( 6.304913975651292191, 3.466416116280712334, -26.56563213639081411 ) ) ;
#2258 = EDGE_CURVE ( 'NONE', #416, #1623, #472, .T. ) ;
#2259 = ADVANCED_FACE ( 'NONE', ( #5893 ), #4476, .T. ) ;
#2260 = CARTESIAN_POINT ( 'NONE',  ( 0.000000000000000000, 4.450000000000000178, 20.00000000000000000 ) ) ;
#2261 = CARTESIAN_POINT ( 'NONE',  ( -10.69359287900720190, 4.347702874768399894, -3.809358558914393900 ) ) ;
#2262 = PERSON_AND_ORGANIZATION_ROLE ( 'design_supplier' ) ;
#2263 = CARTESIAN_POINT ( 'NONE',  ( 47.44889389833382864, 5.911143251089805872, 10.67656220745334394 ) ) ;
#2264 = SPHERICAL_SURFACE ( 'NONE', #4234, 15.00000000000000000 ) ;
#2265 = CIRCLE ( 'NONE', #5720, 1.599999999999997202 ) ;
#2266 = FACE_BOUND ( 'NONE', #5328, .T. ) ;
#2267 = AXIS2_PLACEMENT_3D ( 'NONE', #148, #2404, #2900 ) ;
#2268 =( BOUNDED_CURVE ( )  B_SPLINE_CURVE ( 3, ( #4483, #2129, #3898, #4020 ),
 .UNSPECIFIED., .F., .T. ) 
 B_SPLINE_CURVE_WITH_KNOTS ( ( 4, 4 ),
 ( 2.721481175447315159, 2.872534644002651127 ),
 .UNSPECIFIED. ) 
 CURVE ( )  GEOMETRIC_REPRESENTATION_ITEM ( )  RATIONAL_B_SPLINE_CURVE ( ( 1.000000000000000000, 0.9980994744895197446, 0.9980994744895197446, 1.000000000000000000 ) ) 
 REPRESENTATION_ITEM ( '' )  );
#2269 = ORIENTED_EDGE ( 'NONE', *, *, #5632, .T. ) ;
#2270 = LINE ( 'NONE', #1742, #4525 ) ;
#2271 = CARTESIAN_POINT ( 'NONE',  ( 24.53200000000000003, 0.000000000000000000, 0.000000000000000000 ) ) ;
#2272 = CARTESIAN_POINT ( 'NONE',  ( -14.85545430707646197, 4.360863266220594170, 6.499999999999682032 ) ) ;
#2273 = CARTESIAN_POINT ( 'NONE',  ( -1.352560860237518092, 2.999999999999995115, -26.02917960675004849 ) ) ;
#2274 = CARTESIAN_POINT ( 'NONE',  ( 23.30640919691953172, 4.752977702959265471, -4.547957048387774037 ) ) ;
#2275 = CARTESIAN_POINT ( 'NONE',  ( -4.000000000000000000, 2.000000000000000000, 22.75000000000000000 ) ) ;
#2276 = AXIS2_PLACEMENT_3D ( 'NONE', #3767, #1403, #2248 ) ;
#2277 = ORIENTED_EDGE ( 'NONE', *, *, #435, .F. ) ;
#2278 = ORIENTED_EDGE ( 'NONE', *, *, #2603, .F. ) ;
#2279 = ORIENTED_EDGE ( 'NONE', *, *, #2077, .T. ) ;
#2280 = CARTESIAN_POINT ( 'NONE',  ( 17.51192253945491828, 6.453215281457919339, 14.62110439851656274 ) ) ;
#2281 = EDGE_CURVE ( 'NONE', #5928, #12, #1064, .T. ) ;
#2282 = LOCAL_TIME ( 12, 22, 14.00000000000000000, #5599 ) ;
#2283 = CARTESIAN_POINT ( 'NONE',  ( -15.89794226115958509, 5.866729798348704783, 15.30525478008745033 ) ) ;
#2284 = CARTESIAN_POINT ( 'NONE',  ( 16.79206407740699092, 5.881742265585251594, 13.53407435125955161 ) ) ;
#2285 = EDGE_CURVE ( 'NONE', #441, #2618, #2844, .T. ) ;
#2286 = CARTESIAN_POINT ( 'NONE',  ( 24.53200000000000003, 7.699999999999999289, 24.00936052501757700 ) ) ;
#2287 = ORIENTED_EDGE ( 'NONE', *, *, #2226, .F. ) ;
#2288 = LINE ( 'NONE', #2222, #2633 ) ;
#2289 = DIRECTION ( 'NONE',  ( -0.000000000000000000, 1.000000000000000000, -0.000000000000000000 ) ) ;
#2290 = CARTESIAN_POINT ( 'NONE',  ( 14.85545430707657744, 4.360863266220638579, 6.500000000000000000 ) ) ;
#2291 = CARTESIAN_POINT ( 'NONE',  ( -20.53200000000000003, 0.000000000000000000, -5.500000000000000888 ) ) ;
#2292 = EDGE_CURVE ( 'NONE', #3672, #2940, #4722, .T. ) ;
#2293 = PERSON ( 'UNSPECIFIED', 'UNSPECIFIED', 'UNSPECIFIED', ('UNSPECIFIED'), ('UNSPECIFIED'), ('UNSPECIFIED') ) ;
#2294 = CARTESIAN_POINT ( 'NONE',  ( 38.55695607195518448, 8.000000000000000000, -19.48717526990507309 ) ) ;
#2295 = CARTESIAN_POINT ( 'NONE',  ( -11.62547435470340851, 4.528985560251754805, -4.427135083156640505 ) ) ;
#2296 = DIRECTION ( 'NONE',  ( 0.000000000000000000, -1.000000000000000000, 0.000000000000000000 ) ) ;
#2297 = FACE_OUTER_BOUND ( 'NONE', #941, .T. ) ;
#2298 = CARTESIAN_POINT ( 'NONE',  ( -49.13729401303641708, 5.202020745851144490, 7.575563856891096570 ) ) ;
#2299 = ORIENTED_EDGE ( 'NONE', *, *, #4419, .T. ) ;
#2300 = CARTESIAN_POINT ( 'NONE',  ( -47.62283795415046939, 5.935694533790175420, 10.79966913772012838 ) ) ;
#2301 = CARTESIAN_POINT ( 'NONE',  ( -3.508925464743148925, 0.6334368540006024562, 22.56687370800127823 ) ) ;
#2302 = DIRECTION ( 'NONE',  ( -0.000000000000000000, 1.000000000000000000, -0.000000000000000000 ) ) ;
#2303 = CARTESIAN_POINT ( 'NONE',  ( 2.234980408443919215E-15, 2.949999999999999734, -18.25000000000000000 ) ) ;
#2304 = CARTESIAN_POINT ( 'NONE',  ( 24.22125865949332635, 4.770281120538046871, -4.700000000000001066 ) ) ;
#2305 = VERTEX_POINT ( 'NONE', #1659 ) ;
#2306 = EDGE_LOOP ( 'NONE', ( #1374, #5984, #5148, #5312 ) ) ;
#2307 =( BOUNDED_CURVE ( )  B_SPLINE_CURVE ( 3, ( #3971, #3997, #1708, #249 ),
 .UNSPECIFIED., .F., .T. ) 
 B_SPLINE_CURVE_WITH_KNOTS ( ( 4, 4 ),
 ( 2.721481175447315604, 3.141592653589793116 ),
 .UNSPECIFIED. ) 
 CURVE ( )  GEOMETRIC_REPRESENTATION_ITEM ( )  RATIONAL_B_SPLINE_CURVE ( ( 1.000000000000000000, 0.9853461958957675515, 0.9853461958957675515, 1.000000000000000000 ) ) 
 REPRESENTATION_ITEM ( '' )  );
#2308 = ORIENTED_EDGE ( 'NONE', *, *, #3965, .T. ) ;
#2309 = CARTESIAN_POINT ( 'NONE',  ( 16.62732957679608603, 6.301553465594518677, 15.73127949279259141 ) ) ;
#2310 = CARTESIAN_POINT ( 'NONE',  ( -16.79194461141052486, 5.881822653811864754, 13.53469077570267842 ) ) ;
#2311 = CARTESIAN_POINT ( 'NONE',  ( -3.646763110490752524, 0.6931402384322813415, 22.68628047686455673 ) ) ;
#2312 = DIRECTION ( 'NONE',  ( 0.000000000000000000, -1.000000000000000000, 0.000000000000000000 ) ) ;
#2313 = EDGE_LOOP ( 'NONE', ( #752, #2474 ) ) ;
#2314 = CARTESIAN_POINT ( 'NONE',  ( -16.00380919510001476, 4.968241527147953640, 10.12219507499075988 ) ) ;
#2315 = CARTESIAN_POINT ( 'NONE',  ( -2.185527464082993809, 3.056112310896927475, -16.57111043716775711 ) ) ;
#2316 = CARTESIAN_POINT ( 'NONE',  ( 11.29051710860414559, 4.131545821394238871, -2.225950968175401279 ) ) ;
#2317 = DIRECTION ( 'NONE',  ( 1.000000000000000000, 0.000000000000000000, 0.000000000000000000 ) ) ;
#2318 = CARTESIAN_POINT ( 'NONE',  ( 5.188993333089594095, 2.530867894090430337, 26.36173578818086227 ) ) ;
#2319 = CARTESIAN_POINT ( 'NONE',  ( 11.29749686032283940, 4.529076594601919581, -26.17148966787070918 ) ) ;
#2320 = CARTESIAN_POINT ( 'NONE',  ( -11.29749686032211820, 4.529076594601726846, 26.17148966787082998 ) ) ;
#2321 = LINE ( 'NONE', #6090, #1459 ) ;
#2322 = DIRECTION ( 'NONE',  ( -1.000000000000000000, 0.000000000000000000, 0.000000000000000000 ) ) ;
#2323 = EDGE_CURVE ( 'NONE', #2733, #6009, #3077, .T. ) ;
#2324 = ORIENTED_EDGE ( 'NONE', *, *, #4413, .T. ) ;
#2325 = FACE_OUTER_BOUND ( 'NONE', #4268, .T. ) ;
#2326 = CIRCLE ( 'NONE', #1238, 8.000000000000000000 ) ;
#2327 = CARTESIAN_POINT ( 'NONE',  ( -2.722666140143610303, 2.496646064741155691, -26.29329212948231032 ) ) ;
#2328 = DIRECTION ( 'NONE',  ( 0.000000000000000000, -0.8480480961564286213, 0.5299192642332006820 ) ) ;
#2329 = CARTESIAN_POINT ( 'NONE',  ( -10.94627595092119243, 4.433385317709939599, 26.41807396869002744 ) ) ;
#2330 = CARTESIAN_POINT ( 'NONE',  ( -38.70557107504664884, 7.858975779269961492, -19.69367050583469592 ) ) ;
#2331 = ORIENTED_EDGE ( 'NONE', *, *, #407, .T. ) ;
#2332 = VERTEX_POINT ( 'NONE', #5457 ) ;
#2333 = EDGE_CURVE ( 'NONE', #3109, #1341, #6098, .T. ) ;
#2334 = ORIENTED_EDGE ( 'NONE', *, *, #2979, .T. ) ;
#2335 = CARTESIAN_POINT ( 'NONE',  ( 16.61237725511790231, 6.041362850505389126, 14.66828723146957891 ) ) ;
#2336 = ADVANCED_FACE ( 'NONE', ( #296 ), #3773, .T. ) ;
#2337 = DIRECTION ( 'NONE',  ( 0.000000000000000000, -1.000000000000000000, 0.000000000000000000 ) ) ;
#2338 = CARTESIAN_POINT ( 'NONE',  ( 24.53200000000000003, 4.450000000000000178, 0.000000000000000000 ) ) ;
#2339 = ADVANCED_FACE ( 'NONE', ( #2737 ), #5860, .T. ) ;
#2340 = AXIS2_PLACEMENT_3D ( 'NONE', #5080, #3632, #5053 ) ;
#2341 = CARTESIAN_POINT ( 'NONE',  ( 23.45207879911717441, 7.062500000000000888, -14.26739617975193575 ) ) ;
#2342 = EDGE_CURVE ( 'NONE', #167, #3515, #2059, .T. ) ;
#2343 = ORIENTED_EDGE ( 'NONE', *, *, #1830, .F. ) ;
#2344 = CIRCLE ( 'NONE', #754, 39.99999999999999289 ) ;
#2345 = AXIS2_PLACEMENT_3D ( 'NONE', #1601, #182, #3922 ) ;
#2346 = ORIENTED_EDGE ( 'NONE', *, *, #2281, .T. ) ;
#2347 = DIRECTION ( 'NONE',  ( 0.000000000000000000, 0.000000000000000000, -1.000000000000000000 ) ) ;
#2348 = CARTESIAN_POINT ( 'NONE',  ( 11.15027247209587991, 4.428570719542139322, -3.616283591916300999 ) ) ;
#2349 = CARTESIAN_POINT ( 'NONE',  ( -16.38610224302848195, 5.143352011506793886, -7.304902919992566801 ) ) ;
#2350 = AXIS2_PLACEMENT_3D ( 'NONE', #73, #1961, #3849 ) ;
#2351 = ORIENTED_EDGE ( 'NONE', *, *, #4340, .T. ) ;
#2352 = CIRCLE ( 'NONE', #3831, 7.500000000000000000 ) ;
#2353 = ADVANCED_FACE ( 'NONE', ( #2861, #1930 ), #4850, .F. ) ;
#2354 = CARTESIAN_POINT ( 'NONE',  ( -11.32446113086508177, 4.536511837366109745, 26.33988084398406215 ) ) ;
#2355 = CARTESIAN_POINT ( 'NONE',  ( 50.42250514678154616, 4.715235600950192563, 4.206165993007348725 ) ) ;
#2356 = CARTESIAN_POINT ( 'NONE',  ( -9.643854908280655280, 4.093169694877084375, 26.37866664302345399 ) ) ;
#2357 = AXIS2_PLACEMENT_3D ( 'NONE', #1705, #5473, #1118 ) ;
#2358 = ORIENTED_EDGE ( 'NONE', *, *, #5872, .F. ) ;
#2359 = CARTESIAN_POINT ( 'NONE',  ( 11.29749686032285716, 4.529076594601923134, 26.17148966787070208 ) ) ;
#2360 = AXIS2_PLACEMENT_3D ( 'NONE', #2303, #3696, #4621 ) ;
#2361 = CARTESIAN_POINT ( 'NONE',  ( -29.88075669374644860, 4.766005422554634663, 4.663691085905026235 ) ) ;
#2362 = DIRECTION ( 'NONE',  ( 0.000000000000000000, 0.000000000000000000, 1.000000000000000000 ) ) ;
#2363 = CARTESIAN_POINT ( 'NONE',  ( 0.8201280272612820887, 2.749271551300716432, -3.421812152384118288 ) ) ;
#2364 = CARTESIAN_POINT ( 'NONE',  ( -38.70557107504664884, 7.858975779269959716, 19.69367050583469947 ) ) ;
#2365 = ORIENTED_EDGE ( 'NONE', *, *, #5355, .T. ) ;
#2366 = CIRCLE ( 'NONE', #1275, 8.000000000000000000 ) ;
#2367 = ORIENTED_EDGE ( 'NONE', *, *, #3455, .F. ) ;
#2368 = EDGE_LOOP ( 'NONE', ( #3188, #3781, #1909, #391 ) ) ;
#2369 = CARTESIAN_POINT ( 'NONE',  ( 17.22932300156788443, 6.427476226825695527, 15.08951932671697982 ) ) ;
#2370 = CARTESIAN_POINT ( 'NONE',  ( -15.74393164159706338, 5.805963950947805152, 15.33540644190633984 ) ) ;
#2371 = CARTESIAN_POINT ( 'NONE',  ( 24.53200000000000003, 0.000000000000000000, 19.88359213500125477 ) ) ;
#2372 = CIRCLE ( 'NONE', #491, 24.00936052501757700 ) ;
#2373 = CARTESIAN_POINT ( 'NONE',  ( -12.23754949250159996, -3.494819954956200458, -4.888966574700634560 ) ) ;
#2374 = EDGE_CURVE ( 'NONE', #4100, #3195, #5500, .T. ) ;
#2375 = ORIENTED_EDGE ( 'NONE', *, *, #1175, .T. ) ;
#2376 = AXIS2_PLACEMENT_3D ( 'NONE', #1619, #2182, #4963 ) ;
#2377 = VERTEX_POINT ( 'NONE', #78 ) ;
#2378 = CARTESIAN_POINT ( 'NONE',  ( -19.03200000000000003, 0.000000000000000000, 4.000000000000000000 ) ) ;
#2379 = B_SPLINE_CURVE_WITH_KNOTS ( 'NONE', 3,
 ( #69, #1018, #2449, #2912, #1205, #3593, #4025, #222, #3564, #2110, #2133, #4895, #654, #5377 ),
 .UNSPECIFIED., .F., .F.,
 ( 4, 2, 2, 2, 2, 2, 4 ),
 ( 0.01819748680425063020, 0.02001076446314924498, 0.02182404212204786323, 0.02545059743984509973, 0.02726387509874371451, 0.02907715275764232582, 0.03270370807543954150 ),
 .UNSPECIFIED. ) ;
#2380 = LINE ( 'NONE', #3331, #556 ) ;
#2381 = DIRECTION ( 'NONE',  ( -5.002942504717111660E-13, 0.000000000000000000, -1.000000000000000000 ) ) ;
#2382 = AXIS2_PLACEMENT_3D ( 'NONE', #41, #2023, #2913 ) ;
#2383 = EDGE_LOOP ( 'NONE', ( #443, #3547, #4078, #1340 ) ) ;
#2384 = CARTESIAN_POINT ( 'NONE',  ( -24.53200000000000003, -3.500000000000000000, 0.000000000000000000 ) ) ;
#2385 = CARTESIAN_POINT ( 'NONE',  ( -50.89432957107290179, 4.398845855716134956, 1.831935292267019566 ) ) ;
#2386 = CARTESIAN_POINT ( 'NONE',  ( 45.31264654744053644, 6.756505213684911304, 13.44302188953081512 ) ) ;
#2387 = CARTESIAN_POINT ( 'NONE',  ( 10.73831718418598236, 4.378976860347738587, 26.25156752845692765 ) ) ;
#2388 = CARTESIAN_POINT ( 'NONE',  ( 47.69635095662106750, 5.776170192447399820, -10.87928353116020830 ) ) ;
#2389 = ORIENTED_EDGE ( 'NONE', *, *, #5164, .T. ) ;
#2390 = DIRECTION ( 'NONE',  ( -0.9615867488098269744, 0.2511081369197017965, 0.1108856532021313540 ) ) ;
#2391 = CARTESIAN_POINT ( 'NONE',  ( -15.78268771445451080, 6.038972148486495328, 16.20767305370051758 ) ) ;
#2392 = CARTESIAN_POINT ( 'NONE',  ( -15.74393164159706338, 5.805963950947806929, 15.33540644190638602 ) ) ;
#2393 = DIRECTION ( 'NONE',  ( 0.000000000000000000, 0.000000000000000000, 1.000000000000000000 ) ) ;
#2394 = EDGE_CURVE ( 'NONE', #4492, #1244, #2446, .T. ) ;
#2395 = ORIENTED_EDGE ( 'NONE', *, *, #5300, .T. ) ;
#2396 = ORIENTED_EDGE ( 'NONE', *, *, #1162, .F. ) ;
#2397 = CYLINDRICAL_SURFACE ( 'NONE', #3334, 7.900000000000000355 ) ;
#2398 = CARTESIAN_POINT ( 'NONE',  ( 26.04641642669923840, 4.743127824796189884, 4.459980942080976618 ) ) ;
#2399 = CARTESIAN_POINT ( 'NONE',  ( -5.494569543087673757, 2.848691810561005511, 26.77258324702722447 ) ) ;
#2400 = CARTESIAN_POINT ( 'NONE',  ( 15.89981215290001515, 6.086221019769059382, 17.10248773028760283 ) ) ;
#2401 = EDGE_LOOP ( 'NONE', ( #39, #3226, #1795, #4363 ) ) ;
#2402 = VERTEX_POINT ( 'NONE', #3452 ) ;
#2403 = CARTESIAN_POINT ( 'NONE',  ( 18.32277340711888414, 7.133944440645312746, 24.71682481654334040 ) ) ;
#2404 = DIRECTION ( 'NONE',  ( 0.9666995550375180324, 0.2414547835878093351, 0.08480305285087728906 ) ) ;
#2405 = CARTESIAN_POINT ( 'NONE',  ( -1.677539837512793897, 3.032859011248446368, -20.43642413495302534 ) ) ;
#2406 = CARTESIAN_POINT ( 'NONE',  ( 11.62774136529279723, 4.532949566561289778, -4.433494789472002928 ) ) ;
#2407 = CARTESIAN_POINT ( 'NONE',  ( 15.74393164159705627, 5.805963950947798935, 15.33540644190634161 ) ) ;
#2408 = EDGE_CURVE ( 'NONE', #5802, #5186, #4521, .T. ) ;
#2409 = EDGE_CURVE ( 'NONE', #5037, #3679, #3036, .T. ) ;
#2410 = CARTESIAN_POINT ( 'NONE',  ( -18.78916131253609478, 5.707167700195610927, -9.921330507223496298 ) ) ;
#2411 = CARTESIAN_POINT ( 'NONE',  ( -45.31108194023486391, 6.757078052154570358, -13.44456516192616569 ) ) ;
#2412 = CARTESIAN_POINT ( 'NONE',  ( 50.74848045119120599, 4.464434699931928208, 3.038665871446670774 ) ) ;
#2413 = EDGE_CURVE ( 'NONE', #3975, #531, #161, .T. ) ;
#2414 = CARTESIAN_POINT ( 'NONE',  ( -5.458774990845316921, 3.351064020703577562, 26.55152554467846215 ) ) ;
#2415 = CARTESIAN_POINT ( 'NONE',  ( 49.05469532124971010, 5.323168923981318024, -8.192921542041039729 ) ) ;
#2416 = ADVANCED_FACE ( 'NONE', ( #2952 ), #2397, .T. ) ;
#2417 = ORIENTED_EDGE ( 'NONE', *, *, #5018, .T. ) ;
#2418 = CARTESIAN_POINT ( 'NONE',  ( 10.73831718418598946, 4.378976860347743028, -26.25156752845692409 ) ) ;
#2419 = CARTESIAN_POINT ( 'NONE',  ( 13.70700975189192405, 4.615423434942687031, -3.074312784341601823 ) ) ;
#2420 = CARTESIAN_POINT ( 'NONE',  ( 50.64052720365300786, 4.239870076447184388, 1.814298402011344180 ) ) ;
#2421 = CARTESIAN_POINT ( 'NONE',  ( -44.68328546888272257, 6.940225779269962203, -14.52052555676733014 ) ) ;
#2422 = CARTESIAN_POINT ( 'NONE',  ( 10.46620117070855827, 4.066415061395519004, -2.944854918635133600 ) ) ;
#2423 = ORIENTED_EDGE ( 'NONE', *, *, #3187, .F. ) ;
#2424 = ORIENTED_EDGE ( 'NONE', *, *, #5682, .F. ) ;
#2425 = CARTESIAN_POINT ( 'NONE',  ( 15.74393164159706338, 5.805963950947803376, 15.33540644190637181 ) ) ;
#2426 = LINE ( 'NONE', #5768, #590 ) ;
#2427 = FACE_OUTER_BOUND ( 'NONE', #4451, .T. ) ;
#2428 = DIRECTION ( 'NONE',  ( 0.000000000000000000, 0.000000000000000000, 1.000000000000000000 ) ) ;
#2429 = FACE_OUTER_BOUND ( 'NONE', #5978, .T. ) ;
#2430 = ORIENTED_EDGE ( 'NONE', *, *, #966, .F. ) ;
#2431 = ORIENTED_EDGE ( 'NONE', *, *, #4152, .F. ) ;
#2432 = CARTESIAN_POINT ( 'NONE',  ( -4.182365547830680264, 0.7250000000000021982, 22.75000000000000000 ) ) ;
#2433 = AXIS2_PLACEMENT_3D ( 'NONE', #2420, #42, #107 ) ;
#2434 = CARTESIAN_POINT ( 'NONE',  ( 4.000000000000000000, 2.000000000000000000, 22.00000000000000000 ) ) ;
#2435 = CARTESIAN_POINT ( 'NONE',  ( -24.53200000000000003, 0.000000000000000000, -5.000000000000000000 ) ) ;
#2436 = CARTESIAN_POINT ( 'NONE',  ( -50.89432957107178623, 4.398845855716134956, -1.831935292282847572 ) ) ;
#2437 = LINE ( 'NONE', #1508, #1972 ) ;
#2438 = ORIENTED_EDGE ( 'NONE', *, *, #3051, .T. ) ;
#2439 = CARTESIAN_POINT ( 'NONE',  ( -10.93159146181350927, 4.429256414257422669, -6.992861585762330634 ) ) ;
#2440 = AXIS2_PLACEMENT_3D ( 'NONE', #1806, #6059, #3719 ) ;
#2441 = CARTESIAN_POINT ( 'NONE',  ( 8.541228447774724231, 3.831174064932779455, -4.086935389622476045 ) ) ;
#2442 = CARTESIAN_POINT ( 'NONE',  ( 3.861943509606346531E-17, 0.2507440445766864201, 21.59999999999999787 ) ) ;
#2443 = CARTESIAN_POINT ( 'NONE',  ( -17.33414519934746423, 6.695652173913040350, -24.80810656615383891 ) ) ;
#2444 = CARTESIAN_POINT ( 'NONE',  ( 46.30010397907197728, 6.333225813277591598, -12.78354071124603486 ) ) ;
#2445 = EDGE_CURVE ( 'NONE', #3770, #4099, #860, .T. ) ;
#2446 = CIRCLE ( 'NONE', #3634, 4.250000000000008882 ) ;
#2447 = EDGE_CURVE ( 'NONE', #2959, #5928, #1494, .T. ) ;
#2448 = ORIENTED_EDGE ( 'NONE', *, *, #2152, .F. ) ;
#2449 = CARTESIAN_POINT ( 'NONE',  ( 50.74850692000154595, 4.464422789993269802, 3.038478765588644492 ) ) ;
#2450 = CARTESIAN_POINT ( 'NONE',  ( -24.53199999999999648, 0.000000000000000000, 15.09999999999999964 ) ) ;
#2451 = CARTESIAN_POINT ( 'NONE',  ( 10.81411707019199753, 4.088710814656080217, -26.25156752845692409 ) ) ;
#2452 = CARTESIAN_POINT ( 'NONE',  ( 38.55695607195518448, 8.000000000000000000, 19.48717526990507309 ) ) ;
#2453 = AXIS2_PLACEMENT_3D ( 'NONE', #4108, #4080, #2223 ) ;
#2454 = DIRECTION ( 'NONE',  ( -0.09648780284837570054, 0.04372477454104439776, -0.9943732940866965020 ) ) ;
#2455 = ORIENTED_EDGE ( 'NONE', *, *, #3888, .F. ) ;
#2456 = CIRCLE ( 'NONE', #5028, 14.99999999999999645 ) ;
#2457 = VERTEX_POINT ( 'NONE', #5707 ) ;
#2458 = CARTESIAN_POINT ( 'NONE',  ( -11.42250812657661818, 4.114954233987635490, -1.978482244567787651 ) ) ;
#2459 = CARTESIAN_POINT ( 'NONE',  ( 24.84281512592238528, 4.770281120538046871, -4.700000000000000178 ) ) ;
#2460 = DIRECTION ( 'NONE',  ( 0.000000000000000000, 1.000000000000000000, -0.000000000000000000 ) ) ;
#2461 = FACE_OUTER_BOUND ( 'NONE', #1364, .T. ) ;
#2462 = CARTESIAN_POINT ( 'NONE',  ( 50.64052720365522475, 4.539580463300084467, -1.801119478971692001 ) ) ;
#2463 = ORIENTED_EDGE ( 'NONE', *, *, #631, .T. ) ;
#2464 = EDGE_CURVE ( 'NONE', #4875, #5713, #999, .T. ) ;
#2465 = ORIENTED_EDGE ( 'NONE', *, *, #5752, .F. ) ;
#2466 = CARTESIAN_POINT ( 'NONE',  ( 17.33414519934748554, 6.695652173913047456, 24.80810656615382825 ) ) ;
#2467 = VECTOR ( 'NONE', #1882, 1000.000000000000000 ) ;
#2468 = FACE_OUTER_BOUND ( 'NONE', #5414, .T. ) ;
#2469 = EDGE_CURVE ( 'NONE', #1407, #416, #5236, .T. ) ;
#2470 = CARTESIAN_POINT ( 'NONE',  ( -0.3618158683133617104, 3.001174681602668759, -20.98201112153245873 ) ) ;
#2471 = CARTESIAN_POINT ( 'NONE',  ( 17.87154128803348030, 6.648264698012116725, 15.54893676283948700 ) ) ;
#2472 = DIRECTION ( 'NONE',  ( 0.000000000000000000, 0.000000000000000000, 1.000000000000000000 ) ) ;
#2473 = AXIS2_PLACEMENT_3D ( 'NONE', #1305, #2208, #5607 ) ;
#2474 = ORIENTED_EDGE ( 'NONE', *, *, #2281, .F. ) ;
#2475 = CARTESIAN_POINT ( 'NONE',  ( -14.56151689046452979, 5.565658119072080190, -14.77999551121090782 ) ) ;
#2476 = CARTESIAN_POINT ( 'NONE',  ( 1.655028319026552897, 2.980934395949076166, 17.48554771777673977 ) ) ;
#2477 = CARTESIAN_POINT ( 'NONE',  ( -1.014896070281025020, 0.1553725605719937508, 21.24173846045467684 ) ) ;
#2478 = CARTESIAN_POINT ( 'NONE',  ( -10.73831718418599301, 4.378976860347744804, -26.25156752845692765 ) ) ;
#2479 = CARTESIAN_POINT ( 'NONE',  ( 50.02685437244417699, 4.784733302542526268, -6.001562311655570525 ) ) ;
#2480 = ORIENTED_EDGE ( 'NONE', *, *, #1023, .F. ) ;
#2481 = FACE_OUTER_BOUND ( 'NONE', #2190, .T. ) ;
#2482 = CARTESIAN_POINT ( 'NONE',  ( 10.94627595092078387, 4.433385317710712314, -26.41807396868814806 ) ) ;
#2483 = CARTESIAN_POINT ( 'NONE',  ( -24.53200000000000003, 0.000000000000000000, 0.000000000000000000 ) ) ;
#2484 = CARTESIAN_POINT ( 'NONE',  ( -19.40526039577764550, 6.433940868643196254, 12.76426320756625188 ) ) ;
#2485 = CARTESIAN_POINT ( 'NONE',  ( 2.739745242205129383, 3.082875567796171890, 18.37275747131920767 ) ) ;
#2486 = CARTESIAN_POINT ( 'NONE',  ( 2.697507666827787531, 3.085644516568964768, 21.31956624740459105 ) ) ;
#2487 = ORIENTED_EDGE ( 'NONE', *, *, #4777, .F. ) ;
#2488 = APPLICATION_CONTEXT ( 'configuration controlled 3d designs of mechanical parts and assemblies' ) ;
#2489 = ORIENTED_EDGE ( 'NONE', *, *, #158, .F. ) ;
#2490 = DIRECTION ( 'NONE',  ( 0.9182816069699787365, -0.3704416433047203472, 0.1397564996926161651 ) ) ;
#2491 = CARTESIAN_POINT ( 'NONE',  ( 25.75340457585349796, 4.753085630242837922, 4.548915822633382788 ) ) ;
#2492 = LINE ( 'NONE', #142, #162 ) ;
#2493 = CYLINDRICAL_SURFACE ( 'NONE', #661, 14.99999999999999645 ) ;
#2494 = CARTESIAN_POINT ( 'NONE',  ( -28.53200000000000358, 4.870577163833599954, -5.500000000000000000 ) ) ;
#2495 = ORIENTED_EDGE ( 'NONE', *, *, #2409, .F. ) ;
#2496 = EDGE_LOOP ( 'NONE', ( #4031, #4131, #1017, #215 ) ) ;
#2497 = DIRECTION ( 'NONE',  ( 0.000000000000000000, 0.000000000000000000, -1.000000000000000000 ) ) ;
#2498 = CARTESIAN_POINT ( 'NONE',  ( -0.8857364377092216134, 3.008903899778969215, -20.85969218040467510 ) ) ;
#2499 = CARTESIAN_POINT ( 'NONE',  ( -49.33093654004485984, 5.203808455686685264, -7.641955436955947256 ) ) ;
#2500 = ORIENTED_EDGE ( 'NONE', *, *, #413, .T. ) ;
#2501 =( BOUNDED_SURFACE ( )  B_SPLINE_SURFACE ( 3, 2, ( 
 ( #4382, #147, #1470 ),
 ( #3920, #1569, #180 ),
 ( #3363, #2067, #3954 ),
 ( #4788, #2870, #2898 ) ),
 .UNSPECIFIED., .F., .F., .T. ) 
 B_SPLINE_SURFACE_WITH_KNOTS ( ( 4, 4 ),
 ( 3, 3 ),
 ( 0.07957743813049897308, 0.08562316790494969854 ),
 ( 0.000000000000000000, 1.000000000000000000 ),
 .UNSPECIFIED. ) 
 GEOMETRIC_REPRESENTATION_ITEM ( )  RATIONAL_B_SPLINE_SURFACE ( (
 ( 1.000000000000000000, 0.9633219246102429079, 1.000000000000000000),
 ( 1.000000000000000000, 0.9680455808750053626, 1.000000000000000000),
 ( 1.000000000000000000, 0.9722918843346400886, 1.000000000000000000),
 ( 1.000000000000000000, 0.9760371827486662433, 1.000000000000000000) ) ) 
 REPRESENTATION_ITEM ( '' )  SURFACE ( )  );
#2502 = CARTESIAN_POINT ( 'NONE',  ( -13.95548194815617116, 5.351308383207529218, -13.67496746833375276 ) ) ;
#2503 = CARTESIAN_POINT ( 'NONE',  ( -10.19795791041799582, 4.004316704203167099, -2.990805478917224036 ) ) ;
#2504 = CARTESIAN_POINT ( 'NONE',  ( -1.603850741256451329, -1.869825231063867998E-16, 19.99450614958047012 ) ) ;
#2505 = CARTESIAN_POINT ( 'NONE',  ( -5.176036152495637310, 3.315419233436885271, -26.54119226153586197 ) ) ;
#2506 = ORIENTED_EDGE ( 'NONE', *, *, #3844, .T. ) ;
#2507 = LINE ( 'NONE', #3934, #5694 ) ;
#2508 = DIRECTION ( 'NONE',  ( 1.000000000000000000, 0.000000000000000000, 0.000000000000000000 ) ) ;
#2509 = CARTESIAN_POINT ( 'NONE',  ( -24.53200000000000003, 0.6334368540005016479, -22.56687370800099757 ) ) ;
#2510 = CARTESIAN_POINT ( 'NONE',  ( -17.20722712339240701, 6.521087228705128247, 16.21867576707347425 ) ) ;
#2511 = CARTESIAN_POINT ( 'NONE',  ( -13.25275597613812906, 5.096327333539536042, 16.59301592780282064 ) ) ;
#2512 = CARTESIAN_POINT ( 'NONE',  ( -1.025530809984031654E-14, 2.999999999999978240, 23.00000000000015277 ) ) ;
#2513 = ORIENTED_EDGE ( 'NONE', *, *, #4642, .T. ) ;
#2514 = ORIENTED_EDGE ( 'NONE', *, *, #518, .F. ) ;
#2515 = DIRECTION ( 'NONE',  ( 0.000000000000000000, 0.000000000000000000, -1.000000000000000000 ) ) ;
#2516 = CARTESIAN_POINT ( 'NONE',  ( -38.55695607195518448, 8.000000000000000000, 19.48717526990507309 ) ) ;
#2517 = CARTESIAN_POINT ( 'NONE',  ( 23.45207879912815230, 7.062500000003598011, -14.26739617976161334 ) ) ;
#2518 = CARTESIAN_POINT ( 'NONE',  ( 24.53200000000000003, 2.262326172866459650, 25.82465234573292179 ) ) ;
#2519 = CARTESIAN_POINT ( 'NONE',  ( -30.03200000000000358, 4.695588473793673501, -4.000000000000000000 ) ) ;
#2520 = EDGE_CURVE ( 'NONE', #5519, #2958, #4319, .T. ) ;
#2521 = ORIENTED_EDGE ( 'NONE', *, *, #4289, .T. ) ;
#2522 = EDGE_CURVE ( 'NONE', #320, #3321, #4124, .T. ) ;
#2523 = ORIENTED_EDGE ( 'NONE', *, *, #5882, .F. ) ;
#2524 = CARTESIAN_POINT ( 'NONE',  ( 40.71162677449858336, 8.000000000000001776, 17.90480742225906852 ) ) ;
#2525 = CARTESIAN_POINT ( 'NONE',  ( -4.078575790248855526, 2.894774739203685776, -26.41872908515743745 ) ) ;
#2526 = DIRECTION ( 'NONE',  ( -1.000000000000000000, 0.000000000000000000, 0.000000000000000000 ) ) ;
#2527 = CIRCLE ( 'NONE', #59, 7.900000000000000355 ) ;
#2528 = CARTESIAN_POINT ( 'NONE',  ( -16.12010680340101487, 4.510391012751259865, 1.472762148201262944 ) ) ;
#2529 = EDGE_CURVE ( 'NONE', #531, #3283, #3441, .T. ) ;
#2530 = ORIENTED_EDGE ( 'NONE', *, *, #5632, .F. ) ;
#2531 = LINE ( 'NONE', #2996, #676 ) ;
#2532 = CARTESIAN_POINT ( 'NONE',  ( 6.832022043518914067, 3.272503559849067489, -3.244702038883344297 ) ) ;
#2533 = CARTESIAN_POINT ( 'NONE',  ( -11.19060724200761570, 4.334515875667733553, -26.46610192965881225 ) ) ;
#2534 = CARTESIAN_POINT ( 'NONE',  ( -3.817837745240235670, 3.171185908254989805, -27.64237181648567798 ) ) ;
#2535 = ORIENTED_EDGE ( 'NONE', *, *, #1694, .T. ) ;
#2536 = EDGE_CURVE ( 'NONE', #3124, #4072, #2155, .T. ) ;
#2537 = CIRCLE ( 'NONE', #5989, 0.3000000000000016542 ) ;
#2538 = CARTESIAN_POINT ( 'NONE',  ( -1.756763086967515486, 3.036193954575016285, 22.43550904727739237 ) ) ;
#2539 = CARTESIAN_POINT ( 'NONE',  ( 17.33414519934747844, 6.695652173913040350, 24.80810656615383891 ) ) ;
#2540 = CARTESIAN_POINT ( 'NONE',  ( -17.51155975112242302, 6.453222066598682360, 14.62191319724543170 ) ) ;
#2541 = CARTESIAN_POINT ( 'NONE',  ( 44.47687577975150930, 6.781249999999999112, 14.37179176155499327 ) ) ;
#2542 = CARTESIAN_POINT ( 'NONE',  ( -50.95740655540404163, 4.365688503474826732, 1.223105057905948589 ) ) ;
#2543 = EDGE_LOOP ( 'NONE', ( #1105, #5825, #611 ) ) ;
#2544 = ORIENTED_EDGE ( 'NONE', *, *, #4860, .T. ) ;
#2545 = DIRECTION ( 'NONE',  ( 1.000000000000000000, -0.000000000000000000, -0.000000000000000000 ) ) ;
#2546 = AXIS2_PLACEMENT_3D ( 'NONE', #1916, #5187, #4357 ) ;
#2547 = CARTESIAN_POINT ( 'NONE',  ( -8.609992540815898820, 3.844886418033664377, -5.065016326125510560 ) ) ;
#2548 = DIRECTION ( 'NONE',  ( 0.000000000000000000, 0.000000000000000000, 1.000000000000000000 ) ) ;
#2549 = CARTESIAN_POINT ( 'NONE',  ( -6.468204981501054718, 3.371832678563063457, -26.96975980819804519 ) ) ;
#2550 = ADVANCED_FACE ( 'NONE', ( #5828, #2181 ), #1593, .F. ) ;
#2551 = CARTESIAN_POINT ( 'NONE',  ( 19.26628566603008252, 7.558751421067398724, -24.27956878429512955 ) ) ;
#2552 = CONICAL_SURFACE ( 'NONE', #4136, 27.30000000000000071, 1.107148717794091741 ) ;
#2553 = ORIENTED_EDGE ( 'NONE', *, *, #1697, .F. ) ;
#2554 = ORIENTED_EDGE ( 'NONE', *, *, #5631, .F. ) ;
#2555 = CARTESIAN_POINT ( 'NONE',  ( -44.68328546888272257, 6.940225779269962203, -14.52052555676733014 ) ) ;
#2556 = B_SPLINE_CURVE_WITH_KNOTS ( 'NONE', 3,
 ( #938, #3855, #4753, #509, #2399, #1969, #5741, #1463, #1001, #4782, #1595, #2578 ),
 .UNSPECIFIED., .F., .F.,
 ( 4, 2, 2, 2, 2, 4 ),
 ( 1.140836248210248932E-17, 0.0008697579598010865640, 0.001739515919602161852, 0.003479031839204311995, 0.005218547758806462572, 0.006958063678408612715 ),
 .UNSPECIFIED. ) ;
#2557 = DIRECTION ( 'NONE',  ( 0.000000000000000000, 0.000000000000000000, 1.000000000000000000 ) ) ;
#2558 = DIRECTION ( 'NONE',  ( -0.000000000000000000, 1.000000000000000000, -0.000000000000000000 ) ) ;
#2559 = ADVANCED_FACE ( 'NONE', ( #4934 ), #2670, .T. ) ;
#2560 = CIRCLE ( 'NONE', #6010, 0.3000000000000016542 ) ;
#2561 = CARTESIAN_POINT ( 'NONE',  ( -49.41267571631312450, 5.053782426117634508, -7.697162526298806817 ) ) ;
#2562 = EDGE_CURVE ( 'NONE', #6041, #386, #4197, .T. ) ;
#2563 = EDGE_LOOP ( 'NONE', ( #1433, #5155, #600, #2065 ) ) ;
#2564 = AXIS2_PLACEMENT_3D ( 'NONE', #37, #1920, #3840 ) ;
#2565 = DIRECTION ( 'NONE',  ( -1.000000000000000000, 0.000000000000000000, 0.000000000000000000 ) ) ;
#2566 = CARTESIAN_POINT ( 'NONE',  ( -3.487599183692477123, 3.108296658288200565, -5.362873997047286956 ) ) ;
#2567 = DIRECTION ( 'NONE',  ( 0.5841453402035041709, 0.000000000000000000, 0.8116490753512457523 ) ) ;
#2568 = CIRCLE ( 'NONE', #981, 0.3000000000000002109 ) ;
#2569 = CARTESIAN_POINT ( 'NONE',  ( -1.646940717187223902, 3.031767871318831631, 22.51104760179489972 ) ) ;
#2570 = CARTESIAN_POINT ( 'NONE',  ( 24.53200000000000003, 7.700000000000000178, 0.000000000000000000 ) ) ;
#2571 = CARTESIAN_POINT ( 'NONE',  ( -16.58492613669744387, 5.556434693242034761, 12.25432332152372616 ) ) ;
#2572 = CARTESIAN_POINT ( 'NONE',  ( 10.81411707019199930, 3.603966959366334599, 25.15383195248298520 ) ) ;
#2573 = CARTESIAN_POINT ( 'NONE',  ( 1.054042540580028442, 3.012272375144605885, 22.82171687450915343 ) ) ;
#2574 = EDGE_LOOP ( 'NONE', ( #933, #2842, #2761 ) ) ;
#2575 = ORIENTED_EDGE ( 'NONE', *, *, #2782, .F. ) ;
#2576 = CARTESIAN_POINT ( 'NONE',  ( -51.83200000000000074, 45.50000000000000711, 0.000000000000000000 ) ) ;
#2577 = LINE ( 'NONE', #5023, #5638 ) ;
#2578 = CARTESIAN_POINT ( 'NONE',  ( -10.81411707019198154, 4.209896778478510626, 26.52600142245041326 ) ) ;
#2579 = CARTESIAN_POINT ( 'NONE',  ( 8.675755808235456001, 3.740371976386375863, -26.75815201414668465 ) ) ;
#2580 = EDGE_CURVE ( 'NONE', #1966, #474, #5903, .T. ) ;
#2581 = DIRECTION ( 'NONE',  ( 0.000000000000000000, 0.000000000000000000, 1.000000000000000000 ) ) ;
#2582 = CARTESIAN_POINT ( 'NONE',  ( 3.840592063602795037, 0.1576606101263197113, 21.25000000000000000 ) ) ;
#2583 = ORIENTED_EDGE ( 'NONE', *, *, #5564, .F. ) ;
#2584 = ORIENTED_EDGE ( 'NONE', *, *, #5944, .F. ) ;
#2585 = DIRECTION ( 'NONE',  ( 0.000000000000000000, -0.000000000000000000, -1.000000000000000000 ) ) ;
#2586 = DIRECTION ( 'NONE',  ( -0.000000000000000000, 1.000000000000000000, -0.000000000000000000 ) ) ;
#2587 = CARTESIAN_POINT ( 'NONE',  ( -5.117610847711302036, 3.308285030697867946, 27.27826337280468749 ) ) ;
#2588 = CARTESIAN_POINT ( 'NONE',  ( -50.89432957107137412, 4.398845855716824182, -1.831935292282777850 ) ) ;
#2589 = ADVANCED_FACE ( 'NONE', ( #663 ), #2116, .F. ) ;
#2590 = ORIENTED_EDGE ( 'NONE', *, *, #3738, .T. ) ;
#2591 = LINE ( 'NONE', #5902, #1566 ) ;
#2592 = CARTESIAN_POINT ( 'NONE',  ( -10.81411707019198154, 2.911098954979764564, 27.12219790995953161 ) ) ;
#2593 = CARTESIAN_POINT ( 'NONE',  ( -19.79990631387988032, 5.976397009105697045, 10.90343095627108383 ) ) ;
#2594 = B_SPLINE_CURVE_WITH_KNOTS ( 'NONE', 3,
 ( #5921, #1215, #4068, #258, #3633, #3098, #4992, #2471, #4826, #2010, #3894, #747 ),
 .UNSPECIFIED., .F., .F.,
 ( 4, 2, 2, 2, 2, 4 ),
 ( 3.576224061345498009E-18, 0.001930827327145866364, 0.003861654654291729258, 0.004827068317864657669, 0.005792481981437586948, 0.007723309308583437699 ),
 .UNSPECIFIED. ) ;
#2595 = EDGE_CURVE ( 'NONE', #2332, #1567, #5311, .T. ) ;
#2596 = ADVANCED_FACE ( 'NONE', ( #4005 ), #1467, .T. ) ;
#2597 = CARTESIAN_POINT ( 'NONE',  ( -2.950403036169250370, 3.102522792747274494, 20.55949819514297516 ) ) ;
#2598 = EDGE_CURVE ( 'NONE', #1644, #1574, #1763, .T. ) ;
#2599 = CARTESIAN_POINT ( 'NONE',  ( 5.494569543087680863, 2.848691810561007731, -26.77258324702722803 ) ) ;
#2600 = CARTESIAN_POINT ( 'NONE',  ( -18.90346873903951774, 6.619229268452496484, 13.96915723793549979 ) ) ;
#2601 = CARTESIAN_POINT ( 'NONE',  ( -18.06716576064387070, 6.097466786336442901, 11.34229408372657488 ) ) ;
#2602 = CARTESIAN_POINT ( 'NONE',  ( 2.889287501338316133, 3.098314079478837968, 20.81854759153254619 ) ) ;
#2603 = EDGE_CURVE ( 'NONE', #3770, #4280, #2160, .T. ) ;
#2604 = ORIENTED_EDGE ( 'NONE', *, *, #3822, .T. ) ;
#2605 = ORIENTED_EDGE ( 'NONE', *, *, #2798, .F. ) ;
#2606 = CARTESIAN_POINT ( 'NONE',  ( -13.70700975189194359, -3.362054919214840343, -3.674178693481345626 ) ) ;
#2607 = CARTESIAN_POINT ( 'NONE',  ( 13.14727728399977025, 4.503165922685327338, -1.366594665634165873 ) ) ;
#2608 = CARTESIAN_POINT ( 'NONE',  ( 12.05321612884517180, 4.703177846012756014, -4.174714807884602585 ) ) ;
#2609 = FACE_OUTER_BOUND ( 'NONE', #1725, .T. ) ;
#2610 = FACE_OUTER_BOUND ( 'NONE', #5118, .T. ) ;
#2611 = LINE ( 'NONE', #1282, #5422 ) ;
#2612 = ORIENTED_EDGE ( 'NONE', *, *, #1829, .F. ) ;
#2613 = EDGE_LOOP ( 'NONE', ( #5077, #3860, #1863, #2244 ) ) ;
#2614 = CARTESIAN_POINT ( 'NONE',  ( -24.53200000000000003, 0.6334368540005015369, -22.56687370800099757 ) ) ;
#2615 = DIRECTION ( 'NONE',  ( -0.2541134667796678404, 0.2572077912085017903, 0.9323467692564083587 ) ) ;
#2616 = CARTESIAN_POINT ( 'NONE',  ( -6.375458363060356959, 3.013461800624991582, 26.82323196094047546 ) ) ;
#2617 = CARTESIAN_POINT ( 'NONE',  ( -49.77447284133305772, 5.006736255907889621, -6.531712011832419229 ) ) ;
#2618 = VERTEX_POINT ( 'NONE', #2237 ) ;
#2619 = ORIENTED_EDGE ( 'NONE', *, *, #5831, .T. ) ;
#2620 = DIRECTION ( 'NONE',  ( 0.000000000000000000, 0.000000000000000000, 1.000000000000000000 ) ) ;
#2621 = CARTESIAN_POINT ( 'NONE',  ( -49.38314174393059375, 5.064933420054853030, 7.699890188996412199 ) ) ;
#2622 = FACE_OUTER_BOUND ( 'NONE', #3289, .T. ) ;
#2623 = DIRECTION ( 'NONE',  ( -1.000000000000000000, 0.000000000000000000, 0.000000000000000000 ) ) ;
#2624 = CARTESIAN_POINT ( 'NONE',  ( -0.6658163276500148609, 3.005021123191541133, 22.92821974137261520 ) ) ;
#2625 = DIRECTION ( 'NONE',  ( -0.000000000000000000, -1.000000000000000000, -0.000000000000000000 ) ) ;
#2626 = CARTESIAN_POINT ( 'NONE',  ( 46.07721150144572420, 6.461191018547182807, 12.56692043912224932 ) ) ;
#2627 = DIRECTION ( 'NONE',  ( -0.7048265072294259692, 0.000000000000000000, -0.7093797253282390081 ) ) ;
#2628 = EDGE_CURVE ( 'NONE', #1450, #4505, #2966, .T. ) ;
#2629 = FACE_OUTER_BOUND ( 'NONE', #3054, .T. ) ;
#2630 = EDGE_CURVE ( 'NONE', #5243, #3412, #1862, .T. ) ;
#2631 = EDGE_LOOP ( 'NONE', ( #4189, #1624, #4564, #2365, #1441 ) ) ;
#2632 = VECTOR ( 'NONE', #1675, 999.9999999999998863 ) ;
#2633 = VECTOR ( 'NONE', #5985, 1000.000000000000114 ) ;
#2634 = VERTEX_POINT ( 'NONE', #2727 ) ;
#2635 = CARTESIAN_POINT ( 'NONE',  ( 11.42250812657659687, 4.114954233987633714, -1.978482244567837167 ) ) ;
#2636 = CARTESIAN_POINT ( 'NONE',  ( -14.37621614326753949, 4.169170586455234861, 5.067702847281762679 ) ) ;
#2637 = CARTESIAN_POINT ( 'NONE',  ( -14.85545430707646197, 4.360863266220594170, 6.499999999999682032 ) ) ;
#2638 = CIRCLE ( 'NONE', #5702, 7.500000000000000000 ) ;
#2639 = CARTESIAN_POINT ( 'NONE',  ( -10.29398088360322561, 4.092022270373878001, -26.58024390705968543 ) ) ;
#2640 = CARTESIAN_POINT ( 'NONE',  ( 40.88121540751559024, 8.014584818365475982, -18.00805555202017771 ) ) ;
#2641 = EDGE_LOOP ( 'NONE', ( #4195, #6071, #2489, #1458 ) ) ;
#2642 = B_SPLINE_CURVE_WITH_KNOTS ( 'NONE', 3,
 ( #3595, #281, #5505, #1207 ),
 .UNSPECIFIED., .F., .F.,
 ( 4, 4 ),
 ( 0.001029429979133295384, 0.003878150140215513159 ),
 .UNSPECIFIED. ) ;
#2643 = AXIS2_PLACEMENT_3D ( 'NONE', #4065, #5951, #4903 ) ;
#2644 = ORIENTED_EDGE ( 'NONE', *, *, #4091, .F. ) ;
#2645 = CARTESIAN_POINT ( 'NONE',  ( -46.29949280740273565, 6.333489408098520457, -12.78468427047752343 ) ) ;
#2646 = CARTESIAN_POINT ( 'NONE',  ( -19.79990631387989453, -1.735525525702945604, 13.03092967944592395 ) ) ;
#2647 = CARTESIAN_POINT ( 'NONE',  ( -24.53200000000000003, -4.000000000000000000, 0.000000000000000000 ) ) ;
#2648 = DIRECTION ( 'NONE',  ( 0.4078622399846425495, -0.9130434782608712885, 0.000000000000000000 ) ) ;
#2649 = TOROIDAL_SURFACE ( 'NONE', #962, 6.500000000000000000, 1.000000000000000000 ) ;
#2650 = ORIENTED_EDGE ( 'NONE', *, *, #482, .T. ) ;
#2651 = EDGE_CURVE ( 'NONE', #3748, #1879, #5167, .T. ) ;
#2652 = CIRCLE ( 'NONE', #5410, 5.000000000000000000 ) ;
#2653 = VERTEX_POINT ( 'NONE', #5973 ) ;
#2654 = DIRECTION ( 'NONE',  ( 0.000000000000000000, 1.000000000000000000, -0.000000000000000000 ) ) ;
#2655 = DIRECTION ( 'NONE',  ( -0.000000000000000000, -1.000000000000000000, -0.000000000000000000 ) ) ;
#2656 = CARTESIAN_POINT ( 'NONE',  ( 10.24374156724110918, 2.262326172866460983, 25.82465234573292889 ) ) ;
#2657 = EDGE_CURVE ( 'NONE', #3195, #1558, #2255, .T. ) ;
#2658 = AXIS2_PLACEMENT_3D ( 'NONE', #758, #4571, #2648 ) ;
#2659 = CARTESIAN_POINT ( 'NONE',  ( -15.45977670560562878, 4.602588964974570374, 8.306135896726942747 ) ) ;
#2660 = CARTESIAN_POINT ( 'NONE',  ( 2.472256714737330885, 3.071911217129703608, -17.03221960419944736 ) ) ;
#2661 = CARTESIAN_POINT ( 'NONE',  ( 11.37724389698394312, 4.398845855716128739, -26.42590409671763751 ) ) ;
#2662 = AXIS2_PLACEMENT_3D ( 'NONE', #3301, #1382, #1732 ) ;
#2663 = DATE_TIME_ROLE ( 'classification_date' ) ;
#2664 =( BOUNDED_SURFACE ( )  B_SPLINE_SURFACE ( 3, 2, ( 
 ( #1606, #274, #4022 ),
 ( #244, #4389, #2533 ),
 ( #4921, #4954, #1635 ),
 ( #2998, #3560, #5403 ) ),
 .UNSPECIFIED., .F., .F., .T. ) 
 B_SPLINE_SURFACE_WITH_KNOTS ( ( 4, 4 ),
 ( 3, 3 ),
 ( 0.000000000000000000, 0.0005885349685734368817 ),
 ( 0.000000000000000000, 1.000000000000000000 ),
 .UNSPECIFIED. ) 
 GEOMETRIC_REPRESENTATION_ITEM ( )  RATIONAL_B_SPLINE_SURFACE ( (
 ( 1.000000000000000000, 0.8691529452217060525, 1.000000000000000000),
 ( 1.000000000000000000, 0.8574438339206953419, 1.000000000000000000),
 ( 1.000000000000000000, 0.8456924473307134704, 1.000000000000000000),
 ( 1.000000000000000000, 0.8339203616122522478, 1.000000000000000000) ) ) 
 REPRESENTATION_ITEM ( '' )  SURFACE ( )  );
#2665 = CARTESIAN_POINT ( 'NONE',  ( 23.45207879911716731, -6.999999999999995559, -19.48717526990506599 ) ) ;
#2666 = CARTESIAN_POINT ( 'NONE',  ( -12.49533702062855944, 3.991447689595605031, 0.2930471612514204960 ) ) ;
#2667 = FACE_BOUND ( 'NONE', #5834, .T. ) ;
#2668 = CIRCLE ( 'NONE', #4852, 4.250000000000008882 ) ;
#2669 = ORIENTED_EDGE ( 'NONE', *, *, #4796, .F. ) ;
#2670 = SPHERICAL_SURFACE ( 'NONE', #4622, 15.00000000000000000 ) ;
#2671 = CYLINDRICAL_SURFACE ( 'NONE', #4746, 15.09999999999999964 ) ;
#2672 = CARTESIAN_POINT ( 'NONE',  ( 2.234980408443919215E-15, 1.550000000000000266, -18.25000000000000000 ) ) ;
#2673 = CARTESIAN_POINT ( 'NONE',  ( 9.760722324957081142, 2.806108142696547958, -26.91221628539218713 ) ) ;
#2674 =( GEOMETRIC_REPRESENTATION_CONTEXT ( 3 ) GLOBAL_UNCERTAINTY_ASSIGNED_CONTEXT ( ( #1613 ) ) GLOBAL_UNIT_ASSIGNED_CONTEXT ( ( #3687, #3594, #1769 ) ) REPRESENTATION_CONTEXT ( 'NONE', 'WORKASPACE' ) );
#2675 = CARTESIAN_POINT ( 'NONE',  ( 20.45439460978708368, 4.567030105141498098, 2.357400448084964406 ) ) ;
#2676 = CARTESIAN_POINT ( 'NONE',  ( 8.126335722962188868, 3.639285080905575676, 26.81377342533205166 ) ) ;
#2677 = ORIENTED_EDGE ( 'NONE', *, *, #1033, .T. ) ;
#2678 = ORIENTED_EDGE ( 'NONE', *, *, #250, .F. ) ;
#2679 = CARTESIAN_POINT ( 'NONE',  ( 2.704085441261852907, 3.064566986385320213, 26.15922511344032841 ) ) ;
#2680 = CYLINDRICAL_SURFACE ( 'NONE', #2082, 7.500000000000000000 ) ;
#2681 = CARTESIAN_POINT ( 'NONE',  ( 16.75206489790148723, 6.000486543213090052, 14.19287812495857182 ) ) ;
#2682 = EDGE_CURVE ( 'NONE', #3515, #4593, #5111, .T. ) ;
#2683 = CARTESIAN_POINT ( 'NONE',  ( -20.53199999999959502, 4.870577163834533430, -5.500000000006902923 ) ) ;
#2684 = ORIENTED_EDGE ( 'NONE', *, *, #3822, .F. ) ;
#2685 = CARTESIAN_POINT ( 'NONE',  ( 4.611519104440056971, 3.250693541674082088, -26.49842484070552828 ) ) ;
#2686 = CARTESIAN_POINT ( 'NONE',  ( 2.722666140127509404, 2.496646064740386528, -26.29329212948076844 ) ) ;
#2687 = CARTESIAN_POINT ( 'NONE',  ( -50.02705009273082482, 4.784647282327799012, 6.000961321215837252 ) ) ;
#2688 = CARTESIAN_POINT ( 'NONE',  ( 8.539323948060934200, 3.851300803829773134, -26.47797395960578370 ) ) ;
#2689 = CARTESIAN_POINT ( 'NONE',  ( -4.000000000000000000, 2.000000000000000000, 22.00000000000000000 ) ) ;
#2690 = CARTESIAN_POINT ( 'NONE',  ( -12.40132976361073247, 4.565505312790936188, -2.646440782864507124 ) ) ;
#2691 = APPROVAL_ROLE ( '' ) ;
#2692 = CARTESIAN_POINT ( 'NONE',  ( -13.39696833614752869, 5.109458172346990068, 25.98186423895566932 ) ) ;
#2693 = CARTESIAN_POINT ( 'NONE',  ( -13.70700975189194004, 4.615423434942679926, -3.074312784341527660 ) ) ;
#2694 = FACE_OUTER_BOUND ( 'NONE', #1696, .T. ) ;
#2695 =( BOUNDED_CURVE ( )  B_SPLINE_CURVE ( 3, ( #2887, #5764, #932, #3316 ),
 .UNSPECIFIED., .F., .T. ) 
 B_SPLINE_CURVE_WITH_KNOTS ( ( 4, 4 ),
 ( 3.141592653589793116, 3.561704131732270628 ),
 .UNSPECIFIED. ) 
 CURVE ( )  GEOMETRIC_REPRESENTATION_ITEM ( )  RATIONAL_B_SPLINE_CURVE ( ( 1.000000000000000000, 0.9853461958957675515, 0.9853461958957675515, 1.000000000000000000 ) ) 
 REPRESENTATION_ITEM ( '' )  );
#2696 = EDGE_LOOP ( 'NONE', ( #433, #3349, #1184, #5235 ) ) ;
#2697 = CARTESIAN_POINT ( 'NONE',  ( -48.89098994039588320, 5.307917062770257211, 8.117168641049634203 ) ) ;
#2698 = DIRECTION ( 'NONE',  ( 0.000000000000000000, 0.000000000000000000, 1.000000000000000000 ) ) ;
#2699 = CARTESIAN_POINT ( 'NONE',  ( -44.68328546888272257, 6.940225779269962203, 14.52052555676732837 ) ) ;
#2700 = CARTESIAN_POINT ( 'NONE',  ( -11.37724389698393779, 4.398845855716135844, -26.42590409671763041 ) ) ;
#2701 = CARTESIAN_POINT ( 'NONE',  ( -2.225707512631568630, 3.049308872138522197, 17.97310929700708471 ) ) ;
#2702 = CARTESIAN_POINT ( 'NONE',  ( 9.758672924044102359, 3.966415480623377121, 26.64151843465394620 ) ) ;
#2703 = ORIENTED_EDGE ( 'NONE', *, *, #4756, .F. ) ;
#2704 = VERTEX_POINT ( 'NONE', #4680 ) ;
#2705 = ORIENTED_EDGE ( 'NONE', *, *, #2790, .T. ) ;
#2706 = CARTESIAN_POINT ( 'NONE',  ( 16.69555586256999291, 6.027166098920091031, 14.43368429108153173 ) ) ;
#2707 = CARTESIAN_POINT ( 'NONE',  ( -50.64052720365371840, 4.539580463300757707, -1.801119478987085243 ) ) ;
#2708 = DIRECTION ( 'NONE',  ( 0.000000000000000000, 0.000000000000000000, 1.000000000000000000 ) ) ;
#2709 = CARTESIAN_POINT ( 'NONE',  ( -46.29936915757833304, 6.333536876843553820, -12.78482366441887130 ) ) ;
#2710 = EDGE_CURVE ( 'NONE', #3195, #5174, #2270, .T. ) ;
#2711 = ADVANCED_FACE ( 'NONE', ( #2325 ), #997, .T. ) ;
#2712 = ORIENTED_EDGE ( 'NONE', *, *, #4452, .F. ) ;
#2713 = CARTESIAN_POINT ( 'NONE',  ( 4.330213000374454779, 3.220935913486166147, -26.46569540838448020 ) ) ;
#2714 = CARTESIAN_POINT ( 'NONE',  ( -10.29892779071722053, 4.266735681471802266, -4.888966574700754464 ) ) ;
#2715 = CARTESIAN_POINT ( 'NONE',  ( -45.52786778518396460, 6.631341264548474612, 13.67858632740518310 ) ) ;
#2716 = CARTESIAN_POINT ( 'NONE',  ( 50.69906193507328140, 4.513247326348031940, -1.202260630424298204 ) ) ;
#2717 = CARTESIAN_POINT ( 'NONE',  ( 11.11217310533993974, 4.477974633356235579, 26.20364711997727269 ) ) ;
#2718 = CARTESIAN_POINT ( 'NONE',  ( -11.46399740280303448, 4.473559495481921111, -3.430497298027767261 ) ) ;
#2719 = CARTESIAN_POINT ( 'NONE',  ( 47.11941497651754673, 6.045174231933564180, 11.16045463298507023 ) ) ;
#2720 = CARTESIAN_POINT ( 'NONE',  ( -12.53420056355417422, 4.571914025622854538, -2.495691186143410789 ) ) ;
#2721 = VECTOR ( 'NONE', #3817, 1000.000000000000000 ) ;
#2722 = FACE_OUTER_BOUND ( 'NONE', #5181, .T. ) ;
#2723 = ADVANCED_FACE ( 'NONE', ( #3806 ), #105, .F. ) ;
#2724 = CIRCLE ( 'NONE', #552, 0.2999999999999999889 ) ;
#2725 = ADVANCED_FACE ( 'NONE', ( #1954 ), #5897, .T. ) ;
#2726 = ORIENTED_EDGE ( 'NONE', *, *, #4335, .F. ) ;
#2727 = CARTESIAN_POINT ( 'NONE',  ( 11.29749686032285183, 4.529076594601921357, -26.17148966787070563 ) ) ;
#2728 = CARTESIAN_POINT ( 'NONE',  ( 1.319113250488636258, 0.08993022026883526476, 20.93115098142698116 ) ) ;
#2729 = CYLINDRICAL_SURFACE ( 'NONE', #2340, 0.7500000000000006661 ) ;
#2730 = CARTESIAN_POINT ( 'NONE',  ( -24.53200000000000003, -3.500000000000000000, 0.000000000000000000 ) ) ;
#2731 = CARTESIAN_POINT ( 'NONE',  ( 10.81411707019199397, 2.262326172866460094, -25.82465234573292179 ) ) ;
#2732 = CARTESIAN_POINT ( 'NONE',  ( 5.276075970030571938, 2.764440578088904754, 26.82888115618195002 ) ) ;
#2733 = VERTEX_POINT ( 'NONE', #3343 ) ;
#2734 = ORIENTED_EDGE ( 'NONE', *, *, #4130, .T. ) ;
#2735 =( BOUNDED_SURFACE ( )  B_SPLINE_SURFACE ( 3, 2, ( 
 ( #579, #720, #4469 ),
 ( #233, #5025, #1745 ),
 ( #5451, #4096, #5885 ),
 ( #290, #1652, #3542 ),
 ( #5418, #5954, #782 ),
 ( #2210, #4354, #4529 ) ),
 .UNSPECIFIED., .F., .F., .T. ) 
 B_SPLINE_SURFACE_WITH_KNOTS ( ( 4, 2, 4 ),
 ( 3, 3 ),
 ( 0.000000000000000000, 0.2100557390712387562, 0.4201114781424775124 ),
 ( 0.000000000000000000, 1.000000000000000000 ),
 .UNSPECIFIED. ) 
 GEOMETRIC_REPRESENTATION_ITEM ( )  RATIONAL_B_SPLINE_SURFACE ( (
 ( 1.000000000000000000, 0.8746197071393944089, 1.000000000000000000),
 ( 1.000000000000000000, 0.8746204484142362512, 1.000000000000000000),
 ( 1.000000000000000000, 0.8735038294429394723, 1.000000000000000000),
 ( 1.000000000000000000, 0.8690639681474493505, 1.000000000000000000),
 ( 1.000000000000000000, 0.8657407066271430862, 1.000000000000000000),
 ( 1.000000000000000000, 0.8613475861151889124, 1.000000000000000000) ) ) 
 REPRESENTATION_ITEM ( '' )  SURFACE ( )  );
#2736 = ORIENTED_EDGE ( 'NONE', *, *, #3505, .F. ) ;
#2737 = FACE_OUTER_BOUND ( 'NONE', #4822, .T. ) ;
#2738 = AXIS2_PLACEMENT_3D ( 'NONE', #5701, #1457, #3348 ) ;
#2739 = CARTESIAN_POINT ( 'NONE',  ( -16.65757527701138585, 5.641850942464215812, 12.56874394419179630 ) ) ;
#2740 = EDGE_CURVE ( 'NONE', #917, #167, #615, .T. ) ;
#2741 = CARTESIAN_POINT ( 'NONE',  ( 16.49992192823320636, 5.470395395247527048, 11.94244139953828032 ) ) ;
#2742 = CARTESIAN_POINT ( 'NONE',  ( -11.37724389698320060, 4.398845855716136732, 26.42590409671763041 ) ) ;
#2743 = B_SPLINE_CURVE_WITH_KNOTS ( 'NONE', 3,
 ( #3496, #2078, #3899, #4866, #2476, #620, #1141, #5753, #3524, #1045 ),
 .UNSPECIFIED., .F., .F.,
 ( 4, 2, 2, 2, 4 ),
 ( 1.030758242722530217E-14, 0.0007474720998392783396, 0.001494944199668248952, 0.002242416299497220107, 0.002989888399326190611 ),
 .UNSPECIFIED. ) ;
#2744 = AXIS2_PLACEMENT_3D ( 'NONE', #1690, #4013, #1135 ) ;
#2745 = VERTEX_POINT ( 'NONE', #40 ) ;
#2746 = ADVANCED_FACE ( 'NONE', ( #1550 ), #1421, .T. ) ;
#2747 = CARTESIAN_POINT ( 'NONE',  ( -0.3604529621957863195, 3.001164981648589247, -15.51784072262947412 ) ) ;
#2748 = FACE_OUTER_BOUND ( 'NONE', #3175, .T. ) ;
#2749 = AXIS2_PLACEMENT_3D ( 'NONE', #5260, #525, #4296 ) ;
#2750 = DIRECTION ( 'NONE',  ( 0.000000000000000000, 0.000000000000000000, -1.000000000000000000 ) ) ;
#2751 = CARTESIAN_POINT ( 'NONE',  ( 50.72737686291985426, 4.499984212515714788, 0.6000593180827207274 ) ) ;
#2752 = AXIS2_PLACEMENT_3D ( 'NONE', #1918, #3801, #4832 ) ;
#2753 = CARTESIAN_POINT ( 'NONE',  ( 2.571758289908945844E-15, 2.999999999999998668, -21.00000000000000000 ) ) ;
#2754 = CARTESIAN_POINT ( 'NONE',  ( -12.01759521624354754, 4.536370789953569904, -3.015012073520007885 ) ) ;
#2755 = PERSON_AND_ORGANIZATION ( #2293, #1479 ) ;
#2756 = CARTESIAN_POINT ( 'NONE',  ( -24.53200000000000003, -4.000000000000000000, 0.000000000000000000 ) ) ;
#2757 = CARTESIAN_POINT ( 'NONE',  ( 23.45207879911716731, -6.999999999999995559, 19.48717526990506599 ) ) ;
#2758 = AXIS2_PLACEMENT_3D ( 'NONE', #2250, #794, #3108 ) ;
#2759 = CARTESIAN_POINT ( 'NONE',  ( -48.08188760943448870, 5.651114413433071526, 9.707418848114887311 ) ) ;
#2760 = AXIS2_PLACEMENT_3D ( 'NONE', #307, #2171, #2623 ) ;
#2761 = ORIENTED_EDGE ( 'NONE', *, *, #2520, .F. ) ;
#2762 = CARTESIAN_POINT ( 'NONE',  ( -15.74393164159706338, 5.805963950947805152, 15.33540644190633984 ) ) ;
#2763 = CARTESIAN_POINT ( 'NONE',  ( 1.544928993891267144, 0.02406015434897684421, 20.43034001334711292 ) ) ;
#2764 = DIRECTION ( 'NONE',  ( 0.000000000000000000, 0.000000000000000000, 1.000000000000000000 ) ) ;
#2765 = DIRECTION ( 'NONE',  ( 0.000000000000000000, -1.000000000000000000, 0.000000000000000000 ) ) ;
#2766 = CARTESIAN_POINT ( 'NONE',  ( 10.24374156724007712, 2.262326172866462315, -25.82465234573292534 ) ) ;
#2767 = CARTESIAN_POINT ( 'NONE',  ( -51.83200000000000074, 4.870577163833599954, 5.500000000000000000 ) ) ;
#2768 = AXIS2_PLACEMENT_3D ( 'NONE', #5387, #288, #3040 ) ;
#2769 = EDGE_LOOP ( 'NONE', ( #3335, #3989, #19, #2431 ) ) ;
#2770 = ORIENTED_EDGE ( 'NONE', *, *, #4923, .F. ) ;
#2771 = VERTEX_POINT ( 'NONE', #2359 ) ;
#2772 = CARTESIAN_POINT ( 'NONE',  ( 17.20951881698985630, 6.521658031006025702, 16.21667186262444815 ) ) ;
#2773 = CARTESIAN_POINT ( 'NONE',  ( -15.82157763503846581, 5.837286923321567400, 15.32358922573198967 ) ) ;
#2774 = CARTESIAN_POINT ( 'NONE',  ( 16.04743035189336098, 5.920720531895947936, 15.25224887052300815 ) ) ;
#2775 = CARTESIAN_POINT ( 'NONE',  ( 24.53200000000000003, 4.398845855716136732, 26.42590409671763041 ) ) ;
#2776 = ORIENTED_EDGE ( 'NONE', *, *, #1047, .F. ) ;
#2777 = CARTESIAN_POINT ( 'NONE',  ( 24.53200000000000003, 4.450000000000000178, 4.699999999999999289 ) ) ;
#2778 = CARTESIAN_POINT ( 'NONE',  ( 8.539252046937281904, 3.851286371946921250, -26.47797908668446354 ) ) ;
#2779 = DIRECTION ( 'NONE',  ( -0.000000000000000000, -1.000000000000000000, -0.000000000000000000 ) ) ;
#2780 = DIRECTION ( 'NONE',  ( 0.000000000000000000, 1.000000000000000000, -0.000000000000000000 ) ) ;
#2781 = CARTESIAN_POINT ( 'NONE',  ( 9.643854908280669491, 4.093169694877085263, -26.37866664302344688 ) ) ;
#2782 = EDGE_CURVE ( 'NONE', #2869, #1568, #5729, .T. ) ;
#2783 = CC_DESIGN_DATE_AND_TIME_ASSIGNMENT ( #4087, #2201, ( #4328 ) ) ;
#2784 = CARTESIAN_POINT ( 'NONE',  ( 5.817072295949929004E-15, 2.999999999999993783, -26.02917960675005205 ) ) ;
#2785 = DIRECTION ( 'NONE',  ( 0.000000000000000000, -1.000000000000000000, 0.000000000000000000 ) ) ;
#2786 = COORDINATED_UNIVERSAL_TIME_OFFSET ( 8, 0, .AHEAD. ) ;
#2787 = CARTESIAN_POINT ( 'NONE',  ( -50.26334992615634434, 4.708466380483351088, -4.171700702914264092 ) ) ;
#2788 = CARTESIAN_POINT ( 'NONE',  ( 50.66165556791278846, 4.606638414782631585, 3.015049811662409152 ) ) ;
#2789 = CARTESIAN_POINT ( 'NONE',  ( 4.798749493391864185, 2.732473568949002285, 26.69642314690838703 ) ) ;
#2790 = EDGE_CURVE ( 'NONE', #574, #2851, #5313, .T. ) ;
#2791 = EDGE_CURVE ( 'NONE', #1420, #111, #5192, .T. ) ;
#2792 = EDGE_CURVE ( 'NONE', #1966, #3352, #5614, .T. ) ;
#2793 = ORIENTED_EDGE ( 'NONE', *, *, #4526, .T. ) ;
#2794 = CARTESIAN_POINT ( 'NONE',  ( -11.00331941959713156, 4.271657001254516750, -26.49872901810528347 ) ) ;
#2795 = CARTESIAN_POINT ( 'NONE',  ( -4.078575790245140276, 2.626446581898914445, -26.55289316379783315 ) ) ;
#2796 = DIRECTION ( 'NONE',  ( 0.000000000000000000, -1.000000000000000000, 0.000000000000000000 ) ) ;
#2797 = CARTESIAN_POINT ( 'NONE',  ( 6.437428057970304707, 2.735321876239965810, -26.77064375248120953 ) ) ;
#2798 = EDGE_CURVE ( 'NONE', #4961, #1922, #2379, .T. ) ;
#2799 = CARTESIAN_POINT ( 'NONE',  ( 19.98115374577087877, 4.516872967562170160, -1.213944065634907199 ) ) ;
#2800 = VERTEX_POINT ( 'NONE', #5406 ) ;
#2801 = ORIENTED_EDGE ( 'NONE', *, *, #2342, .T. ) ;
#2802 = ORIENTED_EDGE ( 'NONE', *, *, #1637, .T. ) ;
#2803 = CARTESIAN_POINT ( 'NONE',  ( 17.76042480724625605, 6.443672865975446307, 14.04112934288895786 ) ) ;
#2804 = PLANE ( 'NONE',  #3357 ) ;
#2805 = CARTESIAN_POINT ( 'NONE',  ( -24.53200000000000003, 7.858975779269959716, -24.26377495386450533 ) ) ;
#2806 = LINE ( 'NONE', #2865, #4238 ) ;
#2807 = EDGE_LOOP ( 'NONE', ( #3842, #5553, #512, #2736 ) ) ;
#2808 = EDGE_CURVE ( 'NONE', #2800, #5793, #5513, .T. ) ;
#2809 = ORIENTED_EDGE ( 'NONE', *, *, #4186, .T. ) ;
#2810 = CARTESIAN_POINT ( 'NONE',  ( 4.000000000000000000, 0.7250000000000025313, 22.75000000000000000 ) ) ;
#2811 = CARTESIAN_POINT ( 'NONE',  ( 6.247057991528992105, 3.458406099476694973, -27.10096143043019623 ) ) ;
#2812 = CARTESIAN_POINT ( 'NONE',  ( 42.13064226588647898, 8.000000000000000000, -19.48717526990507309 ) ) ;
#2813 = CARTESIAN_POINT ( 'NONE',  ( -14.90261377428149991, 4.839521709771745783, -5.293239899556283490 ) ) ;
#2814 = CARTESIAN_POINT ( 'NONE',  ( 15.48882298469468033, 5.701739534371806251, -25.61176576812931671 ) ) ;
#2815 = LINE ( 'NONE', #33, #358 ) ;
#2816 = PLANE ( 'NONE',  #5520 ) ;
#2817 = CARTESIAN_POINT ( 'NONE',  ( 5.228917572995554153, 2.802313080497163433, 26.75052766824496331 ) ) ;
#2818 = ORIENTED_EDGE ( 'NONE', *, *, #2103, .T. ) ;
#2819 = CARTESIAN_POINT ( 'NONE',  ( -44.68328546888272257, 6.940225779269958650, 14.52052555676733014 ) ) ;
#2820 = ADVANCED_FACE ( 'NONE', ( #625, #160 ), #193, .F. ) ;
#2821 = AXIS2_PLACEMENT_3D ( 'NONE', #1792, #323, #4074 ) ;
#2822 = CARTESIAN_POINT ( 'NONE',  ( 3.508925464743685829, 0.6334368540004994275, 22.56687370800099401 ) ) ;
#2823 = FACE_BOUND ( 'NONE', #4474, .T. ) ;
#2824 = CARTESIAN_POINT ( 'NONE',  ( 4.038600031068633633, 2.629891315705044974, -26.55978263141009421 ) ) ;
#2825 = EDGE_CURVE ( 'NONE', #3871, #408, #1631, .T. ) ;
#2826 = DIRECTION ( 'NONE',  ( -1.000000000000000000, 0.000000000000000000, 0.000000000000000000 ) ) ;
#2827 = ORIENTED_EDGE ( 'NONE', *, *, #3965, .F. ) ;
#2828 = VERTEX_POINT ( 'NONE', #3001 ) ;
#2829 = EDGE_LOOP ( 'NONE', ( #3646, #357 ) ) ;
#2830 = CARTESIAN_POINT ( 'NONE',  ( 16.67201494067395373, 6.033889371142406866, 14.51285576690644596 ) ) ;
#2831 = CARTESIAN_POINT ( 'NONE',  ( -24.53200000000000003, -3.500000000000000000, 0.000000000000000000 ) ) ;
#2832 = CARTESIAN_POINT ( 'NONE',  ( 2.234980408443919215E-15, 2.949999999999999734, -18.25000000000000000 ) ) ;
#2833 = AXIS2_PLACEMENT_3D ( 'NONE', #4147, #5442, #1770 ) ;
#2834 = CARTESIAN_POINT ( 'NONE',  ( 24.53200000000000003, 0.5000000000000000000, 0.000000000000000000 ) ) ;
#2835 = ORIENTED_EDGE ( 'NONE', *, *, #5432, .T. ) ;
#2836 = TOROIDAL_SURFACE ( 'NONE', #2148, 24.00936052501757700, 0.2999999999999999889 ) ;
#2837 = ORIENTED_EDGE ( 'NONE', *, *, #816, .F. ) ;
#2838 = DIRECTION ( 'NONE',  ( 0.000000000000000000, 0.000000000000000000, -1.000000000000000000 ) ) ;
#2839 = DIRECTION ( 'NONE',  ( 0.000000000000000000, 0.000000000000000000, 1.000000000000000000 ) ) ;
#2840 = CARTESIAN_POINT ( 'NONE',  ( -11.37724389698320060, 4.398845855716136732, 26.42590409671763041 ) ) ;
#2841 = DIRECTION ( 'NONE',  ( 0.000000000000000000, -1.000000000000000000, 0.000000000000000000 ) ) ;
#2842 = ORIENTED_EDGE ( 'NONE', *, *, #4159, .T. ) ;
#2843 = EDGE_CURVE ( 'NONE', #3535, #4499, #1176, .T. ) ;
#2844 = CIRCLE ( 'NONE', #3034, 1.500000000000000444 ) ;
#2845 = EDGE_CURVE ( 'NONE', #934, #689, #5022, .T. ) ;
#2846 = CARTESIAN_POINT ( 'NONE',  ( -24.53200000000000003, 2.999999999999997335, 27.30000000000000071 ) ) ;
#2847 = CARTESIAN_POINT ( 'NONE',  ( -50.89432957107178623, 4.398845855716134956, -1.831935292282847572 ) ) ;
#2848 = CARTESIAN_POINT ( 'NONE',  ( 50.50774591499581589, 4.571925673423379521, 4.239981023143674754 ) ) ;
#2849 = DIRECTION ( 'NONE',  ( -1.000000000000000000, 0.000000000000000000, 0.000000000000000000 ) ) ;
#2850 = AXIS2_PLACEMENT_3D ( 'NONE', #1584, #1144, #2508 ) ;
#2851 = VERTEX_POINT ( 'NONE', #3499 ) ;
#2852 = CARTESIAN_POINT ( 'NONE',  ( 11.00282133165244502, 4.271494412253042050, -26.49880081501259355 ) ) ;
#2853 = CIRCLE ( 'NONE', #3653, 0.2999999999999994338 ) ;
#2854 = DIRECTION ( 'NONE',  ( -0.2526662866867273594, -0.9675534856388769978, 0.000000000000000000 ) ) ;
#2855 = DIRECTION ( 'NONE',  ( 0.000000000000000000, -1.000000000000000000, 0.000000000000000000 ) ) ;
#2856 = CARTESIAN_POINT ( 'NONE',  ( 5.464531357358273667, 3.330649811635362223, 18.27326176879892117 ) ) ;
#2857 = DIRECTION ( 'NONE',  ( 1.000000000000000000, 0.000000000000000000, 0.000000000000000000 ) ) ;
#2858 = ORIENTED_EDGE ( 'NONE', *, *, #3844, .F. ) ;
#2859 = VECTOR ( 'NONE', #235, 1000.000000000000000 ) ;
#2860 = VERTEX_POINT ( 'NONE', #4981 ) ;
#2861 = FACE_BOUND ( 'NONE', #5766, .T. ) ;
#2862 = CARTESIAN_POINT ( 'NONE',  ( 27.63650498880316775, 4.652721344065973597, 3.542352915569859650 ) ) ;
#2863 = CYLINDRICAL_SURFACE ( 'NONE', #3617, 1.500000000000001332 ) ;
#2864 = AXIS2_PLACEMENT_3D ( 'NONE', #4694, #1703, #2347 ) ;
#2865 = CARTESIAN_POINT ( 'NONE',  ( -24.53200000000000003, -5.000000000000000000, 4.250000000000008882 ) ) ;
#2866 = EDGE_CURVE ( 'NONE', #5785, #441, #3966, .T. ) ;
#2867 = ORIENTED_EDGE ( 'NONE', *, *, #3277, .T. ) ;
#2868 = CIRCLE ( 'NONE', #204, 0.3000000000000007105 ) ;
#2869 = VERTEX_POINT ( 'NONE', #1672 ) ;
#2870 = CARTESIAN_POINT ( 'NONE',  ( 17.07055520205593879, 6.491501019731022559, 12.77447121889304427 ) ) ;
#2871 = EDGE_CURVE ( 'NONE', #789, #157, #3486, .T. ) ;
#2872 = CARTESIAN_POINT ( 'NONE',  ( -4.182852311189601657, 3.205746570440518806, 27.50627702776619543 ) ) ;
#2873 = CARTESIAN_POINT ( 'NONE',  ( 10.21941582766386247, 4.246875794569575646, -3.926036099299647031 ) ) ;
#2874 = CARTESIAN_POINT ( 'NONE',  ( -18.92703910097617737, 5.742334361141468335, -10.05952740303773929 ) ) ;
#2875 = ADVANCED_FACE ( 'NONE', ( #4610 ), #1229, .T. ) ;
#2876 = VERTEX_POINT ( 'NONE', #4645 ) ;
#2877 = CYLINDRICAL_SURFACE ( 'NONE', #4627, 5.000000000000000000 ) ;
#2878 = CARTESIAN_POINT ( 'NONE',  ( 48.32082267948065635, 5.516969417541904619, -9.869663510495941594 ) ) ;
#2879 = CARTESIAN_POINT ( 'NONE',  ( 44.63274191430752325, 7.113677662846307648, 14.40527287363994979 ) ) ;
#2880 = DIRECTION ( 'NONE',  ( -0.000000000000000000, -0.8944271909999164105, -0.4472135954999569285 ) ) ;
#2881 = CARTESIAN_POINT ( 'NONE',  ( 48.89098994039164126, 5.307917062770172834, -8.117168641049257616 ) ) ;
#2882 = VERTEX_POINT ( 'NONE', #4176 ) ;
#2883 = CARTESIAN_POINT ( 'NONE',  ( -10.73831718418599124, 4.378976860347746580, -26.25156752845692765 ) ) ;
#2884 = CARTESIAN_POINT ( 'NONE',  ( 24.53200000000000003, 8.000000000000000000, 0.000000000000000000 ) ) ;
#2885 = CARTESIAN_POINT ( 'NONE',  ( -15.90419949148859402, 6.081236361298417492, 16.16189216351677160 ) ) ;
#2886 = CARTESIAN_POINT ( 'NONE',  ( 15.74393164159705627, 5.805963950947798935, 15.33540644190634161 ) ) ;
#2887 = CARTESIAN_POINT ( 'NONE',  ( -23.45207879911715310, 8.000000000000000000, 24.00936052501757700 ) ) ;
#2888 = ORIENTED_EDGE ( 'NONE', *, *, #1726, .F. ) ;
#2889 = ORIENTED_EDGE ( 'NONE', *, *, #4982, .T. ) ;
#2890 = DIRECTION ( 'NONE',  ( 0.000000000000000000, 1.000000000000000000, -0.000000000000000000 ) ) ;
#2891 = CARTESIAN_POINT ( 'NONE',  ( 26.89047664474815136, 4.702843860534236420, 4.076919172239012568 ) ) ;
#2892 = CARTESIAN_POINT ( 'NONE',  ( -30.03200000000000358, 45.50000000000000711, 0.000000000000000000 ) ) ;
#2893 = B_SPLINE_CURVE_WITH_KNOTS ( 'NONE', 3,
 ( #2967, #4387, #619, #3927, #2502, #4603, #1294, #4051, #1352, #5466, #5937, #2714 ),
 .UNSPECIFIED., .F., .F.,
 ( 4, 2, 2, 2, 2, 4 ),
 ( 0.005154393824774609889, 0.009265076882154527071, 0.01337575993953444078, 0.01748644299691435450, 0.01954178452560431309, 0.02159712605429427168 ),
 .UNSPECIFIED. ) ;
#2894 = DIRECTION ( 'NONE',  ( 1.000000000000000000, -4.156241822731259242E-15, 8.312483645462543727E-15 ) ) ;
#2895 = DIRECTION ( 'NONE',  ( -0.000000000000000000, 1.000000000000000000, -0.000000000000000000 ) ) ;
#2896 = ORIENTED_EDGE ( 'NONE', *, *, #86, .F. ) ;
#2897 = ORIENTED_EDGE ( 'NONE', *, *, #5355, .F. ) ;
#2898 = CARTESIAN_POINT ( 'NONE',  ( 14.61896733375547441, 5.593411645511579877, 14.86415592036022026 ) ) ;
#2899 =( BOUNDED_SURFACE ( )  B_SPLINE_SURFACE ( 3, 2, ( 
 ( #4531, #3949, #4009 ),
 ( #2639, #5886, #5858 ),
 ( #1129, #1654, #4496 ),
 ( #2150, #4038, #5922 ),
 ( #3013, #748, #1686 ),
 ( #2549, #1621, #291 ),
 ( #3577, #3456, #1101 ),
 ( #2986, #4881, #637 ) ),
 .UNSPECIFIED., .F., .F., .T. ) 
 B_SPLINE_SURFACE_WITH_KNOTS ( ( 4, 2, 2, 4 ),
 ( 3, 3 ),
 ( 0.004529884676422494053, 0.006267698574098113165, 0.008005512471773732278, 0.01148114026712497050 ),
 ( 0.08440980683153109787, 1.000000000000000000 ),
 .UNSPECIFIED. ) 
 GEOMETRIC_REPRESENTATION_ITEM ( )  RATIONAL_B_SPLINE_SURFACE ( (
 ( 0.9494228084681943791, 0.7004068992081105005, 1.000000000000000000),
 ( 0.9556082691187075540, 0.7370463661296400293, 1.000000000000000000),
 ( 0.9609063559176911351, 0.7684294897135960367, 1.000000000000000000),
 ( 0.9702352680321790768, 0.8236891358652993489, 1.000000000000000000),
 ( 0.9742691365279292359, 0.8475836846574849037, 1.000000000000000000),
 ( 0.9848875408819153243, 0.9104816153160569803, 1.000000000000000000),
 ( 0.9899920195906539711, 0.9407179047967713093, 1.000000000000000000),
 ( 0.9935946927161782849, 0.9620582754287911875, 1.000000000000000000) ) ) 
 REPRESENTATION_ITEM ( '' )  SURFACE ( )  );
#2900 = DIRECTION ( 'NONE',  ( -0.2423277127227409233, 0.9701944545536037579, 0.000000000000000000 ) ) ;
#2901 = DIRECTION ( 'NONE',  ( -1.000000000000000000, 0.000000000000000000, -0.000000000000000000 ) ) ;
#2902 = CARTESIAN_POINT ( 'NONE',  ( 11.93434736651215466, 4.529331716153349952, -3.090806715379120995 ) ) ;
#2903 = ADVANCED_FACE ( 'NONE', ( #2200 ), #6026, .T. ) ;
#2904 = CARTESIAN_POINT ( 'NONE',  ( -17.21271112535501757, 5.326848294276983253, -8.245238059189277990 ) ) ;
#2905 = ADVANCED_FACE ( 'NONE', ( #3209 ), #2649, .T. ) ;
#2906 = CARTESIAN_POINT ( 'NONE',  ( -11.18469737844512935, 4.497178643809002452, -7.685069251697333570 ) ) ;
#2907 = CARTESIAN_POINT ( 'NONE',  ( 3.409134695007905780, 3.128116042040941736, -4.350446260892137040 ) ) ;
#2908 = CARTESIAN_POINT ( 'NONE',  ( 46.29936915757919991, 6.333536876840940799, 12.78482366442054463 ) ) ;
#2909 = CARTESIAN_POINT ( 'NONE',  ( 4.078575790234564735, 2.626446581902932120, 26.55289316380586939 ) ) ;
#2910 = CARTESIAN_POINT ( 'NONE',  ( 49.38286243825932331, 5.065053867747366212, -7.700539279548032745 ) ) ;
#2911 = DIRECTION ( 'NONE',  ( 1.000000000000000000, 0.000000000000000000, 0.000000000000000000 ) ) ;
#2912 = CARTESIAN_POINT ( 'NONE',  ( 50.51530234862452318, 4.568612912094774714, 4.239602975817923003 ) ) ;
#2913 = DIRECTION ( 'NONE',  ( 0.000000000000000000, 0.000000000000000000, 1.000000000000000000 ) ) ;
#2914 = CARTESIAN_POINT ( 'NONE',  ( 0.000000000000000000, 3.603966959366334155, -25.15383195248298520 ) ) ;
#2915 = CARTESIAN_POINT ( 'NONE',  ( 3.398291279500781581, 3.130656133971818189, 17.34951140979213235 ) ) ;
#2916 = CARTESIAN_POINT ( 'NONE',  ( -38.55695607195518448, 8.000000000000001776, -19.48717526990507309 ) ) ;
#2917 = ADVANCED_FACE ( 'NONE', ( #896 ), #6092, .T. ) ;
#2918 = EDGE_LOOP ( 'NONE', ( #4228, #4248, #5759, #5559, #3824 ) ) ;
#2919 = EDGE_CURVE ( 'NONE', #1966, #5623, #1043, .T. ) ;
#2920 = EDGE_LOOP ( 'NONE', ( #3067, #4764, #3310, #3805 ) ) ;
#2921 = DIRECTION ( 'NONE',  ( 0.000000000000000000, 0.000000000000000000, -1.000000000000000000 ) ) ;
#2922 = CARTESIAN_POINT ( 'NONE',  ( 29.20201988689571593, 4.503469817477069093, -0.6137048059230097996 ) ) ;
#2923 = CARTESIAN_POINT ( 'NONE',  ( -51.83200000000000074, 7.062499999999999112, -14.26739617975193042 ) ) ;
#2924 = FACE_OUTER_BOUND ( 'NONE', #1787, .T. ) ;
#2925 = CARTESIAN_POINT ( 'NONE',  ( 14.40925384972965162, 4.744874288783333505, -4.482545514165146905 ) ) ;
#2926 = ORIENTED_EDGE ( 'NONE', *, *, #5663, .F. ) ;
#2927 = ORIENTED_EDGE ( 'NONE', *, *, #1131, .F. ) ;
#2928 = AXIS2_PLACEMENT_3D ( 'NONE', #2914, #960, #1488 ) ;
#2929 = CARTESIAN_POINT ( 'NONE',  ( -4.078575790220684283, 2.626446581901008770, 26.55289316380202180 ) ) ;
#2930 = CARTESIAN_POINT ( 'NONE',  ( 11.75893534241582472, 4.511418896480634544, -3.232643598146730302 ) ) ;
#2931 = DIRECTION ( 'NONE',  ( -0.000000000000000000, 1.000000000000000000, -0.000000000000000000 ) ) ;
#2932 = ORIENTED_EDGE ( 'NONE', *, *, #97, .T. ) ;
#2933 =( BOUNDED_SURFACE ( )  B_SPLINE_SURFACE ( 3, 2, ( 
 ( #1746, #5517, #4160 ),
 ( #5578, #1337, #3222 ),
 ( #5116, #874, #4187 ),
 ( #2916, #4810, #2330 ) ),
 .UNSPECIFIED., .F., .F., .T. ) 
 B_SPLINE_SURFACE_WITH_KNOTS ( ( 4, 4 ),
 ( 3, 3 ),
 ( 0.000000000000000000, 0.007877607463358110573 ),
 ( 0.000000000000000000, 1.000000000000000000 ),
 .UNSPECIFIED. ) 
 GEOMETRIC_REPRESENTATION_ITEM ( )  RATIONAL_B_SPLINE_SURFACE ( (
 ( 1.000000000000000000, 0.8137184430976497351, 1.000000000000000000),
 ( 1.000000000000000000, 0.8322814998254339791, 1.000000000000000000),
 ( 1.000000000000000000, 0.8538125406760198599, 1.000000000000000000),
 ( 1.000000000000000000, 0.8746197071393951861, 1.000000000000000000) ) ) 
 REPRESENTATION_ITEM ( '' )  SURFACE ( )  );
#2934 = CARTESIAN_POINT ( 'NONE',  ( 17.37404300804794488, 6.713474774933142264, -24.97956342405592878 ) ) ;
#2935 = AXIS2_PLACEMENT_3D ( 'NONE', #5477, #1861, #101 ) ;
#2936 = CARTESIAN_POINT ( 'NONE',  ( -1.749947751596442780, 2.751504549946903744, -3.421061934915246461 ) ) ;
#2937 = CARTESIAN_POINT ( 'NONE',  ( 50.32196021132145347, 4.682288810898321607, 3.873280029102950550 ) ) ;
#2938 = CARTESIAN_POINT ( 'NONE',  ( -4.611327036331116069, 3.249954484645378283, 26.50090693920851592 ) ) ;
#2939 = CARTESIAN_POINT ( 'NONE',  ( 49.77914111996884117, 4.922664853712968913, -5.900089317358777841 ) ) ;
#2940 = VERTEX_POINT ( 'NONE', #96 ) ;
#2941 = AXIS2_PLACEMENT_3D ( 'NONE', #1245, #1126, #3482 ) ;
#2942 = CARTESIAN_POINT ( 'NONE',  ( -15.38025627675838258, 5.822837755298158946, -25.35735139317456444 ) ) ;
#2943 = CARTESIAN_POINT ( 'NONE',  ( -50.77507678522143664, 4.452512570699554750, 3.064291517858239722 ) ) ;
#2944 = CARTESIAN_POINT ( 'NONE',  ( -30.03200000000000358, 4.714957627550595554, 4.197586730202923277 ) ) ;
#2945 = CARTESIAN_POINT ( 'NONE',  ( -16.04750842747544226, 5.920748893963299508, 15.25222195497011413 ) ) ;
#2946 = CARTESIAN_POINT ( 'NONE',  ( -5.361910780510097396, 3.253467510591471878, 17.30543191066163189 ) ) ;
#2947 = VECTOR ( 'NONE', #4925, 1000.000000000000000 ) ;
#2948 = CARTESIAN_POINT ( 'NONE',  ( 11.14632636799055732, 4.144285780167531463, -2.466015111504614499 ) ) ;
#2949 = ORIENTED_EDGE ( 'NONE', *, *, #3493, .T. ) ;
#2950 = CIRCLE ( 'NONE', #3841, 15.10000000000000142 ) ;
#2951 = EDGE_LOOP ( 'NONE', ( #4401, #4889, #3880, #4996, #5900, #4400, #5127, #261, #2097, #319, #1210, #6040, #4974, #2448 ) ) ;
#2952 = FACE_OUTER_BOUND ( 'NONE', #4288, .T. ) ;
#2953 = DIRECTION ( 'NONE',  ( 0.000000000000000000, -1.000000000000000000, 0.000000000000000000 ) ) ;
#2954 = CARTESIAN_POINT ( 'NONE',  ( -19.03200000000000003, 4.695588473793671724, -4.000000000000000000 ) ) ;
#2955 = PLANE ( 'NONE',  #759 ) ;
#2956 = CARTESIAN_POINT ( 'NONE',  ( 47.46240295488236427, 5.908281360470289734, -10.69786598003039479 ) ) ;
#2957 = AXIS2_PLACEMENT_3D ( 'NONE', #190, #2079, #3963 ) ;
#2958 = VERTEX_POINT ( 'NONE', #3799 ) ;
#2959 = VERTEX_POINT ( 'NONE', #1982 ) ;
#2960 = CARTESIAN_POINT ( 'NONE',  ( 42.65273862694865414, 7.748974577512003137, 16.11681328716836248 ) ) ;
#2961 = CARTESIAN_POINT ( 'NONE',  ( -2.723162948167775710, 2.496693623910731130, -26.29338724782146386 ) ) ;
#2962 = CARTESIAN_POINT ( 'NONE',  ( -4.797106135592315468, 2.732211870589764224, 26.69619801866119957 ) ) ;
#2963 = CARTESIAN_POINT ( 'NONE',  ( -50.83585614741237180, 4.425160348523834664, -2.436198639570257729 ) ) ;
#2964 = VECTOR ( 'NONE', #4467, 1000.000000000000000 ) ;
#2965 = ORIENTED_EDGE ( 'NONE', *, *, #634, .F. ) ;
#2966 = B_SPLINE_CURVE_WITH_KNOTS ( 'NONE', 3,
 ( #1277, #313, #5544, #2207 ),
 .UNSPECIFIED., .F., .F.,
 ( 4, 4 ),
 ( 0.000000000000000000, 0.0006023562496235657050 ),
 .UNSPECIFIED. ) ;
#2967 = CARTESIAN_POINT ( 'NONE',  ( -17.33414519934746068, 6.695652173913042127, -19.48717526990505888 ) ) ;
#2968 = CARTESIAN_POINT ( 'NONE',  ( 3.402768526430898444, 2.878912751193444919, -3.378177462045441892 ) ) ;
#2969 = CARTESIAN_POINT ( 'NONE',  ( 50.27877000898651261, 4.780192194499579550, 4.794456995589016834 ) ) ;
#2970 = CARTESIAN_POINT ( 'NONE',  ( -8.623589639419199315, 3.531534653499765142, -26.78409784833231200 ) ) ;
#2971 = ORIENTED_EDGE ( 'NONE', *, *, #2258, .F. ) ;
#2972 = CARTESIAN_POINT ( 'NONE',  ( -13.39696833613871796, 5.109458172366545980, -25.98186423894618002 ) ) ;
#2973 = CARTESIAN_POINT ( 'NONE',  ( -2.858076877476504407, 3.096165232094429065, 20.95029563150317031 ) ) ;
#2974 = CYLINDRICAL_SURFACE ( 'NONE', #1794, 0.3000000000000016542 ) ;
#2975 = CARTESIAN_POINT ( 'NONE',  ( -17.66525483982996647, 6.615685129565057387, 15.77290782860504414 ) ) ;
#2976 = CARTESIAN_POINT ( 'NONE',  ( -11.30471267751845588, 4.525377281137825669, 16.81795056270041044 ) ) ;
#2977 = ADVANCED_FACE ( 'NONE', ( #982 ), #3279, .T. ) ;
#2978 = CARTESIAN_POINT ( 'NONE',  ( 2.594547831871562682, 3.079208543641834606, 18.48801727859588695 ) ) ;
#2979 = EDGE_CURVE ( 'NONE', #474, #4424, #460, .T. ) ;
#2980 = EDGE_LOOP ( 'NONE', ( #301, #4725, #2604, #4787 ) ) ;
#2981 = EDGE_CURVE ( 'NONE', #3412, #5243, #3939, .T. ) ;
#2982 = ORIENTED_EDGE ( 'NONE', *, *, #4473, .F. ) ;
#2983 = CARTESIAN_POINT ( 'NONE',  ( -9.675007409505379741, 2.274867767937629015, -25.84973553587526496 ) ) ;
#2984 = CARTESIAN_POINT ( 'NONE',  ( 28.75680240675607280, 4.551920381910342428, 2.082300747930950990 ) ) ;
#2985 = CARTESIAN_POINT ( 'NONE',  ( 17.05426323585087900, 5.290516177020005095, -8.068439166319800293 ) ) ;
#2986 = CARTESIAN_POINT ( 'NONE',  ( -4.182110191771401198, 3.146350189637850292, -27.13334145887515447 ) ) ;
#2987 = CARTESIAN_POINT ( 'NONE',  ( 10.19795791041534905, 4.004316704202504518, -2.990805478917433646 ) ) ;
#2988 = VERTEX_POINT ( 'NONE', #4733 ) ;
#2989 = ORIENTED_EDGE ( 'NONE', *, *, #5992, .F. ) ;
#2990 = CARTESIAN_POINT ( 'NONE',  ( 24.53200000000000003, 8.000000000000000000, 24.00936052501757700 ) ) ;
#2991 = CARTESIAN_POINT ( 'NONE',  ( -23.45207879911713889, 8.000000000000001776, 24.00936052501756635 ) ) ;
#2992 = CYLINDRICAL_SURFACE ( 'NONE', #2345, 4.700000000000000178 ) ;
#2993 = CARTESIAN_POINT ( 'NONE',  ( -50.50774591499801858, 4.571925673421215031, -4.239981023138451377 ) ) ;
#2994 = EDGE_CURVE ( 'NONE', #3504, #1460, #4034, .T. ) ;
#2995 = ORIENTED_EDGE ( 'NONE', *, *, #223, .T. ) ;
#2996 = CARTESIAN_POINT ( 'NONE',  ( 4.000000000000000000, 2.000000000000000000, 22.75000000000000000 ) ) ;
#2997 = FACE_OUTER_BOUND ( 'NONE', #3386, .T. ) ;
#2998 = CARTESIAN_POINT ( 'NONE',  ( -10.73831718418599301, 4.378976860347746580, -26.25156752845692409 ) ) ;
#2999 = CARTESIAN_POINT ( 'NONE',  ( -4.754056369783540070, 3.266494353314948196, -26.51111139146103923 ) ) ;
#3000 = EDGE_LOOP ( 'NONE', ( #2395, #2358, #3035, #506 ) ) ;
#3001 = CARTESIAN_POINT ( 'NONE',  ( -24.53200000000000003, 0.000000000000000000, 5.000000000000000000 ) ) ;
#3002 = CARTESIAN_POINT ( 'NONE',  ( 13.36239391171861790, 5.098460099196310047, 25.81318790541516961 ) ) ;
#3003 = CARTESIAN_POINT ( 'NONE',  ( -16.02573688314467049, 6.121919927422541541, 16.10777759874281756 ) ) ;
#3004 = DIRECTION ( 'NONE',  ( -1.156482317317870344E-15, 0.000000000000000000, -1.000000000000000000 ) ) ;
#3005 = CARTESIAN_POINT ( 'NONE',  ( 3.007806731359979668, 3.106566609510280408, 20.16127611016750265 ) ) ;
#3006 = ORIENTED_EDGE ( 'NONE', *, *, #1124, .T. ) ;
#3007 = ADVANCED_FACE ( 'NONE', ( #1442 ), #2877, .F. ) ;
#3008 = ORIENTED_EDGE ( 'NONE', *, *, #2866, .T. ) ;
#3009 = CARTESIAN_POINT ( 'NONE',  ( -24.53200000000000003, 4.398845855716134956, 0.000000000000000000 ) ) ;
#3010 = EDGE_CURVE ( 'NONE', #456, #3360, #276, .T. ) ;
#3011 = FACE_OUTER_BOUND ( 'NONE', #3203, .T. ) ;
#3012 = CARTESIAN_POINT ( 'NONE',  ( -42.84379120463523094, 7.612974048320997333, 16.35426319875847412 ) ) ;
#3013 = CARTESIAN_POINT ( 'NONE',  ( -8.126328165026031058, 3.639283813659196731, -26.81377415159700917 ) ) ;
#3014 = CARTESIAN_POINT ( 'NONE',  ( -29.83468506001373655, 4.776007235892130609, -4.750068444022407022 ) ) ;
#3015 = ORIENTED_EDGE ( 'NONE', *, *, #846, .F. ) ;
#3016 = ORIENTED_EDGE ( 'NONE', *, *, #859, .F. ) ;
#3017 = LINE ( 'NONE', #701, #3534 ) ;
#3018 = CARTESIAN_POINT ( 'NONE',  ( 38.70557107504664884, 7.858975779269959716, 19.69367050583469947 ) ) ;
#3019 = CARTESIAN_POINT ( 'NONE',  ( -24.53200000000000003, 0.5000000000000000000, -15.09999999999999964 ) ) ;
#3020 = CARTESIAN_POINT ( 'NONE',  ( 5.213259514825979934, 2.799669109389938182, 26.74892745529481886 ) ) ;
#3021 = ORIENTED_EDGE ( 'NONE', *, *, #2562, .F. ) ;
#3022 = CARTESIAN_POINT ( 'NONE',  ( 50.98767614713258922, 4.349032216572233267, -0.6128996236965804645 ) ) ;
#3023 = CARTESIAN_POINT ( 'NONE',  ( 8.608895036424277336, 3.844612291823542805, -5.065130726731642774 ) ) ;
#3024 = CARTESIAN_POINT ( 'NONE',  ( -24.53200000000000003, -5.000000000000000000, 0.000000000000000000 ) ) ;
#3025 = AXIS2_PLACEMENT_3D ( 'NONE', #5909, #4613, #371 ) ;
#3026 = CARTESIAN_POINT ( 'NONE',  ( -5.228917573008327935, 2.802313080498069375, -26.75052766824465778 ) ) ;
#3027 = ADVANCED_FACE ( 'NONE', ( #1511 ), #1427, .T. ) ;
#3028 = CIRCLE ( 'NONE', #3527, 7.900000000000000355 ) ;
#3029 = CARTESIAN_POINT ( 'NONE',  ( -19.35000152869180923, 7.426552171916010359, 24.53398321314205432 ) ) ;
#3030 = CARTESIAN_POINT ( 'NONE',  ( -17.45650387134285708, 6.580714909704739490, -25.06252099500077080 ) ) ;
#3031 = CARTESIAN_POINT ( 'NONE',  ( -16.73351660537113261, 6.009230090848508787, 14.27185369666224624 ) ) ;
#3032 = CARTESIAN_POINT ( 'NONE',  ( -5.457040152559563317, 3.350848803778660123, -26.55145295970471153 ) ) ;
#3033 = CARTESIAN_POINT ( 'NONE',  ( 2.505813800311476491, 3.073742894900894029, 21.67096019512886329 ) ) ;
#3034 = AXIS2_PLACEMENT_3D ( 'NONE', #1625, #3516, #727 ) ;
#3035 = ORIENTED_EDGE ( 'NONE', *, *, #2445, .F. ) ;
#3036 = B_SPLINE_CURVE_WITH_KNOTS ( 'NONE', 3,
 ( #3881, #1098, #2983, #3853, #507, #4780, #4814, #4305 ),
 .UNSPECIFIED., .F., .F.,
 ( 4, 2, 2, 4 ),
 ( 0.000000000000000000, 0.001711206553162678045, 0.003422413106325356089, 0.006844826212650712179 ),
 .UNSPECIFIED. ) ;
#3037 = EDGE_LOOP ( 'NONE', ( #3912, #716, #4759, #2802, #3612, #908, #1339, #484, #976 ) ) ;
#3038 = CARTESIAN_POINT ( 'NONE',  ( -23.45207879911709625, 8.000000000000001776, -24.17565324045340702 ) ) ;
#3039 = AXIS2_PLACEMENT_3D ( 'NONE', #4705, #990, #468 ) ;
#3040 = DIRECTION ( 'NONE',  ( 0.000000000000000000, 0.000000000000000000, 1.000000000000000000 ) ) ;
#3041 = FACE_OUTER_BOUND ( 'NONE', #1842, .T. ) ;
#3042 = CARTESIAN_POINT ( 'NONE',  ( 9.668495294600976564, 2.275007179982148298, -25.85001435996429819 ) ) ;
#3043 = CARTESIAN_POINT ( 'NONE',  ( 11.00331941959713156, 4.271657001254508756, 26.49872901810528703 ) ) ;
#3044 = CARTESIAN_POINT ( 'NONE',  ( 3.240866645035331839, 0.3482721018201391239, 21.90371714826178362 ) ) ;
#3045 = AXIS2_PLACEMENT_3D ( 'NONE', #3024, #1173, #3992 ) ;
#3046 = EDGE_LOOP ( 'NONE', ( #3638, #3081, #1034, #6101 ) ) ;
#3047 = ORIENTED_EDGE ( 'NONE', *, *, #2630, .T. ) ;
#3048 = CARTESIAN_POINT ( 'NONE',  ( -48.60320701618792327, 5.397234826090486770, -9.310175460145549309 ) ) ;
#3049 = CARTESIAN_POINT ( 'NONE',  ( -3.817837745226496882, 3.171185908253679742, -27.64237181650734954 ) ) ;
#3050 = AXIS2_PLACEMENT_3D ( 'NONE', #5132, #891, #5630 ) ;
#3051 = EDGE_CURVE ( 'NONE', #5191, #2021, #6000, .T. ) ;
#3052 = CARTESIAN_POINT ( 'NONE',  ( -18.14852496435348783, 4.894394278355075123, 6.139902527140344901 ) ) ;
#3053 = EDGE_CURVE ( 'NONE', #3224, #5543, #3468, .T. ) ;
#3054 = EDGE_LOOP ( 'NONE', ( #5662, #1321, #3420, #2072, #3075, #3271, #5683, #623 ) ) ;
#3055 = EDGE_CURVE ( 'NONE', #2332, #2653, #2531, .T. ) ;
#3056 = CARTESIAN_POINT ( 'NONE',  ( -13.89651095285675275, 4.649387043283102372, -3.538782728001492295 ) ) ;
#3057 = EDGE_CURVE ( 'NONE', #2704, #2800, #5035, .T. ) ;
#3058 = CARTESIAN_POINT ( 'NONE',  ( -44.68328546888272257, 6.940225779269962203, 14.52052555676733014 ) ) ;
#3059 = DIRECTION ( 'NONE',  ( 0.000000000000000000, 1.000000000000000000, -0.000000000000000000 ) ) ;
#3060 = AXIS2_PLACEMENT_3D ( 'NONE', #2191, #265, #2158 ) ;
#3061 = TOROIDAL_SURFACE ( 'NONE', #3469, 24.00936052501757700, 0.2999999999999999889 ) ;
#3062 = DIRECTION ( 'NONE',  ( 0.000000000000000000, 0.7071067811865479058, 0.7071067811865472397 ) ) ;
#3063 = LINE ( 'NONE', #4983, #4651 ) ;
#3064 = CARTESIAN_POINT ( 'NONE',  ( -17.04722667315171591, 6.479753020989919676, 16.35515917021930576 ) ) ;
#3065 = PLANE ( 'NONE',  #93 ) ;
#3066 = CARTESIAN_POINT ( 'NONE',  ( 2.066268940001173782, 3.050157538424072445, 22.17906113031516213 ) ) ;
#3067 = ORIENTED_EDGE ( 'NONE', *, *, #2447, .F. ) ;
#3068 = ORIENTED_EDGE ( 'NONE', *, *, #354, .F. ) ;
#3069 = CARTESIAN_POINT ( 'NONE',  ( -21.35155541545199398, 7.889287654247232773, -24.07715766171970273 ) ) ;
#3070 = DIRECTION ( 'NONE',  ( -0.000000000000000000, 1.000000000000000000, -0.000000000000000000 ) ) ;
#3071 = CARTESIAN_POINT ( 'NONE',  ( 16.22946654642513309, 5.109645632706161678, -7.115392388285148861 ) ) ;
#3072 = CARTESIAN_POINT ( 'NONE',  ( 11.42250812657652226, 4.114954233987605292, -1.978482244567791426 ) ) ;
#3073 = CARTESIAN_POINT ( 'NONE',  ( -23.45207879911715310, 8.000000000000000000, 24.00936052501757700 ) ) ;
#3074 = CARTESIAN_POINT ( 'NONE',  ( 49.58138094612234426, 5.009390974379997807, -6.467370443389358847 ) ) ;
#3075 = ORIENTED_EDGE ( 'NONE', *, *, #457, .T. ) ;
#3076 = EDGE_LOOP ( 'NONE', ( #4155, #4659, #2034, #2027 ) ) ;
#3077 = LINE ( 'NONE', #2614, #3933 ) ;
#3078 = CARTESIAN_POINT ( 'NONE',  ( 0.000000000000000000, 4.450000000000000178, 21.59999999999999787 ) ) ;
#3079 = CARTESIAN_POINT ( 'NONE',  ( 11.37724389698395733, 4.398845855716136732, 26.42590409671762686 ) ) ;
#3080 = CARTESIAN_POINT ( 'NONE',  ( 9.715703365146408643, 3.857084475152058101, 26.67043102542732669 ) ) ;
#3081 = ORIENTED_EDGE ( 'NONE', *, *, #601, .T. ) ;
#3082 = EDGE_CURVE ( 'NONE', #3579, #3953, #741, .T. ) ;
#3083 = ORIENTED_EDGE ( 'NONE', *, *, #3101, .T. ) ;
#3084 = CARTESIAN_POINT ( 'NONE',  ( -38.55695607195518448, 8.000000000000000000, -19.48717526990507309 ) ) ;
#3085 = EDGE_CURVE ( 'NONE', #254, #12, #1113, .T. ) ;
#3086 = CARTESIAN_POINT ( 'NONE',  ( -5.155648720360334281, 2.533527832434990579, 26.36705566486998364 ) ) ;
#3087 = CARTESIAN_POINT ( 'NONE',  ( 17.45650387134286774, 6.421739130434783505, 24.80810656615383891 ) ) ;
#3088 = DIRECTION ( 'NONE',  ( 0.1880434555342669067, 0.000000000000000000, 0.9821607092684639939 ) ) ;
#3089 = DIRECTION ( 'NONE',  ( 0.000000000000000000, -0.9639903168510807197, 0.2659373403968556815 ) ) ;
#3090 = CYLINDRICAL_SURFACE ( 'NONE', #1645, 0.3000000000000016542 ) ;
#3091 = CARTESIAN_POINT ( 'NONE',  ( -16.67176343378096348, 4.570815522368445016, 2.679281873210338727 ) ) ;
#3092 = CARTESIAN_POINT ( 'NONE',  ( -50.69900969856377770, 4.513270825752608850, -1.202795045542650154 ) ) ;
#3093 = EDGE_LOOP ( 'NONE', ( #3488, #422, #4119, #2423 ) ) ;
#3094 = ORIENTED_EDGE ( 'NONE', *, *, #3372, .F. ) ;
#3095 = CARTESIAN_POINT ( 'NONE',  ( -17.45650387134286063, 6.580714909704747484, -25.06252099500076369 ) ) ;
#3096 = CARTESIAN_POINT ( 'NONE',  ( 24.53200000000000003, 0.000000000000000000, -19.88359213500125477 ) ) ;
#3097 = CARTESIAN_POINT ( 'NONE',  ( -20.96884542427677900, 6.289909593433352875, 12.04222806298644421 ) ) ;
#3098 = CARTESIAN_POINT ( 'NONE',  ( 18.45128954206050054, 6.677294550886505142, 14.77234327327087904 ) ) ;
#3099 = DIRECTION ( 'NONE',  ( -1.000000000000000000, 0.000000000000000000, 0.000000000000000000 ) ) ;
#3100 = CARTESIAN_POINT ( 'NONE',  ( 9.668495294603511425, 2.275007179981975547, 25.85001435996395713 ) ) ;
#3101 = EDGE_CURVE ( 'NONE', #1997, #4961, #4364, .T. ) ;
#3102 = ORIENTED_EDGE ( 'NONE', *, *, #2227, .T. ) ;
#3103 = EDGE_CURVE ( 'NONE', #2958, #85, #4865, .T. ) ;
#3104 = ORIENTED_EDGE ( 'NONE', *, *, #486, .T. ) ;
#3105 = DIRECTION ( 'NONE',  ( 0.000000000000000000, -1.000000000000000000, 0.000000000000000000 ) ) ;
#3106 = DIRECTION ( 'NONE',  ( -0.000000000000000000, 1.000000000000000000, -0.000000000000000000 ) ) ;
#3107 = CARTESIAN_POINT ( 'NONE',  ( 10.73831718418598236, 4.378976860347735922, 26.25156752845692765 ) ) ;
#3108 = DIRECTION ( 'NONE',  ( 0.000000000000000000, 0.000000000000000000, -1.000000000000000000 ) ) ;
#3109 = VERTEX_POINT ( 'NONE', #2104 ) ;
#3110 = AXIS2_PLACEMENT_3D ( 'NONE', #2217, #4134, #5557 ) ;
#3111 = CARTESIAN_POINT ( 'NONE',  ( -17.33414519934747133, 6.695652173913044791, -24.80810656615384246 ) ) ;
#3112 = CARTESIAN_POINT ( 'NONE',  ( 3.673940397442060854E-16, 2.449999999999999734, 17.00000000000000000 ) ) ;
#3113 = CARTESIAN_POINT ( 'NONE',  ( -4.000000000000000000, 2.000000000000000000, 21.24999999999999645 ) ) ;
#3114 = CARTESIAN_POINT ( 'NONE',  ( 38.55695607195518448, 7.700000000000000178, 19.48717526990507665 ) ) ;
#3115 = CIRCLE ( 'NONE', #2134, 24.26377495386450533 ) ;
#3116 = CARTESIAN_POINT ( 'NONE',  ( 24.53200000000000003, 4.450000000000000178, 0.000000000000000000 ) ) ;
#3117 = CARTESIAN_POINT ( 'NONE',  ( 2.749851707728965700, 3.089054294824854274, -18.43369105124895313 ) ) ;
#3118 = CARTESIAN_POINT ( 'NONE',  ( -13.28003048786789542, 4.635722377917685932, -3.419266672786021477 ) ) ;
#3119 = CIRCLE ( 'NONE', #1740, 1.350000000000000533 ) ;
#3120 = APPROVAL_DATE_TIME ( #6088, #4520 ) ;
#3121 = LINE ( 'NONE', #864, #2632 ) ;
#3122 = CARTESIAN_POINT ( 'NONE',  ( -6.299027575525265377, 3.465571411555158576, -26.56562060090569233 ) ) ;
#3123 = CARTESIAN_POINT ( 'NONE',  ( -50.49267344535020641, 4.606044402084706668, 3.005605987606080109 ) ) ;
#3124 = VERTEX_POINT ( 'NONE', #3990 ) ;
#3125 = CONICAL_SURFACE ( 'NONE', #2833, 27.30000000000000071, 1.107148717794091741 ) ;
#3126 =( BOUNDED_SURFACE ( )  B_SPLINE_SURFACE ( 3, 2, ( 
 ( #4947, #2069, #3079 ),
 ( #5865, #703, #4479 ),
 ( #1627, #3552, #5932 ),
 ( #3107, #757, #1692 ) ),
 .UNSPECIFIED., .F., .F., .T. ) 
 B_SPLINE_SURFACE_WITH_KNOTS ( ( 4, 4 ),
 ( 3, 3 ),
 ( 0.000000000000000000, 0.0005885349685734694077 ),
 ( 0.000000000000000000, 1.000000000000000000 ),
 .UNSPECIFIED. ) 
 GEOMETRIC_REPRESENTATION_ITEM ( )  RATIONAL_B_SPLINE_SURFACE ( (
 ( 1.000000000000000000, 0.8691529452217083840, 1.000000000000000000),
 ( 1.000000000000000000, 0.8574438339206923443, 1.000000000000000000),
 ( 1.000000000000000000, 0.8456924473307175782, 1.000000000000000000),
 ( 1.000000000000000000, 0.8339203616122481399, 1.000000000000000000) ) ) 
 REPRESENTATION_ITEM ( '' )  SURFACE ( )  );
#3127 = ORIENTED_EDGE ( 'NONE', *, *, #4393, .F. ) ;
#3128 = CARTESIAN_POINT ( 'NONE',  ( -19.29716976107002324, 7.451291161062302493, -24.34537443486200203 ) ) ;
#3129 = FACE_OUTER_BOUND ( 'NONE', #3429, .T. ) ;
#3130 = CARTESIAN_POINT ( 'NONE',  ( -13.85910157286873812, 4.055635452376928463, 3.641610472156015632 ) ) ;
#3131 = CARTESIAN_POINT ( 'NONE',  ( 10.31478712798764619, 2.848386174922775016, -26.99677234985013285 ) ) ;
#3132 = VECTOR ( 'NONE', #3533, 1000.000000000000000 ) ;
#3133 = CARTESIAN_POINT ( 'NONE',  ( 24.53200000000000003, 4.770281120538044206, -4.700000000000000178 ) ) ;
#3134 = CARTESIAN_POINT ( 'NONE',  ( 11.37724389698395733, 4.239870076446177194, 26.17148966787070208 ) ) ;
#3135 = ORIENTED_EDGE ( 'NONE', *, *, #650, .T. ) ;
#3136 = AXIS2_PLACEMENT_3D ( 'NONE', #968, #1429, #1998 ) ;
#3137 = ORIENTED_EDGE ( 'NONE', *, *, #6078, .T. ) ;
#3138 = DIRECTION ( 'NONE',  ( 0.000000000000000000, -1.000000000000000000, 0.000000000000000000 ) ) ;
#3139 = DIRECTION ( 'NONE',  ( -1.000000000000000000, -0.000000000000000000, 0.000000000000000000 ) ) ;
#3140 = CARTESIAN_POINT ( 'NONE',  ( 0.000000000000000000, 8.000000000000000000, 24.00936052501757700 ) ) ;
#3141 = CARTESIAN_POINT ( 'NONE',  ( 0.000000000000000000, 3.000000000000016431, -27.30000000000000071 ) ) ;
#3142 = VECTOR ( 'NONE', #5096, 1000.000000000000000 ) ;
#3143 = EDGE_LOOP ( 'NONE', ( #2178, #3008, #1817, #25, #5344, #4693, #4594, #3494 ) ) ;
#3144 = CIRCLE ( 'NONE', #377, 2.749999999999999112 ) ;
#3145 = FACE_OUTER_BOUND ( 'NONE', #4969, .T. ) ;
#3146 = CARTESIAN_POINT ( 'NONE',  ( 5.817072295949929004E-15, 2.431671842700017905, -26.16334368540003652 ) ) ;
#3147 = CARTESIAN_POINT ( 'NONE',  ( -3.431483267190134079, 0.2172128223143214298, 21.48624561034424474 ) ) ;
#3148 = CARTESIAN_POINT ( 'NONE',  ( 6.302290609549199729, 2.443490002417265217, 26.18698000483453825 ) ) ;
#3149 = CONICAL_SURFACE ( 'NONE', #5034, 4.699999999999999289, 0.7853981633974481680 ) ;
#3150 = CARTESIAN_POINT ( 'NONE',  ( 0.7244538117868554172, 3.004887025744935602, -15.57307151448816462 ) ) ;
#3151 = CARTESIAN_POINT ( 'NONE',  ( -10.29892779072302389, 4.266735681473469377, -4.888966574699384005 ) ) ;
#3152 = VECTOR ( 'NONE', #3742, 1000.000000000000000 ) ;
#3153 = DIRECTION ( 'NONE',  ( 0.000000000000000000, 0.000000000000000000, 1.000000000000000000 ) ) ;
#3154 = CARTESIAN_POINT ( 'NONE',  ( -24.53200000000000003, 3.000000000000016431, -27.30000000000000071 ) ) ;
#3155 = CARTESIAN_POINT ( 'NONE',  ( -11.42250812657661641, 4.114954233987629273, -1.978482244567781212 ) ) ;
#3156 = CARTESIAN_POINT ( 'NONE',  ( 24.53200000000000003, 81.49999999999998579, 0.000000000000000000 ) ) ;
#3157 = AXIS2_PLACEMENT_3D ( 'NONE', #4999, #1691, #5458 ) ;
#3158 = ORIENTED_EDGE ( 'NONE', *, *, #4109, .T. ) ;
#3159 = CARTESIAN_POINT ( 'NONE',  ( -48.24534057608290283, 5.672649839578022934, 9.797806739274131260 ) ) ;
#3160 = EDGE_CURVE ( 'NONE', #2194, #85, #374, .T. ) ;
#3161 = CARTESIAN_POINT ( 'NONE',  ( 0.4344894095414436053, 0.2342095109524660046, 21.54377451881806138 ) ) ;
#3162 = FACE_OUTER_BOUND ( 'NONE', #5675, .T. ) ;
#3163 = CARTESIAN_POINT ( 'NONE',  ( -17.33414519934746423, 6.695652173913040350, -24.80810656615383891 ) ) ;
#3164 = LOCAL_TIME ( 12, 22, 14.00000000000000000, #3183 ) ;
#3165 = EDGE_CURVE ( 'NONE', #1061, #2634, #2268, .T. ) ;
#3166 = CARTESIAN_POINT ( 'NONE',  ( -1.655457660895735428, 2.980985015182355813, 17.48583196250270788 ) ) ;
#3167 = DIRECTION ( 'NONE',  ( -0.000000000000000000, 1.000000000000000000, -0.000000000000000000 ) ) ;
#3168 = ORIENTED_EDGE ( 'NONE', *, *, #1539, .F. ) ;
#3169 = ORIENTED_EDGE ( 'NONE', *, *, #4526, .F. ) ;
#3170 = ORIENTED_EDGE ( 'NONE', *, *, #5015, .F. ) ;
#3171 = CARTESIAN_POINT ( 'NONE',  ( -4.078575790220678066, 2.626446581901012767, 26.55289316380200049 ) ) ;
#3172 = DIRECTION ( 'NONE',  ( 0.000000000000000000, 0.000000000000000000, 1.000000000000000000 ) ) ;
#3173 = CARTESIAN_POINT ( 'NONE',  ( 16.69555586714265161, 6.027166101304509915, 14.43368429212238269 ) ) ;
#3174 = CARTESIAN_POINT ( 'NONE',  ( -45.31264654742238207, 6.756505213679095512, -13.44302188951515298 ) ) ;
#3175 = EDGE_LOOP ( 'NONE', ( #4785, #3960, #630, #2612, #541 ) ) ;
#3176 = CARTESIAN_POINT ( 'NONE',  ( -38.55695607195518448, 8.000000000000000000, 19.48717526990507309 ) ) ;
#3177 = CARTESIAN_POINT ( 'NONE',  ( 1.352560860228142925, 2.999999999999995559, -26.02917960675004849 ) ) ;
#3178 = CARTESIAN_POINT ( 'NONE',  ( -50.83496218156098223, 4.425562655346073626, 2.445436867308830031 ) ) ;
#3179 = CARTESIAN_POINT ( 'NONE',  ( 50.89432957107288757, 4.398845855716138509, -1.831935292267161453 ) ) ;
#3180 = EDGE_CURVE ( 'NONE', #1493, #111, #2591, .T. ) ;
#3181 = DIRECTION ( 'NONE',  ( 0.000000000000000000, -1.000000000000000000, 0.000000000000000000 ) ) ;
#3182 = CARTESIAN_POINT ( 'NONE',  ( -11.36163279026214390, 4.459267307489117371, -3.493129632528917838 ) ) ;
#3183 = COORDINATED_UNIVERSAL_TIME_OFFSET ( 8, 0, .AHEAD. ) ;
#3184 = FACE_OUTER_BOUND ( 'NONE', #3393, .T. ) ;
#3185 = DIRECTION ( 'NONE',  ( 0.000000000000000000, 0.000000000000000000, 1.000000000000000000 ) ) ;
#3186 = DIRECTION ( 'NONE',  ( 1.000000000000000000, 0.000000000000000000, 0.000000000000000000 ) ) ;
#3187 = EDGE_CURVE ( 'NONE', #5713, #477, #1663, .T. ) ;
#3188 = ORIENTED_EDGE ( 'NONE', *, *, #3278, .F. ) ;
#3189 = DIRECTION ( 'NONE',  ( -0.8116490753512494161, 0.000000000000000000, 0.5841453402034992859 ) ) ;
#3190 = DIRECTION ( 'NONE',  ( 0.000000000000000000, 1.000000000000000000, -0.000000000000000000 ) ) ;
#3191 = CARTESIAN_POINT ( 'NONE',  ( 0.000000000000000000, 2.449999999999999734, 20.00000000000000000 ) ) ;
#3192 = CARTESIAN_POINT ( 'NONE',  ( -19.26628566603006831, 7.558751421067397835, -24.27956878429512955 ) ) ;
#3193 = CARTESIAN_POINT ( 'NONE',  ( 21.42762302179781386, 4.652717580325322899, 3.542130319067831934 ) ) ;
#3194 = CARTESIAN_POINT ( 'NONE',  ( 6.437428057975589368, 2.735321876238715255, 26.77064375247785932 ) ) ;
#3195 = VERTEX_POINT ( 'NONE', #3084 ) ;
#3196 = EDGE_CURVE ( 'NONE', #1644, #1502, #733, .T. ) ;
#3197 = ORIENTED_EDGE ( 'NONE', *, *, #1612, .T. ) ;
#3198 = ORIENTED_EDGE ( 'NONE', *, *, #404, .F. ) ;
#3199 = CARTESIAN_POINT ( 'NONE',  ( 19.79990631387986610, 5.976397009105692604, 10.90343095627108205 ) ) ;
#3200 = CARTESIAN_POINT ( 'NONE',  ( -10.73831718418596459, 4.378976860347738587, 26.25156752845692765 ) ) ;
#3201 = CARTESIAN_POINT ( 'NONE',  ( -4.316675040693208842, 0.1694061232082776924, 21.30247228451277408 ) ) ;
#3202 = CARTESIAN_POINT ( 'NONE',  ( -44.63274191430753035, 7.113677662846306760, -14.40527287363995157 ) ) ;
#3203 = EDGE_LOOP ( 'NONE', ( #4079, #2121, #3197, #3384 ) ) ;
#3204 = CARTESIAN_POINT ( 'NONE',  ( 4.797106135592130727, 2.732211870590399272, -26.69619801866196696 ) ) ;
#3205 = CARTESIAN_POINT ( 'NONE',  ( -28.53200000000000358, 0.000000000000000000, 5.500000000000000000 ) ) ;
#3206 = CARTESIAN_POINT ( 'NONE',  ( 0.000000000000000000, 8.000000000000000000, 24.17565324045341058 ) ) ;
#3207 = CARTESIAN_POINT ( 'NONE',  ( 50.90127389233626332, 4.500016104150406981, -0.6077033778045629608 ) ) ;
#3208 = CARTESIAN_POINT ( 'NONE',  ( 2.387883382335080462, 3.067018019443514376, -16.87422521317062163 ) ) ;
#3209 = FACE_OUTER_BOUND ( 'NONE', #1873, .T. ) ;
#3210 = APPROVAL_STATUS ( 'not_yet_approved' ) ;
#3211 = CARTESIAN_POINT ( 'NONE',  ( 2.234980408443919215E-15, 4.450000000000000178, -18.25000000000000000 ) ) ;
#3212 = CARTESIAN_POINT ( 'NONE',  ( 50.80675604738404161, 4.540288357828735855, 1.817218164938868563 ) ) ;
#3213 = CARTESIAN_POINT ( 'NONE',  ( -50.26065798395004691, 4.709664733727485064, 4.183039643857773271 ) ) ;
#3214 = EDGE_CURVE ( 'NONE', #5681, #5735, #2893, .T. ) ;
#3215 =( BOUNDED_SURFACE ( )  B_SPLINE_SURFACE ( 3, 2, ( 
 ( #120, #4886, #3892 ),
 ( #3921, #4284, #4315 ),
 ( #5806, #5276, #4859 ),
 ( #3463, #3826, #4383 ),
 ( #5341, #5246, #1107 ),
 ( #2991, #1533, #3862 ) ),
 .UNSPECIFIED., .F., .F., .T. ) 
 B_SPLINE_SURFACE_WITH_KNOTS ( ( 4, 2, 4 ),
 ( 3, 3 ),
 ( 2.721481175447315159, 2.931536914518554138, 3.141592653589793116 ),
 ( 0.000000000000000000, 1.000000000000000000 ),
 .UNSPECIFIED. ) 
 GEOMETRIC_REPRESENTATION_ITEM ( )  RATIONAL_B_SPLINE_SURFACE ( (
 ( 1.000000000000000000, 0.8613475861151886903, 1.000000000000000000),
 ( 1.000000000000000000, 0.8657407066265881967, 1.000000000000000000),
 ( 1.000000000000000000, 0.8690639681481913126, 1.000000000000000000),
 ( 1.000000000000000000, 0.8735038294421924032, 1.000000000000000000),
 ( 1.000000000000000000, 0.8746204484147990232, 1.000000000000000000),
 ( 1.000000000000000000, 0.8746197071393944089, 1.000000000000000000) ) ) 
 REPRESENTATION_ITEM ( '' )  SURFACE ( )  );
#3216 = VECTOR ( 'NONE', #344, 1000.000000000000000 ) ;
#3217 = ORIENTED_EDGE ( 'NONE', *, *, #325, .F. ) ;
#3218 = CARTESIAN_POINT ( 'NONE',  ( 2.712884994729823251, 2.832063062229401407, 16.39396455943250075 ) ) ;
#3219 = CARTESIAN_POINT ( 'NONE',  ( -4.645738189691561715, 2.707738032178167664, -26.67679212883995277 ) ) ;
#3220 = CARTESIAN_POINT ( 'NONE',  ( -19.11922688461288899, 7.412894548534771033, 15.42172328266838122 ) ) ;
#3221 = CARTESIAN_POINT ( 'NONE',  ( -11.11216608618739343, 4.477972697865230778, 26.20364833374185665 ) ) ;
#3222 = CARTESIAN_POINT ( 'NONE',  ( -42.84379120463240298, 7.612974048324017140, -16.35426319875917400 ) ) ;
#3223 = CARTESIAN_POINT ( 'NONE',  ( 6.468199745598536943, 3.371831738554347702, 26.96976033093467251 ) ) ;
#3224 = VERTEX_POINT ( 'NONE', #4637 ) ;
#3225 = ORIENTED_EDGE ( 'NONE', *, *, #5739, .T. ) ;
#3226 = ORIENTED_EDGE ( 'NONE', *, *, #996, .T. ) ;
#3227 = CARTESIAN_POINT ( 'NONE',  ( 18.83640025731741829, 6.636448418000566285, 14.11030540792317289 ) ) ;
#3228 = ADVANCED_FACE ( 'NONE', ( #2748 ), #1323, .F. ) ;
#3229 = AXIS2_PLACEMENT_3D ( 'NONE', #4906, #5362, #2094 ) ;
#3230 = CARTESIAN_POINT ( 'NONE',  ( 24.53200000000000003, 0.6334368540005016479, 22.56687370800099757 ) ) ;
#3231 = FACE_OUTER_BOUND ( 'NONE', #3897, .T. ) ;
#3232 = FACE_OUTER_BOUND ( 'NONE', #700, .T. ) ;
#3233 = AXIS2_PLACEMENT_3D ( 'NONE', #3985, #3138, #2585 ) ;
#3234 = ORIENTED_EDGE ( 'NONE', *, *, #3512, .F. ) ;
#3235 = DIRECTION ( 'NONE',  ( 0.000000000000000000, -1.000000000000000000, 0.000000000000000000 ) ) ;
#3236 = CARTESIAN_POINT ( 'NONE',  ( 4.078575790220684283, 2.626446581901010102, -26.55289316380202180 ) ) ;
#3237 = DIRECTION ( 'NONE',  ( 0.000000000000000000, 0.000000000000000000, 1.000000000000000000 ) ) ;
#3238 = CIRCLE ( 'NONE', #1362, 2.999999999999999112 ) ;
#3239 = EDGE_CURVE ( 'NONE', #3859, #3255, #3238, .T. ) ;
#3240 = CARTESIAN_POINT ( 'NONE',  ( 12.10979120740376125, 4.010792496913025751, -0.5932593302740237773 ) ) ;
#3241 = DIRECTION ( 'NONE',  ( 0.000000000000000000, 0.000000000000000000, -1.000000000000000000 ) ) ;
#3242 = EDGE_CURVE ( 'NONE', #2089, #4170, #367, .T. ) ;
#3243 = ADVANCED_FACE ( 'NONE', ( #6020, #5069 ), #5986, .T. ) ;
#3244 = VECTOR ( 'NONE', #5686, 1000.000000000000000 ) ;
#3245 = ADVANCED_FACE ( 'NONE', ( #1762 ), #3649, .T. ) ;
#3246 = DIRECTION ( 'NONE',  ( 0.000000000000000000, 0.000000000000000000, 1.000000000000000000 ) ) ;
#3247 = B_SPLINE_CURVE_WITH_KNOTS ( 'NONE', 3,
 ( #508, #4878, #4277, #3453 ),
 .UNSPECIFIED., .F., .F.,
 ( 4, 4 ),
 ( 0.004326788369983347593, 0.009423946742517503097 ),
 .UNSPECIFIED. ) ;
#3248 = CARTESIAN_POINT ( 'NONE',  ( -10.65654214690715840, 4.098470162448503373, -2.857808120662665541 ) ) ;
#3249 = APPLICATION_PROTOCOL_DEFINITION ( 'international standard', 'config_control_design', 1994, #2488 ) ;
#3250 = CARTESIAN_POINT ( 'NONE',  ( 1.354104062435894207, 2.935333979512499081, 25.89893463372109750 ) ) ;
#3251 = CARTESIAN_POINT ( 'NONE',  ( 24.53200000000000003, 0.5000000000000000000, 0.000000000000000000 ) ) ;
#3252 = CIRCLE ( 'NONE', #3050, 0.3000000000000001554 ) ;
#3253 = CARTESIAN_POINT ( 'NONE',  ( 6.241618199558036650, 3.457626150005029153, 27.10173309549293919 ) ) ;
#3254 = VECTOR ( 'NONE', #943, 1000.000000000000000 ) ;
#3255 = VERTEX_POINT ( 'NONE', #3112 ) ;
#3256 = DIRECTION ( 'NONE',  ( 0.5841453402035041709, 0.000000000000000000, 0.8116490753512457523 ) ) ;
#3257 = DIRECTION ( 'NONE',  ( -0.000000000000000000, -1.000000000000000000, -0.000000000000000000 ) ) ;
#3258 = FACE_OUTER_BOUND ( 'NONE', #3076, .T. ) ;
#3259 = CARTESIAN_POINT ( 'NONE',  ( 4.182110362163158790, 3.146350203121558664, -27.13334144816582949 ) ) ;
#3260 = CARTESIAN_POINT ( 'NONE',  ( 19.83223048559996826, 4.500026421512918873, 0.3141474063110848425 ) ) ;
#3261 = CIRCLE ( 'NONE', #3466, 39.99999999999999289 ) ;
#3263 = ORIENTED_EDGE ( 'NONE', *, *, #2205, .F. ) ;
#3262 =( BOUNDED_SURFACE ( )  B_SPLINE_SURFACE ( 3, 2, ( 
 ( #5307, #895, #2784 ),
 ( #5715, #1072, #613 ),
 ( #2961, #4539, #3582 ),
 ( #1660, #3049, #4014 ) ),
 .UNSPECIFIED., .F., .F., .T. ) 
 B_SPLINE_SURFACE_WITH_KNOTS ( ( 4, 4 ),
 ( 3, 3 ),
 ( 0.000000000000000000, 0.09543864527874212911 ),
 ( 0.000000000000000000, 1.000000000000000000 ),
 .UNSPECIFIED. ) 
 GEOMETRIC_REPRESENTATION_ITEM ( )  RATIONAL_B_SPLINE_SURFACE ( (
 ( 1.000000000000000000, 0.2297529205473625435, 1.000000000000000000),
 ( 1.000000000000000000, 0.2297498140913933340, 1.000000000000000000),
 ( 1.000000000000000000, 0.2312419495333769559, 1.000000000000000000),
 ( 1.000000000000000000, 0.2341401062325316473, 1.000000000000000000) ) ) 
 REPRESENTATION_ITEM ( '' )  SURFACE ( )  );
#3264 = ORIENTED_EDGE ( 'NONE', *, *, #11, .F. ) ;
#3265 = ORIENTED_EDGE ( 'NONE', *, *, #1711, .F. ) ;
#3266 = CARTESIAN_POINT ( 'NONE',  ( 16.26887770812866307, 6.199158666840974163, 15.97866559405314035 ) ) ;
#3267 = CIRCLE ( 'NONE', #4153, 15.09999999999999964 ) ;
#3268 = CARTESIAN_POINT ( 'NONE',  ( -10.81411707019198154, 4.088710814656074888, 26.25156752845692765 ) ) ;
#3269 = CARTESIAN_POINT ( 'NONE',  ( 16.12142630836631696, 5.945506904958971717, 15.21691925164763859 ) ) ;
#3270 = SPHERICAL_SURFACE ( 'NONE', #3951, 15.00000000000000000 ) ;
#3271 = ORIENTED_EDGE ( 'NONE', *, *, #4580, .T. ) ;
#3272 = FACE_OUTER_BOUND ( 'NONE', #2918, .T. ) ;
#3273 = CARTESIAN_POINT ( 'NONE',  ( 10.73831718418597880, 4.378976860347742139, -26.25156752845693120 ) ) ;
#3274 = CARTESIAN_POINT ( 'NONE',  ( 24.53200000000000003, -0.4999999999999995559, -2.099999999999999645 ) ) ;
#3275 = LINE ( 'NONE', #4763, #1772 ) ;
#3276 = ORIENTED_EDGE ( 'NONE', *, *, #5043, .T. ) ;
#3277 = EDGE_CURVE ( 'NONE', #6001, #3305, #1728, .T. ) ;
#3278 = EDGE_CURVE ( 'NONE', #2305, #6079, #138, .T. ) ;
#3279 = CYLINDRICAL_SURFACE ( 'NONE', #3447, 15.00000000000000000 ) ;
#3280 = DIRECTION ( 'NONE',  ( -0.000000000000000000, -1.000000000000000000, -0.000000000000000000 ) ) ;
#3281 = CARTESIAN_POINT ( 'NONE',  ( 11.42250812657658265, 4.114954233987632826, -1.978482244567828285 ) ) ;
#3282 = CARTESIAN_POINT ( 'NONE',  ( 4.049987642171980262, 3.193409495703218415, 26.41872908515466989 ) ) ;
#3283 = VERTEX_POINT ( 'NONE', #5005 ) ;
#3284 = DIRECTION ( 'NONE',  ( 0.000000000000000000, 0.000000000000000000, 1.000000000000000000 ) ) ;
#3285 = FACE_OUTER_BOUND ( 'NONE', #2920, .T. ) ;
#3286 = CARTESIAN_POINT ( 'NONE',  ( 13.70700975189190984, -3.362054919214838566, -3.674178693481407354 ) ) ;
#3287 = CARTESIAN_POINT ( 'NONE',  ( 4.265248945588250074, 2.957831737157826879, -3.351559460755071829 ) ) ;
#3288 = CARTESIAN_POINT ( 'NONE',  ( 14.60842651211455490, 5.583097933341440111, -14.86348365088080392 ) ) ;
#3289 = EDGE_LOOP ( 'NONE', ( #2156, #942, #1024, #5958 ) ) ;
#3290 = ORIENTED_EDGE ( 'NONE', *, *, #3619, .T. ) ;
#3291 = ORIENTED_EDGE ( 'NONE', *, *, #3239, .T. ) ;
#3292 = CARTESIAN_POINT ( 'NONE',  ( 19.66254655660120676, 6.216098249479347970, 11.79728990281813239 ) ) ;
#3293 = CARTESIAN_POINT ( 'NONE',  ( -16.57492439688557084, 6.042028102924071220, 14.74688808996628353 ) ) ;
#3294 = DIRECTION ( 'NONE',  ( -0.000000000000000000, 1.000000000000000000, -0.000000000000000000 ) ) ;
#3295 =( BOUNDED_SURFACE ( )  B_SPLINE_SURFACE ( 3, 2, ( 
 ( #4123, #1336, #6006 ),
 ( #1781, #2329, #5548 ),
 ( #3221, #380, #471 ),
 ( #5114, #5081, #6065 ) ),
 .UNSPECIFIED., .F., .F., .T. ) 
 B_SPLINE_SURFACE_WITH_KNOTS ( ( 4, 4 ),
 ( 3, 3 ),
 ( 2.168404344971008868E-19, 0.0005885349685727129599 ),
 ( 0.000000000000000000, 1.000000000000000000 ),
 .UNSPECIFIED. ) 
 GEOMETRIC_REPRESENTATION_ITEM ( )  RATIONAL_B_SPLINE_SURFACE ( (
 ( 1.000000000000000000, 0.8339203616122489171, 1.000000000000000000),
 ( 1.000000000000000000, 0.8456924473306928203, 1.000000000000000000),
 ( 1.000000000000000000, 0.8574438339206701398, 1.000000000000000000),
 ( 1.000000000000000000, 0.8691529452216587570, 1.000000000000000000) ) ) 
 REPRESENTATION_ITEM ( '' )  SURFACE ( )  );
#3296 = ADVANCED_FACE ( 'NONE', ( #5531 ), #762, .T. ) ;
#3297 = CARTESIAN_POINT ( 'NONE',  ( 11.37724389698395200, 4.398845855716135844, -26.42590409671763041 ) ) ;
#3298 = ORIENTED_EDGE ( 'NONE', *, *, #1162, .T. ) ;
#3299 = ADVANCED_FACE ( 'NONE', ( #4172 ), #827, .T. ) ;
#3300 = VERTEX_POINT ( 'NONE', #2196 ) ;
#3301 = CARTESIAN_POINT ( 'NONE',  ( -23.45207879911713889, -7.000000000000004441, -19.48717526990505888 ) ) ;
#3302 = CARTESIAN_POINT ( 'NONE',  ( 2.234980408443919215E-15, 4.450000000000000178, -18.25000000000000000 ) ) ;
#3303 = CARTESIAN_POINT ( 'NONE',  ( 10.83431289149425325, 4.122615243422424136, -2.750331008526810006 ) ) ;
#3304 = CARTESIAN_POINT ( 'NONE',  ( -13.94981619664316774, 4.659058445654459923, -3.654604726478684285 ) ) ;
#3305 = VERTEX_POINT ( 'NONE', #1262 ) ;
#3306 = DIRECTION ( 'NONE',  ( 1.000000000000000000, 0.000000000000000000, 0.000000000000000000 ) ) ;
#3307 = CARTESIAN_POINT ( 'NONE',  ( -48.06990666615727292, 5.654849367617735822, -9.676287011975231778 ) ) ;
#3308 = CARTESIAN_POINT ( 'NONE',  ( -24.53200000000000003, 3.603966959366334599, -25.15383195248298520 ) ) ;
#3309 = DIRECTION ( 'NONE',  ( 0.000000000000000000, 0.000000000000000000, 1.000000000000000000 ) ) ;
#3310 = ORIENTED_EDGE ( 'NONE', *, *, #3085, .T. ) ;
#3311 = DIRECTION ( 'NONE',  ( 0.000000000000000000, 0.000000000000000000, -1.000000000000000000 ) ) ;
#3312 = EDGE_CURVE ( 'NONE', #1974, #1928, #1796, .T. ) ;
#3313 = CARTESIAN_POINT ( 'NONE',  ( -19.18875481477010325, 6.536107601305102932, 13.34276924917374174 ) ) ;
#3314 = FACE_OUTER_BOUND ( 'NONE', #4041, .T. ) ;
#3315 = CARTESIAN_POINT ( 'NONE',  ( -2.711463192264735422, 2.999371629118610549, 18.40613175144224556 ) ) ;
#3316 = CARTESIAN_POINT ( 'NONE',  ( -17.33414519934746423, 6.695652173913040350, 24.80810656615383891 ) ) ;
#3317 = ORIENTED_EDGE ( 'NONE', *, *, #1348, .F. ) ;
#3318 = EDGE_CURVE ( 'NONE', #2800, #949, #5472, .T. ) ;
#3319 = AXIS2_PLACEMENT_3D ( 'NONE', #5143, #1368, #4243 ) ;
#3320 = EDGE_CURVE ( 'NONE', #167, #2006, #5423, .T. ) ;
#3321 = VERTEX_POINT ( 'NONE', #2436 ) ;
#3322 = DIRECTION ( 'NONE',  ( 0.000000000000000000, -1.000000000000000000, 0.000000000000000000 ) ) ;
#3323 = CARTESIAN_POINT ( 'NONE',  ( 26.61723449982649470, 4.717928062504745945, -4.223351288177664031 ) ) ;
#3324 = VECTOR ( 'NONE', #1970, 1000.000000000000000 ) ;
#3325 = DIRECTION ( 'NONE',  ( 0.000000000000000000, 0.000000000000000000, 1.000000000000000000 ) ) ;
#3326 = VERTEX_POINT ( 'NONE', #3332 ) ;
#3327 = AXIS2_PLACEMENT_3D ( 'NONE', #504, #2826, #2393 ) ;
#3328 = ORIENTED_EDGE ( 'NONE', *, *, #4281, .T. ) ;
#3329 = DIRECTION ( 'NONE',  ( 0.000000000000000000, 0.000000000000000000, -1.000000000000000000 ) ) ;
#3330 =( BOUNDED_SURFACE ( )  B_SPLINE_SURFACE ( 3, 2, ( 
 ( #2886, #4775, #72 ),
 ( #1993, #528, #961 ),
 ( #1021, #1958, #5732 ),
 ( #3410, #4744, #3810 ),
 ( #1489, #3382, #2856 ),
 ( #5264, #2915, #4334 ),
 ( #108, #2053, #2485 ),
 ( #4809, #5326, #4369 ),
 ( #5700, #561, #1553 ),
 ( #3876, #1058, #3315 ),
 ( #5291, #2946, #4845 ),
 ( #135, #2025, #3938 ),
 ( #1093, #43, #1926 ),
 ( #1455, #3908, #5791 ),
 ( #3446, #2976, #4873 ),
 ( #628, #2511, #4398 ),
 ( #165, #1424, #503 ),
 ( #2392, #5196, #4429 ) ),
 .UNSPECIFIED., .F., .F., .T. ) 
 B_SPLINE_SURFACE_WITH_KNOTS ( ( 4, 2, 2, 2, 2, 2, 2, 2, 4 ),
 ( 3, 3 ),
 ( 0.000000000000000000, 0.009652331873303682946, 0.01447849780995552442, 0.01689158077828144602, 0.01930466374660736589, 0.02895699561991104884, 0.03137007858823696871, 0.03378316155656289205, 0.03860932749321473179 ),
 ( 0.000000000000000000, 1.000000000000000000 ),
 .UNSPECIFIED. ) 
 GEOMETRIC_REPRESENTATION_ITEM ( )  RATIONAL_B_SPLINE_SURFACE ( (
 ( 1.000000000000000000, 0.9936803846721171674, 1.000000000000000000),
 ( 1.000000000000000000, 0.9931787620726895138, 1.000000000000000000),
 ( 1.000000000000000000, 0.9928003801582793164, 1.000000000000000000),
 ( 1.000000000000000000, 0.9924170670993619492, 1.000000000000000000),
 ( 1.000000000000000000, 0.9923200948933850185, 1.000000000000000000),
 ( 1.000000000000000000, 0.9922223384979843575, 1.000000000000000000),
 ( 1.000000000000000000, 0.9921976873709832390, 1.000000000000000000),
 ( 1.000000000000000000, 0.9921649638574028263, 1.000000000000000000),
 ( 1.000000000000000000, 0.9921568199665075083, 1.000000000000000000),
 ( 1.000000000000000000, 0.9921564311891949428, 1.000000000000000000),
 ( 1.000000000000000000, 0.9922841109446745023, 1.000000000000000000),
 ( 1.000000000000000000, 0.9926026510752280485, 1.000000000000000000),
 ( 1.000000000000000000, 0.9926743724426113635, 1.000000000000000000),
 ( 1.000000000000000000, 0.9928340858686076631, 1.000000000000000000),
 ( 1.000000000000000000, 0.9929220682572995615, 1.000000000000000000),
 ( 1.000000000000000000, 0.9932082996154377730, 1.000000000000000000),
 ( 1.000000000000000000, 0.9934294226321577215, 1.000000000000000000),
 ( 1.000000000000000000, 0.9936803846721170563, 1.000000000000000000) ) ) 
 REPRESENTATION_ITEM ( '' )  SURFACE ( )  );
#3331 = CARTESIAN_POINT ( 'NONE',  ( -30.03200000000000358, 0.000000000000000000, -4.000000000000000000 ) ) ;
#3332 = CARTESIAN_POINT ( 'NONE',  ( 16.49992192823320636, 5.470395395247527048, 11.94244139953828032 ) ) ;
#3333 = CARTESIAN_POINT ( 'NONE',  ( -24.53200000000000003, 0.5000000000000000000, 0.000000000000000000 ) ) ;
#3334 = AXIS2_PLACEMENT_3D ( 'NONE', #170, #604, #2515 ) ;
#3335 = ORIENTED_EDGE ( 'NONE', *, *, #4908, .T. ) ;
#3336 = AXIS2_PLACEMENT_3D ( 'NONE', #646, #272, #2620 ) ;
#3337 = CARTESIAN_POINT ( 'NONE',  ( -22.50059146349362393, 6.751313403242246380, -13.42903473929217029 ) ) ;
#3338 = CARTESIAN_POINT ( 'NONE',  ( 46.30023427232153921, 6.333175845706694673, -12.78339461611050254 ) ) ;
#3339 = DIRECTION ( 'NONE',  ( 0.000000000000000000, 0.000000000000000000, 1.000000000000000000 ) ) ;
#3340 = CARTESIAN_POINT ( 'NONE',  ( -10.73831718418596459, 4.378976860347738587, 26.25156752845692765 ) ) ;
#3341 = CARTESIAN_POINT ( 'NONE',  ( 48.32048202136601844, 5.517111615891877818, -9.870247833777812119 ) ) ;
#3342 = EDGE_LOOP ( 'NONE', ( #1777, #117, #1889, #2287 ) ) ;
#3343 = CARTESIAN_POINT ( 'NONE',  ( 24.53200000000000003, 0.6334368540005015369, -22.56687370800099757 ) ) ;
#3344 = AXIS2_PLACEMENT_3D ( 'NONE', #4639, #6051, #5007 ) ;
#3345 = CARTESIAN_POINT ( 'NONE',  ( -28.92812508006121774, 4.865100584947833262, 5.459918243502035473 ) ) ;
#3346 = DIRECTION ( 'NONE',  ( 0.000000000000000000, -0.000000000000000000, -1.000000000000000000 ) ) ;
#3347 = CARTESIAN_POINT ( 'NONE',  ( -6.840650653408033577, 3.274647643582566214, -3.243965988406174006 ) ) ;
#3348 = DIRECTION ( 'NONE',  ( 0.000000000000000000, 0.000000000000000000, -1.000000000000000000 ) ) ;
#3349 = ORIENTED_EDGE ( 'NONE', *, *, #2323, .F. ) ;
#3350 = TOROIDAL_SURFACE ( 'NONE', #6018, 6.500000000000000000, 1.000000000000000000 ) ;
#3351 = EDGE_CURVE ( 'NONE', #2021, #1568, #5212, .T. ) ;
#3352 = VERTEX_POINT ( 'NONE', #1010 ) ;
#3353 = DIRECTION ( 'NONE',  ( 1.000000000000000000, -0.000000000000000000, 0.000000000000000000 ) ) ;
#3354 = EDGE_CURVE ( 'NONE', #3360, #1908, #4728, .T. ) ;
#3355 = CARTESIAN_POINT ( 'NONE',  ( 28.75650917232820092, 4.551948859345849918, -2.082598522209280212 ) ) ;
#3356 = CARTESIAN_POINT ( 'NONE',  ( 24.53200000000000003, 0.5000000000000000000, -7.900000000000000355 ) ) ;
#3357 = AXIS2_PLACEMENT_3D ( 'NONE', #5123, #3676, #6105 ) ;
#3358 = DIRECTION ( 'NONE',  ( -0.000000000000000000, -1.000000000000000000, 0.000000000000000000 ) ) ;
#3359 = LINE ( 'NONE', #1003, #5526 ) ;
#3360 = VERTEX_POINT ( 'NONE', #29 ) ;
#3361 = AXIS2_PLACEMENT_3D ( 'NONE', #1561, #3540, #5856 ) ;
#3362 = EDGE_LOOP ( 'NONE', ( #4240, #2396, #3812, #2066 ) ) ;
#3363 = CARTESIAN_POINT ( 'NONE',  ( 20.96884542984263078, 6.289909594938561277, 12.04222806845751492 ) ) ;
#3364 = DIRECTION ( 'NONE',  ( 8.659560562354930393E-17, 0.7071067811865479058, -0.7071067811865472397 ) ) ;
#3365 = FACE_BOUND ( 'NONE', #1824, .T. ) ;
#3366 = CARTESIAN_POINT ( 'NONE',  ( 11.93825890920876809, 4.571684354597276290, -4.278676644763764081 ) ) ;
#3367 = CARTESIAN_POINT ( 'NONE',  ( -15.89981215290000094, 6.086221019769064711, 17.10248773028760638 ) ) ;
#3368 = AXIS2_PLACEMENT_3D ( 'NONE', #5378, #280, #3089 ) ;
#3369 = ORIENTED_EDGE ( 'NONE', *, *, #4601, .F. ) ;
#3370 =( BOUNDED_CURVE ( )  B_SPLINE_CURVE ( 3, ( #4887, #5000, #5807, #2159 ),
 .UNSPECIFIED., .F., .F. ) 
 B_SPLINE_CURVE_WITH_KNOTS ( ( 4, 4 ),
 ( 5.863073829037108275, 6.283185307179586232 ),
 .UNSPECIFIED. ) 
 CURVE ( )  GEOMETRIC_REPRESENTATION_ITEM ( )  RATIONAL_B_SPLINE_CURVE ( ( 1.000000000000000000, 0.9853461958957675515, 0.9853461958957675515, 1.000000000000000000 ) ) 
 REPRESENTATION_ITEM ( '' )  );
#3371 = CARTESIAN_POINT ( 'NONE',  ( -15.13223762968658548, 4.884810358182042123, -5.626568559288084082 ) ) ;
#3372 = EDGE_CURVE ( 'NONE', #1574, #1644, #5718, .T. ) ;
#3373 = CARTESIAN_POINT ( 'NONE',  ( 50.51263298405057611, 4.569801553474841960, -4.250977190031621333 ) ) ;
#3374 = CARTESIAN_POINT ( 'NONE',  ( 50.20025648872827873, 4.815577237515165976, 5.085691928232377812 ) ) ;
#3375 = CARTESIAN_POINT ( 'NONE',  ( 4.223085579499175068, 2.646240556212196449, 26.59248111242374080 ) ) ;
#3376 = CARTESIAN_POINT ( 'NONE',  ( 11.52354176142493536, 4.528010632253749890, -4.500266650865293094 ) ) ;
#3377 = EDGE_CURVE ( 'NONE', #2860, #4499, #3144, .T. ) ;
#3378 = EDGE_LOOP ( 'NONE', ( #5109, #3814, #3104, #4698, #2213, #4001, #20 ) ) ;
#3379 = DIRECTION ( 'NONE',  ( -0.000000000000000000, 1.000000000000000000, -0.000000000000000000 ) ) ;
#3380 = CARTESIAN_POINT ( 'NONE',  ( 16.12010680340098290, 4.510391012751252759, 1.472762148201221866 ) ) ;
#3381 = DIRECTION ( 'NONE',  ( 0.000000000000000000, 0.000000000000000000, -1.000000000000000000 ) ) ;
#3382 = CARTESIAN_POINT ( 'NONE',  ( 5.421221360336605066, 3.325390981453775208, 17.27691541912525253 ) ) ;
#3383 = DIRECTION ( 'NONE',  ( 1.715865049960513289E-15, 0.000000000000000000, 1.000000000000000000 ) ) ;
#3384 = ORIENTED_EDGE ( 'NONE', *, *, #5092, .F. ) ;
#3385 = EDGE_CURVE ( 'NONE', #4424, #3871, #1392, .T. ) ;
#3386 = EDGE_LOOP ( 'NONE', ( #5330, #5093, #3580, #2424, #5447 ) ) ;
#3387 = DIRECTION ( 'NONE',  ( -0.000000000000000000, -1.000000000000000000, -0.000000000000000000 ) ) ;
#3388 = DIRECTION ( 'NONE',  ( 0.000000000000000000, 0.000000000000000000, -1.000000000000000000 ) ) ;
#3389 = CARTESIAN_POINT ( 'NONE',  ( -13.36239391171812763, 5.098460099196132411, 25.81318790541527619 ) ) ;
#3390 = CARTESIAN_POINT ( 'NONE',  ( -24.53200000000000003, 0.000000000000000000, 0.000000000000000000 ) ) ;
#3391 = DIRECTION ( 'NONE',  ( 0.000000000000000000, 0.000000000000000000, 1.000000000000000000 ) ) ;
#3392 = ORIENTED_EDGE ( 'NONE', *, *, #439, .T. ) ;
#3393 = EDGE_LOOP ( 'NONE', ( #964, #2277, #4572, #1399 ) ) ;
#3394 = CARTESIAN_POINT ( 'NONE',  ( -4.000000000000000000, 2.000000000000000000, 22.00000000000000000 ) ) ;
#3395 = FACE_OUTER_BOUND ( 'NONE', #51, .T. ) ;
#3396 = CARTESIAN_POINT ( 'NONE',  ( 2.571758289908945844E-15, 2.999999999999998668, -21.00000000000000000 ) ) ;
#3397 = CARTESIAN_POINT ( 'NONE',  ( -7.983139577583770574, 2.343472466728225623, 25.98694493345645284 ) ) ;
#3398 = CARTESIAN_POINT ( 'NONE',  ( -24.53200000000000003, 8.000000000000000000, 24.00936052501757700 ) ) ;
#3399 = VERTEX_POINT ( 'NONE', #3274 ) ;
#3400 = CARTESIAN_POINT ( 'NONE',  ( -20.15573975854773181, 7.956076134704709091, -16.67476135311341423 ) ) ;
#3401 = CARTESIAN_POINT ( 'NONE',  ( 10.19795791041534905, 4.004316704202506294, -2.990805478917435423 ) ) ;
#3402 = CARTESIAN_POINT ( 'NONE',  ( 49.77447284133640437, 5.006736255909848943, 6.531712011836436460 ) ) ;
#3403 = CARTESIAN_POINT ( 'NONE',  ( -6.824038976385013555, 3.546836867953014227, -27.02618982385681790 ) ) ;
#3404 = CARTESIAN_POINT ( 'NONE',  ( 45.31434999659284557, 6.755881541966624049, -13.44134166832092347 ) ) ;
#3405 = ORIENTED_EDGE ( 'NONE', *, *, #3196, .F. ) ;
#3406 = CARTESIAN_POINT ( 'NONE',  ( 3.683555228244380864, 3.143955460589807682, 18.34830535309818700 ) ) ;
#3407 = CARTESIAN_POINT ( 'NONE',  ( -49.74800602836705110, 5.018077493414515367, 6.522108194757953115 ) ) ;
#3408 = DIRECTION ( 'NONE',  ( 0.000000000000000000, 0.000000000000000000, -1.000000000000000000 ) ) ;
#3409 = CARTESIAN_POINT ( 'NONE',  ( -17.22775798252495605, 6.427254755190172197, 15.09171257731570392 ) ) ;
#3410 = CARTESIAN_POINT ( 'NONE',  ( 6.740635763875374664, 3.271784932030441517, 16.24508866797608420 ) ) ;
#3411 = CARTESIAN_POINT ( 'NONE',  ( 13.95616222865829670, 5.351546035282963132, -13.67622496053563452 ) ) ;
#3412 = VERTEX_POINT ( 'NONE', #92 ) ;
#3413 = ORIENTED_EDGE ( 'NONE', *, *, #4973, .T. ) ;
#3414 = CARTESIAN_POINT ( 'NONE',  ( -24.53200000000000003, -5.000000000000000000, 0.000000000000000000 ) ) ;
#3415 = CARTESIAN_POINT ( 'NONE',  ( -38.70557107504664884, 7.858975779269959716, -19.69367050583469947 ) ) ;
#3416 = DIRECTION ( 'NONE',  ( 0.000000000000000000, 0.000000000000000000, -1.000000000000000000 ) ) ;
#3417 = CARTESIAN_POINT ( 'NONE',  ( -24.53200000000000003, 0.000000000000000000, 7.900000000000000355 ) ) ;
#3418 = FACE_OUTER_BOUND ( 'NONE', #3932, .T. ) ;
#3419 = CIRCLE ( 'NONE', #1041, 15.00000000000000000 ) ;
#3420 = ORIENTED_EDGE ( 'NONE', *, *, #5949, .T. ) ;
#3421 = ADVANCED_FACE ( 'NONE', ( #1439 ), #4598, .T. ) ;
#3422 = ORIENTED_EDGE ( 'NONE', *, *, #3165, .F. ) ;
#3423 = CARTESIAN_POINT ( 'NONE',  ( 18.39630743689886927, 7.000531048282018887, 24.80019075656690219 ) ) ;
#3424 = AXIS2_PLACEMENT_3D ( 'NONE', #2338, #3294, #5709 ) ;
#3425 = CARTESIAN_POINT ( 'NONE',  ( -17.33414519934746423, 6.695652173913040350, -27.30000000000000071 ) ) ;
#3426 = CARTESIAN_POINT ( 'NONE',  ( 8.531965301887831643, 2.315937440329422170, -25.93187488065884594 ) ) ;
#3427 = CARTESIAN_POINT ( 'NONE',  ( -50.25663727884664667, 4.711403042526350227, -4.168494048405031904 ) ) ;
#3428 = AXIS2_PLACEMENT_3D ( 'NONE', #4358, #126, #5006 ) ;
#3429 = EDGE_LOOP ( 'NONE', ( #5583, #1163, #3068, #5067, #4660 ) ) ;
#3430 = EDGE_CURVE ( 'NONE', #2882, #6001, #773, .T. ) ;
#3431 = CARTESIAN_POINT ( 'NONE',  ( 24.53200000000000003, 4.450000000000000178, -4.699999999999999289 ) ) ;
#3432 = VECTOR ( 'NONE', #2119, 1000.000000000000000 ) ;
#3433 = ADVANCED_FACE ( 'NONE', ( #4037 ), #2735, .T. ) ;
#3434 = FACE_OUTER_BOUND ( 'NONE', #5454, .T. ) ;
#3435 = CARTESIAN_POINT ( 'NONE',  ( 50.11302511842465179, 4.775198438659891131, 4.751475789719074250 ) ) ;
#3436 = EDGE_CURVE ( 'NONE', #5227, #3672, #2456, .T. ) ;
#3437 = CARTESIAN_POINT ( 'NONE',  ( -8.534072004882268914, 3.850198886519163199, -26.47840302216014408 ) ) ;
#3438 = CARTESIAN_POINT ( 'NONE',  ( 47.62283795414232657, 5.935694533791674665, -10.79966913771788306 ) ) ;
#3439 = EDGE_CURVE ( 'NONE', #3506, #3793, #1170, .T. ) ;
#3440 = ORIENTED_EDGE ( 'NONE', *, *, #4533, .F. ) ;
#3441 = CIRCLE ( 'NONE', #368, 8.000000000000001776 ) ;
#3442 = CARTESIAN_POINT ( 'NONE',  ( -13.36046340326235971, 5.097927772575115313, -25.81352288800250605 ) ) ;
#3443 = CARTESIAN_POINT ( 'NONE',  ( -49.94430885161406763, 4.930484616240903506, 5.954495273676315925 ) ) ;
#3444 = CARTESIAN_POINT ( 'NONE',  ( 50.69906115286528347, 4.513247678304705524, -1.202268634497988486 ) ) ;
#3445 = CARTESIAN_POINT ( 'NONE',  ( -18.06716576064377122, 6.097466786336376288, 11.34229408372642567 ) ) ;
#3446 = CARTESIAN_POINT ( 'NONE',  ( -11.28043606020131939, 4.284416774552020968, 15.89216356017440113 ) ) ;
#3447 = AXIS2_PLACEMENT_3D ( 'NONE', #4830, #5664, #5751 ) ;
#3448 = CARTESIAN_POINT ( 'NONE',  ( 2.988262980036881622, 3.105184511201795505, 19.62158795068567585 ) ) ;
#3449 = ORIENTED_EDGE ( 'NONE', *, *, #457, .F. ) ;
#3450 = CIRCLE ( 'NONE', #2164, 4.250000000000008882 ) ;
#3451 = ORIENTED_EDGE ( 'NONE', *, *, #4927, .F. ) ;
#3452 = CARTESIAN_POINT ( 'NONE',  ( -17.45650387134285708, 6.580714909704739490, -25.06252099500077080 ) ) ;
#3453 = CARTESIAN_POINT ( 'NONE',  ( 23.45207879911716375, 7.062499999999999112, 14.26739617975193042 ) ) ;
#3454 = CARTESIAN_POINT ( 'NONE',  ( 14.56201063990704192, 5.565840957875940020, -14.78087627383003166 ) ) ;
#3455 = EDGE_CURVE ( 'NONE', #3710, #5948, #2594, .T. ) ;
#3456 = CARTESIAN_POINT ( 'NONE',  ( -5.276080710612112590, 2.764440397385866444, -26.82888079476346022 ) ) ;
#3457 = CARTESIAN_POINT ( 'NONE',  ( 3.683324959306790713, 0.1694061232082775537, 21.30247228451277408 ) ) ;
#3458 = AXIS2_PLACEMENT_3D ( 'NONE', #4225, #1971, #3737 ) ;
#3459 = EDGE_LOOP ( 'NONE', ( #2684, #3764, #4740, #879 ) ) ;
#3460 = ORIENTED_EDGE ( 'NONE', *, *, #2074, .T. ) ;
#3461 = CARTESIAN_POINT ( 'NONE',  ( 18.29312772600243520, 7.124035674524254347, 24.54577652016011413 ) ) ;
#3462 = CONICAL_SURFACE ( 'NONE', #4444, 24.17565324045341058, 0.5585053606381804592 ) ;
#3463 = CARTESIAN_POINT ( 'NONE',  ( -21.35155541545326230, 7.889287654247501891, 24.07715766172060867 ) ) ;
#3464 = CARTESIAN_POINT ( 'NONE',  ( 10.73831718418598236, 4.378976860347740363, 26.25156752845692765 ) ) ;
#3465 = B_SPLINE_CURVE_WITH_KNOTS ( 'NONE', 3,
 ( #5743, #3820, #1907, #2400 ),
 .UNSPECIFIED., .F., .F.,
 ( 4, 4 ),
 ( 0.005157366895498826168, 0.008005203397313066793 ),
 .UNSPECIFIED. ) ;
#3466 = AXIS2_PLACEMENT_3D ( 'NONE', #2030, #569, #113 ) ;
#3467 = EDGE_LOOP ( 'NONE', ( #385, #4523, #2346, #1218 ) ) ;
#3468 = LINE ( 'NONE', #2042, #84 ) ;
#3469 = AXIS2_PLACEMENT_3D ( 'NONE', #2570, #224, #4487 ) ;
#3470 = CARTESIAN_POINT ( 'NONE',  ( 24.53200000000000003, -0.4999999999999995559, 0.000000000000000000 ) ) ;
#3471 = LINE ( 'NONE', #710, #1572 ) ;
#3472 = CARTESIAN_POINT ( 'NONE',  ( -24.53200000000000003, 0.000000000000000000, 7.500000000000000000 ) ) ;
#3473 = VERTEX_POINT ( 'NONE', #2637 ) ;
#3474 = ADVANCED_FACE ( 'NONE', ( #2609 ), #3530, .T. ) ;
#3475 = CARTESIAN_POINT ( 'NONE',  ( -1.966708046251154141, 3.045399544124620661, 22.26935680841788567 ) ) ;
#3476 = CARTESIAN_POINT ( 'NONE',  ( 8.043796478869484901, 3.394117475527850480, -26.79908188682651726 ) ) ;
#3477 = CARTESIAN_POINT ( 'NONE',  ( -17.75675683789903658, 6.442144859501835796, 14.04023880331059715 ) ) ;
#3478 = DIRECTION ( 'NONE',  ( 0.000000000000000000, 1.000000000000000000, -0.000000000000000000 ) ) ;
#3479 = CARTESIAN_POINT ( 'NONE',  ( 0.000000000000000000, 0.000000000000000000, 0.000000000000000000 ) ) ;
#3480 = VERTEX_POINT ( 'NONE', #839 ) ;
#3481 = ORIENTED_EDGE ( 'NONE', *, *, #3738, .F. ) ;
#3482 = DIRECTION ( 'NONE',  ( 0.000000000000000000, 0.000000000000000000, 1.000000000000000000 ) ) ;
#3483 = CARTESIAN_POINT ( 'NONE',  ( 4.308195781516895195, 3.209957181066018350, -5.321844208052683989 ) ) ;
#3484 = CARTESIAN_POINT ( 'NONE',  ( -42.65273862696256657, 7.748974577515221007, 16.11681328717678241 ) ) ;
#3485 = CARTESIAN_POINT ( 'NONE',  ( 50.26065798395002560, 4.709664733727503716, -4.183039643857887846 ) ) ;
#3486 = B_SPLINE_CURVE_WITH_KNOTS ( 'NONE', 3,
 ( #685, #5942, #5440, #5873, #2624, #3528, #5849, #2569, #2538, #3475, #1608, #4426, #4459, #3994, #2973, #2597, #4870, #5350, #4515, #4486, #4955, #711, #279, #5820, #1639, #246 ),
 .UNSPECIFIED., .F., .F.,
 ( 4, 2, 2, 2, 2, 2, 2, 2, 2, 2, 2, 2, 4 ),
 ( 0.008866536117010105980, 0.009266409743863116694, 0.009666283370716127407, 0.01046603062442215230, 0.01086590425127516475, 0.01126577787812817720, 0.01206552513183419342, 0.01286527238554020791, 0.01326514601239321342, 0.01366501963924621546, 0.01446476689295221087, 0.01486464051980521291, 0.01526451414665821495 ),
 .UNSPECIFIED. ) ;
#3487 = ORIENTED_EDGE ( 'NONE', *, *, #2845, .F. ) ;
#3488 = ORIENTED_EDGE ( 'NONE', *, *, #3740, .T. ) ;
#3489 = CARTESIAN_POINT ( 'NONE',  ( 21.36351267017281685, 7.890277833544518060, 24.24421525949735567 ) ) ;
#3490 = DIRECTION ( 'NONE',  ( 0.000000000000000000, 0.000000000000000000, -1.000000000000000000 ) ) ;
#3491 = CARTESIAN_POINT ( 'NONE',  ( 0.000000000000000000, 8.000000000000000000, 0.000000000000000000 ) ) ;
#3492 = CARTESIAN_POINT ( 'NONE',  ( -47.61347698743005452, 5.936961852100061776, -10.77269993004095205 ) ) ;
#3493 = EDGE_CURVE ( 'NONE', #5119, #375, #3450, .T. ) ;
#3494 = ORIENTED_EDGE ( 'NONE', *, *, #788, .T. ) ;
#3495 = CARTESIAN_POINT ( 'NONE',  ( -11.86283262827206464, 4.649184830526063017, -3.536023399486389440 ) ) ;
#3496 = CARTESIAN_POINT ( 'NONE',  ( 2.522382559199782381, 3.074917958534892914, 18.37593527685477923 ) ) ;
#3497 = CARTESIAN_POINT ( 'NONE',  ( -23.45207879911382065, 7.062499999998909317, 14.26739617974898877 ) ) ;
#3498 = CARTESIAN_POINT ( 'NONE',  ( -6.299034145807447693, 3.465572433147138476, -26.56562045435497765 ) ) ;
#3499 = CARTESIAN_POINT ( 'NONE',  ( 24.53200000000000003, -0.5000000000000000000, -4.500000000000001776 ) ) ;
#3500 = CARTESIAN_POINT ( 'NONE',  ( 1.352061784370115483, 2.999999999999996447, -26.02917960673115871 ) ) ;
#3501 = CARTESIAN_POINT ( 'NONE',  ( -16.12145010636789166, 5.945505756383372642, 15.21686609939903612 ) ) ;
#3502 = FACE_OUTER_BOUND ( 'NONE', #5657, .T. ) ;
#3503 = CARTESIAN_POINT ( 'NONE',  ( -50.72737686291985426, 4.499984212515657944, -0.6000593180779235647 ) ) ;
#3504 = VERTEX_POINT ( 'NONE', #4185 ) ;
#3505 = EDGE_CURVE ( 'NONE', #4170, #5215, #5668, .T. ) ;
#3506 = VERTEX_POINT ( 'NONE', #16 ) ;
#3507 = CARTESIAN_POINT ( 'NONE',  ( -19.38026794182962220, 7.321241117109398289, -24.59978886370795337 ) ) ;
#3508 = CARTESIAN_POINT ( 'NONE',  ( 0.000000000000000000, 2.262326172866459650, -25.82465234573292179 ) ) ;
#3509 = CARTESIAN_POINT ( 'NONE',  ( 24.53200000000000003, -0.5000000000000000000, 4.500000000000001776 ) ) ;
#3510 = PLANE ( 'NONE',  #3229 ) ;
#3511 = CARTESIAN_POINT ( 'NONE',  ( 0.000000000000000000, 0.000000000000000000, 20.00000000000000000 ) ) ;
#3512 = EDGE_CURVE ( 'NONE', #2006, #4731, #4843, .T. ) ;
#3513 = ORIENTED_EDGE ( 'NONE', *, *, #1629, .F. ) ;
#3514 = EDGE_CURVE ( 'NONE', #949, #1966, #812, .T. ) ;
#3515 = VERTEX_POINT ( 'NONE', #2700 ) ;
#3516 = DIRECTION ( 'NONE',  ( 0.000000000000000000, 1.000000000000000000, -0.000000000000000000 ) ) ;
#3517 = CARTESIAN_POINT ( 'NONE',  ( 50.64052720365300786, 4.539580463301078339, 1.801119478994312573 ) ) ;
#3518 = CARTESIAN_POINT ( 'NONE',  ( -6.865563259593006507, 3.554379439246562633, 26.55274636011898082 ) ) ;
#3519 = VECTOR ( 'NONE', #3677, 1000.000000000000000 ) ;
#3520 = CARTESIAN_POINT ( 'NONE',  ( -13.70700975189191162, 4.615423434942686143, -3.074312784341516114 ) ) ;
#3521 = ORIENTED_EDGE ( 'NONE', *, *, #1111, .F. ) ;
#3522 = AXIS2_PLACEMENT_3D ( 'NONE', #5678, #2460, #971 ) ;
#3523 = CARTESIAN_POINT ( 'NONE',  ( -13.67485837389100034, 4.609652659477498915, -2.996580446346114091 ) ) ;
#3524 = CARTESIAN_POINT ( 'NONE',  ( 0.2523779428326451968, 2.875499914012062508, 17.00000000000002132 ) ) ;
#3525 = CARTESIAN_POINT ( 'NONE',  ( 10.73831718418597880, 4.378976860347743028, -26.25156752845692409 ) ) ;
#3526 = AXIS2_PLACEMENT_3D ( 'NONE', #2435, #1438, #91 ) ;
#3527 = AXIS2_PLACEMENT_3D ( 'NONE', #3390, #4200, #2750 ) ;
#3528 = CARTESIAN_POINT ( 'NONE',  ( -1.051585805064586099, 3.012233151354800853, 22.82228564080702427 ) ) ;
#3529 = CARTESIAN_POINT ( 'NONE',  ( 0.000000000000000000, 7.700000000000000178, 24.00936052501757700 ) ) ;
#3530 =( BOUNDED_SURFACE ( )  B_SPLINE_SURFACE ( 3, 2, ( 
 ( #5777, #5483, #1716 ),
 ( #5309, #3131, #1535 ),
 ( #3042, #2673, #4561 ),
 ( #3426, #1074, #2579 ),
 ( #3668, #1899, #1307 ),
 ( #3785, #2797, #5054 ),
 ( #1813, #1840, #3725 ),
 ( #2824, #5170, #3259 ) ),
 .UNSPECIFIED., .F., .F., .T. ) 
 B_SPLINE_SURFACE_WITH_KNOTS ( ( 4, 2, 2, 4 ),
 ( 3, 3 ),
 ( 0.004529535057498070873, 0.006267083354437359352, 0.008004631651376648699, 0.01147972824525522739 ),
 ( 0.000000000000000000, 0.9155901931318284337 ),
 .UNSPECIFIED. ) 
 GEOMETRIC_REPRESENTATION_ITEM ( )  RATIONAL_B_SPLINE_SURFACE ( (
 ( 1.000000000000000000, 0.7004068992201039068, 0.9494228084482645436),
 ( 1.000000000000000000, 0.7370406468301134995, 0.9556073035695011875),
 ( 1.000000000000000000, 0.7684276331964979834, 0.9609060424842219561),
 ( 1.000000000000000000, 0.8236885367051104412, 0.9702351668692672515),
 ( 1.000000000000000000, 0.8475833878227552187, 0.9742690864052354627),
 ( 1.000000000000000000, 0.9104818428577733380, 0.9848875792888600600),
 ( 1.000000000000000000, 0.9407179681089188339, 0.9899920302746421097),
 ( 1.000000000000000000, 0.9620582722688685307, 0.9935946921799407860) ) ) 
 REPRESENTATION_ITEM ( '' )  SURFACE ( )  );
#3531 = CARTESIAN_POINT ( 'NONE',  ( -16.79194462183606262, 5.881822658620023958, 13.53469077516520080 ) ) ;
#3532 = DIRECTION ( 'NONE',  ( 0.000000000000000000, 0.000000000000000000, 1.000000000000000000 ) ) ;
#3533 = DIRECTION ( 'NONE',  ( -1.000000000000000000, -0.000000000000000000, -0.000000000000000000 ) ) ;
#3534 = VECTOR ( 'NONE', #671, 1000.000000000000000 ) ;
#3535 = VERTEX_POINT ( 'NONE', #4589 ) ;
#3536 = B_SPLINE_CURVE_WITH_KNOTS ( 'NONE', 3,
 ( #1731, #2781, #2688, #5595, #2257, #1385, #3616, #4576, #4111, #1354 ),
 .UNSPECIFIED., .F., .F.,
 ( 4, 2, 2, 2, 4 ),
 ( 0.000000000000000000, 0.003402334815115553093, 0.005103502222673331375, 0.005954085926452218347, 0.006804669630231106187 ),
 .UNSPECIFIED. ) ;
#3537 = ORIENTED_EDGE ( 'NONE', *, *, #5430, .F. ) ;
#3538 = CARTESIAN_POINT ( 'NONE',  ( -22.40906153953091717, 8.000000000003574030, -24.17565324044983655 ) ) ;
#3539 = VECTOR ( 'NONE', #1171, 1000.000000000000000 ) ;
#3540 = DIRECTION ( 'NONE',  ( -0.09648780284836487586, -0.04372477454104165689, -0.9943732940866977232 ) ) ;
#3541 = CARTESIAN_POINT ( 'NONE',  ( 19.36561122461856854, 7.542011552350097681, -15.71957675438348900 ) ) ;
#3542 = CARTESIAN_POINT ( 'NONE',  ( 19.29716976106922033, 7.451291161062131962, -24.34537443485900354 ) ) ;
#3543 = CARTESIAN_POINT ( 'NONE',  ( 11.19112207227954947, 4.334693325230380090, 26.46599104686560722 ) ) ;
#3544 = CARTESIAN_POINT ( 'NONE',  ( 49.77756485664470176, 4.923357630328474954, -5.904900048156668468 ) ) ;
#3545 = AXIS2_PLACEMENT_3D ( 'NONE', #1702, #3059, #5870 ) ;
#3546 = ADVANCED_FACE ( 'NONE', ( #6097 ), #5319, .F. ) ;
#3547 = ORIENTED_EDGE ( 'NONE', *, *, #4836, .T. ) ;
#3548 = ADVANCED_FACE ( 'NONE', ( #345 ), #3295, .T. ) ;
#3549 = ORIENTED_EDGE ( 'NONE', *, *, #5949, .F. ) ;
#3550 = CYLINDRICAL_SURFACE ( 'NONE', #5203, 1.500000000000000444 ) ;
#3551 = DIRECTION ( 'NONE',  ( -0.000000000000000000, 1.000000000000000000, -0.000000000000000000 ) ) ;
#3552 = CARTESIAN_POINT ( 'NONE',  ( 10.94627595092116756, 4.433385317709816142, 26.41807396868983915 ) ) ;
#3553 = AXIS2_PLACEMENT_3D ( 'NONE', #1011, #546, #2472 ) ;
#3554 = CARTESIAN_POINT ( 'NONE',  ( 6.912112208750511577, 3.127165585628828737, 26.82658836719517481 ) ) ;
#3555 = VERTEX_POINT ( 'NONE', #873 ) ;
#3556 = AXIS2_PLACEMENT_3D ( 'NONE', #1036, #5746, #4789 ) ;
#3557 = ORIENTED_EDGE ( 'NONE', *, *, #4863, .T. ) ;
#3558 = CARTESIAN_POINT ( 'NONE',  ( 24.53200000000000003, 0.000000000000000000, 0.000000000000000000 ) ) ;
#3559 = CARTESIAN_POINT ( 'NONE',  ( -50.51263298405060453, 4.569801553474826861, 4.250977190031504094 ) ) ;
#3560 = CARTESIAN_POINT ( 'NONE',  ( -10.75961796135496762, 4.384539331415971297, -26.44888184441957435 ) ) ;
#3561 = AXIS2_PLACEMENT_3D ( 'NONE', #2238, #3190, #2698 ) ;
#3562 = ADVANCED_FACE ( 'NONE', ( #5144 ), #905, .T. ) ;
#3563 = B_SPLINE_CURVE_WITH_KNOTS ( 'NONE', 3,
 ( #4214, #1868, #3760, #3287, #931, #4708, #2363, #5763, #595, #3347, #5231, #3848 ),
 .UNSPECIFIED., .F., .F.,
 ( 4, 2, 2, 2, 2, 4 ),
 ( 0.000000000000000000, 0.005172283579733354814, 0.007758425369600032220, 0.01034456715946670963, 0.01551685073920006444, 0.02068913431893341925 ),
 .UNSPECIFIED. ) ;
#3564 = CARTESIAN_POINT ( 'NONE',  ( 48.30854590396915427, 5.520811455279624802, 9.838360864244362958 ) ) ;
#3565 = CARTESIAN_POINT ( 'NONE',  ( 10.26830725968841485, 4.028288645741604057, -26.60619689788325104 ) ) ;
#3566 = EDGE_CURVE ( 'NONE', #4652, #3975, #3563, .T. ) ;
#3567 = FACE_OUTER_BOUND ( 'NONE', #2306, .T. ) ;
#3568 = CARTESIAN_POINT ( 'NONE',  ( -13.89313619481966633, 4.070527654345623247, 3.751723816818480106 ) ) ;
#3569 = FACE_BOUND ( 'NONE', #1314, .T. ) ;
#3570 = EDGE_LOOP ( 'NONE', ( #3265, #5972, #2055, #5242 ) ) ;
#3571 =( BOUNDED_SURFACE ( )  B_SPLINE_SURFACE ( 3, 2, ( 
 ( #2478, #5317, #5783 ),
 ( #622, #1048, #2107 ),
 ( #3437, #3993, #2970 ),
 ( #4833, #3403, #5871 ),
 ( #3498, #1083, #5375 ),
 ( #4457, #1607, #5285 ),
 ( #2505, #3931, #3026 ),
 ( #2999, #4893, #1545 ),
 ( #4390, #156, #587 ),
 ( #128, #5846, #5816 ),
 ( #5755, #649, #191 ),
 ( #3964, #2534, #2016 ) ),
 .UNSPECIFIED., .F., .F., .T. ) 
 B_SPLINE_SURFACE_WITH_KNOTS ( ( 4, 2, 2, 2, 2, 4 ),
 ( 3, 3 ),
 ( 0.000000000000000000, 0.003436555838124459149, 0.005154833757186688507, 0.006013972716717803403, 0.006443542196483360851, 0.006873111676248918299 ),
 ( 0.000000000000000000, 1.000000000000000000 ),
 .UNSPECIFIED. ) 
 GEOMETRIC_REPRESENTATION_ITEM ( )  RATIONAL_B_SPLINE_SURFACE ( (
 ( 1.000000000000000000, 0.8339203616122492502, 1.000000000000000000),
 ( 1.000000000000000000, 0.7594712514156036764, 1.000000000000000000),
 ( 1.000000000000000000, 0.6775885966304837638, 1.000000000000000000),
 ( 1.000000000000000000, 0.5379120954233848062, 1.000000000000000000),
 ( 1.000000000000000000, 0.4886290176601270629, 1.000000000000000000),
 ( 1.000000000000000000, 0.4054941306484106112, 1.000000000000000000),
 ( 1.000000000000000000, 0.3762366528647038688, 1.000000000000000000),
 ( 1.000000000000000000, 0.3278620288073069156, 1.000000000000000000),
 ( 1.000000000000000000, 0.3109767205942408075, 1.000000000000000000),
 ( 1.000000000000000000, 0.2748058357515077987, 1.000000000000000000),
 ( 1.000000000000000000, 0.2555332891467684275, 1.000000000000000000),
 ( 1.000000000000000000, 0.2341401062367739483, 1.000000000000000000) ) ) 
 REPRESENTATION_ITEM ( '' )  SURFACE ( )  );
#3572 = ORIENTED_EDGE ( 'NONE', *, *, #3430, .F. ) ;
#3573 = CARTESIAN_POINT ( 'NONE',  ( -23.45207879911709981, 8.000000000000001776, -24.00936052501757345 ) ) ;
#3574 = CARTESIAN_POINT ( 'NONE',  ( 2.234980408443919215E-15, 4.450000000000000178, -18.25000000000000000 ) ) ;
#3575 = CARTESIAN_POINT ( 'NONE',  ( 11.18395608133693031, 4.496974818097330129, -7.683136705533510025 ) ) ;
#3576 = CARTESIAN_POINT ( 'NONE',  ( -44.47687577975150930, 6.781250000000000000, 14.37179176155499327 ) ) ;
#3577 = CARTESIAN_POINT ( 'NONE',  ( -5.331495201591202715, 3.237496731175073972, -27.06121984606076225 ) ) ;
#3578 = DIRECTION ( 'NONE',  ( -0.9509916601688869209, -0.2622304893800796455, 0.1638597959497941625 ) ) ;
#3579 = VERTEX_POINT ( 'NONE', #2452 ) ;
#3580 = ORIENTED_EDGE ( 'NONE', *, *, #4530, .T. ) ;
#3581 = CARTESIAN_POINT ( 'NONE',  ( 24.53200000000000003, 2.262326172866462759, 0.000000000000000000 ) ) ;
#3582 = CARTESIAN_POINT ( 'NONE',  ( -2.704075169893869202, 3.064566003112214165, -26.15922313302417734 ) ) ;
#3583 = FACE_OUTER_BOUND ( 'NONE', #4567, .T. ) ;
#3584 = CARTESIAN_POINT ( 'NONE',  ( 24.53200000000000003, 4.450000000000000178, 0.000000000000000000 ) ) ;
#3585 = VERTEX_POINT ( 'NONE', #4300 ) ;
#3586 = ORIENTED_EDGE ( 'NONE', *, *, #4939, .T. ) ;
#3587 = CARTESIAN_POINT ( 'NONE',  ( -24.53200000000000003, -5.000000000000000000, 0.000000000000000000 ) ) ;
#3588 = CARTESIAN_POINT ( 'NONE',  ( -10.29406767965794600, 4.092045136837134223, 26.58023342444479553 ) ) ;
#3589 = DIRECTION ( 'NONE',  ( 0.000000000000000000, 0.000000000000000000, 1.000000000000000000 ) ) ;
#3590 = B_SPLINE_CURVE_WITH_KNOTS ( 'NONE', 3,
 ( #1257, #5981, #5619, #2774, #3269, #299, #6045, #3735, #793, #2192, #3173, #2681, #5151, #2284, #5089, #912, #4570, #5491 ),
 .UNSPECIFIED., .F., .F.,
 ( 4, 2, 2, 2, 2, 2, 2, 2, 4 ),
 ( 0.000000000000000000, 0.0002510189188397714006, 0.0005020378376795428012, 0.001004075675359077146, 0.001255094594198849197, 0.001506113513038621248, 0.002008151350718162965, 0.003012227026077251169, 0.004016302701436339807 ),
 .UNSPECIFIED. ) ;
#3591 = CARTESIAN_POINT ( 'NONE',  ( 3.673940397442059868E-16, 4.450000000000000178, 17.00000000000000000 ) ) ;
#3592 = CARTESIAN_POINT ( 'NONE',  ( 2.662808812594045893, 3.083485936298970831, -17.54003962028959407 ) ) ;
#3593 = CARTESIAN_POINT ( 'NONE',  ( 49.85720094387537671, 4.859613419710853144, 6.579365803537787549 ) ) ;
#3594 =( NAMED_UNIT ( * ) PLANE_ANGLE_UNIT ( ) SI_UNIT ( $, .RADIAN. ) );
#3595 = CARTESIAN_POINT ( 'NONE',  ( -15.89981215290000094, 6.086221019769064711, 17.10248773028760638 ) ) ;
#3596 = CARTESIAN_POINT ( 'NONE',  ( -13.45062372039083876, 4.011724739696712838, 2.593448225855135014 ) ) ;
#3597 = CARTESIAN_POINT ( 'NONE',  ( -20.53200000000000003, 4.870577163833599954, 5.500000000000000000 ) ) ;
#3598 = VERTEX_POINT ( 'NONE', #2421 ) ;
#3599 = ORIENTED_EDGE ( 'NONE', *, *, #2825, .F. ) ;
#3600 = DIRECTION ( 'NONE',  ( -0.4434499507829991471, -0.06720741200791036096, 0.8937758695119011332 ) ) ;
#3601 = CARTESIAN_POINT ( 'NONE',  ( 13.89313619481859163, 4.070527654345204915, 3.751723816818559154 ) ) ;
#3602 = FACE_OUTER_BOUND ( 'NONE', #1312, .T. ) ;
#3603 = CARTESIAN_POINT ( 'NONE',  ( 13.27704497225768421, 4.635803647490892132, -3.421577283564817051 ) ) ;
#3604 = CARTESIAN_POINT ( 'NONE',  ( 20.99409936207813843, 4.617484598257900252, 3.109196471155107666 ) ) ;
#3605 = CARTESIAN_POINT ( 'NONE',  ( 10.31478712799014019, 2.848386174919979918, 26.99677234984745411 ) ) ;
#3606 = VERTEX_POINT ( 'NONE', #993 ) ;
#3607 = ORIENTED_EDGE ( 'NONE', *, *, #1955, .T. ) ;
#3608 = CARTESIAN_POINT ( 'NONE',  ( -50.74850692000265440, 4.464422789992776863, -3.038478765581932528 ) ) ;
#3609 = CARTESIAN_POINT ( 'NONE',  ( 17.45650387134288195, 6.580714909704743931, 25.06252099500077080 ) ) ;
#3610 = DIRECTION ( 'NONE',  ( 0.000000000000000000, 0.000000000000000000, 1.000000000000000000 ) ) ;
#3611 = CARTESIAN_POINT ( 'NONE',  ( -40.71590516472935661, 8.000000000000000000, -17.90166541909781017 ) ) ;
#3612 = ORIENTED_EDGE ( 'NONE', *, *, #2469, .T. ) ;
#3613 = CARTESIAN_POINT ( 'NONE',  ( 4.653279768454480880, 2.709766564136320000, -26.67493180737841740 ) ) ;
#3614 = CARTESIAN_POINT ( 'NONE',  ( 1.362108348653285672, 2.431671842700017017, -26.16334368540003297 ) ) ;
#3615 = CARTESIAN_POINT ( 'NONE',  ( -24.53200000000000003, 7.858975779269959716, 24.26377495386450533 ) ) ;
#3616 = CARTESIAN_POINT ( 'NONE',  ( 5.175644098286220185, 3.315365460236467499, -26.54119416122873076 ) ) ;
#3617 = AXIS2_PLACEMENT_3D ( 'NONE', #81, #570, #3791 ) ;
#3618 = ADVANCED_FACE ( 'NONE', ( #1521 ), #3330, .T. ) ;
#3619 = EDGE_CURVE ( 'NONE', #5215, #917, #4002, .T. ) ;
#3620 = CARTESIAN_POINT ( 'NONE',  ( -30.03200000000000358, 0.000000000000000000, 3.999999999999999112 ) ) ;
#3621 = CARTESIAN_POINT ( 'NONE',  ( 1.380811478154400529, 3.022171712306537472, -15.86494801683300082 ) ) ;
#3622 = CARTESIAN_POINT ( 'NONE',  ( 24.53200000000000003, 0.5000000000000000000, 0.000000000000000000 ) ) ;
#3623 = CIRCLE ( 'NONE', #2045, 0.7500000000000006661 ) ;
#3624 = PERSON_AND_ORGANIZATION_ROLE ( 'design_owner' ) ;
#3625 = DIRECTION ( 'NONE',  ( -0.000000000000000000, 1.000000000000000000, -0.000000000000000000 ) ) ;
#3626 = CARTESIAN_POINT ( 'NONE',  ( 50.49568917808721125, 4.604692875254163376, 2.987513142359347285 ) ) ;
#3627 = CARTESIAN_POINT ( 'NONE',  ( 24.53200000000000003, 0.5000000000000000000, 0.000000000000000000 ) ) ;
#3628 = EDGE_CURVE ( 'NONE', #3555, #4820, #4430, .T. ) ;
#3629 = CIRCLE ( 'NONE', #4222, 1.350000000000004086 ) ;
#3630 = ORIENTED_EDGE ( 'NONE', *, *, #4606, .T. ) ;
#3631 = CARTESIAN_POINT ( 'NONE',  ( 1.435337270970294732, 0.05782060887707235475, 20.74013472528772084 ) ) ;
#3632 = DIRECTION ( 'NONE',  ( -0.000000000000000000, -1.000000000000000000, -0.000000000000000000 ) ) ;
#3633 = CARTESIAN_POINT ( 'NONE',  ( 18.94545873924977997, 6.631735297194982337, 13.93947555514190029 ) ) ;
#3634 = AXIS2_PLACEMENT_3D ( 'NONE', #3414, #1026, #2921 ) ;
#3635 = CARTESIAN_POINT ( 'NONE',  ( -1.860904607326081317, 3.006431867983461181, 17.63375954389747946 ) ) ;
#3636 = EDGE_LOOP ( 'NONE', ( #4071, #3460 ) ) ;
#3637 = B_SPLINE_CURVE_WITH_KNOTS ( 'NONE', 3,
 ( #4556, #6031, #3123, #3213, #5016, #1302, #4090, #2298, #1739, #2759, #373, #5106, #284, #5049 ),
 .UNSPECIFIED., .F., .F.,
 ( 4, 2, 2, 2, 2, 2, 4 ),
 ( 0.01800195216687265620, 0.01980706511277293899, 0.02161217805867322178, 0.02341729100457350110, 0.02522240395047378736, 0.02883262984227434600, 0.03244285573407490464 ),
 .UNSPECIFIED. ) ;
#3638 = ORIENTED_EDGE ( 'NONE', *, *, #2074, .F. ) ;
#3639 = ORIENTED_EDGE ( 'NONE', *, *, #3512, .T. ) ;
#3640 = CARTESIAN_POINT ( 'NONE',  ( -47.35064420401647567, 5.914085646699845711, -11.35061646998082807 ) ) ;
#3641 = ADVANCED_FACE ( 'NONE', ( #3502 ), #1665, .T. ) ;
#3642 = DIRECTION ( 'NONE',  ( -0.2526662866867273594, -0.9675534856388769978, 0.000000000000000000 ) ) ;
#3643 = CARTESIAN_POINT ( 'NONE',  ( 16.00380919510004318, 4.968241527147984726, 10.12219507499086291 ) ) ;
#3644 = CARTESIAN_POINT ( 'NONE',  ( -19.03200000000000003, 4.695588473793671724, -4.000000000000000000 ) ) ;
#3645 = AXIS2_PLACEMENT_3D ( 'NONE', #2090, #1713, #5480 ) ;
#3646 = ORIENTED_EDGE ( 'NONE', *, *, #5628, .F. ) ;
#3647 = AXIS2_PLACEMENT_3D ( 'NONE', #2541, #5380, #2627 ) ;
#3648 = CARTESIAN_POINT ( 'NONE',  ( 4.003094702784170345, 3.188215215909057321, -27.56701710825624474 ) ) ;
#3649 = PLANE ( 'NONE',  #4829 ) ;
#3650 = CARTESIAN_POINT ( 'NONE',  ( -50.74576660622584257, 4.465650970167041933, 3.054912627342435627 ) ) ;
#3651 = DIRECTION ( 'NONE',  ( -0.000000000000000000, -0.000000000000000000, 1.000000000000000000 ) ) ;
#3652 = EDGE_CURVE ( 'NONE', #3953, #1922, #5817, .T. ) ;
#3653 = AXIS2_PLACEMENT_3D ( 'NONE', #3087, #2106, #4456 ) ;
#3654 = CARTESIAN_POINT ( 'NONE',  ( 0.7124492924512787484, 3.005602067541005784, -20.91225241484278641 ) ) ;
#3655 = CARTESIAN_POINT ( 'NONE',  ( -12.53420056355394685, 4.571914025622779043, -2.495691186143396134 ) ) ;
#3656 = AXIS2_PLACEMENT_3D ( 'NONE', #698, #4010, #5801 ) ;
#3657 = APPROVAL_STATUS ( 'not_yet_approved' ) ;
#3658 = CARTESIAN_POINT ( 'NONE',  ( -11.37724389698321481, 4.398845855715935116, 26.42590409671775831 ) ) ;
#3659 = CARTESIAN_POINT ( 'NONE',  ( 0.000000000000000000, 8.000000000000000000, 0.000000000000000000 ) ) ;
#3660 = EDGE_CURVE ( 'NONE', #1468, #5935, #2307, .T. ) ;
#3661 = CARTESIAN_POINT ( 'NONE',  ( 0.000000000000000000, 7.700000000000000178, -24.00936052501757700 ) ) ;
#3662 = EDGE_CURVE ( 'NONE', #3283, #5735, #1638, .T. ) ;
#3663 = VECTOR ( 'NONE', #133, 1000.000000000000000 ) ;
#3664 = EDGE_LOOP ( 'NONE', ( #5425, #2521, #4465, #1112 ) ) ;
#3665 = CARTESIAN_POINT ( 'NONE',  ( -49.13224865851638157, 5.172804430532518261, 8.257528377129437658 ) ) ;
#3666 = DIRECTION ( 'NONE',  ( 0.000000000000000000, 1.000000000000000000, -0.000000000000000000 ) ) ;
#3667 = FACE_OUTER_BOUND ( 'NONE', #4837, .T. ) ;
#3668 = CARTESIAN_POINT ( 'NONE',  ( 7.966486082274980340, 2.344335799862798275, -25.98867159972559904 ) ) ;
#3669 = CARTESIAN_POINT ( 'NONE',  ( 23.01683190204143159, 4.743087666585651618, 4.459592476142925754 ) ) ;
#3670 = CARTESIAN_POINT ( 'NONE',  ( 42.83090035033296061, 7.766691546098966725, -16.21888844039781929 ) ) ;
#3671 = B_SPLINE_CURVE_WITH_KNOTS ( 'NONE', 3,
 ( #23, #4307, #4816, #1404 ),
 .UNSPECIFIED., .F., .F.,
 ( 4, 4 ),
 ( 0.000000000000000000, 0.0005844863592794777513 ),
 .UNSPECIFIED. ) ;
#3672 = VERTEX_POINT ( 'NONE', #4518 ) ;
#3673 = EDGE_LOOP ( 'NONE', ( #5581, #4857, #5855, #5957, #1054, #715, #731, #1836, #640, #3298, #237, #760, #3137, #3557, #4711 ) ) ;
#3674 = ORIENTED_EDGE ( 'NONE', *, *, #2994, .T. ) ;
#3675 = CARTESIAN_POINT ( 'NONE',  ( 16.65755210464763891, 5.641830337312122801, 12.56867526637255850 ) ) ;
#3676 = DIRECTION ( 'NONE',  ( -1.000000000000000000, 0.000000000000000000, 0.000000000000000000 ) ) ;
#3677 = DIRECTION ( 'NONE',  ( 1.000000000000000000, -0.000000000000000000, 0.000000000000000000 ) ) ;
#3678 = CARTESIAN_POINT ( 'NONE',  ( -20.04768803301098501, 4.860221062895685229, -5.423082467723030931 ) ) ;
#3679 = VERTEX_POINT ( 'NONE', #1181 ) ;
#3680 = CARTESIAN_POINT ( 'NONE',  ( 5.175673832782623940, 3.315369149727936282, -26.54119541510933189 ) ) ;
#3681 = CARTESIAN_POINT ( 'NONE',  ( 4.078575790220692276, 2.626446581901024757, -26.55289316380205378 ) ) ;
#3682 = CARTESIAN_POINT ( 'NONE',  ( -10.31478712798785757, 2.848386174922207914, 26.99677234984816465 ) ) ;
#3683 = CARTESIAN_POINT ( 'NONE',  ( 50.80675604738624429, 4.540288357827731325, -1.817218164916104106 ) ) ;
#3684 = ADVANCED_FACE ( 'NONE', ( #282 ), #3065, .T. ) ;
#3685 = DIRECTION ( 'NONE',  ( -0.4078622399846425495, -0.9130434782608712885, 0.000000000000000000 ) ) ;
#3686 = DIRECTION ( 'NONE',  ( -0.000000000000000000, -1.000000000000000000, -0.000000000000000000 ) ) ;
#3687 =( LENGTH_UNIT ( ) NAMED_UNIT ( * ) SI_UNIT ( .MILLI., .METRE. ) );
#3688 = CARTESIAN_POINT ( 'NONE',  ( 45.31108194023445179, 6.757078052154725789, 13.44456516192658846 ) ) ;
#3689 = LINE ( 'NONE', #4649, #6108 ) ;
#3690 = CARTESIAN_POINT ( 'NONE',  ( -50.95735037863703099, 4.365718034118033941, -1.223647281585724444 ) ) ;
#3691 = ADVANCED_FACE ( 'NONE', ( #5852 ), #2036, .T. ) ;
#3692 = EDGE_LOOP ( 'NONE', ( #5878, #4813, #2989, #4464, #5147, #5385, #3127, #2056 ) ) ;
#3693 = CARTESIAN_POINT ( 'NONE',  ( -10.62581701025430370, 4.107960842333564067, 15.95450040938045611 ) ) ;
#3694 = CARTESIAN_POINT ( 'NONE',  ( 0.1108095947602750209, 0.2507440445766322967, 21.60000000000000853 ) ) ;
#3695 = DIRECTION ( 'NONE',  ( 0.000000000000000000, 0.000000000000000000, -1.000000000000000000 ) ) ;
#3696 = DIRECTION ( 'NONE',  ( -0.000000000000000000, 1.000000000000000000, -0.000000000000000000 ) ) ;
#3697 = CARTESIAN_POINT ( 'NONE',  ( -2.385639531562788740, 3.066787904062176828, 18.16355566960747936 ) ) ;
#3698 = CARTESIAN_POINT ( 'NONE',  ( 10.81411707019200286, 2.911098954979747244, 27.12219790995948543 ) ) ;
#3699 = ORIENTED_EDGE ( 'NONE', *, *, #601, .F. ) ;
#3700 = EDGE_CURVE ( 'NONE', #2876, #2245, #2652, .T. ) ;
#3701 = ORIENTED_EDGE ( 'NONE', *, *, #5831, .F. ) ;
#3702 = EDGE_CURVE ( 'NONE', #2128, #1460, #1268, .T. ) ;
#3703 = ORIENTED_EDGE ( 'NONE', *, *, #1418, .F. ) ;
#3704 = CARTESIAN_POINT ( 'NONE',  ( -2.526564613003133619, 3.055120022192766349, 27.41024004439158901 ) ) ;
#3705 = DIRECTION ( 'NONE',  ( -0.000000000000000000, 1.000000000000000000, -0.000000000000000000 ) ) ;
#3706 = CARTESIAN_POINT ( 'NONE',  ( -24.53200000000000003, -3.500000000000000000, 4.250000000000008882 ) ) ;
#3707 = ADVANCED_FACE ( 'NONE', ( #5075 ), #1390, .F. ) ;
#3708 = CARTESIAN_POINT ( 'NONE',  ( 4.604372847656189371, 0.5843625052334436853, 22.46872501046710013 ) ) ;
#3709 = ADVANCED_FACE ( 'NONE', ( #1860 ), #2552, .T. ) ;
#3710 = VERTEX_POINT ( 'NONE', #6029 ) ;
#3711 = CARTESIAN_POINT ( 'NONE',  ( -1.377688406802066723, 3.022072300305552073, -15.86320858240336840 ) ) ;
#3712 = DIRECTION ( 'NONE',  ( 0.000000000000000000, -1.000000000000000000, 0.000000000000000000 ) ) ;
#3713 = CARTESIAN_POINT ( 'NONE',  ( -10.73831718418596459, 4.378976860347738587, 26.25156752845692765 ) ) ;
#3714 = CARTESIAN_POINT ( 'NONE',  ( -51.83200000000000074, -6.999999999999999112, 19.48717526990507309 ) ) ;
#3715 = CARTESIAN_POINT ( 'NONE',  ( 0.3634165571309336262, 2.999999999999996003, -15.50000000000000000 ) ) ;
#3716 = CARTESIAN_POINT ( 'NONE',  ( -11.03989478181003747, 4.135473880898750565, -2.556366944196807989 ) ) ;
#3717 = PERSON_AND_ORGANIZATION ( #2293, #1479 ) ;
#3718 = DIRECTION ( 'NONE',  ( -0.000000000000000000, 1.000000000000000000, -0.000000000000000000 ) ) ;
#3719 = DIRECTION ( 'NONE',  ( 0.000000000000000000, 0.000000000000000000, 1.000000000000000000 ) ) ;
#3720 = AXIS2_PLACEMENT_3D ( 'NONE', #5113, #781, #811 ) ;
#3721 = VERTEX_POINT ( 'NONE', #3281 ) ;
#3722 = CARTESIAN_POINT ( 'NONE',  ( 13.24610841025290675, 4.798323445594536274, 15.71555892346998462 ) ) ;
#3723 = CARTESIAN_POINT ( 'NONE',  ( 3.861943509606346531E-17, 0.2507440445766864201, 21.59999999999999787 ) ) ;
#3724 = DIRECTION ( 'NONE',  ( 0.000000000000000000, 0.000000000000000000, 1.000000000000000000 ) ) ;
#3725 = CARTESIAN_POINT ( 'NONE',  ( 5.331490578806972636, 3.237496370115034328, -27.06122013478083232 ) ) ;
#3726 = DESIGN_CONTEXT ( 'detailed design', #2488, 'design' ) ;
#3727 = CARTESIAN_POINT ( 'NONE',  ( -0.2522211977150746187, 2.875499914012051850, 16.99999999999997868 ) ) ;
#3728 = VECTOR ( 'NONE', #584, 1000.000000000000000 ) ;
#3729 = ORIENTED_EDGE ( 'NONE', *, *, #1700, .F. ) ;
#3730 = AXIS2_PLACEMENT_3D ( 'NONE', #3302, #5183, #2839 ) ;
#3731 = ORIENTED_EDGE ( 'NONE', *, *, #3430, .T. ) ;
#3732 = ORIENTED_EDGE ( 'NONE', *, *, #4800, .F. ) ;
#3733 = CARTESIAN_POINT ( 'NONE',  ( 16.39203259281178404, 6.236123359746234662, 15.90243747753530812 ) ) ;
#3734 = AXIS2_PLACEMENT_3D ( 'NONE', #6050, #395, #5594 ) ;
#3735 = CARTESIAN_POINT ( 'NONE',  ( 16.57565861043606503, 6.042043157041138812, 14.74547728932450497 ) ) ;
#3736 =( BOUNDED_SURFACE ( )  B_SPLINE_SURFACE ( 3, 2, ( 
 ( #5211, #978, #2929 ),
 ( #4825, #5247, #578 ),
 ( #1978, #2872, #3863 ),
 ( #1534, #5747, #1073 ),
 ( #1506, #4353, #2962 ),
 ( #4861, #2587, #1661 ),
 ( #1166, #5459, #2125 ),
 ( #1571, #729, #2616 ),
 ( #3518, #1109, #2038 ),
 ( #5396, #239, #4015 ),
 ( #5896, #5429, #1197 ),
 ( #643, #3987, #4502 ) ),
 .UNSPECIFIED., .F., .F., .F. ) 
 B_SPLINE_SURFACE_WITH_KNOTS ( ( 4, 2, 2, 2, 2, 4 ),
 ( 3, 3 ),
 ( -1.192622389734054877E-18, 0.0004300156284778562459, 0.0008600312569557136844, 0.001720062513911428453, 0.003440125027822858207, 0.006880250055645717282 ),
 ( 0.000000000000000000, 1.000000000000000000 ),
 .UNSPECIFIED. ) 
 GEOMETRIC_REPRESENTATION_ITEM ( )  RATIONAL_B_SPLINE_SURFACE ( (
 ( 1.000000000000000000, 0.2341401062324599547, 1.000000000000000000),
 ( 1.000000000000000000, 0.2553771521315317816, 1.000000000000000000),
 ( 1.000000000000000000, 0.2746015897566395636, 1.000000000000000000),
 ( 1.000000000000000000, 0.3107548636734877578, 1.000000000000000000),
 ( 1.000000000000000000, 0.3276729038112332626, 1.000000000000000000),
 ( 1.000000000000000000, 0.3762039175470660024, 1.000000000000000000),
 ( 1.000000000000000000, 0.4056769361237116400, 1.000000000000000000),
 ( 1.000000000000000000, 0.4891814934060637055, 1.000000000000000000),
 ( 1.000000000000000000, 0.5384855428935721999, 1.000000000000000000),
 ( 1.000000000000000000, 0.6779774406684876409, 1.000000000000000000),
 ( 1.000000000000000000, 0.7593488129166170442, 1.000000000000000000),
 ( 1.000000000000000000, 0.8339203616122508045, 1.000000000000000000) ) ) 
 REPRESENTATION_ITEM ( '' )  SURFACE ( )  );
#3737 = DIRECTION ( 'NONE',  ( -0.5841453402035041709, 0.000000000000000000, 0.8116490753512457523 ) ) ;
#3738 = EDGE_CURVE ( 'NONE', #2402, #3515, #609, .T. ) ;
#3739 = AXIS2_PLACEMENT_3D ( 'NONE', #4325, #5692, #3869 ) ;
#3740 = EDGE_CURVE ( 'NONE', #5713, #2733, #5621, .T. ) ;
#3741 = ORIENTED_EDGE ( 'NONE', *, *, #1240, .F. ) ;
#3742 = DIRECTION ( 'NONE',  ( 1.000000000000000000, -0.000000000000000000, -0.000000000000000000 ) ) ;
#3743 = CARTESIAN_POINT ( 'NONE',  ( 5.516498285692027714, 2.852597919136534710, -26.77427051925064916 ) ) ;
#3744 = CARTESIAN_POINT ( 'NONE',  ( -5.188993333079719328, 2.530867894091220816, 26.36173578818244678 ) ) ;
#3745 = AXIS2_PLACEMENT_3D ( 'NONE', #797, #2654, #4140 ) ;
#3746 = CARTESIAN_POINT ( 'NONE',  ( -3.395627152343812849, 0.5843625052334424641, 22.46872501046710013 ) ) ;
#3747 = CARTESIAN_POINT ( 'NONE',  ( 7.983139577588713287, 2.343472466727972048, 25.98694493345595191 ) ) ;
#3748 = VERTEX_POINT ( 'NONE', #4207 ) ;
#3749 = CIRCLE ( 'NONE', #1075, 26.42590409671763396 ) ;
#3750 = CARTESIAN_POINT ( 'NONE',  ( -10.71798468095224521, 4.107338863994865363, -2.823013395467705688 ) ) ;
#3751 = CARTESIAN_POINT ( 'NONE',  ( 0.000000000000000000, 1.049999999999999822, 21.60000000000000142 ) ) ;
#3752 = CARTESIAN_POINT ( 'NONE',  ( -15.48699527997418812, 5.700923087222525609, -25.61227594093035620 ) ) ;
#3753 = CONICAL_SURFACE ( 'NONE', #2957, 2.999999999999999112, 0.7853981633974479459 ) ;
#3754 = CARTESIAN_POINT ( 'NONE',  ( 8.405412654226791958, 3.827817834924148066, 26.81399895588436877 ) ) ;
#3755 = EDGE_CURVE ( 'NONE', #5785, #4190, #2321, .T. ) ;
#3756 = ORIENTED_EDGE ( 'NONE', *, *, #3082, .T. ) ;
#3757 = CARTESIAN_POINT ( 'NONE',  ( -49.13977862178745681, 5.200949192016691924, 7.569840139208381835 ) ) ;
#3758 = CARTESIAN_POINT ( 'NONE',  ( -6.346846901597904100, 3.007740429307918184, -26.82239237159175005 ) ) ;
#3759 = CARTESIAN_POINT ( 'NONE',  ( 10.81411707019200108, 4.088710814656075776, 26.25156752845692765 ) ) ;
#3760 = CARTESIAN_POINT ( 'NONE',  ( 6.832022043517407717, 3.272503559854130994, -3.244702038903954477 ) ) ;
#3761 = CARTESIAN_POINT ( 'NONE',  ( -40.88196759489847665, 7.858975779269959716, 18.12731390651692820 ) ) ;
#3762 = ADVANCED_FACE ( 'NONE', ( #1771 ), #2816, .T. ) ;
#3763 = ORIENTED_EDGE ( 'NONE', *, *, #1133, .T. ) ;
#3764 = ORIENTED_EDGE ( 'NONE', *, *, #4608, .T. ) ;
#3765 = VERTEX_POINT ( 'NONE', #5048 ) ;
#3766 = CARTESIAN_POINT ( 'NONE',  ( 18.08602670413571545, 6.163873152282388190, 11.72473109405923708 ) ) ;
#3767 = CARTESIAN_POINT ( 'NONE',  ( -20.53200000000000003, 0.000000000000000000, -4.000000000000000000 ) ) ;
#3768 = FACE_OUTER_BOUND ( 'NONE', #2613, .T. ) ;
#3769 = CARTESIAN_POINT ( 'NONE',  ( 24.53200000000000003, 7.858975779269959716, 24.26377495386450533 ) ) ;
#3770 = VERTEX_POINT ( 'NONE', #465 ) ;
#3771 = ORIENTED_EDGE ( 'NONE', *, *, #1456, .F. ) ;
#3772 = DIRECTION ( 'NONE',  ( 0.000000000000000000, 0.000000000000000000, 1.000000000000000000 ) ) ;
#3773 =( BOUNDED_SURFACE ( )  B_SPLINE_SURFACE ( 3, 2, ( 
 ( #4073, #1253, #790 ),
 ( #2679, #4568, #321 ),
 ( #6104, #845, #910 ),
 ( #5652, #5061, #4595 ),
 ( #4132, #3704, #820 ),
 ( #4661, #5149, #3171 ) ),
 .UNSPECIFIED., .F., .F., .T. ) 
 B_SPLINE_SURFACE_WITH_KNOTS ( ( 4, 2, 4 ),
 ( 3, 3 ),
 ( 3.046154008311391603, 3.141592653589633244, 3.237031298867874440 ),
 ( 0.000000000000000000, 1.000000000000000000 ),
 .UNSPECIFIED. ) 
 GEOMETRIC_REPRESENTATION_ITEM ( )  RATIONAL_B_SPLINE_SURFACE ( (
 ( 1.000000000000000000, 0.2341401062325005611, 1.000000000000000000),
 ( 1.000000000000000000, 0.2312396164224274908, 1.000000000000000000),
 ( 1.000000000000000000, 0.2297529205473625435, 1.000000000000000000),
 ( 1.000000000000000000, 0.2297529205473625435, 1.000000000000000000),
 ( 1.000000000000000000, 0.2312396164224005957, 1.000000000000000000),
 ( 1.000000000000000000, 0.2341401062324714177, 1.000000000000000000) ) ) 
 REPRESENTATION_ITEM ( '' )  SURFACE ( )  );
#3774 = CARTESIAN_POINT ( 'NONE',  ( -0.7142882067864271267, 3.005637355952034184, -20.91168890901740696 ) ) ;
#3775 = CARTESIAN_POINT ( 'NONE',  ( -10.24374156724009843, 2.262326172866460094, 25.82465234573292534 ) ) ;
#3776 = FACE_OUTER_BOUND ( 'NONE', #4667, .T. ) ;
#3777 = CARTESIAN_POINT ( 'NONE',  ( 17.45650387134286774, 6.580714909704736826, -25.06252099500077435 ) ) ;
#3778 = DIRECTION ( 'NONE',  ( 0.000000000000000000, 0.000000000000000000, -1.000000000000000000 ) ) ;
#3779 = CARTESIAN_POINT ( 'NONE',  ( 49.85697389463297213, 4.859712922614661146, 6.580011253822663164 ) ) ;
#3780 = CARTESIAN_POINT ( 'NONE',  ( 6.369538684330534828, 3.012301423765161523, 26.82300683564033505 ) ) ;
#3781 = ORIENTED_EDGE ( 'NONE', *, *, #4584, .T. ) ;
#3782 = CARTESIAN_POINT ( 'NONE',  ( -10.92571106962862970, 4.427912777467952310, -26.22980561172458280 ) ) ;
#3783 = CARTESIAN_POINT ( 'NONE',  ( 4.000000000000000000, 2.000000000000000000, 21.24999999999999645 ) ) ;
#3784 = DIRECTION ( 'NONE',  ( -1.000000000000000000, 0.000000000000000000, -0.000000000000000000 ) ) ;
#3785 = CARTESIAN_POINT ( 'NONE',  ( 6.275599971364187013, 2.445340366097636497, -26.19068073219527903 ) ) ;
#3786 = CARTESIAN_POINT ( 'NONE',  ( 10.29892779071649400, 4.266735681471828912, -4.888966574700921441 ) ) ;
#3787 = ORIENTED_EDGE ( 'NONE', *, *, #2408, .F. ) ;
#3788 = ORIENTED_EDGE ( 'NONE', *, *, #3836, .F. ) ;
#3789 = CARTESIAN_POINT ( 'NONE',  ( -10.46783806959662222, 4.066706487926762037, -2.944177738289825097 ) ) ;
#3790 = CARTESIAN_POINT ( 'NONE',  ( 28.26709463627959096, 4.599734857197505633, -2.869594212102385633 ) ) ;
#3791 = DIRECTION ( 'NONE',  ( 0.000000000000000000, 0.000000000000000000, -1.000000000000000000 ) ) ;
#3792 = FACE_OUTER_BOUND ( 'NONE', #591, .T. ) ;
#3793 = VERTEX_POINT ( 'NONE', #1301 ) ;
#3794 = EDGE_LOOP ( 'NONE', ( #5573, #2375, #3763, #3015 ) ) ;
#3795 = CARTESIAN_POINT ( 'NONE',  ( 4.000000000000000000, 0.7250000000000025313, 22.75000000000000000 ) ) ;
#3796 = CARTESIAN_POINT ( 'NONE',  ( -2.386059442207330239, 3.066915507960828347, -19.62888587929025164 ) ) ;
#3797 = CARTESIAN_POINT ( 'NONE',  ( -17.45650387134285353, 6.580714909704743931, 25.06252099500076724 ) ) ;
#3798 = CARTESIAN_POINT ( 'NONE',  ( -21.61737540151518289, 6.483779977006596695, -12.63014462000077920 ) ) ;
#3799 = CARTESIAN_POINT ( 'NONE',  ( -23.45207879911715310, 8.000000000000000000, 19.48717526990507309 ) ) ;
#3800 = CARTESIAN_POINT ( 'NONE',  ( 4.049987642171967828, 3.193409495703214418, 26.41872908515465923 ) ) ;
#3801 = DIRECTION ( 'NONE',  ( -0.000000000000000000, 1.000000000000000000, -0.000000000000000000 ) ) ;
#3802 = CARTESIAN_POINT ( 'NONE',  ( 4.190847561154209089, 3.206893941609995746, 26.44588832365286279 ) ) ;
#3803 = EDGE_CURVE ( 'NONE', #5019, #574, #5911, .T. ) ;
#3804 = ADVANCED_FACE ( 'NONE', ( #2297 ), #2264, .T. ) ;
#3805 = ORIENTED_EDGE ( 'NONE', *, *, #5927, .T. ) ;
#3806 = FACE_OUTER_BOUND ( 'NONE', #539, .T. ) ;
#3807 = CIRCLE ( 'NONE', #4901, 24.00936052501757700 ) ;
#3808 = CARTESIAN_POINT ( 'NONE',  ( 19.79990631387985900, 5.976397009105690827, 10.90343095627108561 ) ) ;
#3809 = FACE_OUTER_BOUND ( 'NONE', #3000, .T. ) ;
#3810 = CARTESIAN_POINT ( 'NONE',  ( 6.807374731834131332, 3.526951119471914087, 18.19410640156590375 ) ) ;
#3811 = CYLINDRICAL_SURFACE ( 'NONE', #2738, 15.09999999999999964 ) ;
#3812 = ORIENTED_EDGE ( 'NONE', *, *, #2808, .F. ) ;
#3813 = CIRCLE ( 'NONE', #2433, 0.3000000000000002665 ) ;
#3814 = ORIENTED_EDGE ( 'NONE', *, *, #4665, .T. ) ;
#3815 = CARTESIAN_POINT ( 'NONE',  ( -10.83595930214760550, 4.122762520706250378, -2.748984517681312578 ) ) ;
#3816 = CARTESIAN_POINT ( 'NONE',  ( 29.23188756706597147, 4.500012888652569210, -0.3085494205768713472 ) ) ;
#3817 = DIRECTION ( 'NONE',  ( -0.000000000000000000, -1.000000000000000000, -0.000000000000000000 ) ) ;
#3818 = AXIS2_PLACEMENT_3D ( 'NONE', #2665, #4554, #5945 ) ;
#3819 = AXIS2_PLACEMENT_3D ( 'NONE', #5963, #4050, #5068 ) ;
#3820 = CARTESIAN_POINT ( 'NONE',  ( 16.85022489537118773, 6.479481943411244949, 18.69924966750662776 ) ) ;
#3821 = ORIENTED_EDGE ( 'NONE', *, *, #397, .F. ) ;
#3822 = EDGE_CURVE ( 'NONE', #5191, #3360, #3689, .T. ) ;
#3823 = AXIS2_PLACEMENT_3D ( 'NONE', #714, #5411, #1149 ) ;
#3824 = ORIENTED_EDGE ( 'NONE', *, *, #11, .T. ) ;
#3825 = DIRECTION ( 'NONE',  ( 0.000000000000000000, 0.000000000000000000, 1.000000000000000000 ) ) ;
#3826 = CARTESIAN_POINT ( 'NONE',  ( -21.36351267017524336, 7.890277833545102482, 24.24421525949547984 ) ) ;
#3827 = ADVANCED_FACE ( 'NONE', ( #6058 ), #4396, .T. ) ;
#3828 = CARTESIAN_POINT ( 'NONE',  ( -2.732170533513210930, 3.087896979444908041, -18.61067420025430863 ) ) ;
#3829 = CARTESIAN_POINT ( 'NONE',  ( -8.545259757431937331, 2.315365169595458461, 25.93073033919091941 ) ) ;
#3830 = CARTESIAN_POINT ( 'NONE',  ( -7.074747577399039145, 3.529826755489199552, 18.19432166931785133 ) ) ;
#3831 = AXIS2_PLACEMENT_3D ( 'NONE', #4885, #1071, #3825 ) ;
#3832 = B_SPLINE_CURVE_WITH_KNOTS ( 'NONE', 3,
 ( #356, #5983, #1291, #5036, #5961, #5527, #1758, #4599, #3708, #421 ),
 .UNSPECIFIED., .F., .F.,
 ( 4, 2, 2, 2, 4 ),
 ( 0.000000000000000000, 0.0004718385563541609064, 0.0009436771127083218129, 0.001415515669062482719, 0.001887354225416643626 ),
 .UNSPECIFIED. ) ;
#3833 = ORIENTED_EDGE ( 'NONE', *, *, #548, .F. ) ;
#3834 = AXIS2_PLACEMENT_3D ( 'NONE', #1633, #707, #242 ) ;
#3835 = CARTESIAN_POINT ( 'NONE',  ( -19.70087579300721004, 5.943188661977483633, -10.82106814214817625 ) ) ;
#3836 = EDGE_CURVE ( 'NONE', #5810, #5926, #5666, .T. ) ;
#3837 = CARTESIAN_POINT ( 'NONE',  ( -1.354104062422244681, 2.935333979512072311, 25.89893463372022353 ) ) ;
#3838 = CARTESIAN_POINT ( 'NONE',  ( 47.45212855095343230, 5.909821722522223375, 10.67167490611647729 ) ) ;
#3839 = FACE_OUTER_BOUND ( 'NONE', #4498, .T. ) ;
#3840 = DIRECTION ( 'NONE',  ( 0.000000000000000000, 0.000000000000000000, 1.000000000000000000 ) ) ;
#3841 = AXIS2_PLACEMENT_3D ( 'NONE', #34, #1481, #3339 ) ;
#3842 = ORIENTED_EDGE ( 'NONE', *, *, #4584, .F. ) ;
#3843 = CARTESIAN_POINT ( 'NONE',  ( -11.29749686032283407, 4.529076594601921357, -26.17148966787070208 ) ) ;
#3844 = EDGE_CURVE ( 'NONE', #689, #934, #2950, .T. ) ;
#3845 = CIRCLE ( 'NONE', #1174, 0.3000000000000033196 ) ;
#3846 = CARTESIAN_POINT ( 'NONE',  ( -19.59325789062691570, 6.301632687386517162, 12.13557676301502930 ) ) ;
#3847 = PLANE ( 'NONE',  #3319 ) ;
#3848 = CARTESIAN_POINT ( 'NONE',  ( -10.19795791041799937, 4.004316704203167987, -2.990805478917196059 ) ) ;
#3849 = DIRECTION ( 'NONE',  ( 0.000000000000000000, 0.000000000000000000, 1.000000000000000000 ) ) ;
#3850 = EDGE_LOOP ( 'NONE', ( #467, #6061, #3983 ) ) ;
#3851 = AXIS2_PLACEMENT_3D ( 'NONE', #1436, #5684, #977 ) ;
#3852 = ORIENTED_EDGE ( 'NONE', *, *, #2374, .F. ) ;
#3853 = CARTESIAN_POINT ( 'NONE',  ( -8.545264406046250372, 2.315365036606197524, -25.93073007321240553 ) ) ;
#3854 = CARTESIAN_POINT ( 'NONE',  ( -24.53200000000000003, 0.6334368540005016479, 22.56687370800099757 ) ) ;
#3855 = CARTESIAN_POINT ( 'NONE',  ( -4.357633266981172149, 2.664670010556946966, 26.62934002111390441 ) ) ;
#3856 = CIRCLE ( 'NONE', #1583, 6.000000000000000000 ) ;
#3857 = DIRECTION ( 'NONE',  ( 1.000000000000000000, 0.000000000000000000, 0.000000000000000000 ) ) ;
#3858 = DIRECTION ( 'NONE',  ( 1.000000000000000000, -0.000000000000000000, 0.000000000000000000 ) ) ;
#3859 = VERTEX_POINT ( 'NONE', #4799 ) ;
#3860 = ORIENTED_EDGE ( 'NONE', *, *, #1996, .T. ) ;
#3861 = CARTESIAN_POINT ( 'NONE',  ( -4.491074535256313283, 0.6334368540004994275, 22.56687370800099401 ) ) ;
#3862 = CARTESIAN_POINT ( 'NONE',  ( -23.45207879911713889, 7.858975779269961492, 24.26377495386449468 ) ) ;
#3863 = CARTESIAN_POINT ( 'NONE',  ( -4.365755405182595972, 2.666711043863948749, 26.62282819247058185 ) ) ;
#3864 = CARTESIAN_POINT ( 'NONE',  ( -10.81411707019198154, 2.262326172866459650, 25.82465234573292179 ) ) ;
#3865 = CARTESIAN_POINT ( 'NONE',  ( -24.53200000000000003, 0.5000000000000000000, 7.900000000000000355 ) ) ;
#3866 = CARTESIAN_POINT ( 'NONE',  ( 23.45207879913305504, -6.999999999992903454, -19.48717526992419025 ) ) ;
#3867 = CARTESIAN_POINT ( 'NONE',  ( 6.845150641113947110, 3.519293677929079767, -4.204234242305603608 ) ) ;
#3868 = CARTESIAN_POINT ( 'NONE',  ( -1.435522600212919997, 0.05776051720012247148, 20.73950568470293732 ) ) ;
#3869 = DIRECTION ( 'NONE',  ( 0.000000000000000000, 0.000000000000000000, 1.000000000000000000 ) ) ;
#3870 = CARTESIAN_POINT ( 'NONE',  ( 50.52210030179751499, 4.592857411103024923, -3.012724904997918340 ) ) ;
#3871 = VERTEX_POINT ( 'NONE', #551 ) ;
#3872 = LINE ( 'NONE', #1698, #2243 ) ;
#3873 = CARTESIAN_POINT ( 'NONE',  ( 11.19060724200953238, 4.334515875664308737, -26.46610192966095099 ) ) ;
#3874 = CARTESIAN_POINT ( 'NONE',  ( -30.03200000000000358, 4.695588473793671724, 4.000000000000000000 ) ) ;
#3875 = CARTESIAN_POINT ( 'NONE',  ( -17.51936732745824088, 6.589749274436512039, 15.92462485321110854 ) ) ;
#3876 = CARTESIAN_POINT ( 'NONE',  ( -2.684880219791547784, 2.749377789611954448, 16.42177645951806042 ) ) ;
#3877 = DIRECTION ( 'NONE',  ( 0.000000000000000000, 0.000000000000000000, 1.000000000000000000 ) ) ;
#3878 = EDGE_CURVE ( 'NONE', #3352, #320, #283, .T. ) ;
#3879 = ORIENTED_EDGE ( 'NONE', *, *, #969, .F. ) ;
#3880 = ORIENTED_EDGE ( 'NONE', *, *, #4910, .F. ) ;
#3881 = CARTESIAN_POINT ( 'NONE',  ( -10.81411707019201174, 2.262326172866460539, -25.82465234573292179 ) ) ;
#3882 = CARTESIAN_POINT ( 'NONE',  ( -40.88196759489847665, 7.858975779269959716, -18.12731390651692820 ) ) ;
#3883 = CARTESIAN_POINT ( 'NONE',  ( 18.89271796991646468, -1.332843258862645985, 17.10248773028761349 ) ) ;
#3884 = CARTESIAN_POINT ( 'NONE',  ( 0.000000000000000000, 41.50000000000000000, 6.500000000000000000 ) ) ;
#3885 = CARTESIAN_POINT ( 'NONE',  ( 46.07792777795643957, 6.460887274738089658, -12.56567542882870825 ) ) ;
#3886 = EDGE_CURVE ( 'NONE', #1070, #1879, #4732, .T. ) ;
#3887 = ORIENTED_EDGE ( 'NONE', *, *, #4717, .F. ) ;
#3888 = EDGE_CURVE ( 'NONE', #4416, #415, #5914, .T. ) ;
#3889 = ORIENTED_EDGE ( 'NONE', *, *, #2808, .T. ) ;
#3890 = CARTESIAN_POINT ( 'NONE',  ( 21.39356588312608309, 7.750477680433178307, 24.33157209056802728 ) ) ;
#3891 = EDGE_CURVE ( 'NONE', #4072, #1493, #735, .T. ) ;
#3892 = CARTESIAN_POINT ( 'NONE',  ( -17.45650387134284998, 6.580714909704742155, 25.06252099500076014 ) ) ;
#3893 = CARTESIAN_POINT ( 'NONE',  ( -1.816600513165667730, 3.038647334892208285, -20.32254005541544117 ) ) ;
#3894 = CARTESIAN_POINT ( 'NONE',  ( 16.44604911700226424, 6.306577081656772776, 16.82801524382106351 ) ) ;
#3895 = CARTESIAN_POINT ( 'NONE',  ( 5.817072295949929004E-15, 2.999999999999994671, -26.02917960675005205 ) ) ;
#3896 = ADVANCED_FACE ( 'NONE', ( #4509 ), #4422, .F. ) ;
#3897 = EDGE_LOOP ( 'NONE', ( #2480, #3328, #4685 ) ) ;
#3898 = CARTESIAN_POINT ( 'NONE',  ( 13.36239391171861079, 5.098460099196302941, -25.81318790541517316 ) ) ;
#3899 = CARTESIAN_POINT ( 'NONE',  ( 2.225560994515284108, 3.049292355909469787, 17.97295098657462731 ) ) ;
#3900 = CARTESIAN_POINT ( 'NONE',  ( 47.35041835271594124, 5.914176693209083346, 11.35093923871210464 ) ) ;
#3901 = CARTESIAN_POINT ( 'NONE',  ( 24.53200000000000003, 4.450000000000000178, 4.699999999999999289 ) ) ;
#3902 = CARTESIAN_POINT ( 'NONE',  ( 46.23476312171204938, 6.500141581401608804, -12.68914125694746353 ) ) ;
#3903 = ORIENTED_EDGE ( 'NONE', *, *, #6030, .F. ) ;
#3904 = ORIENTED_EDGE ( 'NONE', *, *, #650, .F. ) ;
#3905 = CARTESIAN_POINT ( 'NONE',  ( 11.29749686032284828, 4.529076594601923134, -26.17148966787070208 ) ) ;
#3906 = CARTESIAN_POINT ( 'NONE',  ( 50.64052720365522475, 4.539580463300084467, -1.801119478971692001 ) ) ;
#3907 = CARTESIAN_POINT ( 'NONE',  ( -19.74501797751641163, 6.097441601772884745, 11.34220279276537369 ) ) ;
#3908 = CARTESIAN_POINT ( 'NONE',  ( -10.64832029413323866, 4.349916097389006531, 16.88625925267718841 ) ) ;
#3909 = CARTESIAN_POINT ( 'NONE',  ( 2.822434137214511196, 3.093803788323359338, 18.97443877749039487 ) ) ;
#3910 = ORIENTED_EDGE ( 'NONE', *, *, #18, .F. ) ;
#3911 = B_SPLINE_CURVE_WITH_KNOTS ( 'NONE', 3,
 ( #3644, #4169, #1823, #5933, #5492, #6046, #4135, #1346, #5558, #6016, #1793, #3678, #390, #1319, #1258, #2683 ),
 .UNSPECIFIED., .F., .F.,
 ( 4, 2, 2, 2, 2, 2, 2, 4 ),
 ( 0.002349391426525555913, 0.002643411955471656680, 0.002937432484417757447, 0.003231453013363858214, 0.003525473542309958547, 0.004113514600202161815, 0.004407535129148268220, 0.004701555658094374625 ),
 .UNSPECIFIED. ) ;
#3912 = ORIENTED_EDGE ( 'NONE', *, *, #2409, .T. ) ;
#3913 = CARTESIAN_POINT ( 'NONE',  ( -24.53200000000000003, -3.500000000000000000, 0.000000000000000000 ) ) ;
#3914 = DIRECTION ( 'NONE',  ( -1.000000000000000000, 0.000000000000000000, 0.000000000000000000 ) ) ;
#3915 = CARTESIAN_POINT ( 'NONE',  ( 20.15573975854763233, 7.956076134704653136, -16.67476135311328633 ) ) ;
#3916 = DIRECTION ( 'NONE',  ( 0.000000000000000000, 0.000000000000000000, 1.000000000000000000 ) ) ;
#3917 = DIRECTION ( 'NONE',  ( 0.000000000000000000, 0.000000000000000000, 1.000000000000000000 ) ) ;
#3918 = ORIENTED_EDGE ( 'NONE', *, *, #3803, .T. ) ;
#3919 = VERTEX_POINT ( 'NONE', #3525 ) ;
#3920 = CARTESIAN_POINT ( 'NONE',  ( 22.20260682874477354, 6.653856694249093096, 13.16647861449274082 ) ) ;
#3921 = CARTESIAN_POINT ( 'NONE',  ( -18.29312772600470183, 7.124035674525273087, 24.54577652016499201 ) ) ;
#3922 = DIRECTION ( 'NONE',  ( 0.000000000000000000, 0.000000000000000000, -1.000000000000000000 ) ) ;
#3923 = EDGE_CURVE ( 'NONE', #2869, #4505, #5845, .T. ) ;
#3924 = CARTESIAN_POINT ( 'NONE',  ( -50.80675604738473083, 4.540288357828423216, -1.817218164931594604 ) ) ;
#3925 = EDGE_CURVE ( 'NONE', #1420, #668, #1964, .T. ) ;
#3926 = ORIENTED_EDGE ( 'NONE', *, *, #5565, .T. ) ;
#3927 = CARTESIAN_POINT ( 'NONE',  ( -14.60781220268452429, 5.582870112020337672, -14.86238896981379654 ) ) ;
#3928 = CIRCLE ( 'NONE', #74, 0.7500000000000006661 ) ;
#3929 = CARTESIAN_POINT ( 'NONE',  ( -3.459636617000349190, 3.106542511841189125, -4.358727541646926440 ) ) ;
#3930 = DIRECTION ( 'NONE',  ( -0.000000000000000000, 1.000000000000000000, -0.000000000000000000 ) ) ;
#3931 = CARTESIAN_POINT ( 'NONE',  ( -5.118131767573942170, 3.308353436047677842, -27.27819386347843889 ) ) ;
#3932 = EDGE_LOOP ( 'NONE', ( #3674, #921, #3440, #285 ) ) ;
#3933 = VECTOR ( 'NONE', #4500, 1000.000000000000000 ) ;
#3934 = CARTESIAN_POINT ( 'NONE',  ( -30.03200000000000358, 0.000000000000000000, 4.000000000000000000 ) ) ;
#3935 = CARTESIAN_POINT ( 'NONE',  ( -21.37824803154447295, 7.858975779269961492, 24.26377495386449468 ) ) ;
#3936 = CARTESIAN_POINT ( 'NONE',  ( 5.208757737473876048, 2.798900686322520315, -26.74849834171002527 ) ) ;
#3937 = CARTESIAN_POINT ( 'NONE',  ( -17.95721972092274399, 6.396926184096678014, 13.36685139801109834 ) ) ;
#3938 = CARTESIAN_POINT ( 'NONE',  ( -8.739418265331757141, 3.902719240076391927, 18.04000234226538879 ) ) ;
#3939 = CIRCLE ( 'NONE', #2546, 7.900000000000000355 ) ;
#3940 = CARTESIAN_POINT ( 'NONE',  ( 0.000000000000000000, 4.398845855716135844, -26.42590409671763041 ) ) ;
#3941 = ORIENTED_EDGE ( 'NONE', *, *, #5038, .T. ) ;
#3942 = ADVANCED_FACE ( 'NONE', ( #2622 ), #2664, .T. ) ;
#3943 = AXIS2_PLACEMENT_3D ( 'NONE', #1247, #1280, #122 ) ;
#3944 = ORIENTED_EDGE ( 'NONE', *, *, #3998, .F. ) ;
#3945 = DIRECTION ( 'NONE',  ( 1.000000000000000000, 0.000000000000000000, -4.625929269271485914E-16 ) ) ;
#3946 = CARTESIAN_POINT ( 'NONE',  ( -10.29892779071722053, 4.266735681471802266, -4.888966574700754464 ) ) ;
#3947 = CARTESIAN_POINT ( 'NONE',  ( -40.71162677449448353, 8.000000000000000000, 17.90480742226179700 ) ) ;
#3948 = EDGE_CURVE ( 'NONE', #1568, #2128, #2070, .T. ) ;
#3949 = CARTESIAN_POINT ( 'NONE',  ( -10.81411707019201174, 2.911098955016843348, -27.12219791003369096 ) ) ;
#3950 = DIRECTION ( 'NONE',  ( -0.9666995550375271362, 0.2414547835881723226, 0.08480305284974219704 ) ) ;
#3951 = AXIS2_PLACEMENT_3D ( 'NONE', #24, #3858, #3391 ) ;
#3952 = EDGE_LOOP ( 'NONE', ( #4180, #4855, #4348, #1252, #5634 ) ) ;
#3953 = VERTEX_POINT ( 'NONE', #5905 ) ;
#3954 = CARTESIAN_POINT ( 'NONE',  ( 15.49858987641834673, 5.915643481092110356, 16.44770169962247053 ) ) ;
#3955 = VECTOR ( 'NONE', #577, 1000.000000000000000 ) ;
#3956 = DIRECTION ( 'NONE',  ( 0.000000000000000000, 0.000000000000000000, -1.000000000000000000 ) ) ;
#3957 = FACE_OUTER_BOUND ( 'NONE', #2496, .T. ) ;
#3958 = CARTESIAN_POINT ( 'NONE',  ( -49.85697389463707196, 4.859712922610492036, -6.580011253817108496 ) ) ;
#3959 = AXIS2_PLACEMENT_3D ( 'NONE', #3574, #1650, #4403 ) ;
#3960 = ORIENTED_EDGE ( 'NONE', *, *, #3239, .F. ) ;
#3961 = CARTESIAN_POINT ( 'NONE',  ( 50.89432957107128175, 4.398845855716134956, 1.831935292290213013 ) ) ;
#3962 = CARTESIAN_POINT ( 'NONE',  ( -8.524469960450437256, 3.586325748552608772, -3.137611056892151584 ) ) ;
#3963 = DIRECTION ( 'NONE',  ( 0.000000000000000000, 0.000000000000000000, 1.000000000000000000 ) ) ;
#3964 = CARTESIAN_POINT ( 'NONE',  ( -4.049987642186390069, 3.193409495704594203, -26.41872908515744101 ) ) ;
#3965 = EDGE_CURVE ( 'NONE', #5364, #3579, #192, .T. ) ;
#3966 = LINE ( 'NONE', #737, #2947 ) ;
#3967 = EDGE_CURVE ( 'NONE', #5465, #474, #3749, .T. ) ;
#3968 = CARTESIAN_POINT ( 'NONE',  ( 11.29749686032285716, 4.529076594601923134, 26.17148966787070208 ) ) ;
#3969 =( BOUNDED_SURFACE ( )  B_SPLINE_SURFACE ( 3, 2, ( 
 ( #4448, #3924, #2588 ),
 ( #704, #1110, #2963 ),
 ( #616, #183, #2039 ),
 ( #5898, #3988, #4414 ),
 ( #3427, #5369, #2993 ),
 ( #4888, #4016, #4480 ),
 ( #4916, #2071, #4862 ),
 ( #5310, #2617, #3958 ),
 ( #1662, #2499, #2561 ),
 ( #4047, #5840, #1628 ),
 ( #5431, #2126, #267 ),
 ( #1602, #3492, #1538 ),
 ( #675, #2101, #5866 ),
 ( #5397, #5065, #2709 ),
 ( #3174, #2193, #4542 ),
 ( #1724, #3202, #4666 ) ),
 .UNSPECIFIED., .F., .F., .T. ) 
 B_SPLINE_SURFACE_WITH_KNOTS ( ( 4, 2, 2, 2, 2, 2, 2, 4 ),
 ( 3, 3 ),
 ( 0.01802545026232673861, 0.01982162800549842896, 0.02071971687708427587, 0.02161780574867012278, 0.02521016123501351042, 0.02700633897818520424, 0.02880251672135689806, 0.03239487220770028569 ),
 ( 0.000000000000000000, 1.000000000000000000 ),
 .UNSPECIFIED. ) 
 GEOMETRIC_REPRESENTATION_ITEM ( )  RATIONAL_B_SPLINE_SURFACE ( (
 ( 1.000000000000000000, 0.8737348221099694445, 1.000000000000000000),
 ( 1.000000000000000000, 0.8731501254439555382, 1.000000000000000000),
 ( 1.000000000000000000, 0.8722770373948893763, 1.000000000000000000),
 ( 1.000000000000000000, 0.8705314274445974387, 1.000000000000000000),
 ( 1.000000000000000000, 0.8698754388784495362, 1.000000000000000000),
 ( 1.000000000000000000, 0.8684345581049632834, 1.000000000000000000),
 ( 1.000000000000000000, 0.8676483411356820108, 1.000000000000000000),
 ( 1.000000000000000000, 0.8634007750504310019, 1.000000000000000000),
 ( 1.000000000000000000, 0.8589947524267156354, 1.000000000000000000),
 ( 1.000000000000000000, 0.8510433862315938125, 1.000000000000000000),
 ( 1.000000000000000000, 0.8481613605958480129, 1.000000000000000000),
 ( 1.000000000000000000, 0.8420792681966160487, 1.000000000000000000),
 ( 1.000000000000000000, 0.8388687064703805873, 1.000000000000000000),
 ( 1.000000000000000000, 0.8287901406697597562, 1.000000000000000000),
 ( 1.000000000000000000, 0.8214746051279381289, 1.000000000000000000),
 ( 1.000000000000000000, 0.8137184430976492910, 1.000000000000000000) ) ) 
 REPRESENTATION_ITEM ( '' )  SURFACE ( )  );
#3970 = CARTESIAN_POINT ( 'NONE',  ( -18.67412342829724281, 6.657430893408906591, 14.39851377333790339 ) ) ;
#3971 = CARTESIAN_POINT ( 'NONE',  ( 17.33414519934747844, 6.695652173913040350, 24.80810656615383891 ) ) ;
#3972 = CARTESIAN_POINT ( 'NONE',  ( 2.849262866032828079, 3.095589779309509737, 20.94848551893943878 ) ) ;
#3973 = EDGE_CURVE ( 'NONE', #3305, #3300, #5370, .T. ) ;
#3974 = EDGE_LOOP ( 'NONE', ( #1310, #967 ) ) ;
#3975 = VERTEX_POINT ( 'NONE', #2168 ) ;
#3976 = CARTESIAN_POINT ( 'NONE',  ( -18.39630743690308279, 7.000531048276417145, -24.80019075657040872 ) ) ;
#3977 = B_SPLINE_CURVE_WITH_KNOTS ( 'NONE', 3,
 ( #4528, #2239, #289, #3130, #2636, #2272 ),
 .UNSPECIFIED., .F., .F.,
 ( 4, 2, 4 ),
 ( 2.168404344971008868E-18, 0.004562957670508654973, 0.009125915341017308210 ),
 .UNSPECIFIED. ) ;
#3978 = CARTESIAN_POINT ( 'NONE',  ( 13.45062372038671228, 4.011724739695136321, 2.593448225856193279 ) ) ;
#3979 = CARTESIAN_POINT ( 'NONE',  ( 13.67492136135795988, 4.609663950906297991, -2.996734521473028767 ) ) ;
#3980 = B_SPLINE_CURVE_WITH_KNOTS ( 'NONE', 3,
 ( #2462, #1192, #1597, #3485, #1655, #3544, #3074, #5363, #2004, #4967, #2956, #3885, #5771, #1529 ),
 .UNSPECIFIED., .F., .F.,
 ( 4, 2, 2, 2, 2, 2, 4 ),
 ( 0.01800195216687276722, 0.01980706511277302226, 0.02161217805867327729, 0.02341729100457353580, 0.02522240395047379083, 0.02883262984227429049, 0.03244285573407479362 ),
 .UNSPECIFIED. ) ;
#3981 = DIRECTION ( 'NONE',  ( -0.000000000000000000, 1.000000000000000000, -0.000000000000000000 ) ) ;
#3982 = CARTESIAN_POINT ( 'NONE',  ( -29.66290462283898677, 4.804765298758449710, -4.990264707291514945 ) ) ;
#3983 = ORIENTED_EDGE ( 'NONE', *, *, #4076, .F. ) ;
#3984 = ORIENTED_EDGE ( 'NONE', *, *, #6024, .T. ) ;
#3985 = CARTESIAN_POINT ( 'NONE',  ( 4.000000000000000000, 2.000000000000000000, 22.00000000000000000 ) ) ;
#3986 = CARTESIAN_POINT ( 'NONE',  ( -24.53200000000000003, -3.500000000000000000, 0.000000000000000000 ) ) ;
#3987 = CARTESIAN_POINT ( 'NONE',  ( -10.75961796135494275, 4.384539331415965968, 26.44888184441958501 ) ) ;
#3988 = CARTESIAN_POINT ( 'NONE',  ( -50.48790271918001338, 4.685584361701828904, -3.908229742256117856 ) ) ;
#3989 = ORIENTED_EDGE ( 'NONE', *, *, #1536, .T. ) ;
#3990 = CARTESIAN_POINT ( 'NONE',  ( -19.03200000000000003, 0.000000000000000000, -4.000000000000000000 ) ) ;
#3991 = CARTESIAN_POINT ( 'NONE',  ( 0.000000000000000000, 3.603966959366334155, -25.15383195248298520 ) ) ;
#3992 = DIRECTION ( 'NONE',  ( 0.000000000000000000, 0.000000000000000000, 1.000000000000000000 ) ) ;
#3993 = CARTESIAN_POINT ( 'NONE',  ( -8.405412654225253632, 3.827817834924806650, -26.81399895588280557 ) ) ;
#3994 = CARTESIAN_POINT ( 'NONE',  ( -2.762810701731931662, 3.089698490677952769, 21.19991950171907646 ) ) ;
#3995 = CARTESIAN_POINT ( 'NONE',  ( 2.704075169879980312, 3.064566003111782511, -26.15922313301128455 ) ) ;
#3996 = CARTESIAN_POINT ( 'NONE',  ( -16.73827129618417331, 6.329817772286777888, 15.63788524217233444 ) ) ;
#3997 = CARTESIAN_POINT ( 'NONE',  ( 19.26628566603008963, 7.558751421067396947, 24.27956878429511889 ) ) ;
#3998 = EDGE_CURVE ( 'NONE', #901, #1574, #3471, .T. ) ;
#3999 = DIRECTION ( 'NONE',  ( 0.000000000000000000, 0.000000000000000000, -1.000000000000000000 ) ) ;
#4000 = ADVANCED_FACE ( 'NONE', ( #4892 ), #3149, .F. ) ;
#4001 = ORIENTED_EDGE ( 'NONE', *, *, #2464, .T. ) ;
#4002 = B_SPLINE_CURVE_WITH_KNOTS ( 'NONE', 3,
 ( #4985, #772, #1208, #4929, #3032, #3122, #687, #1642, #2203, #226 ),
 .UNSPECIFIED., .F., .F.,
 ( 4, 2, 2, 2, 4 ),
 ( 8.673617379884035472E-19, 0.0008498121613362977569, 0.001699624322672594647, 0.003399248645345191461, 0.006798497290690382056 ),
 .UNSPECIFIED. ) ;
#4003 =( BOUNDED_SURFACE ( )  B_SPLINE_SURFACE ( 3, 2, ( 
 ( #4497, #3698, #260 ),
 ( #318, #3605, #5485 ),
 ( #2702, #4039, #3100 ),
 ( #5027, #2151, #4994 ),
 ( #2676, #5518, #382 ),
 ( #3223, #3194, #5923 ),
 ( #4624, #2732, #749 ),
 ( #1249, #1687, #4563 ) ),
 .UNSPECIFIED., .F., .F., .T. ) 
 B_SPLINE_SURFACE_WITH_KNOTS ( ( 4, 2, 2, 4 ),
 ( 3, 3 ),
 ( 0.004529535057498106435, 0.006267083354434310576, 0.008004631651370514717, 0.01147972824524292473 ),
 ( 0.08440980686819705980, 1.000000000000000000 ),
 .UNSPECIFIED. ) 
 GEOMETRIC_REPRESENTATION_ITEM ( )  RATIONAL_B_SPLINE_SURFACE ( (
 ( 0.9494228084482503327, 0.7004068992201101240, 1.000000000000000000),
 ( 0.9556073035694945261, 0.7370406468301539116, 1.000000000000000000),
 ( 0.9609060424841699977, 0.7684276331962605067, 1.000000000000000000),
 ( 0.9702351668692501541, 0.8236885367050630347, 1.000000000000000000),
 ( 0.9742690864051919419, 0.8475833878225430551, 1.000000000000000000),
 ( 0.9848875792888149849, 0.9104818428575344180, 1.000000000000000000),
 ( 0.9899920302745939260, 0.9407179681086522693, 1.000000000000000000),
 ( 0.9935946921799008180, 0.9620582722686430444, 1.000000000000000000) ) ) 
 REPRESENTATION_ITEM ( '' )  SURFACE ( )  );
#4004 = EDGE_LOOP ( 'NONE', ( #868, #1680, #4883, #4392 ) ) ;
#4005 = FACE_OUTER_BOUND ( 'NONE', #1987, .T. ) ;
#4006 = CARTESIAN_POINT ( 'NONE',  ( 19.03014696681248807, 5.324469680847093933, 8.540274166051036175 ) ) ;
#4007 = CARTESIAN_POINT ( 'NONE',  ( 13.88808765396889378, 5.327538590357583814, -13.55192120916491128 ) ) ;
#4008 = CARTESIAN_POINT ( 'NONE',  ( 11.36041882679423587, 4.124364232164005273, -2.103623598080587964 ) ) ;
#4009 = CARTESIAN_POINT ( 'NONE',  ( -10.81411707019201174, 2.262326172866460983, -25.82465234573292534 ) ) ;
#4010 = DIRECTION ( 'NONE',  ( 1.000000000000000000, 0.000000000000000000, 0.000000000000000000 ) ) ;
#4011 = VERTEX_POINT ( 'NONE', #5347 ) ;
#4012 = VERTEX_POINT ( 'NONE', #2131 ) ;
#4013 = DIRECTION ( 'NONE',  ( -0.6145424040403650867, -0.2745199406657816699, -0.7395785528347510462 ) ) ;
#4014 = CARTESIAN_POINT ( 'NONE',  ( -4.049987642186363423, 3.193409495704595980, -26.41872908515743745 ) ) ;
#4015 = CARTESIAN_POINT ( 'NONE',  ( -8.628775466686374074, 3.532964318695909878, 26.78368935489529790 ) ) ;
#4016 = CARTESIAN_POINT ( 'NONE',  ( -50.27877000898469362, 4.780192194502120628, -4.794456995582516257 ) ) ;
#4017 = EDGE_CURVE ( 'NONE', #6041, #1468, #2853, .T. ) ;
#4018 = ORIENTED_EDGE ( 'NONE', *, *, #1500, .F. ) ;
#4019 = ADVANCED_FACE ( 'NONE', ( #648 ), #3753, .F. ) ;
#4020 = CARTESIAN_POINT ( 'NONE',  ( 11.29749686032285183, 4.529076594601921357, -26.17148966787070563 ) ) ;
#4021 = DIRECTION ( 'NONE',  ( 1.000000000000000000, 0.000000000000000000, 0.000000000000000000 ) ) ;
#4022 = CARTESIAN_POINT ( 'NONE',  ( -11.37724389698393779, 4.398845855716131403, -26.42590409671763041 ) ) ;
#4023 = VECTOR ( 'NONE', #4517, 1000.000000000000000 ) ;
#4024 = AXIS2_PLACEMENT_3D ( 'NONE', #3661, #3186, #5076 ) ;
#4025 = CARTESIAN_POINT ( 'NONE',  ( 49.41293383174034659, 5.053670982569574477, 7.696569776572648180 ) ) ;
#4026 = CARTESIAN_POINT ( 'NONE',  ( 8.605557941611628792, 3.540640725163875402, -26.76662317732634833 ) ) ;
#4027 = FACE_OUTER_BOUND ( 'NONE', #483, .T. ) ;
#4028 = CARTESIAN_POINT ( 'NONE',  ( -17.37186733651576986, 5.427815667501811880, 9.017070090082338396 ) ) ;
#4029 = FACE_BOUND ( 'NONE', #2236, .T. ) ;
#4030 = AXIS2_PLACEMENT_3D ( 'NONE', #140, #2490, #4402 ) ;
#4031 = ORIENTED_EDGE ( 'NONE', *, *, #331, .T. ) ;
#4032 = ORIENTED_EDGE ( 'NONE', *, *, #3055, .T. ) ;
#4033 = CARTESIAN_POINT ( 'NONE',  ( -19.32271941017392436, 7.458305445716447046, -24.51414156552244705 ) ) ;
#4034 = CIRCLE ( 'NONE', #766, 0.2999999999999981015 ) ;
#4035 = CARTESIAN_POINT ( 'NONE',  ( 15.85848011521126821, 4.821142783647852426, 9.588980129517116424 ) ) ;
#4036 = CARTESIAN_POINT ( 'NONE',  ( 18.57281543609955676, 7.157942287094015477, -14.73621317798503583 ) ) ;
#4037 = FACE_OUTER_BOUND ( 'NONE', #1040, .T. ) ;
#4038 = CARTESIAN_POINT ( 'NONE',  ( -8.652450660814631433, 2.754389221855224168, -26.80877844370981222 ) ) ;
#4039 = CARTESIAN_POINT ( 'NONE',  ( 9.760722324958251761, 2.806108142696371655, 26.91221628539412336 ) ) ;
#4040 = VECTOR ( 'NONE', #6036, 1000.000000000000000 ) ;
#4041 = EDGE_LOOP ( 'NONE', ( #4911, #632, #1995, #1160, #229 ) ) ;
#4042 = ORIENTED_EDGE ( 'NONE', *, *, #1347, .F. ) ;
#4043 = LINE ( 'NONE', #4912, #5509 ) ;
#4044 = DIRECTION ( 'NONE',  ( 0.000000000000000000, 0.000000000000000000, 1.000000000000000000 ) ) ;
#4045 = FACE_OUTER_BOUND ( 'NONE', #2219, .T. ) ;
#4046 = CIRCLE ( 'NONE', #2169, 15.00000000000000000 ) ;
#4047 = CARTESIAN_POINT ( 'NONE',  ( -48.36557699933538146, 5.530833601060345828, -9.151935396212003582 ) ) ;
#4048 = EDGE_LOOP ( 'NONE', ( #4847, #1211, #1556, #2514 ) ) ;
#4049 = CIRCLE ( 'NONE', #1177, 15.09999999999999964 ) ;
#4050 = DIRECTION ( 'NONE',  ( -1.000000000000000000, 0.000000000000000000, 0.000000000000000000 ) ) ;
#4051 = CARTESIAN_POINT ( 'NONE',  ( -11.35978167319632171, 4.545414817458188317, -8.138328936536050051 ) ) ;
#4052 = CARTESIAN_POINT ( 'NONE',  ( -7.966486082275218372, 2.344335799863241920, 25.98867159972648722 ) ) ;
#4053 = CARTESIAN_POINT ( 'NONE',  ( -1.571017400774379569, 0.01507871469877959322, 20.32249844120248383 ) ) ;
#4054 = TOROIDAL_SURFACE ( 'NONE', #5233, 25.15383195248298520, 1.500000000000000000 ) ;
#4055 = CIRCLE ( 'NONE', #2087, 0.2999999999999999889 ) ;
#4056 = CARTESIAN_POINT ( 'NONE',  ( 3.646763110490899962, 0.6931402384323088750, 22.68628047686461713 ) ) ;
#4057 = DIRECTION ( 'NONE',  ( -0.8847611571602906899, 0.3952283500213534806, 0.2469660829340376562 ) ) ;
#4058 = DIRECTION ( 'NONE',  ( -0.9778480890251206592, 0.09360888290105814913, 0.1872177658021151048 ) ) ;
#4059 = LINE ( 'NONE', #626, #598 ) ;
#4060 = CARTESIAN_POINT ( 'NONE',  ( -17.33414519934747489, 6.695652173913044791, 24.80810656615384246 ) ) ;
#4061 = DIRECTION ( 'NONE',  ( 0.000000000000000000, -0.000000000000000000, -1.000000000000000000 ) ) ;
#4062 = DIRECTION ( 'NONE',  ( 0.000000000000000000, 1.000000000000000000, -0.000000000000000000 ) ) ;
#4063 = EDGE_LOOP ( 'NONE', ( #589, #6017, #5146, #3521 ) ) ;
#4064 = ORIENTED_EDGE ( 'NONE', *, *, #2018, .F. ) ;
#4065 = CARTESIAN_POINT ( 'NONE',  ( 2.234980408443919215E-15, 4.450000000000000178, -18.25000000000000000 ) ) ;
#4066 = CARTESIAN_POINT ( 'NONE',  ( -10.29892779071722053, 4.266735681471802266, -4.888966574700754464 ) ) ;
#4067 = LINE ( 'NONE', #5482, #1437 ) ;
#4068 = CARTESIAN_POINT ( 'NONE',  ( 19.59326943070153959, 6.301537979006296197, 12.13529106167842997 ) ) ;
#4069 = CARTESIAN_POINT ( 'NONE',  ( 2.364576677641247580E-13, 2.875499914012058511, 17.00000000000000000 ) ) ;
#4070 = CARTESIAN_POINT ( 'NONE',  ( 4.000000000000000000, 2.000000000000000000, 22.00000000000000000 ) ) ;
#4071 = ORIENTED_EDGE ( 'NONE', *, *, #2333, .T. ) ;
#4072 = VERTEX_POINT ( 'NONE', #2291 ) ;
#4073 = CARTESIAN_POINT ( 'NONE',  ( 4.049987642171971380, 3.193409495703210421, 26.41872908515463436 ) ) ;
#4074 = DIRECTION ( 'NONE',  ( 0.000000000000000000, 0.000000000000000000, 1.000000000000000000 ) ) ;
#4075 = CARTESIAN_POINT ( 'NONE',  ( -38.55695607195518448, 8.000000000000000000, -19.48717526990507309 ) ) ;
#4076 = EDGE_CURVE ( 'NONE', #4820, #2704, #5225, .T. ) ;
#4077 = EDGE_CURVE ( 'NONE', #5050, #207, #292, .T. ) ;
#4078 = ORIENTED_EDGE ( 'NONE', *, *, #6013, .T. ) ;
#4079 = ORIENTED_EDGE ( 'NONE', *, *, #4289, .F. ) ;
#4080 = DIRECTION ( 'NONE',  ( -0.000000000000000000, 1.000000000000000000, -0.000000000000000000 ) ) ;
#4081 = ADVANCED_FACE ( 'NONE', ( #1800 ), #5098, .T. ) ;
#4082 = CARTESIAN_POINT ( 'NONE',  ( 0.000000000000000000, 41.50000000000000000, 6.500000000000000000 ) ) ;
#4083 = CARTESIAN_POINT ( 'NONE',  ( 4.613387459375089428, 3.250185086481890639, 26.50108355380911007 ) ) ;
#4084 = LINE ( 'NONE', #27, #5329 ) ;
#4085 = CARTESIAN_POINT ( 'NONE',  ( 2.610154840039090374, 3.080171349453702412, -17.36561656111135576 ) ) ;
#4086 = CARTESIAN_POINT ( 'NONE',  ( 13.39696833614438809, 5.109458172359063077, -25.98186423894847508 ) ) ;
#4087 = DATE_AND_TIME ( #401, #4751 ) ;
#4088 = CARTESIAN_POINT ( 'NONE',  ( -15.48882298469331786, 5.701739534380765306, 25.61176576812371408 ) ) ;
#4089 = DIRECTION ( 'NONE',  ( 0.000000000000000000, 0.000000000000000000, 1.000000000000000000 ) ) ;
#4090 = CARTESIAN_POINT ( 'NONE',  ( -49.58138094612235847, 5.009390974379984485, 6.467370443389273582 ) ) ;
#4091 = EDGE_CURVE ( 'NONE', #2634, #4505, #3252, .T. ) ;
#4092 = EDGE_LOOP ( 'NONE', ( #2932, #5554 ) ) ;
#4093 = DIRECTION ( 'NONE',  ( 0.000000000000000000, -1.000000000000000000, 0.000000000000000000 ) ) ;
#4094 = CARTESIAN_POINT ( 'NONE',  ( -24.53200000000000003, -4.000000000000000000, 7.500000000000000000 ) ) ;
#4095 = DIRECTION ( 'NONE',  ( 1.000000000000000000, 0.000000000000000000, 0.000000000000000000 ) ) ;
#4096 = CARTESIAN_POINT ( 'NONE',  ( 21.36351267017407451, 7.890277833543123620, -24.24421525949947309 ) ) ;
#4097 = FACE_OUTER_BOUND ( 'NONE', #725, .T. ) ;
#4098 = DIRECTION ( 'NONE',  ( 0.2658234555370091456, -0.9640217271858366743, 0.000000000000000000 ) ) ;
#4099 = VERTEX_POINT ( 'NONE', #364 ) ;
#4100 = VERTEX_POINT ( 'NONE', #5988 ) ;
#4101 = CARTESIAN_POINT ( 'NONE',  ( -45.52614393866357290, 6.631971717596836235, -13.68030477921608856 ) ) ;
#4102 = CARTESIAN_POINT ( 'NONE',  ( 24.53200000000000003, 0.5000000000000000000, 0.000000000000000000 ) ) ;
#4103 = CARTESIAN_POINT ( 'NONE',  ( -4.685191870602866793, 0.5228706788421432217, 22.33803595268229358 ) ) ;
#4104 = CARTESIAN_POINT ( 'NONE',  ( -42.65611503887043909, 7.747703937052983214, -16.11339008071696810 ) ) ;
#4105 = ORIENTED_EDGE ( 'NONE', *, *, #3214, .T. ) ;
#4106 = EDGE_CURVE ( 'NONE', #3919, #2089, #3536, .T. ) ;
#4107 = CARTESIAN_POINT ( 'NONE',  ( 10.81411707019199753, 4.209896778478515067, -26.52600142245041681 ) ) ;
#4108 = CARTESIAN_POINT ( 'NONE',  ( 0.000000000000000000, 4.450000000000000178, 20.00000000000000000 ) ) ;
#4109 = EDGE_CURVE ( 'NONE', #949, #2457, #582, .T. ) ;
#4110 = CARTESIAN_POINT ( 'NONE',  ( -4.182110362163176553, 3.146350203121557776, 27.13334144816581883 ) ) ;
#4111 = CARTESIAN_POINT ( 'NONE',  ( 4.329610126499652267, 3.220177608956912518, -26.47264321443741153 ) ) ;
#4112 = DIRECTION ( 'NONE',  ( -0.000000000000000000, -1.000000000000000000, -0.000000000000000000 ) ) ;
#4113 = CARTESIAN_POINT ( 'NONE',  ( -12.08872159541699887, 4.584589921369634169, -4.192748047035122383 ) ) ;
#4114 = CIRCLE ( 'NONE', #1156, 1.500000000000001332 ) ;
#4115 = CALENDAR_DATE ( 2025, 16, 11 ) ;
#4116 = CARTESIAN_POINT ( 'NONE',  ( 49.16688289006764023, 5.190825823013058837, 7.572267315140707389 ) ) ;
#4117 = CARTESIAN_POINT ( 'NONE',  ( -50.80675604738460294, 4.540288357828419663, -1.817218164931620361 ) ) ;
#4118 = CIRCLE ( 'NONE', #2935, 2.099999999999999645 ) ;
#4119 = ORIENTED_EDGE ( 'NONE', *, *, #326, .F. ) ;
#4120 = CARTESIAN_POINT ( 'NONE',  ( 1.358736407281314618, 2.766478390796002884, 16.41603579290613979 ) ) ;
#4121 = CARTESIAN_POINT ( 'NONE',  ( 5.817072295949929004E-15, 2.431671842700017905, -26.16334368540003652 ) ) ;
#4122 = DIRECTION ( 'NONE',  ( 0.000000000000000000, 0.000000000000000000, -1.000000000000000000 ) ) ;
#4123 = CARTESIAN_POINT ( 'NONE',  ( -10.73831718418596459, 4.378976860347737698, 26.25156752845692765 ) ) ;
#4124 = CIRCLE ( 'NONE', #1449, 26.42590409671763396 ) ;
#4125 = CARTESIAN_POINT ( 'NONE',  ( 21.42273704083552488, 4.652344180508453775, -3.537837459518446082 ) ) ;
#4126 = CARTESIAN_POINT ( 'NONE',  ( 10.91931459049447106, 4.421691127246619502, -4.742965054583630824 ) ) ;
#4127 = B_SPLINE_CURVE_WITH_KNOTS ( 'NONE', 3,
 ( #947, #5687, #3830, #517, #5719, #5661, #4318, #3367 ),
 .UNSPECIFIED., .F., .F.,
 ( 4, 2, 2, 4 ),
 ( 0.01878988763773303816, 0.02565703273631528628, 0.02909060528560641207, 0.03252417783489753439 ),
 .UNSPECIFIED. ) ;
#4128 = ORIENTED_EDGE ( 'NONE', *, *, #360, .T. ) ;
#4129 = EDGE_LOOP ( 'NONE', ( #2535, #1284, #610, #3887 ) ) ;
#4130 = EDGE_CURVE ( 'NONE', #3321, #1599, #3845, .T. ) ;
#4131 = ORIENTED_EDGE ( 'NONE', *, *, #397, .T. ) ;
#4132 = CARTESIAN_POINT ( 'NONE',  ( -2.704085441248172739, 3.064566986384452463, 26.15922511343809020 ) ) ;
#4133 = FACE_OUTER_BOUND ( 'NONE', #2769, .T. ) ;
#4134 = DIRECTION ( 'NONE',  ( -0.000000000000000000, 1.000000000000000000, -0.000000000000000000 ) ) ;
#4135 = CARTESIAN_POINT ( 'NONE',  ( -19.22989025820501752, 4.776118818957921341, -4.751019249667261413 ) ) ;
#4136 = AXIS2_PLACEMENT_3D ( 'NONE', #1805, #3718, #5570 ) ;
#4137 = ORIENTED_EDGE ( 'NONE', *, *, #4391, .T. ) ;
#4138 = CIRCLE ( 'NONE', #1466, 0.3000000000000016542 ) ;
#4139 = CARTESIAN_POINT ( 'NONE',  ( -23.45207879911714244, -7.000000000000000888, 19.48717526990507665 ) ) ;
#4140 = DIRECTION ( 'NONE',  ( 0.000000000000000000, 0.000000000000000000, 1.000000000000000000 ) ) ;
#4141 = CARTESIAN_POINT ( 'NONE',  ( 50.72730845394232801, 4.500015815813982911, -0.6022147919761979828 ) ) ;
#4142 = VECTOR ( 'NONE', #54, 1000.000000000000000 ) ;
#4143 = DIRECTION ( 'NONE',  ( -0.8847611571602921332, 0.3952283500213529255, -0.2469660829340339647 ) ) ;
#4144 = CARTESIAN_POINT ( 'NONE',  ( -10.45899354931754743, 4.300551820291111937, -3.880667531518076530 ) ) ;
#4145 = AXIS2_PLACEMENT_3D ( 'NONE', #5980, #1196, #4569 ) ;
#4146 = CALENDAR_DATE ( 2025, 16, 11 ) ;
#4147 = CARTESIAN_POINT ( 'NONE',  ( 24.53200000000000003, 2.999999999999997335, 0.000000000000000000 ) ) ;
#4148 = CARTESIAN_POINT ( 'NONE',  ( 42.84269126023932017, 7.613376327135835453, -16.35535969866635497 ) ) ;
#4149 = EDGE_CURVE ( 'NONE', #5519, #3585, #765, .T. ) ;
#4150 = B_SPLINE_CURVE_WITH_KNOTS ( 'NONE', 3,
 ( #3340, #2356, #5222, #4769, #5190, #2414, #1514, #2938, #2046, #4360 ),
 .UNSPECIFIED., .F., .F.,
 ( 4, 2, 2, 2, 4 ),
 ( 0.000000000000000000, 0.003402334815115543119, 0.005103502222673317497, 0.005954085926452205337, 0.006804669630231092309 ),
 .UNSPECIFIED. ) ;
#4151 = DIRECTION ( 'NONE',  ( -0.000000000000000000, -1.000000000000000000, -0.000000000000000000 ) ) ;
#4152 = EDGE_CURVE ( 'NONE', #2618, #3124, #4548, .T. ) ;
#4153 = AXIS2_PLACEMENT_3D ( 'NONE', #2483, #1019, #3408 ) ;
#4154 = ADVANCED_FACE ( 'NONE', ( #5965 ), #4803, .T. ) ;
#4155 = ORIENTED_EDGE ( 'NONE', *, *, #3891, .T. ) ;
#4156 = CARTESIAN_POINT ( 'NONE',  ( -46.08044932397378801, 6.459909235007401662, 12.56271750529480258 ) ) ;
#4157 = CARTESIAN_POINT ( 'NONE',  ( -8.038949161913825137, 3.392902588752446214, -26.79929784106630208 ) ) ;
#4158 = DIRECTION ( 'NONE',  ( 0.000000000000000000, 0.000000000000000000, -1.000000000000000000 ) ) ;
#4159 = EDGE_CURVE ( 'NONE', #3305, #2958, #4046, .T. ) ;
#4160 = CARTESIAN_POINT ( 'NONE',  ( -44.68328546888272257, 6.940225779269960427, -14.52052555676732837 ) ) ;
#4161 = FACE_OUTER_BOUND ( 'NONE', #1413, .T. ) ;
#4162 = ORIENTED_EDGE ( 'NONE', *, *, #2227, .F. ) ;
#4163 = ORIENTED_EDGE ( 'NONE', *, *, #4939, .F. ) ;
#4164 = ORIENTED_EDGE ( 'NONE', *, *, #2792, .T. ) ;
#4165 = CARTESIAN_POINT ( 'NONE',  ( 16.48870146867638198, 6.035184770475728655, 14.88907993692587439 ) ) ;
#4166 = CARTESIAN_POINT ( 'NONE',  ( -24.53200000000000003, 3.603966959366334599, 0.000000000000000000 ) ) ;
#4167 = CARTESIAN_POINT ( 'NONE',  ( 44.68328546888272257, 6.940225779269961315, 14.52052555676732837 ) ) ;
#4168 =( BOUNDED_SURFACE ( )  B_SPLINE_SURFACE ( 3, 2, ( 
 ( #5699, #2391, #5230 ),
 ( #992, #2885, #4774 ),
 ( #4333, #3003, #4461 ),
 ( #2945, #225, #5325 ),
 ( #3501, #2112, #4844 ),
 ( #1992, #1147, #3064 ),
 ( #1092, #3996, #2510 ),
 ( #1057, #712, #3875 ),
 ( #4428, #5379, #2975 ),
 ( #1120, #3409, #4957 ),
 ( #1641, #4488, #4897 ),
 ( #5762, #1520, #657 ),
 ( #5851, #2540, #2084 ),
 ( #3031, #195, #5290 ),
 ( #2024, #1587, #3970 ),
 ( #1610, #3477, #5352 ),
 ( #594, #1180, #2600 ),
 ( #3531, #3937, #4928 ),
 ( #134, #5875, #2484 ),
 ( #686, #4368, #5790 ),
 ( #2571, #5408, #3907 ),
 ( #1552, #3445, #4872 ) ),
 .UNSPECIFIED., .F., .F., .T. ) 
 B_SPLINE_SURFACE_WITH_KNOTS ( ( 4, 2, 2, 2, 2, 2, 2, 2, 2, 2, 4 ),
 ( 3, 3 ),
 ( 0.000000000000000000, 0.0003014283720875395598, 0.0006028567441750791196, 0.0009042851162626186793, 0.001205713488350158239, 0.001507141860437697690, 0.001808570232525237359, 0.002109998604612777027, 0.002411426976700316478, 0.003617140465050474717, 0.004822853953400632956 ),
 ( 0.000000000000000000, 1.000000000000000000 ),
 .UNSPECIFIED. ) 
 GEOMETRIC_REPRESENTATION_ITEM ( )  RATIONAL_B_SPLINE_SURFACE ( (
 ( 1.000000000000000000, 0.9936803846721169453, 1.000000000000000000),
 ( 1.000000000000000000, 0.9940693371979609783, 1.000000000000000000),
 ( 1.000000000000000000, 0.9944088320070608722, 1.000000000000000000),
 ( 1.000000000000000000, 0.9949567778302189636, 1.000000000000000000),
 ( 1.000000000000000000, 0.9951653769298037799, 1.000000000000000000),
 ( 1.000000000000000000, 0.9953980524678979203, 1.000000000000000000),
 ( 1.000000000000000000, 0.9954262256726037483, 1.000000000000000000),
 ( 1.000000000000000000, 0.9952915745120379798, 1.000000000000000000),
 ( 1.000000000000000000, 0.9951311383781843434, 1.000000000000000000),
 ( 1.000000000000000000, 0.9946561518698057158, 1.000000000000000000),
 ( 1.000000000000000000, 0.9943392773070374169, 1.000000000000000000),
 ( 1.000000000000000000, 0.9936098462343814219, 1.000000000000000000),
 ( 1.000000000000000000, 0.9931947639859809440, 1.000000000000000000),
 ( 1.000000000000000000, 0.9922903102845695988, 1.000000000000000000),
 ( 1.000000000000000000, 0.9918002202049205351, 1.000000000000000000),
 ( 1.000000000000000000, 0.9907868888370510163, 1.000000000000000000),
 ( 1.000000000000000000, 0.9902606836549383562, 1.000000000000000000),
 ( 1.000000000000000000, 0.9875614680679878354, 1.000000000000000000),
 ( 1.000000000000000000, 0.9851888119450601389, 1.000000000000000000),
 ( 1.000000000000000000, 0.9804870765039620517, 1.000000000000000000),
 ( 1.000000000000000000, 0.9781321453587610293, 1.000000000000000000),
 ( 1.000000000000000000, 0.9758300207388432845, 1.000000000000000000) ) ) 
 REPRESENTATION_ITEM ( '' )  SURFACE ( )  );
#4169 = CARTESIAN_POINT ( 'NONE',  ( -19.03200000000000713, 4.705165228110921305, -4.097693456061535677 ) ) ;
#4170 = VERTEX_POINT ( 'NONE', #3895 ) ;
#4171 = CARTESIAN_POINT ( 'NONE',  ( -0.8867032121252121923, 3.008924430693179275, -15.64064138086870415 ) ) ;
#4172 = FACE_OUTER_BOUND ( 'NONE', #3794, .T. ) ;
#4173 = CARTESIAN_POINT ( 'NONE',  ( 12.72559692478970206, 3.976370727014816531, 0.8112433197907836790 ) ) ;
#4174 = CARTESIAN_POINT ( 'NONE',  ( 8.534096171310919132, 3.850203386039436459, 26.47840169854208625 ) ) ;
#4175 = DIRECTION ( 'NONE',  ( 0.000000000000000000, 0.000000000000000000, -1.000000000000000000 ) ) ;
#4176 = CARTESIAN_POINT ( 'NONE',  ( -44.68328546888272257, 6.940225779269962203, 14.52052555676733014 ) ) ;
#4177 = PERSON_AND_ORGANIZATION_ROLE ( 'creator' ) ;
#4178 = CARTESIAN_POINT ( 'NONE',  ( 50.02705009273078218, 4.784647282327810558, -6.000961321215931399 ) ) ;
#4179 = DIRECTION ( 'NONE',  ( 0.000000000000000000, 0.000000000000000000, 1.000000000000000000 ) ) ;
#4180 = ORIENTED_EDGE ( 'NONE', *, *, #5891, .T. ) ;
#4181 = CARTESIAN_POINT ( 'NONE',  ( -47.69635095662374624, 5.776170192444227247, 10.87928353115935920 ) ) ;
#4182 = ADVANCED_FACE ( 'NONE', ( #94 ), #1440, .F. ) ;
#4183 = CARTESIAN_POINT ( 'NONE',  ( -18.28695545146035784, 6.692638896272756099, 15.04979132215747306 ) ) ;
#4184 = CARTESIAN_POINT ( 'NONE',  ( -23.45207879911715310, 7.062500000000001776, 14.26739617975192331 ) ) ;
#4185 = CARTESIAN_POINT ( 'NONE',  ( 44.47687577975150930, 7.062499999999999112, -14.26739617975193042 ) ) ;
#4186 = EDGE_CURVE ( 'NONE', #3793, #5186, #1670, .T. ) ;
#4187 = CARTESIAN_POINT ( 'NONE',  ( -40.88307785913187331, 7.858975781525119331, -18.12651484555916070 ) ) ;
#4188 = ORIENTED_EDGE ( 'NONE', *, *, #5430, .T. ) ;
#4189 = ORIENTED_EDGE ( 'NONE', *, *, #2651, .F. ) ;
#4190 = VERTEX_POINT ( 'NONE', #5778 ) ;
#4191 = CARTESIAN_POINT ( 'NONE',  ( 17.04894649747045321, 6.480237655898337223, 16.35378694037094505 ) ) ;
#4192 = LINE ( 'NONE', #5524, #5334 ) ;
#4193 = CARTESIAN_POINT ( 'NONE',  ( -3.817634452169238024, 0.7250000000000021982, 22.75000000000000000 ) ) ;
#4194 = CARTESIAN_POINT ( 'NONE',  ( 24.53200000000000003, 0.000000000000000000, 7.900000000000000355 ) ) ;
#4195 = ORIENTED_EDGE ( 'NONE', *, *, #2791, .T. ) ;
#4196 = CARTESIAN_POINT ( 'NONE',  ( -16.49992192823324544, 5.470395395247547476, 11.94244139953826789 ) ) ;
#4197 =( BOUNDED_CURVE ( )  B_SPLINE_CURVE ( 3, ( #2143, #5359, #5918, #231 ),
 .UNSPECIFIED., .F., .T. ) 
 B_SPLINE_CURVE_WITH_KNOTS ( ( 4, 4 ),
 ( 5.863073829037108275, 6.014127297592444243 ),
 .UNSPECIFIED. ) 
 CURVE ( )  GEOMETRIC_REPRESENTATION_ITEM ( )  RATIONAL_B_SPLINE_CURVE ( ( 1.000000000000000000, 0.9980994744895197446, 0.9980994744895197446, 1.000000000000000000 ) ) 
 REPRESENTATION_ITEM ( '' )  );
#4198 = CARTESIAN_POINT ( 'NONE',  ( -2.386556272021287839, 3.066941170569234654, -16.87175850413509437 ) ) ;
#4199 = CARTESIAN_POINT ( 'NONE',  ( -13.36239391171858948, 5.098460099196302941, -25.81318790541517316 ) ) ;
#4200 = DIRECTION ( 'NONE',  ( 0.000000000000000000, -1.000000000000000000, 0.000000000000000000 ) ) ;
#4201 = CARTESIAN_POINT ( 'NONE',  ( 6.299027575515599331, 3.465571411553687309, 26.56562060090583088 ) ) ;
#4202 = EDGE_CURVE ( 'NONE', #157, #4099, #4127, .T. ) ;
#4203 = EDGE_CURVE ( 'NONE', #3283, #1945, #2, .T. ) ;
#4204 = CARTESIAN_POINT ( 'NONE',  ( 11.32446113086579942, 4.536511837366301592, -26.33988084398393070 ) ) ;
#4205 = CALENDAR_DATE ( 2025, 16, 11 ) ;
#4206 = CARTESIAN_POINT ( 'NONE',  ( 50.83496218156096091, 4.425562655346080732, -2.445436867308960593 ) ) ;
#4207 = CARTESIAN_POINT ( 'NONE',  ( 1.959434878635764984E-16, 0.000000000000000000, 18.40000000000000213 ) ) ;
#4208 = CARTESIAN_POINT ( 'NONE',  ( 23.45207879911716731, 7.858975779269959716, -24.26377495386450533 ) ) ;
#4209 = CIRCLE ( 'NONE', #2041, 5.000000000000000000 ) ;
#4210 = ORIENTED_EDGE ( 'NONE', *, *, #3662, .T. ) ;
#4211 = CARTESIAN_POINT ( 'NONE',  ( -44.63274191430753035, 7.113677662846301430, 14.40527287363994624 ) ) ;
#4212 = DIRECTION ( 'NONE',  ( -0.000000000000000000, -1.000000000000000000, -0.000000000000000000 ) ) ;
#4213 = CARTESIAN_POINT ( 'NONE',  ( -24.53200000000000003, 7.858975779269965045, 0.000000000000000000 ) ) ;
#4214 = CARTESIAN_POINT ( 'NONE',  ( 10.19795791041534905, 4.004316704202504518, -2.990805478917433646 ) ) ;
#4215 = DIRECTION ( 'NONE',  ( -0.000000000000000000, 1.000000000000000000, -0.000000000000000000 ) ) ;
#4216 = CIRCLE ( 'NONE', #5301, 7.500000000000000000 ) ;
#4217 = ORIENTED_EDGE ( 'NONE', *, *, #3628, .T. ) ;
#4218 = AXIS2_PLACEMENT_3D ( 'NONE', #4139, #6019, #1322 ) ;
#4219 = VERTEX_POINT ( 'NONE', #5214 ) ;
#4220 = ORIENTED_EDGE ( 'NONE', *, *, #617, .T. ) ;
#4221 = CARTESIAN_POINT ( 'NONE',  ( 18.08613787468033252, 6.228521435378066684, 12.11782201209224397 ) ) ;
#4222 = AXIS2_PLACEMENT_3D ( 'NONE', #890, #2780, #426 ) ;
#4223 = CARTESIAN_POINT ( 'NONE',  ( -50.69905784360727807, 4.513249167047247212, -1.202302490957237735 ) ) ;
#4224 = FACE_OUTER_BOUND ( 'NONE', #743, .T. ) ;
#4225 = CARTESIAN_POINT ( 'NONE',  ( 38.55695607195518448, 7.700000000000000178, -19.48717526990507309 ) ) ;
#4226 = AXIS2_PLACEMENT_3D ( 'NONE', #4738, #2880, #2849 ) ;
#4227 = ORIENTED_EDGE ( 'NONE', *, *, #5879, .F. ) ;
#4228 = ORIENTED_EDGE ( 'NONE', *, *, #5180, .F. ) ;
#4229 = CARTESIAN_POINT ( 'NONE',  ( 50.89432957107128175, 4.398845855716134956, 1.831935292290213013 ) ) ;
#4230 = CARTESIAN_POINT ( 'NONE',  ( 4.189806668653119459, 3.206794297518661629, -26.44568762959282537 ) ) ;
#4231 = CARTESIAN_POINT ( 'NONE',  ( 0.000000000000000000, 7.858975779269959716, -24.26377495386450533 ) ) ;
#4232 = FACE_BOUND ( 'NONE', #705, .T. ) ;
#4233 = ORIENTED_EDGE ( 'NONE', *, *, #5171, .F. ) ;
#4234 = AXIS2_PLACEMENT_3D ( 'NONE', #2757, #4677, #4089 ) ;
#4235 = CARTESIAN_POINT ( 'NONE',  ( -17.00854879166113776, 6.455908192792618294, -12.70778648262022337 ) ) ;
#4236 = DIRECTION ( 'NONE',  ( 0.000000000000000000, 0.000000000000000000, -1.000000000000000000 ) ) ;
#4237 = CARTESIAN_POINT ( 'NONE',  ( 49.61046360429772761, 4.997099827861440247, 6.468674052778015771 ) ) ;
#4238 = VECTOR ( 'NONE', #5655, 1000.000000000000000 ) ;
#4239 = CARTESIAN_POINT ( 'NONE',  ( 8.623589639415236263, 3.531534653493191289, 26.78409784833101170 ) ) ;
#4240 = ORIENTED_EDGE ( 'NONE', *, *, #5879, .T. ) ;
#4241 = CARTESIAN_POINT ( 'NONE',  ( 11.32446113086581185, 4.536511837366306921, -26.33988084398392715 ) ) ;
#4242 = CARTESIAN_POINT ( 'NONE',  ( -23.45207879911715310, 8.000000000000000000, -24.17565324045341058 ) ) ;
#4243 = DIRECTION ( 'NONE',  ( 1.000000000000000000, 0.000000000000000000, 0.000000000000000000 ) ) ;
#4244 = CARTESIAN_POINT ( 'NONE',  ( -4.049987642186362535, 3.193409495704594647, -26.41872908515743745 ) ) ;
#4245 = CARTESIAN_POINT ( 'NONE',  ( 10.19795791041534905, 4.004316704202504518, -2.990805478917433646 ) ) ;
#4246 = VECTOR ( 'NONE', #22, 1000.000000000000000 ) ;
#4247 = EDGE_LOOP ( 'NONE', ( #2214, #2019, #4137, #295 ) ) ;
#4248 = ORIENTED_EDGE ( 'NONE', *, *, #1418, .T. ) ;
#4249 = VERTEX_POINT ( 'NONE', #2011 ) ;
#4250 = CARTESIAN_POINT ( 'NONE',  ( 19.74501910446730690, 6.097439116085102917, 11.34219378245141208 ) ) ;
#4251 = DIRECTION ( 'NONE',  ( -0.9615867488098278626, 0.2511081369197012969, -0.1108856532021242486 ) ) ;
#4252 = DIRECTION ( 'NONE',  ( 0.000000000000000000, -1.000000000000000000, 0.000000000000000000 ) ) ;
#4253 = CARTESIAN_POINT ( 'NONE',  ( 2.400307726328812296E-15, 1.550000000000000266, -19.59999999999999787 ) ) ;
#4254 = ORIENTED_EDGE ( 'NONE', *, *, #2598, .F. ) ;
#4255 = ORIENTED_EDGE ( 'NONE', *, *, #2018, .T. ) ;
#4256 = LINE ( 'NONE', #2777, #786 ) ;
#4257 = DIRECTION ( 'NONE',  ( -0.000000000000000000, 1.000000000000000000, -0.000000000000000000 ) ) ;
#4258 = DIRECTION ( 'NONE',  ( 0.000000000000000000, 0.000000000000000000, 1.000000000000000000 ) ) ;
#4259 = ADVANCED_FACE ( 'NONE', ( #4232, #3776 ), #490, .T. ) ;
#4260 = CARTESIAN_POINT ( 'NONE',  ( -23.45207879911993842, -6.999999999999998224, 19.48717526990507309 ) ) ;
#4261 = EDGE_CURVE ( 'NONE', #6009, #3352, #5749, .T. ) ;
#4262 = ORIENTED_EDGE ( 'NONE', *, *, #5572, .F. ) ;
#4263 = CARTESIAN_POINT ( 'NONE',  ( -16.23530799404039016, 6.137120033418394627, -11.66165313462371778 ) ) ;
#4264 = DIRECTION ( 'NONE',  ( 0.000000000000000000, -1.000000000000000000, 0.000000000000000000 ) ) ;
#4265 = CARTESIAN_POINT ( 'NONE',  ( 44.47687577975150219, 7.062500000000004441, 14.26739617975192687 ) ) ;
#4266 = CARTESIAN_POINT ( 'NONE',  ( -24.53200000000000003, 7.700000000000000178, -24.00936052501757700 ) ) ;
#4267 = CARTESIAN_POINT ( 'NONE',  ( 49.58326471636534194, 5.008567613113212857, -6.462188407634517517 ) ) ;
#4268 = EDGE_LOOP ( 'NONE', ( #3731, #5393, #742, #824 ) ) ;
#4269 = CARTESIAN_POINT ( 'NONE',  ( 11.11216608618812884, 4.477972697865430618, -26.20364833374271285 ) ) ;
#4270 = CARTESIAN_POINT ( 'NONE',  ( 50.72737727789036910, 4.499984020824310704, 0.6000554868403619180 ) ) ;
#4271 = DIRECTION ( 'NONE',  ( 1.000000000000000000, 0.000000000000000000, 0.000000000000000000 ) ) ;
#4272 = DIRECTION ( 'NONE',  ( -0.000000000000000000, -1.000000000000000000, 0.000000000000000000 ) ) ;
#4273 = EDGE_CURVE ( 'NONE', #1603, #2958, #3275, .T. ) ;
#4274 = EDGE_LOOP ( 'NONE', ( #5020, #4975, #1516, #1086 ) ) ;
#4275 = VERTEX_POINT ( 'NONE', #3865 ) ;
#4276 = CARTESIAN_POINT ( 'NONE',  ( 16.05994456552585703, 6.150819628332299338, 17.02202460305491272 ) ) ;
#4277 = CARTESIAN_POINT ( 'NONE',  ( 22.21600132947607875, 6.658237403056706860, 13.17828059242000371 ) ) ;
#4278 = CARTESIAN_POINT ( 'NONE',  ( 0.000000000000000000, 0.000000000000000000, 20.00000000000000000 ) ) ;
#4279 = DIRECTION ( 'NONE',  ( -0.000000000000000000, 1.000000000000000000, -0.000000000000000000 ) ) ;
#4280 = VERTEX_POINT ( 'NONE', #2407 ) ;
#4281 = EDGE_CURVE ( 'NONE', #5479, #3360, #1372, .T. ) ;
#4282 = ORIENTED_EDGE ( 'NONE', *, *, #3619, .F. ) ;
#4283 = FACE_OUTER_BOUND ( 'NONE', #2028, .T. ) ;
#4284 = CARTESIAN_POINT ( 'NONE',  ( -18.32277340711753055, 7.133944440654884644, 24.71682481654514518 ) ) ;
#4285 = FACE_OUTER_BOUND ( 'NONE', #2252, .T. ) ;
#4286 = CARTESIAN_POINT ( 'NONE',  ( 11.04232188666060210, 4.137062273191341788, -2.560787085752725289 ) ) ;
#4287 = CARTESIAN_POINT ( 'NONE',  ( 50.87081493098713025, 4.513340271613269117, 1.209768105452716958 ) ) ;
#4288 = EDGE_LOOP ( 'NONE', ( #2650, #3984, #3771, #843 ) ) ;
#4289 = EDGE_CURVE ( 'NONE', #2860, #475, #2437, .T. ) ;
#4290 = CARTESIAN_POINT ( 'NONE',  ( -17.05371434981149292, 5.290391783358788125, -8.067819317395414913 ) ) ;
#4291 = CARTESIAN_POINT ( 'NONE',  ( 49.82979408729121928, 4.871167254477739128, -6.572842524303343481 ) ) ;
#4292 = CARTESIAN_POINT ( 'NONE',  ( 50.36311721394780960, 4.636187864946191617, 4.833032925802782209 ) ) ;
#4293 = FACE_OUTER_BOUND ( 'NONE', #3037, .T. ) ;
#4294 = CARTESIAN_POINT ( 'NONE',  ( 49.30403743675653061, 5.214066148732090511, -7.640169522746553810 ) ) ;
#4295 = ORIENTED_EDGE ( 'NONE', *, *, #406, .F. ) ;
#4296 = DIRECTION ( 'NONE',  ( 0.000000000000000000, 0.000000000000000000, -1.000000000000000000 ) ) ;
#4297 = CONICAL_SURFACE ( 'NONE', #5384, 2.749999999999999112, 0.7853981633974479459 ) ;
#4298 = CARTESIAN_POINT ( 'NONE',  ( -19.79990631387988032, 5.976397009105697045, 10.90343095627108383 ) ) ;
#4299 = DIRECTION ( 'NONE',  ( 0.2526662866867273594, -0.9675534856388769978, 0.000000000000000000 ) ) ;
#4300 = CARTESIAN_POINT ( 'NONE',  ( -17.33414519934746423, 6.695652173913040350, 24.80810656615383891 ) ) ;
#4301 = DIRECTION ( 'NONE',  ( -0.000000000000000000, -1.000000000000000000, -0.000000000000000000 ) ) ;
#4302 = VERTEX_POINT ( 'NONE', #3398 ) ;
#4303 = TOROIDAL_SURFACE ( 'NONE', #4506, 6.158312395177701681, 3.000000000000000000 ) ;
#4304 = ORIENTED_EDGE ( 'NONE', *, *, #2790, .F. ) ;
#4305 = CARTESIAN_POINT ( 'NONE',  ( -4.078575790245140276, 2.626446581898914445, -26.55289316379783315 ) ) ;
#4306 = CARTESIAN_POINT ( 'NONE',  ( 26.88711020107617955, 4.703044284504161787, -4.078941630387612705 ) ) ;
#4307 = CARTESIAN_POINT ( 'NONE',  ( 11.11217310533993619, 4.477974633356232914, -26.20364711997727269 ) ) ;
#4308 = CARTESIAN_POINT ( 'NONE',  ( 10.81411707019199397, 2.262326172866460094, -25.82465234573292179 ) ) ;
#4309 = CARTESIAN_POINT ( 'NONE',  ( -24.53200000000000003, -5.000000000000000000, -4.250000000000008882 ) ) ;
#4310 = ORIENTED_EDGE ( 'NONE', *, *, #4979, .T. ) ;
#4311 = EDGE_CURVE ( 'NONE', #3555, #2704, #6039, .T. ) ;
#4312 = CONICAL_SURFACE ( 'NONE', #3823, 24.17565324045341058, 0.5585053606381804592 ) ;
#4313 = ORIENTED_EDGE ( 'NONE', *, *, #5371, .T. ) ;
#4314 = DIRECTION ( 'NONE',  ( -0.000000000000000000, -1.000000000000000000, -0.000000000000000000 ) ) ;
#4315 = CARTESIAN_POINT ( 'NONE',  ( -18.39630743689948034, 7.000531048280954849, 24.80019075656757011 ) ) ;
#4316 = CARTESIAN_POINT ( 'NONE',  ( -0.1795026943865893343, 2.999999999999993339, -21.00000000000000000 ) ) ;
#4317 = DIRECTION ( 'NONE',  ( -0.000000000000000000, 1.000000000000000000, -0.000000000000000000 ) ) ;
#4318 = CARTESIAN_POINT ( 'NONE',  ( -14.83719950966431256, 5.657555160876976963, 17.29465240555111549 ) ) ;
#4319 = CIRCLE ( 'NONE', #1356, 15.00000000000000000 ) ;
#4320 = ORIENTED_EDGE ( 'NONE', *, *, #2413, .T. ) ;
#4321 = CARTESIAN_POINT ( 'NONE',  ( -13.88764097016106014, 5.327384570984702528, -13.55108557086355958 ) ) ;
#4322 = EDGE_CURVE ( 'NONE', #1103, #1502, #4949, .T. ) ;
#4323 = CARTESIAN_POINT ( 'NONE',  ( -6.840650653409459103, 3.274647643579540635, -3.243965988393581856 ) ) ;
#4324 = CARTESIAN_POINT ( 'NONE',  ( -1.097878869973046401, 0.1387328474953611890, 21.16893993103625604 ) ) ;
#4325 = CARTESIAN_POINT ( 'NONE',  ( 24.53200000000000003, 0.5000000000000000000, 0.000000000000000000 ) ) ;
#4326 = DIRECTION ( 'NONE',  ( 0.000000000000000000, 0.000000000000000000, 1.000000000000000000 ) ) ;
#4327 = AXIS2_PLACEMENT_3D ( 'NONE', #946, #4317, #979 ) ;
#4328 = PRODUCT_DEFINITION ( 'UNKNOWN', '', #5734, #3726 ) ;
#4329 = CARTESIAN_POINT ( 'NONE',  ( 15.89981215290001515, 6.086221019769059382, 17.10248773028760283 ) ) ;
#4330 = CARTESIAN_POINT ( 'NONE',  ( -50.02685437244420541, 4.784733302542517386, 6.001562311655463056 ) ) ;
#4331 = CIRCLE ( 'NONE', #5625, 6.000000000000000000 ) ;
#4332 = CARTESIAN_POINT ( 'NONE',  ( 16.65105256383644772, 4.567785675276605950, 2.632913830915441622 ) ) ;
#4333 = CARTESIAN_POINT ( 'NONE',  ( -15.89794226256259080, 5.866729800880199797, 15.30525478780239901 ) ) ;
#4334 = CARTESIAN_POINT ( 'NONE',  ( 3.425526650566776965, 3.132771311633127276, 18.35278845898891475 ) ) ;
#4335 = EDGE_CURVE ( 'NONE', #3300, #3283, #4644, .T. ) ;
#4336 = CARTESIAN_POINT ( 'NONE',  ( 12.13841720508020572, 4.766722892550152579, -10.02706869430783421 ) ) ;
#4337 = ORIENTED_EDGE ( 'NONE', *, *, #518, .T. ) ;
#4338 = ADVANCED_FACE ( 'NONE', ( #214 ), #3969, .T. ) ;
#4339 = AXIS2_PLACEMENT_3D ( 'NONE', #3134, #3578, #4098 ) ;
#4340 = EDGE_CURVE ( 'NONE', #3195, #1492, #1104, .T. ) ;
#4341 = ORIENTED_EDGE ( 'NONE', *, *, #2595, .T. ) ;
#4342 = CARTESIAN_POINT ( 'NONE',  ( 15.90434144051728715, 6.081285733933017745, 16.16183868230526244 ) ) ;
#4343 = CARTESIAN_POINT ( 'NONE',  ( -44.47687577975150930, 7.062499999999999112, 14.26739617975193042 ) ) ;
#4344 = DIRECTION ( 'NONE',  ( 0.3741132271270581899, -0.9273830348289633374, 0.000000000000000000 ) ) ;
#4345 = AXIS2_PLACEMENT_3D ( 'NONE', #2271, #3666, #5974 ) ;
#4346 = CARTESIAN_POINT ( 'NONE',  ( -44.47687577975150930, 7.062499999999999112, -14.26739617975193042 ) ) ;
#4347 = CARTESIAN_POINT ( 'NONE',  ( 17.33414519934747844, 6.695652173913040350, -24.80810656615383891 ) ) ;
#4348 = ORIENTED_EDGE ( 'NONE', *, *, #275, .T. ) ;
#4349 = SECURITY_CLASSIFICATION ( '', '', #4579 ) ;
#4350 = ORIENTED_EDGE ( 'NONE', *, *, #4777, .T. ) ;
#4351 = CARTESIAN_POINT ( 'NONE',  ( 22.42279038960839799, 7.858975779272849849, 24.26377495386269345 ) ) ;
#4352 = CYLINDRICAL_SURFACE ( 'NONE', #389, 15.00000000000000000 ) ;
#4353 = CARTESIAN_POINT ( 'NONE',  ( -4.674901325479220660, 3.257526453597990646, 27.37277017863636175 ) ) ;
#4354 = CARTESIAN_POINT ( 'NONE',  ( 17.37404300804795199, 6.713474774933151146, -24.97956342405592522 ) ) ;
#4355 = DIRECTION ( 'NONE',  ( -0.000000000000000000, 1.000000000000000000, -0.000000000000000000 ) ) ;
#4356 = B_SPLINE_CURVE_WITH_KNOTS ( 'NONE', 3,
 ( #5079, #1278, #871, #1743, #2763, #3631, #2728, #5514, #6063, #4619, #3161, #378, #3694, #3723 ),
 .UNSPECIFIED., .F., .F.,
 ( 4, 2, 2, 2, 2, 2, 4 ),
 ( 0.000000000000000000, 0.0003290475311417890344, 0.0006580950622835780688, 0.001316190124567155921, 0.001974285186850734206, 0.002303332717992521289, 0.002632380249134308806 ),
 .UNSPECIFIED. ) ;
#4357 = DIRECTION ( 'NONE',  ( 0.000000000000000000, 0.000000000000000000, 1.000000000000000000 ) ) ;
#4358 = CARTESIAN_POINT ( 'NONE',  ( 0.000000000000000000, 2.449999999999999734, 20.00000000000000000 ) ) ;
#4359 = CARTESIAN_POINT ( 'NONE',  ( 44.68328546888271546, 6.940225779269963979, 14.52052555676732659 ) ) ;
#4360 = CARTESIAN_POINT ( 'NONE',  ( -4.049987642158389356, 3.193409495701915457, 26.41872908515204443 ) ) ;
#4361 = CARTESIAN_POINT ( 'NONE',  ( 50.77507678522803047, 4.452512570688884175, -3.064291517859469405 ) ) ;
#4362 =( BOUNDED_SURFACE ( )  B_SPLINE_SURFACE ( 3, 2, ( 
 ( #4823, #576, #5774 ),
 ( #2960, #53, #5805 ),
 ( #2524, #1938, #5306 ),
 ( #4858, #5714, #4409 ) ),
 .UNSPECIFIED., .F., .F., .T. ) 
 B_SPLINE_SURFACE_WITH_KNOTS ( ( 4, 4 ),
 ( 3, 3 ),
 ( -8.690964614643803543E-16, 0.007877607463357244946 ),
 ( 0.000000000000000000, 1.000000000000000000 ),
 .UNSPECIFIED. ) 
 GEOMETRIC_REPRESENTATION_ITEM ( )  RATIONAL_B_SPLINE_SURFACE ( (
 ( 1.000000000000000000, 0.8137184430976545091, 1.000000000000000000),
 ( 1.000000000000000000, 0.8322814998254280949, 1.000000000000000000),
 ( 1.000000000000000000, 0.8538125406760216363, 1.000000000000000000),
 ( 1.000000000000000000, 0.8746197071393951861, 1.000000000000000000) ) ) 
 REPRESENTATION_ITEM ( '' )  SURFACE ( )  );
#4363 = ORIENTED_EDGE ( 'NONE', *, *, #2843, .F. ) ;
#4364 = B_SPLINE_CURVE_WITH_KNOTS ( 'NONE', 3,
 ( #1140, #4952, #3022, #4919, #5345, #3961 ),
 .UNSPECIFIED., .F., .F.,
 ( 4, 2, 4 ),
 ( 6.505213034913026604E-19, 0.001833352526268031872, 0.003666705052536063311 ),
 .UNSPECIFIED. ) ;
#4365 = CARTESIAN_POINT ( 'NONE',  ( -13.45477254571033754, 4.971712450754026236, -26.06793731874580544 ) ) ;
#4366 = CARTESIAN_POINT ( 'NONE',  ( -11.11217310533992730, 4.477974633356237355, -26.20364711997727269 ) ) ;
#4367 = CARTESIAN_POINT ( 'NONE',  ( 4.078575790233946563, 2.894774739202138125, 26.41872908515433949 ) ) ;
#4368 = CARTESIAN_POINT ( 'NONE',  ( -18.08614865556922524, 6.228538030076251175, 12.11790351235626595 ) ) ;
#4369 = CARTESIAN_POINT ( 'NONE',  ( 1.372189242994257929, 3.016641543179999552, 18.39924295148720290 ) ) ;
#4370 = CARTESIAN_POINT ( 'NONE',  ( 2.773159043384967770, 3.090533496945644831, 18.84778453476485538 ) ) ;
#4371 = ORIENTED_EDGE ( 'NONE', *, *, #4927, .T. ) ;
#4372 = EDGE_CURVE ( 'NONE', #2745, #3224, #3832, .T. ) ;
#4373 = EDGE_LOOP ( 'NONE', ( #4233, #956, #2818, #3291 ) ) ;
#4374 = CARTESIAN_POINT ( 'NONE',  ( -24.53200000000000003, -4.000000000000000000, 6.500000000000000000 ) ) ;
#4375 = EDGE_CURVE ( 'NONE', #2828, #1658, #5413, .T. ) ;
#4376 = DIRECTION ( 'NONE',  ( -0.9509916601688794824, 0.2622304893801310488, -0.1638597959497552492 ) ) ;
#4377 = CARTESIAN_POINT ( 'NONE',  ( 14.05440456150982342, 5.328508490956885169, -8.383086474880188987 ) ) ;
#4378 = B_SPLINE_CURVE_WITH_KNOTS ( 'NONE', 3,
 ( #2364, #3761, #5198, #5647 ),
 .UNSPECIFIED., .F., .F.,
 ( 4, 4 ),
 ( 0.000000000000000000, 0.007958555120173269742 ),
 .UNSPECIFIED. ) ;
#4379 = DIRECTION ( 'NONE',  ( 0.000000000000000000, 1.000000000000000000, -0.000000000000000000 ) ) ;
#4380 = VERTEX_POINT ( 'NONE', #2775 ) ;
#4381 = ORIENTED_EDGE ( 'NONE', *, *, #2740, .T. ) ;
#4382 = CARTESIAN_POINT ( 'NONE',  ( 23.45207879911716731, 7.062500000000004441, 14.26739617975192331 ) ) ;
#4383 = CARTESIAN_POINT ( 'NONE',  ( -21.39356588312610441, 7.750477680433185412, 24.33157209056802728 ) ) ;
#4384 = FACE_OUTER_BOUND ( 'NONE', #1869, .T. ) ;
#4385 = CARTESIAN_POINT ( 'NONE',  ( 8.038949161908783836, 3.392902588751156578, 26.79929784106657564 ) ) ;
#4386 = ORIENTED_EDGE ( 'NONE', *, *, #2127, .F. ) ;
#4387 = CARTESIAN_POINT ( 'NONE',  ( -16.63585615203102108, 6.383722083203981157, -18.35021157209338227 ) ) ;
#4388 = DIRECTION ( 'NONE',  ( 0.000000000000000000, 0.000000000000000000, -1.000000000000000000 ) ) ;
#4389 = CARTESIAN_POINT ( 'NONE',  ( -11.13471095265451005, 4.484056277724688400, -26.38247122243996401 ) ) ;
#4390 = CARTESIAN_POINT ( 'NONE',  ( -4.613320517009946720, 3.250889720633455493, -26.49860332848657407 ) ) ;
#4391 = EDGE_CURVE ( 'NONE', #2115, #1502, #4737, .T. ) ;
#4392 = ORIENTED_EDGE ( 'NONE', *, *, #151, .F. ) ;
#4393 = EDGE_CURVE ( 'NONE', #575, #1493, #3911, .T. ) ;
#4394 = ORIENTED_EDGE ( 'NONE', *, *, #2710, .T. ) ;
#4395 = CARTESIAN_POINT ( 'NONE',  ( -4.078575790220685171, 2.894774739200986158, 26.41872908515203733 ) ) ;
#4396 =( BOUNDED_SURFACE ( )  B_SPLINE_SURFACE ( 3, 2, ( 
 ( #5970, #3212, #1834 ),
 ( #1737, #5138, #899 ),
 ( #3626, #2788, #2412 ),
 ( #2937, #5255, #1984 ),
 ( #4867, #2355, #2848 ),
 ( #3435, #2969, #4292 ),
 ( #521, #3374, #2015 ),
 ( #4237, #3402, #3779 ),
 ( #127, #5284, #4736 ),
 ( #5220, #1416, #62 ),
 ( #1544, #5782, #1513 ),
 ( #3838, #1446, #495 ),
 ( #1949, #1014, #3900 ),
 ( #7, #1046, #2908 ),
 ( #2386, #5723, #1893 ),
 ( #4265, #2879, #4359 ) ),
 .UNSPECIFIED., .F., .F., .T. ) 
 B_SPLINE_SURFACE_WITH_KNOTS ( ( 4, 2, 2, 2, 2, 2, 2, 4 ),
 ( 3, 3 ),
 ( 0.01802545026233488834, 0.01982162800550567663, 0.02071971687709107252, 0.02161780574867646493, 0.02521016123501804151, 0.02700633897818882981, 0.02880251672135961810, 0.03239487220770119469 ),
 ( 0.000000000000000000, 1.000000000000000000 ),
 .UNSPECIFIED. ) 
 GEOMETRIC_REPRESENTATION_ITEM ( )  RATIONAL_B_SPLINE_SURFACE ( (
 ( 1.000000000000000000, 0.8737348221099652257, 1.000000000000000000),
 ( 1.000000000000000000, 0.8731501254436903059, 1.000000000000000000),
 ( 1.000000000000000000, 0.8722770373952140055, 1.000000000000000000),
 ( 1.000000000000000000, 0.8705314274444165834, 1.000000000000000000),
 ( 1.000000000000000000, 0.8698754388781636537, 1.000000000000000000),
 ( 1.000000000000000000, 0.8684345581052180796, 1.000000000000000000),
 ( 1.000000000000000000, 0.8676483411353478337, 1.000000000000000000),
 ( 1.000000000000000000, 0.8634007750516936586, 1.000000000000000000),
 ( 1.000000000000000000, 0.8589947524229213371, 1.000000000000000000),
 ( 1.000000000000000000, 0.8510433862334629840, 1.000000000000000000),
 ( 1.000000000000000000, 0.8481613605960635072, 1.000000000000000000),
 ( 1.000000000000000000, 0.8420792681963636950, 1.000000000000000000),
 ( 1.000000000000000000, 0.8388687064704701823, 1.000000000000000000),
 ( 1.000000000000000000, 0.8287901406695529216, 1.000000000000000000),
 ( 1.000000000000000000, 0.8214746051280871209, 1.000000000000000000),
 ( 1.000000000000000000, 0.8137184430976478478, 1.000000000000000000) ) ) 
 REPRESENTATION_ITEM ( '' )  SURFACE ( )  );
#4397 = CARTESIAN_POINT ( 'NONE',  ( 24.53200000000000358, 0.000000000000000000, 15.10000000000000142 ) ) ;
#4398 = CARTESIAN_POINT ( 'NONE',  ( -13.35395800385664522, 5.129443812505003031, 17.52427880203521227 ) ) ;
#4399 = CARTESIAN_POINT ( 'NONE',  ( 0.000000000000000000, 0.000000000000000000, 0.000000000000000000 ) ) ;
#4400 = ORIENTED_EDGE ( 'NONE', *, *, #66, .F. ) ;
#4401 = ORIENTED_EDGE ( 'NONE', *, *, #407, .F. ) ;
#4402 = DIRECTION ( 'NONE',  ( 0.3741132271270585785, 0.9273830348289631154, 0.000000000000000000 ) ) ;
#4403 = DIRECTION ( 'NONE',  ( 0.000000000000000000, 0.000000000000000000, 1.000000000000000000 ) ) ;
#4404 = CARTESIAN_POINT ( 'NONE',  ( 19.70154380695829488, 5.943369772262586004, -10.82171298621035938 ) ) ;
#4405 = DIRECTION ( 'NONE',  ( 0.000000000000000000, 0.000000000000000000, 1.000000000000000000 ) ) ;
#4406 = CARTESIAN_POINT ( 'NONE',  ( 17.33414519934747844, 6.695652173913040350, -27.30000000000000071 ) ) ;
#4407 = ORIENTED_EDGE ( 'NONE', *, *, #2866, .F. ) ;
#4408 = ORIENTED_EDGE ( 'NONE', *, *, #3505, .T. ) ;
#4409 = CARTESIAN_POINT ( 'NONE',  ( 38.70557107504665595, 7.858975779269961492, 19.69367050583469236 ) ) ;
#4410 = VECTOR ( 'NONE', #831, 1000.000000000000000 ) ;
#4411 = CARTESIAN_POINT ( 'NONE',  ( -51.83200000000000074, -6.999999999999999112, -19.48717526990507309 ) ) ;
#4412 = FACE_OUTER_BOUND ( 'NONE', #4247, .T. ) ;
#4413 = EDGE_CURVE ( 'NONE', #5623, #564, #4331, .T. ) ;
#4414 = CARTESIAN_POINT ( 'NONE',  ( -50.57352946915386838, 4.542598410745571691, -3.939677768590864382 ) ) ;
#4415 = TOROIDAL_SURFACE ( 'NONE', #5899, 19.88359213500125477, 6.000000000000000000 ) ;
#4416 = VERTEX_POINT ( 'NONE', #1693 ) ;
#4417 = ADVANCED_FACE ( 'NONE', ( #3232 ), #850, .F. ) ;
#4418 = DIRECTION ( 'NONE',  ( -0.000000000000000000, -1.000000000000000000, -0.000000000000000000 ) ) ;
#4419 = EDGE_CURVE ( 'NONE', #1061, #4012, #5216, .T. ) ;
#4420 = AXIS2_PLACEMENT_3D ( 'NONE', #4266, #2322, #3309 ) ;
#4421 = CARTESIAN_POINT ( 'NONE',  ( 10.29892779071649223, 4.266735681471837793, -4.888966574700923218 ) ) ;
#4422 = CYLINDRICAL_SURFACE ( 'NONE', #3045, 4.250000000000008882 ) ;
#4423 = DIRECTION ( 'NONE',  ( -0.000000000000000000, 1.000000000000000000, -0.000000000000000000 ) ) ;
#4424 = VERTEX_POINT ( 'NONE', #2742 ) ;
#4425 = AXIS2_PLACEMENT_3D ( 'NONE', #4395, #4058, #3088 ) ;
#4426 = CARTESIAN_POINT ( 'NONE',  ( -2.346155404624433949, 3.064399479322210240, 21.88873227736394966 ) ) ;
#4427 = CARTESIAN_POINT ( 'NONE',  ( -30.03200000000000358, 4.695588473793673501, -4.000000000000000000 ) ) ;
#4428 = CARTESIAN_POINT ( 'NONE',  ( -16.48782037227161723, 6.035071620969262085, 14.89033297471371853 ) ) ;
#4429 = CARTESIAN_POINT ( 'NONE',  ( -15.89981215290000449, 6.086221019769070040, 17.10248773028766323 ) ) ;
#4430 = CIRCLE ( 'NONE', #580, 1.500000000000001332 ) ;
#4431 = CARTESIAN_POINT ( 'NONE',  ( -50.72730845394232801, 4.500015815814030873, 0.6022147919785283410 ) ) ;
#4432 = EDGE_LOOP ( 'NONE', ( #351, #3756, #2712, #5002 ) ) ;
#4433 = AXIS2_PLACEMENT_3D ( 'NONE', #5640, #832, #4614 ) ;
#4434 = ORIENTED_EDGE ( 'NONE', *, *, #3967, .T. ) ;
#4435 = DIRECTION ( 'NONE',  ( -0.000000000000000000, 1.000000000000000000, -0.000000000000000000 ) ) ;
#4436 = CYLINDRICAL_SURFACE ( 'NONE', #3959, 2.750000000000000888 ) ;
#4437 = CARTESIAN_POINT ( 'NONE',  ( 24.53200000000000003, -3.000000000000000000, 0.000000000000000000 ) ) ;
#4438 = CARTESIAN_POINT ( 'NONE',  ( -19.03200000000000003, 45.50000000000000711, 0.000000000000000000 ) ) ;
#4439 = CARTESIAN_POINT ( 'NONE',  ( -23.45207879911715310, 7.858975779269959716, -24.26377495386450533 ) ) ;
#4440 = AXIS2_PLACEMENT_3D ( 'NONE', #57, #2931, #1943 ) ;
#4441 = ORIENTED_EDGE ( 'NONE', *, *, #4748, .T. ) ;
#4442 = ORIENTED_EDGE ( 'NONE', *, *, #4756, .T. ) ;
#4443 = CARTESIAN_POINT ( 'NONE',  ( 17.45650387134287129, 6.580714909704739490, 25.06252099500077080 ) ) ;
#4444 = AXIS2_PLACEMENT_3D ( 'NONE', #5100, #3181, #4175 ) ;
#4445 = CARTESIAN_POINT ( 'NONE',  ( 15.42341466599571298, 5.839715857148910949, 25.52554859273013221 ) ) ;
#4446 = DIRECTION ( 'NONE',  ( -0.000000000000000000, 1.000000000000000000, -0.000000000000000000 ) ) ;
#4447 = B_SPLINE_CURVE_WITH_KNOTS ( 'NONE', 3,
 ( #227, #2978, #4959, #4370, #3909, #2054, #3448, #3005, #2026, #2602, #3972, #4463, #2486, #3033, #5792, #3066, #1554, #1209, #688, #4490, #2573, #1094, #251, #2512 ),
 .UNSPECIFIED., .F., .F.,
 ( 4, 2, 2, 2, 2, 2, 2, 2, 2, 2, 2, 4 ),
 ( 0.002465512953263468594, 0.002865576900997631859, 0.003265640848731795123, 0.004065768744200120785, 0.004865896639668446447, 0.005265960587402610145, 0.005666024535136772976, 0.006466152430605098637, 0.006866216378339264938, 0.007266280326073430371, 0.008066408221541768175, 0.008866536117010105980 ),
 .UNSPECIFIED. ) ;
#4448 = CARTESIAN_POINT ( 'NONE',  ( -50.64052720365372551, 4.539580463300760371, -1.801119478987046385 ) ) ;
#4449 = CC_DESIGN_DATE_AND_TIME_ASSIGNMENT ( #5995, #2663, ( #4349 ) ) ;
#4450 = AXIS2_PLACEMENT_3D ( 'NONE', #2646, #2615, #4946 ) ;
#4451 = EDGE_LOOP ( 'NONE', ( #3158, #449, #1808, #4626, #4960 ) ) ;
#4452 = EDGE_CURVE ( 'NONE', #2940, #3953, #324, .T. ) ;
#4453 = DIRECTION ( 'NONE',  ( 1.000000000000000000, -0.000000000000000000, -0.000000000000000000 ) ) ;
#4454 = EDGE_CURVE ( 'NONE', #4535, #2142, #2560, .T. ) ;
#4455 = CARTESIAN_POINT ( 'NONE',  ( 4.273272280114676747, 3.206546011460818857, -4.321289623678089775 ) ) ;
#4456 = DIRECTION ( 'NONE',  ( 0.4078622399846436042, -0.9130434782608706223, 0.000000000000000000 ) ) ;
#4457 = CARTESIAN_POINT ( 'NONE',  ( -5.457050829458134800, 3.350850195342345295, -26.55145326790844251 ) ) ;
#4458 = B_SPLINE_CURVE_WITH_KNOTS ( 'NONE', 3,
 ( #2290, #1827, #5629, #4173, #3240, #1497 ),
 .UNSPECIFIED., .F., .F.,
 ( 4, 2, 4 ),
 ( 0.005753918890583242796, 0.01031687656109209379, 0.01487983423160094479 ),
 .UNSPECIFIED. ) ;
#4459 = CARTESIAN_POINT ( 'NONE',  ( -2.504101653959513563, 3.073637063827335592, 21.67403843768518712 ) ) ;
#4460 = CARTESIAN_POINT ( 'NONE',  ( 1.361605608080593832, 2.431671842690570795, -26.16334368538114674 ) ) ;
#4461 = CARTESIAN_POINT ( 'NONE',  ( -16.22162503573193959, 6.212492213605810498, 16.93167831894579223 ) ) ;
#4462 = DIRECTION ( 'NONE',  ( 1.000000000000000000, -5.195302278414074052E-16, -1.039060455682817769E-15 ) ) ;
#4463 = CARTESIAN_POINT ( 'NONE',  ( 2.753449930609789931, 3.089260575604453329, 21.19851455519586381 ) ) ;
#4464 = ORIENTED_EDGE ( 'NONE', *, *, #516, .F. ) ;
#4465 = ORIENTED_EDGE ( 'NONE', *, *, #97, .F. ) ;
#4466 = DIRECTION ( 'NONE',  ( 0.000000000000000000, 0.000000000000000000, -1.000000000000000000 ) ) ;
#4467 = DIRECTION ( 'NONE',  ( 1.000000000000000000, -0.000000000000000000, -0.000000000000000000 ) ) ;
#4468 = FACE_OUTER_BOUND ( 'NONE', #3570, .T. ) ;
#4469 = CARTESIAN_POINT ( 'NONE',  ( 23.45207879911716731, 8.000000000000001776, -24.00936052501757345 ) ) ;
#4470 = ADVANCED_FACE ( 'NONE', ( #3792 ), #3270, .T. ) ;
#4471 = CARTESIAN_POINT ( 'NONE',  ( -24.53200000000000003, -3.500000000000000000, 0.000000000000000000 ) ) ;
#4472 = CARTESIAN_POINT ( 'NONE',  ( -28.92645961493608908, 4.865165428427348893, -5.460399509431814735 ) ) ;
#4473 = EDGE_CURVE ( 'NONE', #3672, #5948, #3465, .T. ) ;
#4474 = EDGE_LOOP ( 'NONE', ( #998, #4864 ) ) ;
#4475 = ORIENTED_EDGE ( 'NONE', *, *, #1477, .F. ) ;
#4476 = PLANE ( 'NONE',  #3233 ) ;
#4477 = B_SPLINE_CURVE_WITH_KNOTS ( 'NONE', 3,
 ( #4167, #1847, #5033, #4540 ),
 .UNSPECIFIED., .F., .F.,
 ( 4, 4 ),
 ( 0.000000000000000000, 0.007958555120173271477 ),
 .UNSPECIFIED. ) ;
#4478 = CARTESIAN_POINT ( 'NONE',  ( -24.53200000000000003, 6.000000000000000000, -19.88359213500125477 ) ) ;
#4479 = CARTESIAN_POINT ( 'NONE',  ( 11.19060724200978640, 4.334515875663933038, 26.46610192966118547 ) ) ;
#4480 = CARTESIAN_POINT ( 'NONE',  ( -50.36311721394846330, 4.636187864947070025, -4.833032925796278967 ) ) ;
#4481 = VERTEX_POINT ( 'NONE', #4194 ) ;
#4482 = EDGE_CURVE ( 'NONE', #564, #4875, #5915, .T. ) ;
#4483 = CARTESIAN_POINT ( 'NONE',  ( 17.33414519934747844, 6.695652173913040350, -24.80810656615383891 ) ) ;
#4484 = CARTESIAN_POINT ( 'NONE',  ( -9.668495294601463286, 2.275007179982123873, 25.85001435996424846 ) ) ;
#4485 = CARTESIAN_POINT ( 'NONE',  ( 24.53200000000000003, 4.450000000000000178, 0.000000000000000000 ) ) ;
#4486 = CARTESIAN_POINT ( 'NONE',  ( -2.988443125523945643, 3.105197246921263865, 19.62541608569545204 ) ) ;
#4487 = DIRECTION ( 'NONE',  ( 0.000000000000000000, 0.000000000000000000, 1.000000000000000000 ) ) ;
#4488 = CARTESIAN_POINT ( 'NONE',  ( -17.30815631800096810, 6.437490175232662537, 14.97334825891901211 ) ) ;
#4489 = CARTESIAN_POINT ( 'NONE',  ( -19.79990631387988032, 5.976397009105696156, 10.90343095627108205 ) ) ;
#4490 = CARTESIAN_POINT ( 'NONE',  ( 1.299777274470119925, 3.019254893018943786, 22.71703720954252148 ) ) ;
#4491 = VERTEX_POINT ( 'NONE', #4253 ) ;
#4492 = VERTEX_POINT ( 'NONE', #4309 ) ;
#4493 = DIRECTION ( 'NONE',  ( 0.000000000000000000, 0.000000000000000000, 1.000000000000000000 ) ) ;
#4494 = LINE ( 'NONE', #3508, #2964 ) ;
#4495 = CARTESIAN_POINT ( 'NONE',  ( 13.89620291116814599, 4.649332016102141196, -3.538003861367065017 ) ) ;
#4496 = CARTESIAN_POINT ( 'NONE',  ( -9.668459336567430285, 2.275008233432781690, -25.85001646686556498 ) ) ;
#4497 = CARTESIAN_POINT ( 'NONE',  ( 10.81411707019200108, 4.229593484839767825, 26.51713362512336403 ) ) ;
#4498 = EDGE_LOOP ( 'NONE', ( #5296, #603, #4227, #1400 ) ) ;
#4499 = VERTEX_POINT ( 'NONE', #5206 ) ;
#4500 = DIRECTION ( 'NONE',  ( -1.000000000000000000, -0.000000000000000000, -0.000000000000000000 ) ) ;
#4501 = CARTESIAN_POINT ( 'NONE',  ( 13.39696833614703841, 5.109458172351144967, 25.98186423896387254 ) ) ;
#4502 = CARTESIAN_POINT ( 'NONE',  ( -10.81411707019198332, 4.209896778478513291, 26.52600142245041681 ) ) ;
#4503 = CIRCLE ( 'NONE', #3110, 1.350000000000000533 ) ;
#4504 = CARTESIAN_POINT ( 'NONE',  ( -19.79990631387988032, 5.976397009105697045, 10.90343095627108383 ) ) ;
#4505 = VERTEX_POINT ( 'NONE', #3297 ) ;
#4506 = AXIS2_PLACEMENT_3D ( 'NONE', #4437, #694, #2548 ) ;
#4507 = CYLINDRICAL_SURFACE ( 'NONE', #3819, 6.000000000000000000 ) ;
#4508 = CARTESIAN_POINT ( 'NONE',  ( -8.087521856744782411, 2.742306259133573398, 26.78461251826761114 ) ) ;
#4509 = FACE_OUTER_BOUND ( 'NONE', #1139, .T. ) ;
#4510 = AXIS2_PLACEMENT_3D ( 'NONE', #5964, #363, #4953 ) ;
#4511 = ADVANCED_FACE ( 'NONE', ( #5152 ), #5710, .F. ) ;
#4512 = CONICAL_SURFACE ( 'NONE', #5304, 4.699999999999999289, 0.7853981633974481680 ) ;
#4513 = LINE ( 'NONE', #6080, #4640 ) ;
#4514 = CARTESIAN_POINT ( 'NONE',  ( 0.8861962430187203532, 3.008917929421652815, -20.85945003110893126 ) ) ;
#4515 = CARTESIAN_POINT ( 'NONE',  ( -3.002856027132744909, 3.106216506697018431, 20.02514032914096376 ) ) ;
#4516 = CARTESIAN_POINT ( 'NONE',  ( 6.349167263850990395, 3.008160498936033544, -26.82255634122921961 ) ) ;
#4517 = DIRECTION ( 'NONE',  ( 0.000000000000000000, 0.8480480961564286213, 0.5299192642332006820 ) ) ;
#4518 = CARTESIAN_POINT ( 'NONE',  ( 17.33414519934747133, 6.695652173913041239, 19.48717526990507309 ) ) ;
#4519 = DIRECTION ( 'NONE',  ( 0.000000000000000000, 0.000000000000000000, -1.000000000000000000 ) ) ;
#4520 = APPROVAL ( #3210, 'UNSPECIFIED' ) ;
#4521 = CIRCLE ( 'NONE', #955, 1.000000000000000000 ) ;
#4522 = ORIENTED_EDGE ( 'NONE', *, *, #3214, .F. ) ;
#4523 = ORIENTED_EDGE ( 'NONE', *, *, #2447, .T. ) ;
#4524 = CARTESIAN_POINT ( 'NONE',  ( -23.45207879911716375, -6.999999999999999112, 19.48717526990506599 ) ) ;
#4525 = VECTOR ( 'NONE', #434, 1000.000000000000000 ) ;
#4526 = EDGE_CURVE ( 'NONE', #1283, #2194, #1078, .T. ) ;
#4527 = CARTESIAN_POINT ( 'NONE',  ( 18.06716576064386715, 6.097466786336443789, 11.34229408372657488 ) ) ;
#4528 = CARTESIAN_POINT ( 'NONE',  ( -11.42250812657661818, 4.114954233987635490, -1.978482244567787651 ) ) ;
#4529 = CARTESIAN_POINT ( 'NONE',  ( 17.33414519934747844, 6.695652173913046568, -24.80810656615383536 ) ) ;
#4530 = EDGE_CURVE ( 'NONE', #4593, #5037, #1575, .T. ) ;
#4531 = CARTESIAN_POINT ( 'NONE',  ( -10.81411707019200819, 4.229593484917678836, -26.51713362508760596 ) ) ;
#4532 = FACE_OUTER_BOUND ( 'NONE', #645, .T. ) ;
#4533 = EDGE_CURVE ( 'NONE', #1908, #2128, #6114, .T. ) ;
#4534 = AXIS2_PLACEMENT_3D ( 'NONE', #1588, #3478, #3532 ) ;
#4535 = VERTEX_POINT ( 'NONE', #3769 ) ;
#4536 = ADVANCED_FACE ( 'NONE', ( #2429 ), #4755, .F. ) ;
#4537 = EDGE_LOOP ( 'NONE', ( #4310, #4628, #499, #1616 ) ) ;
#4538 = CARTESIAN_POINT ( 'NONE',  ( 21.37824803154449782, 7.858975779269961492, 24.26377495386449468 ) ) ;
#4539 = CARTESIAN_POINT ( 'NONE',  ( -2.526667624106746057, 3.055129281320509982, -27.41025856267874516 ) ) ;
#4540 = CARTESIAN_POINT ( 'NONE',  ( 38.70557107504664884, 7.858975779269959716, 19.69367050583469947 ) ) ;
#4541 = AXIS2_PLACEMENT_3D ( 'NONE', #1934, #972, #1849 ) ;
#4542 = CARTESIAN_POINT ( 'NONE',  ( -45.52609035509323121, 6.631991314114817904, -13.68035819543106335 ) ) ;
#4543 = VERTEX_POINT ( 'NONE', #1465 ) ;
#4544 = VECTOR ( 'NONE', #2212, 1000.000000000000000 ) ;
#4545 = CARTESIAN_POINT ( 'NONE',  ( 13.76864719011604876, 5.226493192297785306, 17.48789122196748735 ) ) ;
#4546 = CARTESIAN_POINT ( 'NONE',  ( -24.53200000000000003, 0.5000000000000000000, 0.000000000000000000 ) ) ;
#4547 = CARTESIAN_POINT ( 'NONE',  ( -4.000000000000000000, 0.1576606101263197113, 21.24999999999999645 ) ) ;
#4548 = LINE ( 'NONE', #305, #5821 ) ;
#4549 = EDGE_CURVE ( 'NONE', #1244, #375, #2806, .T. ) ;
#4550 = VECTOR ( 'NONE', #5324, 1000.000000000000000 ) ;
#4551 = CARTESIAN_POINT ( 'NONE',  ( 4.182365547830763752, 0.7250000000000024203, 22.74999999999999645 ) ) ;
#4552 = DIRECTION ( 'NONE',  ( -0.4078622399846425495, -0.9130434782608712885, 0.000000000000000000 ) ) ;
#4553 = APPROVAL_STATUS ( 'not_yet_approved' ) ;
#4554 = DIRECTION ( 'NONE',  ( -0.6145424040403636434, -0.2745199406657761187, 0.7395785528347542659 ) ) ;
#4555 = CARTESIAN_POINT ( 'NONE',  ( -15.13779964527467570, 4.399498737947873828, 7.241922858402275232 ) ) ;
#4556 = CARTESIAN_POINT ( 'NONE',  ( -50.64052720365523896, 4.539580463300074697, 1.801119478971553223 ) ) ;
#4557 = ORIENTED_EDGE ( 'NONE', *, *, #1348, .T. ) ;
#4558 = CARTESIAN_POINT ( 'NONE',  ( -23.45207879911715310, -7.000000000000000000, 19.48717526990506599 ) ) ;
#4559 = CARTESIAN_POINT ( 'NONE',  ( -5.213259514835963060, 2.799669109391635935, -26.74892745529576743 ) ) ;
#4560 = CARTESIAN_POINT ( 'NONE',  ( -24.53200000000000003, 0.5000000000000000000, 0.000000000000000000 ) ) ;
#4561 = CARTESIAN_POINT ( 'NONE',  ( 9.758672924043557018, 3.966415480622796697, -26.64151843465388225 ) ) ;
#4562 = CARTESIAN_POINT ( 'NONE',  ( 19.83177207254529861, 4.499973871737838138, -0.3072124856686188066 ) ) ;
#4563 = CARTESIAN_POINT ( 'NONE',  ( 4.038600031080584074, 2.629891315704019128, 26.55978263140804074 ) ) ;
#4564 = ORIENTED_EDGE ( 'NONE', *, *, #5848, .T. ) ;
#4565 = EDGE_CURVE ( 'NONE', #2245, #1658, #3359, .T. ) ;
#4566 = B_SPLINE_CURVE_WITH_KNOTS ( 'NONE', 3,
 ( #2494, #5336, #4472, #1622, #1102, #3982, #116, #3014, #638, #5833, #1565, #4854, #2063, #2519 ),
 .UNSPECIFIED., .F., .F.,
 ( 4, 2, 2, 2, 2, 2, 4 ),
 ( 0.004701555658095229843, 0.005289819424973650312, 0.005878083191852069914, 0.006172215075291278413, 0.006466346958730485178, 0.006760478842169692811, 0.007054610725608900443 ),
 .UNSPECIFIED. ) ;
#4567 = EDGE_LOOP ( 'NONE', ( #1871, #5201, #1387, #5372, #5303, #915, #3788, #3317, #4295, #1169, #2324, #5173, #2455 ) ) ;
#4568 = CARTESIAN_POINT ( 'NONE',  ( 2.526564613014414373, 3.055120022216046838, 27.41024004439129413 ) ) ;
#4569 = DIRECTION ( 'NONE',  ( 0.000000000000000000, 0.000000000000000000, 1.000000000000000000 ) ) ;
#4570 = CARTESIAN_POINT ( 'NONE',  ( 16.58493030987418848, 5.556438918847339536, 12.25433864365506587 ) ) ;
#4571 = DIRECTION ( 'NONE',  ( -0.8847611571602912450, -0.3952283500213537581, -0.2469660829340358521 ) ) ;
#4572 = ORIENTED_EDGE ( 'NONE', *, *, #5164, .F. ) ;
#4573 = CARTESIAN_POINT ( 'NONE',  ( 8.411017330768183697, 3.828962025947642456, -26.81322786217912579 ) ) ;
#4574 = CARTESIAN_POINT ( 'NONE',  ( -19.77874574974935129, 4.844079488888772822, 5.300864373468293422 ) ) ;
#4575 = CARTESIAN_POINT ( 'NONE',  ( -10.24013712763320250, 2.262326174291874548, 25.82465234858375069 ) ) ;
#4576 = CARTESIAN_POINT ( 'NONE',  ( 4.611327036331122287, 3.249954484645380504, -26.50090693920851592 ) ) ;
#4577 = CARTESIAN_POINT ( 'NONE',  ( 10.73831718418598236, 4.378976860347740363, 26.25156752845692765 ) ) ;
#4578 = CARTESIAN_POINT ( 'NONE',  ( -11.75566209838221177, 4.509786734333020242, -3.228484793212680781 ) ) ;
#4579 = SECURITY_CLASSIFICATION_LEVEL ( 'unclassified' ) ;
#4580 = EDGE_CURVE ( 'NONE', #5479, #662, #1242, .T. ) ;
#4581 = CARTESIAN_POINT ( 'NONE',  ( 48.06990666615572394, 5.654849367618365541, 9.676287011977814601 ) ) ;
#4582 = CARTESIAN_POINT ( 'NONE',  ( 38.70557107504664884, 7.858975779269959716, -19.69367050583469947 ) ) ;
#4583 = DIRECTION ( 'NONE',  ( -0.000000000000000000, 1.000000000000000000, 0.000000000000000000 ) ) ;
#4584 = EDGE_CURVE ( 'NONE', #2305, #4170, #4138, .T. ) ;
#4585 = ORIENTED_EDGE ( 'NONE', *, *, #2792, .F. ) ;
#4586 = CARTESIAN_POINT ( 'NONE',  ( 15.74393164159705627, 5.805963950947798935, 15.33540644190634161 ) ) ;
#4587 = CARTESIAN_POINT ( 'NONE',  ( -10.81411707019201174, 4.209896778478519508, -26.52600142245041326 ) ) ;
#4588 = DIRECTION ( 'NONE',  ( 0.000000000000000000, 0.000000000000000000, -1.000000000000000000 ) ) ;
#4589 = CARTESIAN_POINT ( 'NONE',  ( 2.234980408443919215E-15, 1.550000000000000266, -16.89999999999999858 ) ) ;
#4590 = CARTESIAN_POINT ( 'NONE',  ( 24.53200000000000003, 4.770281120538043318, 4.700000000000000178 ) ) ;
#4591 = DIRECTION ( 'NONE',  ( 0.000000000000000000, 0.000000000000000000, -1.000000000000000000 ) ) ;
#4592 = ORIENTED_EDGE ( 'NONE', *, *, #4454, .F. ) ;
#4593 = VERTEX_POINT ( 'NONE', #481 ) ;
#4594 = ORIENTED_EDGE ( 'NONE', *, *, #3925, .T. ) ;
#4595 = CARTESIAN_POINT ( 'NONE',  ( -1.361591339172229853, 2.431671842700018793, 26.16334368540001165 ) ) ;
#4596 = CARTESIAN_POINT ( 'NONE',  ( -16.67164581743157470, 6.033981790512820353, 14.51403568770586006 ) ) ;
#4597 = CARTESIAN_POINT ( 'NONE',  ( -4.491074535256313283, 0.6334368540004994275, 22.56687370800099401 ) ) ;
#4598 =( BOUNDED_SURFACE ( )  B_SPLINE_SURFACE ( 3, 2, ( 
 ( #5157, #2873, #4696 ),
 ( #4791, #4762, #453 ),
 ( #6116, #515, #1884 ),
 ( #1038, #2348, #2406 ),
 ( #3303, #1979, #3366 ),
 ( #4286, #2930, #56 ),
 ( #5248, #2902, #425 ),
 ( #2316, #1684, #3603 ),
 ( #4008, #1189, #5976 ),
 ( #3072, #316, #4965 ) ),
 .UNSPECIFIED., .F., .F., .T. ) 
 B_SPLINE_SURFACE_WITH_KNOTS ( ( 4, 2, 2, 2, 4 ),
 ( 3, 3 ),
 ( 1.084202172485504434E-19, 0.0005004653697772128238, 0.001000930739554425431, 0.001501396109331638255, 0.002001861479108850862 ),
 ( 0.000000000000000000, 1.000000000000000000 ),
 .UNSPECIFIED. ) 
 GEOMETRIC_REPRESENTATION_ITEM ( )  RATIONAL_B_SPLINE_SURFACE ( (
 ( 1.000000000000000000, 0.9927824020030436847, 1.000000000000000000),
 ( 1.000000000000000000, 0.9931500095901745206, 1.000000000000000000),
 ( 1.000000000000000000, 0.9933014736969141278, 1.000000000000000000),
 ( 1.000000000000000000, 0.9930824309084653745, 1.000000000000000000),
 ( 1.000000000000000000, 0.9927186705431353397, 1.000000000000000000),
 ( 1.000000000000000000, 0.9915580856762505890, 1.000000000000000000),
 ( 1.000000000000000000, 0.9907907843408951809, 1.000000000000000000),
 ( 1.000000000000000000, 0.9890034804187124440, 1.000000000000000000),
 ( 1.000000000000000000, 0.9879779808568065480, 1.000000000000000000),
 ( 1.000000000000000000, 0.9868861587615705977, 1.000000000000000000) ) ) 
 REPRESENTATION_ITEM ( '' )  SURFACE ( )  );
#4599 = CARTESIAN_POINT ( 'NONE',  ( 4.684945491507797044, 0.5231048250676781919, 22.33856089605597006 ) ) ;
#4600 = ORIENTED_EDGE ( 'NONE', *, *, #1296, .T. ) ;
#4601 = EDGE_CURVE ( 'NONE', #3975, #5735, #2366, .T. ) ;
#4602 = CARTESIAN_POINT ( 'NONE',  ( 5.117610847711546285, 3.308285030697044160, -27.27826337280461999 ) ) ;
#4603 = CARTESIAN_POINT ( 'NONE',  ( -12.72055548948997661, 4.943121631658812021, -11.25630171511583200 ) ) ;
#4604 = CARTESIAN_POINT ( 'NONE',  ( -50.36846716472609842, 4.633966001124447232, 4.840027817327995585 ) ) ;
#4605 = CARTESIAN_POINT ( 'NONE',  ( 50.87087190662970215, 4.513316303323150258, -1.209227831846829027 ) ) ;
#4606 = EDGE_CURVE ( 'NONE', #5926, #2745, #5446, .T. ) ;
#4607 = CIRCLE ( 'NONE', #1939, 1.500000000000001332 ) ;
#4608 = EDGE_CURVE ( 'NONE', #5191, #1061, #213, .T. ) ;
#4609 = CARTESIAN_POINT ( 'NONE',  ( 11.29749686032285716, 4.529076594601923134, 26.17148966787070208 ) ) ;
#4610 = FACE_OUTER_BOUND ( 'NONE', #2563, .T. ) ;
#4611 = PERSON_AND_ORGANIZATION_ROLE ( 'creator' ) ;
#4612 = CIRCLE ( 'NONE', #4218, 15.00000000000000178 ) ;
#4613 = DIRECTION ( 'NONE',  ( 1.000000000000000000, -0.000000000000000000, -0.000000000000000000 ) ) ;
#4614 = DIRECTION ( 'NONE',  ( 0.000000000000000000, 0.000000000000000000, 1.000000000000000000 ) ) ;
#4615 = CARTESIAN_POINT ( 'NONE',  ( 2.400307726328811901E-15, 0.000000000000000000, -19.60000000000000142 ) ) ;
#4616 = CIRCLE ( 'NONE', #3734, 0.3000000000000016542 ) ;
#4617 = ORIENTED_EDGE ( 'NONE', *, *, #4202, .F. ) ;
#4618 = CARTESIAN_POINT ( 'NONE',  ( -45.52780799819968394, 6.631363129835129655, 13.67864592759112341 ) ) ;
#4619 = CARTESIAN_POINT ( 'NONE',  ( 0.5410263456517619973, 0.2243786860500697755, 21.50970940318443780 ) ) ;
#4620 = CARTESIAN_POINT ( 'NONE',  ( -20.15573975853845923, 7.956076134699860525, 16.67476135310219831 ) ) ;
#4621 = DIRECTION ( 'NONE',  ( 0.000000000000000000, 0.000000000000000000, 1.000000000000000000 ) ) ;
#4622 = AXIS2_PLACEMENT_3D ( 'NONE', #4558, #201, #744 ) ;
#4623 = CARTESIAN_POINT ( 'NONE',  ( 19.86295727110576337, 4.503580520116674535, 0.6195778918967197457 ) ) ;
#4624 = CARTESIAN_POINT ( 'NONE',  ( 5.331490578819004789, 3.237496370121600187, 27.06122013478223209 ) ) ;
#4625 = VERTEX_POINT ( 'NONE', #4439 ) ;
#4626 = ORIENTED_EDGE ( 'NONE', *, *, #2580, .F. ) ;
#4627 = AXIS2_PLACEMENT_3D ( 'NONE', #2384, #1891, #4766 ) ;
#4628 = ORIENTED_EDGE ( 'NONE', *, *, #4393, .T. ) ;
#4629 = CARTESIAN_POINT ( 'NONE',  ( 16.75206490704687567, 6.000486547981933150, 14.19287812704011387 ) ) ;
#4630 = CARTESIAN_POINT ( 'NONE',  ( -16.69543862696397696, 6.027235038082993768, 14.43424927884403886 ) ) ;
#4631 = CARTESIAN_POINT ( 'NONE',  ( -4.000000000000000000, 0.1576606101263197113, 21.24999999999999645 ) ) ;
#4632 = CARTESIAN_POINT ( 'NONE',  ( -51.83200000000000074, 7.062499999999999112, 14.26739617975193042 ) ) ;
#4633 = AXIS2_PLACEMENT_3D ( 'NONE', #3308, #5189, #953 ) ;
#4634 = ORIENTED_EDGE ( 'NONE', *, *, #5545, .F. ) ;
#4635 = VECTOR ( 'NONE', #3651, 1000.000000000000000 ) ;
#4636 = CARTESIAN_POINT ( 'NONE',  ( 6.375458363060250377, 3.013461800628451481, -26.82323196094323947 ) ) ;
#4637 = CARTESIAN_POINT ( 'NONE',  ( 4.491074535256852407, 0.6334368540006025672, 22.56687370800127823 ) ) ;
#4638 = CARTESIAN_POINT ( 'NONE',  ( -3.508925464743148925, 0.6334368540006024562, 22.56687370800127823 ) ) ;
#4639 = CARTESIAN_POINT ( 'NONE',  ( -10.81411707019197976, 3.603966959366334155, 25.15383195248298520 ) ) ;
#4640 = VECTOR ( 'NONE', #5966, 1000.000000000000000 ) ;
#4641 = EDGE_CURVE ( 'NONE', #111, #6093, #4566, .T. ) ;
#4642 = EDGE_CURVE ( 'NONE', #3399, #1644, #5421, .T. ) ;
#4643 = FACE_OUTER_BOUND ( 'NONE', #5321, .T. ) ;
#4644 = B_SPLINE_CURVE_WITH_KNOTS ( 'NONE', 3,
 ( #4504, #1076, #3052, #1138, #2528, #644, #730, #3520 ),
 .UNSPECIFIED., .F., .F.,
 ( 4, 2, 2, 4 ),
 ( 1.734723475976807094E-18, 0.007654295487876224859, 0.01148144323181433946, 0.01530859097575245492 ),
 .UNSPECIFIED. ) ;
#4645 = CARTESIAN_POINT ( 'NONE',  ( -24.53200000000000003, -3.500000000000000000, 5.000000000000000000 ) ) ;
#4646 = CIRCLE ( 'NONE', #2376, 5.000000000000000000 ) ;
#4647 = DATE_AND_TIME ( #4146, #3164 ) ;
#4648 = CARTESIAN_POINT ( 'NONE',  ( -50.98767614713246843, 4.349032216572301657, 0.6128996236989403545 ) ) ;
#4649 = CARTESIAN_POINT ( 'NONE',  ( 23.45207879911716731, 8.000000000000000000, -23.70506129070006907 ) ) ;
#4650 = CARTESIAN_POINT ( 'NONE',  ( -50.64052720365371840, 4.539580463300756819, -1.801119478987077915 ) ) ;
#4651 = VECTOR ( 'NONE', #5943, 1000.000000000000000 ) ;
#4652 = VERTEX_POINT ( 'NONE', #2987 ) ;
#4653 = CARTESIAN_POINT ( 'NONE',  ( -45.31434999657830076, 6.755881541961511694, 13.44134166830712829 ) ) ;
#4654 = CARTESIAN_POINT ( 'NONE',  ( -17.88616358172637177, 6.665299307301640219, 15.56715554206419760 ) ) ;
#4655 = LINE ( 'NONE', #4991, #3216 ) ;
#4656 = CARTESIAN_POINT ( 'NONE',  ( 20.45111614168757086, 4.566702175931034446, -2.351734086941229762 ) ) ;
#4657 = CARTESIAN_POINT ( 'NONE',  ( 50.80675604738623719, 4.540288357827728660, -1.817218164916104772 ) ) ;
#4658 = ORIENTED_EDGE ( 'NONE', *, *, #1775, .F. ) ;
#4659 = ORIENTED_EDGE ( 'NONE', *, *, #3180, .T. ) ;
#4660 = ORIENTED_EDGE ( 'NONE', *, *, #5990, .F. ) ;
#4661 = CARTESIAN_POINT ( 'NONE',  ( -4.049987642158383139, 3.193409495701915457, 26.41872908515201246 ) ) ;
#4662 = EDGE_CURVE ( 'NONE', #456, #1061, #2120, .T. ) ;
#4663 = DIRECTION ( 'NONE',  ( 0.000000000000000000, 0.000000000000000000, -1.000000000000000000 ) ) ;
#4664 = CARTESIAN_POINT ( 'NONE',  ( -4.159407936397205852, 0.1576606101263197113, 21.25000000000000000 ) ) ;
#4665 = EDGE_CURVE ( 'NONE', #5827, #3748, #2265, .T. ) ;
#4666 = CARTESIAN_POINT ( 'NONE',  ( -44.68328546888272257, 6.940225779269963979, -14.52052555676733014 ) ) ;
#4667 = EDGE_LOOP ( 'NONE', ( #2463, #2889 ) ) ;
#4668 = DIRECTION ( 'NONE',  ( 0.000000000000000000, 0.000000000000000000, -1.000000000000000000 ) ) ;
#4669 = CARTESIAN_POINT ( 'NONE',  ( 6.830890020110153671, 3.547961555261906152, -27.02528243588459489 ) ) ;
#4670 = CARTESIAN_POINT ( 'NONE',  ( -19.53852993245353531, 4.821902855129379439, 5.128087961198594336 ) ) ;
#4671 = CARTESIAN_POINT ( 'NONE',  ( -3.241176533518937308, 0.3479182066258720285, 21.90266005408115646 ) ) ;
#4672 = CARTESIAN_POINT ( 'NONE',  ( 5.457040152548096934, 3.350848803777163987, 26.55145295970435626 ) ) ;
#4673 = DIRECTION ( 'NONE',  ( -0.1880434555444756850, 0.000000000000000000, 0.9821607092665092242 ) ) ;
#4674 = DIRECTION ( 'NONE',  ( 0.000000000000000000, 0.000000000000000000, -1.000000000000000000 ) ) ;
#4675 = PERSON_AND_ORGANIZATION ( #2293, #1479 ) ;
#4676 = CARTESIAN_POINT ( 'NONE',  ( -50.49545051289919684, 4.604800150238223644, -2.989135499587965761 ) ) ;
#4677 = DIRECTION ( 'NONE',  ( 1.000000000000000000, -0.000000000000000000, 0.000000000000000000 ) ) ;
#4678 = CARTESIAN_POINT ( 'NONE',  ( 4.004314661100989881, 3.188327357863274703, 27.56652090181027148 ) ) ;
#4679 = ORIENTED_EDGE ( 'NONE', *, *, #2710, .F. ) ;
#4680 = CARTESIAN_POINT ( 'NONE',  ( 4.078575790232559228, 2.626446581899998911, 26.55289316380000386 ) ) ;
#4681 = CARTESIAN_POINT ( 'NONE',  ( -4.049987642158389356, 3.193409495701915457, 26.41872908515204443 ) ) ;
#4682 = LINE ( 'NONE', #71, #5099 ) ;
#4683 = CARTESIAN_POINT ( 'NONE',  ( 0.000000000000000000, 8.000000000000000000, 0.000000000000000000 ) ) ;
#4684 = CARTESIAN_POINT ( 'NONE',  ( 23.01049567199386914, 4.742849937599957322, -4.457428993223356173 ) ) ;
#4685 = ORIENTED_EDGE ( 'NONE', *, *, #3010, .F. ) ;
#4686 = ORIENTED_EDGE ( 'NONE', *, *, #4482, .F. ) ;
#4687 = EDGE_LOOP ( 'NONE', ( #5140, #2605, #1485, #2430 ) ) ;
#4688 = CARTESIAN_POINT ( 'NONE',  ( 18.67986332998124865, 6.661889565202492314, 14.40105983321143412 ) ) ;
#4689 = CARTESIAN_POINT ( 'NONE',  ( 23.45207879911717441, 7.062500000000000888, -14.26739617975193575 ) ) ;
#4690 = DIRECTION ( 'NONE',  ( 0.000000000000000000, 0.000000000000000000, 1.000000000000000000 ) ) ;
#4691 = DIRECTION ( 'NONE',  ( -0.000000000000000000, -1.000000000000000000, -0.000000000000000000 ) ) ;
#4692 = ORIENTED_EDGE ( 'NONE', *, *, #4419, .F. ) ;
#4693 = ORIENTED_EDGE ( 'NONE', *, *, #835, .T. ) ;
#4694 = CARTESIAN_POINT ( 'NONE',  ( 24.53200000000000003, -3.000000000000000000, -6.158312395177701681 ) ) ;
#4695 = CARTESIAN_POINT ( 'NONE',  ( 4.674901325479300596, 3.257526453598491134, -27.37277017863633333 ) ) ;
#4696 = CARTESIAN_POINT ( 'NONE',  ( 10.29892779071646913, 4.266735681471831576, -4.888966574700948087 ) ) ;
#4697 = CARTESIAN_POINT ( 'NONE',  ( 50.80675604738382134, 4.540288357828744736, 1.817218164938905201 ) ) ;
#4698 = ORIENTED_EDGE ( 'NONE', *, *, #2221, .T. ) ;
#4699 = CARTESIAN_POINT ( 'NONE',  ( 0.000000000000000000, 4.398845855716136732, 26.42590409671763041 ) ) ;
#4700 = CARTESIAN_POINT ( 'NONE',  ( -24.53200000000000003, 0.5000000000000000000, -7.900000000000000355 ) ) ;
#4701 = CARTESIAN_POINT ( 'NONE',  ( -11.37724389698393779, 4.398845855716135844, -26.42590409671763041 ) ) ;
#4702 = VECTOR ( 'NONE', #2328, 1000.000000000000000 ) ;
#4703 = CARTESIAN_POINT ( 'NONE',  ( 4.613320516996389564, 3.250889720631970459, 26.49860332848548694 ) ) ;
#4704 = ORIENTED_EDGE ( 'NONE', *, *, #1318, .T. ) ;
#4705 = CARTESIAN_POINT ( 'NONE',  ( -51.83200000000000074, -6.999999999999999112, -19.48717526990507309 ) ) ;
#4706 = CARTESIAN_POINT ( 'NONE',  ( 50.64052720365300786, 4.539580463301078339, 1.801119478994312573 ) ) ;
#4707 = CC_DESIGN_PERSON_AND_ORGANIZATION_ASSIGNMENT ( #5539, #336, ( #4349 ) ) ;
#4708 = CARTESIAN_POINT ( 'NONE',  ( 1.679308837174572133, 2.774658106256837620, -3.413295160446863097 ) ) ;
#4709 = CARTESIAN_POINT ( 'NONE',  ( 17.33414519935559639, 6.695652173916670336, -19.48717526991828919 ) ) ;
#4710 = AXIS2_PLACEMENT_3D ( 'NONE', #3479, #197, #629 ) ;
#4711 = ORIENTED_EDGE ( 'NONE', *, *, #4473, .T. ) ;
#4712 = ORIENTED_EDGE ( 'NONE', *, *, #3160, .T. ) ;
#4713 = ADVANCED_FACE ( 'NONE', ( #206 ), #5390, .T. ) ;
#4714 = EDGE_LOOP ( 'NONE', ( #935, #1710 ) ) ;
#4715 = CARTESIAN_POINT ( 'NONE',  ( 18.29408603484475293, 6.675463590290819482, 14.99711599232172787 ) ) ;
#4716 = CIRCLE ( 'NONE', #4917, 24.26377495386450533 ) ;
#4717 = EDGE_CURVE ( 'NONE', #691, #3504, #3980, .T. ) ;
#4718 = CARTESIAN_POINT ( 'NONE',  ( -16.04750842887847284, 5.920748896494811397, 15.25222196268503794 ) ) ;
#4719 = DIRECTION ( 'NONE',  ( 0.000000000000000000, 0.000000000000000000, 1.000000000000000000 ) ) ;
#4720 = DIRECTION ( 'NONE',  ( 0.000000000000000000, 0.000000000000000000, -1.000000000000000000 ) ) ;
#4721 = ADVANCED_FACE ( 'NONE', ( #3418 ), #834, .T. ) ;
#4722 = CIRCLE ( 'NONE', #2744, 15.00000000000000178 ) ;
#4723 = ORIENTED_EDGE ( 'NONE', *, *, #331, .F. ) ;
#4724 =( BOUNDED_SURFACE ( )  B_SPLINE_SURFACE ( 3, 2, ( 
 ( #2635, #232, #5952 ),
 ( #2117, #2607, #718 ),
 ( #5919, #2060, #4935 ),
 ( #3978, #256, #1154 ),
 ( #3601, #5416, #745 ),
 ( #1682, #2145, #1127 ),
 ( #4035, #780, #4006 ),
 ( #5449, #4527, #1213 ) ),
 .UNSPECIFIED., .F., .F., .T. ) 
 B_SPLINE_SURFACE_WITH_KNOTS ( ( 4, 2, 2, 4 ),
 ( 3, 3 ),
 ( -5.204170427930421283E-18, 0.004463950269480280487, 0.008927900538960566179, 0.01785580107792113930 ),
 ( 0.000000000000000000, 1.000000000000000000 ),
 .UNSPECIFIED. ) 
 GEOMETRIC_REPRESENTATION_ITEM ( )  RATIONAL_B_SPLINE_SURFACE ( (
 ( 1.000000000000000000, 0.9868861587615770370, 1.000000000000000000),
 ( 1.000000000000000000, 0.9858934440170298297, 1.000000000000000000),
 ( 1.000000000000000000, 0.9849124965060469528, 1.000000000000000000),
 ( 1.000000000000000000, 0.9829846774495445416, 1.000000000000000000),
 ( 1.000000000000000000, 0.9820377780793692057, 1.000000000000000000),
 ( 1.000000000000000000, 0.9792594832264621685, 1.000000000000000000),
 ( 1.000000000000000000, 0.9774902662053643887, 1.000000000000000000),
 ( 1.000000000000000000, 0.9758300207388416192, 1.000000000000000000) ) ) 
 REPRESENTATION_ITEM ( '' )  SURFACE ( )  );
#4725 = ORIENTED_EDGE ( 'NONE', *, *, #681, .T. ) ;
#4726 = CARTESIAN_POINT ( 'NONE',  ( -24.53200000000000003, 0.5000000000000000000, 0.000000000000000000 ) ) ;
#4727 = LINE ( 'NONE', #544, #67 ) ;
#4728 = LINE ( 'NONE', #2812, #973 ) ;
#4729 = AXIS2_PLACEMENT_3D ( 'NONE', #2057, #4989, #837 ) ;
#4730 = CARTESIAN_POINT ( 'NONE',  ( -13.70700975189191162, 4.615423434942686143, -3.074312784341516114 ) ) ;
#4731 = VERTEX_POINT ( 'NONE', #1718 ) ;
#4732 = CIRCLE ( 'NONE', #2752, 1.600000000000000755 ) ;
#4733 = CARTESIAN_POINT ( 'NONE',  ( -30.03200000000000358, 4.695588473793671724, 4.000000000000000000 ) ) ;
#4734 = ADVANCED_FACE ( 'NONE', ( #1309 ), #4003, .T. ) ;
#4735 = CARTESIAN_POINT ( 'NONE',  ( 45.52786778518395039, 6.631341264548478165, -13.67858632740519553 ) ) ;
#4736 = CARTESIAN_POINT ( 'NONE',  ( 49.41267571631286870, 5.053782426116740112, 7.697162526301681851 ) ) ;
#4737 = CIRCLE ( 'NONE', #5323, 4.700000000000000178 ) ;
#4738 = CARTESIAN_POINT ( 'NONE',  ( 0.000000000000000000, 0.000000000000000000, -21.29999999999999005 ) ) ;
#4739 = B_SPLINE_CURVE_WITH_KNOTS ( 'NONE', 3,
 ( #3058, #2715, #709, #798, #764, #2167, #2621, #1701, #2687, #4604, #3559, #3650, #3178, #5497 ),
 .UNSPECIFIED., .F., .F.,
 ( 4, 2, 2, 2, 2, 2, 4 ),
 ( 0.000000000000000000, 0.003638499057996128633, 0.007276998115992257266, 0.009096247644990323317, 0.01091549717398838937, 0.01273474670298645542, 0.01455399623198452147 ),
 .UNSPECIFIED. ) ;
#4740 = ORIENTED_EDGE ( 'NONE', *, *, #4662, .F. ) ;
#4741 = CARTESIAN_POINT ( 'NONE',  ( -49.77914111996886959, 4.922664853712956479, 5.900089317358671259 ) ) ;
#4742 = CARTESIAN_POINT ( 'NONE',  ( 15.89981215290001515, 6.086221019769059382, 17.10248773028760283 ) ) ;
#4743 = DIRECTION ( 'NONE',  ( 0.2526662866867273594, -0.9675534856388769978, 0.000000000000000000 ) ) ;
#4744 = CARTESIAN_POINT ( 'NONE',  ( 6.753600261067682631, 3.518564079791122179, 17.20466327659002204 ) ) ;
#4745 = CARTESIAN_POINT ( 'NONE',  ( 10.72004578263208963, 4.109175262980078180, -2.828814321190809000 ) ) ;
#4746 = AXIS2_PLACEMENT_3D ( 'NONE', #5168, #4212, #5644 ) ;
#4747 = ORIENTED_EDGE ( 'NONE', *, *, #2598, .T. ) ;
#4748 = EDGE_CURVE ( 'NONE', #927, #110, #5453, .T. ) ;
#4749 = ORIENTED_EDGE ( 'NONE', *, *, #5582, .T. ) ;
#4750 = DIRECTION ( 'NONE',  ( 1.000000000000000000, 0.000000000000000000, -1.224646799147353207E-16 ) ) ;
#4751 = LOCAL_TIME ( 12, 22, 14.00000000000000000, #2786 ) ;
#4752 = CARTESIAN_POINT ( 'NONE',  ( 27.39785557027342833, 4.670376198860433092, -3.737804266364809447 ) ) ;
#4753 = CARTESIAN_POINT ( 'NONE',  ( -4.640655609807643245, 2.706954580812922284, 26.67600058078883407 ) ) ;
#4754 = B_SPLINE_CURVE_WITH_KNOTS ( 'NONE', 3,
 ( #3786, #1425, #109, #6099, #17, #4336, #1398, #3411, #3288, #963, #5292, #4709 ),
 .UNSPECIFIED., .F., .F.,
 ( 4, 2, 2, 2, 2, 4 ),
 ( 0.001021441868728121443, 0.003082887783086366885, 0.005144333697444611678, 0.009267225526161102997, 0.01339011735487759258, 0.01751300918359408737 ),
 .UNSPECIFIED. ) ;
#4755 = CYLINDRICAL_SURFACE ( 'NONE', #776, 15.10000000000000142 ) ;
#4756 = EDGE_CURVE ( 'NONE', #386, #2771, #293, .T. ) ;
#4757 = ADVANCED_FACE ( 'NONE', ( #4161 ), #3350, .T. ) ;
#4758 = ORIENTED_EDGE ( 'NONE', *, *, #4273, .F. ) ;
#4759 = ORIENTED_EDGE ( 'NONE', *, *, #3278, .T. ) ;
#4760 = CARTESIAN_POINT ( 'NONE',  ( 23.45207879911717441, 8.000000000000001776, 24.17565324045339992 ) ) ;
#4761 = CARTESIAN_POINT ( 'NONE',  ( -2.749935609177098339, 3.089059735140027740, -18.06959884658975568 ) ) ;
#4762 = CARTESIAN_POINT ( 'NONE',  ( 10.45696451226349311, 4.300097224134904472, -3.881051758258117879 ) ) ;
#4763 = CARTESIAN_POINT ( 'NONE',  ( -23.45207879911715310, 8.000000000000000000, 23.70506129070007262 ) ) ;
#4764 = ORIENTED_EDGE ( 'NONE', *, *, #631, .F. ) ;
#4765 =( BOUNDED_CURVE ( )  B_SPLINE_CURVE ( 3, ( #2083, #1609, #1146, #3030 ),
 .UNSPECIFIED., .F., .T. ) 
 B_SPLINE_CURVE_WITH_KNOTS ( ( 4, 4 ),
 ( 0.000000000000000000, 0.4201114781424781230 ),
 .UNSPECIFIED. ) 
 CURVE ( )  GEOMETRIC_REPRESENTATION_ITEM ( )  RATIONAL_B_SPLINE_CURVE ( ( 1.000000000000000000, 0.9853461958957675515, 0.9853461958957675515, 1.000000000000000000 ) ) 
 REPRESENTATION_ITEM ( '' )  );
#4766 = DIRECTION ( 'NONE',  ( 0.000000000000000000, 0.000000000000000000, 1.000000000000000000 ) ) ;
#4767 = CARTESIAN_POINT ( 'NONE',  ( 50.74576660622579993, 4.465650970167056144, -3.054912627342565301 ) ) ;
#4768 = CARTESIAN_POINT ( 'NONE',  ( -0.8367439807363602489, 0.1861914616217330842, 21.36813301558937894 ) ) ;
#4769 = CARTESIAN_POINT ( 'NONE',  ( -6.865618760795660691, 3.554388446618633068, 26.55274483823318832 ) ) ;
#4770 = CARTESIAN_POINT ( 'NONE',  ( 13.70700975189192405, 4.615423434942687031, -3.074312784341601823 ) ) ;
#4771 = ORIENTED_EDGE ( 'NONE', *, *, #3566, .T. ) ;
#4772 = DIRECTION ( 'NONE',  ( 0.000000000000000000, 0.8480480961564286213, 0.5299192642332006820 ) ) ;
#4773 = DIRECTION ( 'NONE',  ( 0.000000000000000000, 0.000000000000000000, -1.000000000000000000 ) ) ;
#4774 = CARTESIAN_POINT ( 'NONE',  ( -16.05975790730948205, 6.150744329016836431, 17.02211839524475678 ) ) ;
#4775 = CARTESIAN_POINT ( 'NONE',  ( 15.78268771445451435, 6.038972148486468683, 16.20767305370047495 ) ) ;
#4776 = CARTESIAN_POINT ( 'NONE',  ( 24.53200000000000003, 0.5000000000000000000, -15.10000000000000142 ) ) ;
#4777 = EDGE_CURVE ( 'NONE', #4505, #4012, #1326, .T. ) ;
#4778 = ORIENTED_EDGE ( 'NONE', *, *, #5705, .T. ) ;
#4779 = ORIENTED_EDGE ( 'NONE', *, *, #6078, .F. ) ;
#4780 = CARTESIAN_POINT ( 'NONE',  ( -6.302305623827009207, 2.443488965976599925, -26.18697793195320855 ) ) ;
#4781 = CARTESIAN_POINT ( 'NONE',  ( 26.61557473504452886, 4.718013093168671013, 4.224168964502502455 ) ) ;
#4782 = CARTESIAN_POINT ( 'NONE',  ( -9.717554711073770335, 3.857658723083416064, 26.67021391639097416 ) ) ;
#4783 = DIRECTION ( 'NONE',  ( 0.000000000000000000, -0.5299192642332006820, 0.8480480961564286213 ) ) ;
#4784 = CARTESIAN_POINT ( 'NONE',  ( 21.61737537614873617, 6.483780423491879219, -12.63014373082562258 ) ) ;
#4785 = ORIENTED_EDGE ( 'NONE', *, *, #4973, .F. ) ;
#4786 = EDGE_CURVE ( 'NONE', #441, #1974, #2611, .T. ) ;
#4787 = ORIENTED_EDGE ( 'NONE', *, *, #3354, .T. ) ;
#4788 = CARTESIAN_POINT ( 'NONE',  ( 19.77860286331622675, 5.970679812728385549, 10.88268558454944746 ) ) ;
#4789 = DIRECTION ( 'NONE',  ( 0.000000000000000000, 0.000000000000000000, 1.000000000000000000 ) ) ;
#4790 = CARTESIAN_POINT ( 'NONE',  ( -11.00331941959689885, 4.271657001254437702, 26.49872901810531900 ) ) ;
#4791 = CARTESIAN_POINT ( 'NONE',  ( 10.33430566228070546, 4.038372598295685734, -2.978844469319069432 ) ) ;
#4792 = B_SPLINE_CURVE_WITH_KNOTS ( 'NONE', 3,
 ( #4329, #4545, #104, #1988, #1089, #4805, #3406, #5435 ),
 .UNSPECIFIED., .F., .F.,
 ( 4, 2, 2, 4 ),
 ( 1.430489624538199204E-17, 0.006885701420706931246, 0.01032855213106038603, 0.01377140284141384168 ),
 .UNSPECIFIED. ) ;
#4793 = DIRECTION ( 'NONE',  ( 0.000000000000000000, 0.000000000000000000, -1.000000000000000000 ) ) ;
#4794 = EDGE_LOOP ( 'NONE', ( #294, #1292, #4064, #6103 ) ) ;
#4795 = ADVANCED_FACE ( 'NONE', ( #4532 ), #2186, .F. ) ;
#4796 = EDGE_CURVE ( 'NONE', #3765, #662, #350, .T. ) ;
#4797 = CARTESIAN_POINT ( 'NONE',  ( -14.78980021301341807, 4.817530250852383844, -5.119773660993596209 ) ) ;
#4798 = CARTESIAN_POINT ( 'NONE',  ( 0.8201280272627319290, 2.749271551305115580, -3.421812152401311202 ) ) ;
#4799 = CARTESIAN_POINT ( 'NONE',  ( 0.000000000000000000, 2.449999999999999734, 23.00000000000000000 ) ) ;
#4800 = EDGE_CURVE ( 'NONE', #1997, #2869, #5529, .T. ) ;
#4801 = CARTESIAN_POINT ( 'NONE',  ( 9.734198392292043422, 3.850573785176312214, 26.68467316169236980 ) ) ;
#4802 = CARTESIAN_POINT ( 'NONE',  ( 49.13977862178953160, 5.200949192016672384, -7.569840139208254826 ) ) ;
#4803 =( BOUNDED_SURFACE ( )  B_SPLINE_SURFACE ( 3, 2, ( 
 ( #5071, #3683, #3179 ),
 ( #2716, #4605, #5563 ),
 ( #4141, #3207, #857 ),
 ( #2751, #1828, #5279 ),
 ( #1475, #4287, #920 ),
 ( #5185, #4697, #1913 ) ),
 .UNSPECIFIED., .F., .F., .T. ) 
 B_SPLINE_SURFACE_WITH_KNOTS ( ( 4, 2, 4 ),
 ( 3, 3 ),
 ( 0.000000000000000000, 0.001815462763369754453, 0.003630925526739508906 ),
 ( 0.000000000000000000, 1.000000000000000000 ),
 .UNSPECIFIED. ) 
 GEOMETRIC_REPRESENTATION_ITEM ( )  RATIONAL_B_SPLINE_SURFACE ( (
 ( 1.000000000000000000, 0.8737348221099831003, 1.000000000000000000),
 ( 1.000000000000000000, 0.8679897231570878890, 1.000000000000000000),
 ( 1.000000000000000000, 0.8650740516016817150, 1.000000000000000000),
 ( 1.000000000000000000, 0.8650671052415148665, 1.000000000000000000),
 ( 1.000000000000000000, 0.8679874946015514459, 1.000000000000000000),
 ( 1.000000000000000000, 0.8737348221102009260, 1.000000000000000000) ) ) 
 REPRESENTATION_ITEM ( '' )  SURFACE ( )  );
#4804 = ADVANCED_FACE ( 'NONE', ( #5693 ), #2003, .T. ) ;
#4805 = CARTESIAN_POINT ( 'NONE',  ( 4.837254337726553999, 3.260507961997636261, 18.30160730708448469 ) ) ;
#4806 = CARTESIAN_POINT ( 'NONE',  ( -49.58326471636748778, 5.008567613113164896, 6.462188407634234188 ) ) ;
#4807 = CARTESIAN_POINT ( 'NONE',  ( 50.69905784360693701, 4.513249167047409749, 1.202302490963264248 ) ) ;
#4808 = CARTESIAN_POINT ( 'NONE',  ( -1.025530809984031654E-14, 2.999999999999978240, 23.00000000000015277 ) ) ;
#4809 = CARTESIAN_POINT ( 'NONE',  ( 1.358736407278556158, 2.766478390794525843, 16.41603579290091730 ) ) ;
#4810 = CARTESIAN_POINT ( 'NONE',  ( -38.65409518678679746, 8.000000000000001776, -19.62214659862621247 ) ) ;
#4811 = ORIENTED_EDGE ( 'NONE', *, *, #3165, .T. ) ;
#4812 = CONICAL_SURFACE ( 'NONE', #451, 2.999999999999999112, 0.7853981633974479459 ) ;
#4813 = ORIENTED_EDGE ( 'NONE', *, *, #4860, .F. ) ;
#4814 = CARTESIAN_POINT ( 'NONE',  ( -5.189002688399185104, 2.530867088836452172, -26.36173417767290772 ) ) ;
#4815 = CARTESIAN_POINT ( 'NONE',  ( -42.65611503887043909, 7.747703937052981438, 16.11339008071697165 ) ) ;
#4816 = CARTESIAN_POINT ( 'NONE',  ( 10.92571106962863148, 4.427912777467946093, -26.22980561172458636 ) ) ;
#4817 = AXIS2_PLACEMENT_3D ( 'NONE', #1892, #5689, #5665 ) ;
#4818 = CARTESIAN_POINT ( 'NONE',  ( 44.68328546888272257, 6.940225779269962203, -14.52052555676733014 ) ) ;
#4819 = CARTESIAN_POINT ( 'NONE',  ( 14.25261661593829032, 4.715401680206952051, -4.206595842757888448 ) ) ;
#4820 = VERTEX_POINT ( 'NONE', #1515 ) ;
#4821 = AXIS2_PLACEMENT_3D ( 'NONE', #740, #5947, #4519 ) ;
#4822 = EDGE_LOOP ( 'NONE', ( #348, #3217, #448, #2367 ) ) ;
#4823 = CARTESIAN_POINT ( 'NONE',  ( 44.47687577975090534, 7.062500000000227374, 14.26739617975253971 ) ) ;
#4824 = LINE ( 'NONE', #3425, #3955 ) ;
#4825 = CARTESIAN_POINT ( 'NONE',  ( -4.189806668653073274, 3.206794297518656300, 26.44568762959311314 ) ) ;
#4826 = CARTESIAN_POINT ( 'NONE',  ( 17.65538038947889277, 6.616937280866643789, 15.79014899602177913 ) ) ;
#4827 = CARTESIAN_POINT ( 'NONE',  ( -14.24822128208234240, 4.713974079713680432, -4.218171766785952848 ) ) ;
#4828 = AXIS2_PLACEMENT_3D ( 'NONE', #1143, #4423, #4922 ) ;
#4829 = AXIS2_PLACEMENT_3D ( 'NONE', #3205, #2254, #854 ) ;
#4830 = CARTESIAN_POINT ( 'NONE',  ( -23.45207879911715310, -6.999999999999999112, -27.30000000000000071 ) ) ;
#4831 = CARTESIAN_POINT ( 'NONE',  ( 2.400307726328812296E-15, 4.450000000000000178, -19.60000000000000142 ) ) ;
#4832 = DIRECTION ( 'NONE',  ( 0.000000000000000000, 0.000000000000000000, 1.000000000000000000 ) ) ;
#4833 = CARTESIAN_POINT ( 'NONE',  ( -6.858942151648643737, 3.553289854809901449, -26.55294507729223952 ) ) ;
#4834 = CARTESIAN_POINT ( 'NONE',  ( 50.45236996541537167, 4.702393571847497178, -4.230330896521097728 ) ) ;
#4835 = AXIS2_PLACEMENT_3D ( 'NONE', #3114, #155, #2567 ) ;
#4836 = EDGE_CURVE ( 'NONE', #2142, #3579, #2372, .T. ) ;
#4837 = EDGE_LOOP ( 'NONE', ( #975, #3639, #2523, #137 ) ) ;
#4838 = EDGE_CURVE ( 'NONE', #5962, #4481, #2080, .T. ) ;
#4839 = EDGE_LOOP ( 'NONE', ( #2334, #5085, #2033, #2188, #1962 ) ) ;
#4840 = CARTESIAN_POINT ( 'NONE',  ( -50.53906684273135852, 4.558674121733087503, 4.260060174322065407 ) ) ;
#4841 = AXIS2_PLACEMENT_3D ( 'NONE', #1498, #510, #3325 ) ;
#4842 = CARTESIAN_POINT ( 'NONE',  ( 23.45207879911716731, 8.000000000000000000, 24.00936052501757700 ) ) ;
#4843 =( BOUNDED_CURVE ( )  B_SPLINE_CURVE ( 3, ( #3163, #3192, #5646, #1369 ),
 .UNSPECIFIED., .F., .T. ) 
 B_SPLINE_CURVE_WITH_KNOTS ( ( 4, 4 ),
 ( 5.863073829037108275, 6.283185307179586232 ),
 .UNSPECIFIED. ) 
 CURVE ( )  GEOMETRIC_REPRESENTATION_ITEM ( )  RATIONAL_B_SPLINE_CURVE ( ( 1.000000000000000000, 0.9853461958957675515, 0.9853461958957675515, 1.000000000000000000 ) ) 
 REPRESENTATION_ITEM ( '' )  );
#4844 = CARTESIAN_POINT ( 'NONE',  ( -16.71971292814498611, 6.383968346487773005, 16.60825036492434492 ) ) ;
#4845 = CARTESIAN_POINT ( 'NONE',  ( -5.405656863870855311, 3.257745731894380992, 18.30443351707429045 ) ) ;
#4846 = DIRECTION ( 'NONE',  ( 0.000000000000000000, 0.000000000000000000, 1.000000000000000000 ) ) ;
#4847 = ORIENTED_EDGE ( 'NONE', *, *, #4091, .T. ) ;
#4848 = CIRCLE ( 'NONE', #5724, 0.7500000000000006661 ) ;
#4849 = EDGE_LOOP ( 'NONE', ( #2583, #46, #2982, #5706 ) ) ;
#4850 = PLANE ( 'NONE',  #1857 ) ;
#4851 = CARTESIAN_POINT ( 'NONE',  ( 24.53200000000000003, 4.770281120538043318, 4.700000000000000178 ) ) ;
#4852 = AXIS2_PLACEMENT_3D ( 'NONE', #1495, #2953, #3388 ) ;
#4853 = DIRECTION ( 'NONE',  ( -1.000000000000000000, 0.000000000000000000, 0.000000000000000000 ) ) ;
#4854 = CARTESIAN_POINT ( 'NONE',  ( -30.02231847399755793, 4.715178217217472323, -4.196137804690986961 ) ) ;
#4855 = ORIENTED_EDGE ( 'NONE', *, *, #2798, .T. ) ;
#4856 = LOCAL_TIME ( 12, 22, 14.00000000000000000, #2231 ) ;
#4857 = ORIENTED_EDGE ( 'NONE', *, *, #1829, .T. ) ;
#4858 = CARTESIAN_POINT ( 'NONE',  ( 38.55695607195519159, 8.000000000000001776, 19.48717526990506954 ) ) ;
#4859 = CARTESIAN_POINT ( 'NONE',  ( -19.38026794183023327, 7.321241117110097285, 24.59978886370750573 ) ) ;
#4860 = EDGE_CURVE ( 'NONE', #4190, #1974, #5318, .T. ) ;
#4861 = CARTESIAN_POINT ( 'NONE',  ( -5.175673832782367256, 3.315369149727905196, 26.54119541511082403 ) ) ;
#4862 = CARTESIAN_POINT ( 'NONE',  ( -50.28413948611476059, 4.671182219527356239, -5.126585833856901253 ) ) ;
#4863 = EDGE_CURVE ( 'NONE', #1468, #3672, #450, .T. ) ;
#4864 = ORIENTED_EDGE ( 'NONE', *, *, #1996, .F. ) ;
#4865 = LINE ( 'NONE', #680, #5711 ) ;
#4866 = CARTESIAN_POINT ( 'NONE',  ( 1.860766722726939770, 3.006414956472220901, 17.63365331222817645 ) ) ;
#4867 = CARTESIAN_POINT ( 'NONE',  ( 50.25663727884624166, 4.711403042526930207, 4.168494048410638975 ) ) ;
#4868 = ORIENTED_EDGE ( 'NONE', *, *, #3700, .F. ) ;
#4869 = CARTESIAN_POINT ( 'NONE',  ( -17.37404300804794488, 6.713474774933149369, -24.97956342405592522 ) ) ;
#4870 = CARTESIAN_POINT ( 'NONE',  ( -2.972710903140199257, 3.104090279552064402, 20.42540740901090501 ) ) ;
#4871 = DIRECTION ( 'NONE',  ( 0.000000000000000000, 0.000000000000000000, -1.000000000000000000 ) ) ;
#4872 = CARTESIAN_POINT ( 'NONE',  ( -19.79990631387966360, 5.976397009105611779, 10.90343095627077474 ) ) ;
#4873 = CARTESIAN_POINT ( 'NONE',  ( -11.39212354594662635, 4.549609019839588875, 17.77059627220821625 ) ) ;
#4874 = CARTESIAN_POINT ( 'NONE',  ( 1.959434878635767695E-16, 1.049999999999999822, 18.39999999999999858 ) ) ;
#4875 = VERTEX_POINT ( 'NONE', #5182 ) ;
#4876 = ORIENTED_EDGE ( 'NONE', *, *, #4923, .T. ) ;
#4877 = CARTESIAN_POINT ( 'NONE',  ( -11.13319892899040831, 4.137820739385229984, -2.452020518155010986 ) ) ;
#4878 = CARTESIAN_POINT ( 'NONE',  ( 20.99135662445010198, 6.296341179449337133, 12.06318942299848906 ) ) ;
#4879 = CARTESIAN_POINT ( 'NONE',  ( -38.65409518678680456, 8.000000000000001776, 19.62214659862621602 ) ) ;
#4880 = B_SPLINE_CURVE_WITH_KNOTS ( 'NONE', 3,
 ( #1526, #2000, #3882, #3415 ),
 .UNSPECIFIED., .F., .F.,
 ( 4, 4 ),
 ( 0.000000000000000000, 0.007958555120173269742 ),
 .UNSPECIFIED. ) ;
#4881 = CARTESIAN_POINT ( 'NONE',  ( -4.115629822994811171, 2.808478094643817702, -26.91695618928764233 ) ) ;
#4882 = CARTESIAN_POINT ( 'NONE',  ( 21.33592495465525474, 7.999999999999998224, -24.00936052501757700 ) ) ;
#4883 = ORIENTED_EDGE ( 'NONE', *, *, #5636, .F. ) ;
#4884 = ORIENTED_EDGE ( 'NONE', *, *, #2292, .F. ) ;
#4885 = CARTESIAN_POINT ( 'NONE',  ( -24.53200000000000003, 0.000000000000000000, 0.000000000000000000 ) ) ;
#4886 = CARTESIAN_POINT ( 'NONE',  ( -17.37404300804792712, 6.713474774933147593, 24.97956342405591101 ) ) ;
#4887 = CARTESIAN_POINT ( 'NONE',  ( 17.45650387134286774, 6.580714909704743931, -25.06252099500076724 ) ) ;
#4888 = CARTESIAN_POINT ( 'NONE',  ( -50.11302511842709606, 4.775198438659193911, -4.751475789713155429 ) ) ;
#4889 = ORIENTED_EDGE ( 'NONE', *, *, #3836, .T. ) ;
#4890 = CARTESIAN_POINT ( 'NONE',  ( -10.10750401548465227, 4.219394837563705813, -4.092890365741033598 ) ) ;
#4891 = CARTESIAN_POINT ( 'NONE',  ( 4.265248945587503115, 2.957831737160346641, -3.351559460765333842 ) ) ;
#4892 = FACE_OUTER_BOUND ( 'NONE', #5200, .T. ) ;
#4893 = CARTESIAN_POINT ( 'NONE',  ( -4.676732224709228447, 3.257731425709729400, -27.37235555960838340 ) ) ;
#4894 = ORIENTED_EDGE ( 'NONE', *, *, #1491, .T. ) ;
#4895 = CARTESIAN_POINT ( 'NONE',  ( 46.29949280740196116, 6.333489408098825990, 12.78468427047843292 ) ) ;
#4896 = CARTESIAN_POINT ( 'NONE',  ( 2.723162948151145457, 2.496693623907832560, -26.29338724781566938 ) ) ;
#4897 = CARTESIAN_POINT ( 'NONE',  ( -18.06394236011873389, 6.664517914756775241, 15.30685110535222826 ) ) ;
#4898 = CARTESIAN_POINT ( 'NONE',  ( -13.70700975189191162, 4.615423434942686143, -3.074312784341516114 ) ) ;
#4899 = CARTESIAN_POINT ( 'NONE',  ( -50.69906193508560222, 4.513247326348142074, 1.202260630426608579 ) ) ;
#4900 = ORIENTED_EDGE ( 'NONE', *, *, #4800, .T. ) ;
#4901 = AXIS2_PLACEMENT_3D ( 'NONE', #1822, #1377, #2708 ) ;
#4902 = ORIENTED_EDGE ( 'NONE', *, *, #1726, .T. ) ;
#4903 = DIRECTION ( 'NONE',  ( 0.000000000000000000, 0.000000000000000000, 1.000000000000000000 ) ) ;
#4904 = CARTESIAN_POINT ( 'NONE',  ( 8.610034753479704150, 3.844896961588345263, -5.065011925998846642 ) ) ;
#4905 = CARTESIAN_POINT ( 'NONE',  ( -44.47687577975150930, 7.062500000000001776, 14.26739617975192864 ) ) ;
#4906 = CARTESIAN_POINT ( 'NONE',  ( -24.53200000000000003, 0.000000000000000000, -5.000000000000000000 ) ) ;
#4907 = CARTESIAN_POINT ( 'NONE',  ( 3.238069228168384495, 0.4052940700424628173, 22.05672480746691733 ) ) ;
#4908 = EDGE_CURVE ( 'NONE', #2618, #1928, #887, .T. ) ;
#4909 = ORIENTED_EDGE ( 'NONE', *, *, #1936, .F. ) ;
#4910 = EDGE_CURVE ( 'NONE', #2653, #5926, #5154, .T. ) ;
#4911 = ORIENTED_EDGE ( 'NONE', *, *, #1419, .T. ) ;
#4912 = CARTESIAN_POINT ( 'NONE',  ( -24.53200000000000003, -3.500000000000000000, 7.500000000000000000 ) ) ;
#4913 = LINE ( 'NONE', #3078, #5 ) ;
#4914 = CLOSED_SHELL ( 'NONE', ( #4019, #4980, #5107, #3546, #2589, #143, #2154, #4795, #6060, #221, #4000, #5193, #530, #4757, #5295, #3007, #3896, #708, #3707, #5419, #1752, #2416, #5999, #1810, #2550, #5437, #252, #3762, #3562, #5058, #1504, #3296, #5925, #1444, #4417, #5091, #2820, #1965, #1434, #678, #3027, #2189, #599, #653, #4470, #5250, #4081, #3804, #1363, #1042, #2559, #2977, #2746, #340, #1320, #1231, #3421, #2875, #5704, #3691, #2339, #916, #3618, #1885, #1915, #2903, #4536, #4259, #3299, #5757, #1888, #2723, #3245, #2202, #5847, #5280, #783, #5467, #5464, #1557, #185, #5357, #3243, #1581, #2353, #4182, #2905, #913, #596, #540, #1695, #1901, #3709, #1685, #2020, #1044, #3474, #4734, #893, #5405, #1963, #1313, #532, #5510, #1615, #1230, #38, #1452, #3641, #220, #2187, #6110, #3827, #1004, #4154, #2132, #4804, #5376, #4721, #228, #5354, #1999, #4713, #2336, #3433, #203, #2917, #3548, #2725, #1050, #65, #5241, #5278, #6076, #2108, #1311, #3942, #602, #31, #2711, #2596, #1890, #1960, #4338, #1914, #1647, #706, #2259, #5165, #3684, #983, #5697, #270, #4511, #3228, #721 ) ) ;
#4915 = FACE_OUTER_BOUND ( 'NONE', #269, .T. ) ;
#4916 = CARTESIAN_POINT ( 'NONE',  ( -50.03460423222531972, 4.809938596782886933, -5.040034191315252876 ) ) ;
#4917 = AXIS2_PLACEMENT_3D ( 'NONE', #473, #4272, #3383 ) ;
#4918 = VERTEX_POINT ( 'NONE', #3620 ) ;
#4919 = CARTESIAN_POINT ( 'NONE',  ( 50.98776450410228733, 4.348984355342355279, 0.6102623151373366417 ) ) ;
#4920 = CARTESIAN_POINT ( 'NONE',  ( 1.679308837169378954, 2.774658106259293877, -3.413295160457765043 ) ) ;
#4921 = CARTESIAN_POINT ( 'NONE',  ( -10.92569913414145688, 4.427909660642608713, -26.22980700017608058 ) ) ;
#4922 = DIRECTION ( 'NONE',  ( 0.000000000000000000, 0.000000000000000000, 1.000000000000000000 ) ) ;
#4923 = EDGE_CURVE ( 'NONE', #1574, #2115, #4256, .T. ) ;
#4924 =( BOUNDED_CURVE ( )  B_SPLINE_CURVE ( 3, ( #5470, #1910, #4551, #3795 ),
 .UNSPECIFIED., .F., .T. ) 
 B_SPLINE_CURVE_WITH_KNOTS ( ( 4, 4 ),
 ( 2.427719605201350550, 3.141592653589793116 ),
 .UNSPECIFIED. ) 
 CURVE ( )  GEOMETRIC_REPRESENTATION_ITEM ( )  RATIONAL_B_SPLINE_CURVE ( ( 1.000000000000000000, 0.9579810759616244065, 0.9579810759616244065, 1.000000000000000000 ) ) 
 REPRESENTATION_ITEM ( '' )  );
#4925 = DIRECTION ( 'NONE',  ( 1.000000000000000000, 0.000000000000000000, 0.000000000000000000 ) ) ;
#4926 = FACE_OUTER_BOUND ( 'NONE', #5521, .T. ) ;
#4927 = EDGE_CURVE ( 'NONE', #1502, #2115, #5133, .T. ) ;
#4928 = CARTESIAN_POINT ( 'NONE',  ( -19.23137043323431783, 6.534757880402700891, 13.27832855032744952 ) ) ;
#4929 = CARTESIAN_POINT ( 'NONE',  ( -5.176024990320621910, 3.315417871259736859, -26.54119170643955528 ) ) ;
#4930 = CARTESIAN_POINT ( 'NONE',  ( -4.000000000000000000, 2.000000000000000000, 22.00000000000000000 ) ) ;
#4931 = ORIENTED_EDGE ( 'NONE', *, *, #4454, .T. ) ;
#4932 = VECTOR ( 'NONE', #2032, 1000.000000000000000 ) ;
#4933 = ORIENTED_EDGE ( 'NONE', *, *, #724, .T. ) ;
#4934 = FACE_OUTER_BOUND ( 'NONE', #2574, .T. ) ;
#4935 = CARTESIAN_POINT ( 'NONE',  ( 14.99440442474915081, 4.491412782263082271, -0.7935118299252935659 ) ) ;
#4936 = CARTESIAN_POINT ( 'NONE',  ( 22.50071026549116127, 6.751352257761277009, -13.42913941645654319 ) ) ;
#4937 = CARTESIAN_POINT ( 'NONE',  ( 23.45207879911716731, -6.999999999999997335, 19.48717526990506599 ) ) ;
#4938 = CARTESIAN_POINT ( 'NONE',  ( 10.81411707019200108, 4.209896778478511514, 26.52600142245041326 ) ) ;
#4939 = EDGE_CURVE ( 'NONE', #5030, #2851, #5924, .T. ) ;
#4940 = CARTESIAN_POINT ( 'NONE',  ( 24.53200000000000003, 4.450000000000000178, -2.099999999999999645 ) ) ;
#4941 = CIRCLE ( 'NONE', #2267, 8.000000000000000000 ) ;
#4942 = ORIENTED_EDGE ( 'NONE', *, *, #816, .T. ) ;
#4943 = ORIENTED_EDGE ( 'NONE', *, *, #2149, .F. ) ;
#4944 = CARTESIAN_POINT ( 'NONE',  ( -28.53200000000000358, 0.000000000000000000, 4.000000000000000000 ) ) ;
#4945 = AXIS2_PLACEMENT_3D ( 'NONE', #2831, #2337, #4663 ) ;
#4946 = DIRECTION ( 'NONE',  ( 0.000000000000000000, -0.9639903168510807197, 0.2659373403968558480 ) ) ;
#4947 = CARTESIAN_POINT ( 'NONE',  ( 11.29749686032285538, 4.529076594601927575, 26.17148966787069853 ) ) ;
#4948 = EDGE_CURVE ( 'NONE', #5227, #5935, #4084, .T. ) ;
#4949 = LINE ( 'NONE', #1198, #194 ) ;
#4950 = AXIS2_PLACEMENT_3D ( 'NONE', #1735, #3153, #6056 ) ;
#4951 = ORIENTED_EDGE ( 'NONE', *, *, #5891, .F. ) ;
#4952 = CARTESIAN_POINT ( 'NONE',  ( 50.95740356865420040, 4.365690073692269912, -1.223133884849595399 ) ) ;
#4953 = DIRECTION ( 'NONE',  ( 0.000000000000000000, 0.000000000000000000, 1.000000000000000000 ) ) ;
#4954 = CARTESIAN_POINT ( 'NONE',  ( -10.94627595092125993, 4.433385317709501727, -26.41807396868725633 ) ) ;
#4955 = CARTESIAN_POINT ( 'NONE',  ( -2.942187358330698110, 3.101887436252618535, 19.35601108852435459 ) ) ;
#4956 = CARTESIAN_POINT ( 'NONE',  ( 4.078575790220692276, 2.626446581901024757, -26.55289316380205378 ) ) ;
#4957 = CARTESIAN_POINT ( 'NONE',  ( -17.93733697296897489, 6.653090617114505001, 15.46437555242863660 ) ) ;
#4958 = CARTESIAN_POINT ( 'NONE',  ( -4.000000000000000000, 2.000000000000000000, 22.00000000000000000 ) ) ;
#4959 = CARTESIAN_POINT ( 'NONE',  ( 2.659196988152046970, 3.083235253831531075, 18.60476420041703705 ) ) ;
#4960 = ORIENTED_EDGE ( 'NONE', *, *, #3514, .F. ) ;
#4961 = VERTEX_POINT ( 'NONE', #4229 ) ;
#4962 = CARTESIAN_POINT ( 'NONE',  ( -22.40178450370060403, 7.999999999999998224, -24.00936052501400653 ) ) ;
#4963 = DIRECTION ( 'NONE',  ( 0.000000000000000000, 0.000000000000000000, -1.000000000000000000 ) ) ;
#4964 = CARTESIAN_POINT ( 'NONE',  ( 14.78845856807232018, 4.817267466277009191, -5.117765836220932840 ) ) ;
#4965 = CARTESIAN_POINT ( 'NONE',  ( 13.70700975189205906, 4.615423434942725223, -3.074312784342545957 ) ) ;
#4966 = CARTESIAN_POINT ( 'NONE',  ( -50.64052720365371840, 4.539580463300757707, -1.801119478987085243 ) ) ;
#4967 = CARTESIAN_POINT ( 'NONE',  ( 48.08188760943446738, 5.651114413433080408, -9.707418848114933496 ) ) ;
#4968 = ORIENTED_EDGE ( 'NONE', *, *, #1274, .F. ) ;
#4969 = EDGE_LOOP ( 'NONE', ( #844, #3903, #1349, #1134 ) ) ;
#4970 = CARTESIAN_POINT ( 'NONE',  ( 19.35000152869183410, 7.426552171916013911, 24.53398321314205077 ) ) ;
#4971 = CYLINDRICAL_SURFACE ( 'NONE', #1790, 7.500000000000000000 ) ;
#4972 = CARTESIAN_POINT ( 'NONE',  ( 4.645738189680644226, 2.707738032176492116, 26.67679212883827233 ) ) ;
#4973 = EDGE_CURVE ( 'NONE', #3255, #45, #5658, .T. ) ;
#4974 = ORIENTED_EDGE ( 'NONE', *, *, #1087, .T. ) ;
#4975 = ORIENTED_EDGE ( 'NONE', *, *, #2394, .T. ) ;
#4976 = CARTESIAN_POINT ( 'NONE',  ( -4.078575790220690500, 2.626446581901023869, 26.55289316380205378 ) ) ;
#4977 = CARTESIAN_POINT ( 'NONE',  ( -4.115629991912856056, 2.808478088226709968, 26.91695617645342509 ) ) ;
#4978 = CARTESIAN_POINT ( 'NONE',  ( 24.53200000000000003, 7.858975779269965045, 0.000000000000000000 ) ) ;
#4979 = EDGE_CURVE ( 'NONE', #3124, #575, #5501, .T. ) ;
#4980 = ADVANCED_FACE ( 'NONE', ( #767 ), #5010, .F. ) ;
#4981 = CARTESIAN_POINT ( 'NONE',  ( 2.571758278209441267E-15, 2.949999999999999734, -20.99999999999999645 ) ) ;
#4982 = EDGE_CURVE ( 'NONE', #2959, #254, #4049, .T. ) ;
#4983 = CARTESIAN_POINT ( 'NONE',  ( 24.53200000000000003, 0.5000000000000000000, 7.900000000000000355 ) ) ;
#4984 = CARTESIAN_POINT ( 'NONE',  ( -17.45650387134286774, 6.580714909704743931, 25.06252099500077080 ) ) ;
#4985 = CARTESIAN_POINT ( 'NONE',  ( -4.049987642186362535, 3.193409495704594647, -26.41872908515743745 ) ) ;
#4986 = EDGE_CURVE ( 'NONE', #5935, #2142, #4513, .T. ) ;
#4987 = ORIENTED_EDGE ( 'NONE', *, *, #1500, .T. ) ;
#4988 = ORIENTED_EDGE ( 'NONE', *, *, #3351, .T. ) ;
#4989 = DIRECTION ( 'NONE',  ( -0.000000000000000000, 1.000000000000000000, -0.000000000000000000 ) ) ;
#4990 = CARTESIAN_POINT ( 'NONE',  ( -17.33414519934746068, 6.695652173913042127, -19.48717526990505888 ) ) ;
#4991 = CARTESIAN_POINT ( 'NONE',  ( 0.000000000000000000, 8.000000000000000000, -24.00936052501757700 ) ) ;
#4992 = CARTESIAN_POINT ( 'NONE',  ( 18.27007424359585031, 6.678406035176538857, 15.03911790578440488 ) ) ;
#4993 = CARTESIAN_POINT ( 'NONE',  ( -38.70557107504664884, 7.858975779269959716, -19.69367050583469947 ) ) ;
#4994 = CARTESIAN_POINT ( 'NONE',  ( 8.531965301891396791, 2.315937440329375097, 25.93187488065875002 ) ) ;
#4995 =( BOUNDED_SURFACE ( )  B_SPLINE_SURFACE ( 3, 2, ( 
 ( #4984, #2175, #4060 ),
 ( #4088, #5969, #1271 ),
 ( #805, #2692, #2232 ),
 ( #3658, #2354, #2320 ) ),
 .UNSPECIFIED., .F., .F., .T. ) 
 B_SPLINE_SURFACE_WITH_KNOTS ( ( 4, 4 ),
 ( 3, 3 ),
 ( 5.863073829037108275, 6.014127297592462007 ),
 ( 0.000000000000000000, 1.000000000000000000 ),
 .UNSPECIFIED. ) 
 GEOMETRIC_REPRESENTATION_ITEM ( )  RATIONAL_B_SPLINE_SURFACE ( (
 ( 1.000000000000000000, 0.8613475861151880242, 1.000000000000000000),
 ( 1.000000000000000000, 0.8645062998508755703, 1.000000000000000000),
 ( 1.000000000000000000, 0.8671129388643296076, 1.000000000000000000),
 ( 1.000000000000000000, 0.8691529452217087170, 1.000000000000000000) ) ) 
 REPRESENTATION_ITEM ( '' )  SURFACE ( )  );
#4996 = ORIENTED_EDGE ( 'NONE', *, *, #5018, .F. ) ;
#4997 = ORIENTED_EDGE ( 'NONE', *, *, #2103, .F. ) ;
#4998 = DIRECTION ( 'NONE',  ( 0.000000000000000000, 0.000000000000000000, 1.000000000000000000 ) ) ;
#4999 = CARTESIAN_POINT ( 'NONE',  ( 0.000000000000000000, 3.603966959366334599, 25.15383195248298520 ) ) ;
#5000 = CARTESIAN_POINT ( 'NONE',  ( 19.35000152869182344, 7.426552171916011247, -24.53398321314206143 ) ) ;
#5001 = DIRECTION ( 'NONE',  ( 1.000000000000000000, 0.000000000000000000, 0.000000000000000000 ) ) ;
#5002 = ORIENTED_EDGE ( 'NONE', *, *, #2077, .F. ) ;
#5003 = AXIS2_PLACEMENT_3D ( 'NONE', #2892, #5205, #5299 ) ;
#5004 = CARTESIAN_POINT ( 'NONE',  ( -15.42341466600337263, 5.839715857131008825, -25.52554859273843491 ) ) ;
#5005 = CARTESIAN_POINT ( 'NONE',  ( -13.70700975189191162, 4.615423434942686143, -3.074312784341516114 ) ) ;
#5006 = DIRECTION ( 'NONE',  ( 0.000000000000000000, 0.000000000000000000, 1.000000000000000000 ) ) ;
#5007 = DIRECTION ( 'NONE',  ( -1.156482317317870344E-15, 0.000000000000000000, 1.000000000000000000 ) ) ;
#5008 = AXIS2_PLACEMENT_3D ( 'NONE', #3286, #5169, #930 ) ;
#5009 = CIRCLE ( 'NONE', #2350, 6.158312395177701681 ) ;
#5010 = CYLINDRICAL_SURFACE ( 'NONE', #3851, 2.999999999999999112 ) ;
#5011 = CARTESIAN_POINT ( 'NONE',  ( 44.47687577975150930, 7.062499999999999112, -14.26739617975193042 ) ) ;
#5012 = CARTESIAN_POINT ( 'NONE',  ( -12.38049331277139586, 4.609472326577083834, -4.025849659136197189 ) ) ;
#5013 = PERSON_AND_ORGANIZATION ( #2293, #1479 ) ;
#5014 = CARTESIAN_POINT ( 'NONE',  ( 49.60860459765608965, 4.997914669209268190, 6.473951111277198578 ) ) ;
#5015 = EDGE_CURVE ( 'NONE', #3473, #3606, #1921, .T. ) ;
#5016 = CARTESIAN_POINT ( 'NONE',  ( -50.11720086369031435, 4.773496127145658185, 4.762733760071355071 ) ) ;
#5017 = AXIS2_PLACEMENT_3D ( 'NONE', #1600, #5366, #1007 ) ;
#5018 = EDGE_CURVE ( 'NONE', #3224, #2653, #4924, .T. ) ;
#5019 = VERTEX_POINT ( 'NONE', #306 ) ;
#5020 = ORIENTED_EDGE ( 'NONE', *, *, #674, .F. ) ;
#5021 = DIRECTION ( 'NONE',  ( 0.8958012529582585204, 0.000000000000000000, 0.4444548516985881714 ) ) ;
#5022 = CIRCLE ( 'NONE', #2357, 15.10000000000000142 ) ;
#5023 = CARTESIAN_POINT ( 'NONE',  ( 0.000000000000000000, 4.450000000000000178, 23.00000000000000000 ) ) ;
#5024 = DIRECTION ( 'NONE',  ( 0.000000000000000000, -1.000000000000000000, 0.000000000000000000 ) ) ;
#5025 = CARTESIAN_POINT ( 'NONE',  ( 22.40906153952933622, 8.000000000003572254, -24.17565324044983655 ) ) ;
#5026 = CARTESIAN_POINT ( 'NONE',  ( 22.17778847263979713, 4.703105207827066536, 4.079594083091720336 ) ) ;
#5027 = CARTESIAN_POINT ( 'NONE',  ( 8.675755808240731781, 3.740371976386920316, 26.75815201414600963 ) ) ;
#5028 = AXIS2_PLACEMENT_3D ( 'NONE', #4937, #2147, #5516 ) ;
#5029 = ORIENTED_EDGE ( 'NONE', *, *, #4375, .T. ) ;
#5030 = VERTEX_POINT ( 'NONE', #1851 ) ;
#5031 = CARTESIAN_POINT ( 'NONE',  ( -50.83586519108596491, 4.425156278634188034, -2.436105182511425493 ) ) ;
#5032 = CYLINDRICAL_SURFACE ( 'NONE', #3157, 1.500000000000001332 ) ;
#5033 = CARTESIAN_POINT ( 'NONE',  ( 40.88196759489846954, 7.858975779269959716, 18.12731390651693175 ) ) ;
#5034 = AXIS2_PLACEMENT_3D ( 'NONE', #4485, #3930, #1578 ) ;
#5035 =( BOUNDED_CURVE ( )  B_SPLINE_CURVE ( 3, ( #216, #188, #2076, #4976 ),
 .UNSPECIFIED., .F., .T. ) 
 B_SPLINE_CURVE_WITH_KNOTS ( ( 4, 4 ),
 ( 3.046154008311438677, 3.237031298867873996 ),
 .UNSPECIFIED. ) 
 CURVE ( )  GEOMETRIC_REPRESENTATION_ITEM ( )  RATIONAL_B_SPLINE_CURVE ( ( 1.000000000000000000, 0.9969661255576083292, 0.9969661255576083292, 1.000000000000000000 ) ) 
 REPRESENTATION_ITEM ( '' )  );
#5036 = CARTESIAN_POINT ( 'NONE',  ( 4.568516732809864145, 0.2172128223143207082, 21.48624561034424474 ) ) ;
#5037 = VERTEX_POINT ( 'NONE', #2198 ) ;
#5038 = EDGE_CURVE ( 'NONE', #5681, #1945, #1976, .T. ) ;
#5039 = CARTESIAN_POINT ( 'NONE',  ( 6.942554747121709724, 3.133880427493389131, -26.82648753293968014 ) ) ;
#5040 = CARTESIAN_POINT ( 'NONE',  ( -19.86498432366117939, 4.850159684325112686, 5.347143039337495019 ) ) ;
#5041 = CARTESIAN_POINT ( 'NONE',  ( -3.337924758963380700, 0.2537736947978838087, 21.61666660260274497 ) ) ;
#5042 = CARTESIAN_POINT ( 'NONE',  ( 4.049987642171967828, 3.193409495703214418, 26.41872908515465923 ) ) ;
#5043 = EDGE_CURVE ( 'NONE', #4481, #5962, #3, .T. ) ;
#5044 = CIRCLE ( 'NONE', #2179, 0.3000000000000000999 ) ;
#5045 = CC_DESIGN_APPROVAL ( #4520, ( #5734 ) ) ;
#5046 = CARTESIAN_POINT ( 'NONE',  ( 2.731922130763579926, 3.087881027056581740, -18.61224443931252992 ) ) ;
#5047 = DIRECTION ( 'NONE',  ( -0.000000000000000000, 1.000000000000000000, -0.000000000000000000 ) ) ;
#5048 = CARTESIAN_POINT ( 'NONE',  ( 10.29892779071649400, 4.266735681471828912, -4.888966574700921441 ) ) ;
#5049 = CARTESIAN_POINT ( 'NONE',  ( -44.47687577975150930, 7.062499999999999112, 14.26739617975193042 ) ) ;
#5050 = VERTEX_POINT ( 'NONE', #1409 ) ;
#5051 = CARTESIAN_POINT ( 'NONE',  ( 1.959434878635763258E-16, 4.450000000000000178, 18.40000000000000213 ) ) ;
#5052 = CARTESIAN_POINT ( 'NONE',  ( -28.53200000000000358, 0.000000000000000000, 5.500000000000000888 ) ) ;
#5053 = DIRECTION ( 'NONE',  ( 0.000000000000000000, 0.000000000000000000, -1.000000000000000000 ) ) ;
#5054 = CARTESIAN_POINT ( 'NONE',  ( 6.468199745593730121, 3.371831738553378699, -26.96976033093552871 ) ) ;
#5055 = CARTESIAN_POINT ( 'NONE',  ( 19.86207189481470436, 4.503479071573588399, -0.6128893183291443947 ) ) ;
#5056 = DIRECTION ( 'NONE',  ( -0.000000000000000000, -1.000000000000000000, -0.000000000000000000 ) ) ;
#5057 = ORIENTED_EDGE ( 'NONE', *, *, #5617, .T. ) ;
#5058 = ADVANCED_FACE ( 'NONE', ( #3272 ), #5471, .T. ) ;
#5059 = EDGE_LOOP ( 'NONE', ( #2705, #186 ) ) ;
#5060 = ORIENTED_EDGE ( 'NONE', *, *, #3888, .T. ) ;
#5061 = CARTESIAN_POINT ( 'NONE',  ( -1.271190557046306902, 2.999999999999993783, 27.29999999999995453 ) ) ;
#5062 = CARTESIAN_POINT ( 'NONE',  ( -11.29749686032210221, 4.529076594601723293, 26.17148966787082998 ) ) ;
#5063 = DIRECTION ( 'NONE',  ( -2.261616819746829168E-12, 0.000000000000000000, 1.000000000000000000 ) ) ;
#5064 = EDGE_CURVE ( 'NONE', #3504, #1908, #5537, .T. ) ;
#5065 = CARTESIAN_POINT ( 'NONE',  ( -46.23399115708854623, 6.500473438249594338, -12.69047293165982460 ) ) ;
#5066 = EDGE_CURVE ( 'NONE', #2006, #2402, #2568, .T. ) ;
#5067 = ORIENTED_EDGE ( 'NONE', *, *, #6070, .F. ) ;
#5068 = DIRECTION ( 'NONE',  ( 0.000000000000000000, 0.000000000000000000, 1.000000000000000000 ) ) ;
#5069 = FACE_BOUND ( 'NONE', #2829, .T. ) ;
#5070 = CARTESIAN_POINT ( 'NONE',  ( -10.81411707019197976, 2.262326172866460539, 25.82465234573292534 ) ) ;
#5071 = CARTESIAN_POINT ( 'NONE',  ( 50.64052720365522475, 4.539580463300080027, -1.801119478971692889 ) ) ;
#5072 = CARTESIAN_POINT ( 'NONE',  ( 0.3578528929516375245, 3.001136709983693418, -20.98260191423060306 ) ) ;
#5073 = CARTESIAN_POINT ( 'NONE',  ( -11.14788262969441845, 4.426698766727261258, -3.610069999369802662 ) ) ;
#5074 = CARTESIAN_POINT ( 'NONE',  ( 50.26334992615494457, 4.708466380483965708, 4.171700702920253079 ) ) ;
#5075 = FACE_OUTER_BOUND ( 'NONE', #3046, .T. ) ;
#5076 = DIRECTION ( 'NONE',  ( 0.000000000000000000, 0.000000000000000000, -1.000000000000000000 ) ) ;
#5077 = ORIENTED_EDGE ( 'NONE', *, *, #4642, .F. ) ;
#5078 = CARTESIAN_POINT ( 'NONE',  ( 5.410957520517261088, 3.077408146815004741, 16.31105147401091671 ) ) ;
#5079 = CARTESIAN_POINT ( 'NONE',  ( 1.595759759163774882, 0.000000000000000000, 19.88359213500125122 ) ) ;
#5080 = CARTESIAN_POINT ( 'NONE',  ( 4.000000000000000000, 2.000000000000000000, 22.00000000000000000 ) ) ;
#5081 = CARTESIAN_POINT ( 'NONE',  ( -11.32446113086505868, 4.536511837366093758, 26.33988084398409768 ) ) ;
#5082 = CARTESIAN_POINT ( 'NONE',  ( 7.983139577583693303, 2.343472466728230952, -25.98694493345646706 ) ) ;
#5083 = CARTESIAN_POINT ( 'NONE',  ( 40.88307785912620318, 7.858975781538077854, -18.12651484555327031 ) ) ;
#5084 = ORIENTED_EDGE ( 'NONE', *, *, #2408, .T. ) ;
#5085 = ORIENTED_EDGE ( 'NONE', *, *, #3385, .T. ) ;
#5086 = ORIENTED_EDGE ( 'NONE', *, *, #1750, .F. ) ;
#5087 = CARTESIAN_POINT ( 'NONE',  ( 19.40546203394933400, 6.433797167258271443, 12.76358526463036291 ) ) ;
#5088 = CARTESIAN_POINT ( 'NONE',  ( -16.49992192823324544, 5.470395395247547476, 11.94244139953826789 ) ) ;
#5089 = CARTESIAN_POINT ( 'NONE',  ( 16.76037851926357902, 5.803893073624872834, 13.20737320846208718 ) ) ;
#5090 = DIRECTION ( 'NONE',  ( 1.000000000000000000, 0.000000000000000000, 0.000000000000000000 ) ) ;
#5091 = ADVANCED_FACE ( 'NONE', ( #1767 ), #3462, .T. ) ;
#5092 = EDGE_CURVE ( 'NONE', #475, #4011, #5160, .T. ) ;
#5093 = ORIENTED_EDGE ( 'NONE', *, *, #2682, .T. ) ;
#5094 = CIRCLE ( 'NONE', #849, 1.599999999999997202 ) ;
#5095 = CARTESIAN_POINT ( 'NONE',  ( 2.540100790081095151E-15, 2.999999999999994227, -15.49999999999999822 ) ) ;
#5096 = DIRECTION ( 'NONE',  ( 1.000000000000000000, -0.000000000000000000, -0.000000000000000000 ) ) ;
#5097 = FACE_OUTER_BOUND ( 'NONE', #3093, .T. ) ;
#5098 = CYLINDRICAL_SURFACE ( 'NONE', #384, 15.00000000000000000 ) ;
#5099 = VECTOR ( 'NONE', #3784, 1000.000000000000000 ) ;
#5100 = CARTESIAN_POINT ( 'NONE',  ( 24.53200000000000003, 8.000000000000000000, 0.000000000000000000 ) ) ;
#5101 = CARTESIAN_POINT ( 'NONE',  ( -11.13062619588193058, 4.136833856156969524, -2.450298728059613129 ) ) ;
#5102 = VECTOR ( 'NONE', #3280, 1000.000000000000000 ) ;
#5103 = APPROVAL_ROLE ( '' ) ;
#5104 = DIRECTION ( 'NONE',  ( 0.000000000000000000, 0.000000000000000000, 1.000000000000000000 ) ) ;
#5105 = CARTESIAN_POINT ( 'NONE',  ( -17.45650387134285708, 6.580714909704739490, -25.06252099500077080 ) ) ;
#5106 = CARTESIAN_POINT ( 'NONE',  ( -46.07792777795644668, 6.460887274738079888, 12.56567542882868871 ) ) ;
#5107 = ADVANCED_FACE ( 'NONE', ( #369 ), #5536, .F. ) ;
#5108 = EDGE_CURVE ( 'NONE', #207, #2771, #2141, .T. ) ;
#5109 = ORIENTED_EDGE ( 'NONE', *, *, #145, .T. ) ;
#5110 = CARTESIAN_POINT ( 'NONE',  ( 24.53200000000000003, 0.5000000000000000000, 0.000000000000000000 ) ) ;
#5111 = B_SPLINE_CURVE_WITH_KNOTS ( 'NONE', 3,
 ( #376, #1394, #2794, #869 ),
 .UNSPECIFIED., .F., .F.,
 ( 4, 4 ),
 ( 1.939479807224432123E-18, 0.0006023562496235446715 ),
 .UNSPECIFIED. ) ;
#5112 = CARTESIAN_POINT ( 'NONE',  ( -11.29749686032210221, 4.529076594601723293, 26.17148966787082998 ) ) ;
#5113 = CARTESIAN_POINT ( 'NONE',  ( 0.000000000000000000, 41.50000000000000000, 6.500000000000000000 ) ) ;
#5114 = CARTESIAN_POINT ( 'NONE',  ( -11.29749686032210221, 4.529076594601717076, 26.17148966787083353 ) ) ;
#5115 = VECTOR ( 'NONE', #3353, 1000.000000000000000 ) ;
#5116 = CARTESIAN_POINT ( 'NONE',  ( -40.71162677450444534, 8.000000000000001776, -17.90480742228153233 ) ) ;
#5117 = CARTESIAN_POINT ( 'NONE',  ( 47.46579218820571100, 5.906900022488222213, -10.69284771365704323 ) ) ;
#5118 = EDGE_LOOP ( 'NONE', ( #1530, #3135, #819, #2926 ) ) ;
#5119 = VERTEX_POINT ( 'NONE', #5566 ) ;
#5120 = AXIS2_PLACEMENT_3D ( 'NONE', #3558, #5436, #153 ) ;
#5121 = ORIENTED_EDGE ( 'NONE', *, *, #4863, .F. ) ;
#5122 = CARTESIAN_POINT ( 'NONE',  ( 17.30977849565457660, 6.437672084020661600, 14.97083421486508925 ) ) ;
#5123 = CARTESIAN_POINT ( 'NONE',  ( -19.03200000000000003, 0.000000000000000000, -4.000000000000000000 ) ) ;
#5124 = CARTESIAN_POINT ( 'NONE',  ( 11.37724389698395555, 4.398845855716136732, 26.42590409671763041 ) ) ;
#5125 = DIRECTION ( 'NONE',  ( -1.000000000000000000, 0.000000000000000000, 0.000000000000000000 ) ) ;
#5126 = AXIS2_PLACEMENT_3D ( 'NONE', #1360, #5997, #1272 ) ;
#5127 = ORIENTED_EDGE ( 'NONE', *, *, #969, .T. ) ;
#5128 = CARTESIAN_POINT ( 'NONE',  ( 3.508925464743685829, 0.6334368540004994275, 22.56687370800099401 ) ) ;
#5129 = VECTOR ( 'NONE', #2218, 1000.000000000000000 ) ;
#5130 = CARTESIAN_POINT ( 'NONE',  ( 9.643847878575110499, 4.093167859144357656, -26.37866746040311483 ) ) ;
#5131 = DIRECTION ( 'NONE',  ( 0.000000000000000000, 0.5299192642332006820, 0.8480480961564286213 ) ) ;
#5132 = CARTESIAN_POINT ( 'NONE',  ( 11.37724389698395377, 4.239870076446170089, -26.17148966787070563 ) ) ;
#5133 = CIRCLE ( 'NONE', #1082, 4.700000000000000178 ) ;
#5134 = LINE ( 'NONE', #1008, #100 ) ;
#5135 = CARTESIAN_POINT ( 'NONE',  ( -10.96921555591380049, 4.421245033331774543, -4.701887365331534063 ) ) ;
#5136 = AXIS2_PLACEMENT_3D ( 'NONE', #3268, #4251, #3642 ) ;
#5137 = CARTESIAN_POINT ( 'NONE',  ( -47.44889389833517868, 5.911143251089272077, -10.67656220745135798 ) ) ;
#5138 = CARTESIAN_POINT ( 'NONE',  ( 50.74860588218667345, 4.566897444306894371, 2.417028678707875855 ) ) ;
#5139 = CARTESIAN_POINT ( 'NONE',  ( 10.75961796135495696, 4.384539331415965968, 26.44888184441957435 ) ) ;
#5140 = ORIENTED_EDGE ( 'NONE', *, *, #3652, .T. ) ;
#5141 = CARTESIAN_POINT ( 'NONE',  ( -48.32048202136319759, 5.517111615895051280, 9.870247833779773217 ) ) ;
#5142 = CARTESIAN_POINT ( 'NONE',  ( -10.26740820900093354, 4.027989503231801827, -26.60632899480782143 ) ) ;
#5143 = CARTESIAN_POINT ( 'NONE',  ( -28.53200000000000358, 0.000000000000000000, -5.500000000000000000 ) ) ;
#5144 = FACE_OUTER_BOUND ( 'NONE', #1401, .T. ) ;
#5145 = CARTESIAN_POINT ( 'NONE',  ( 22.17229505250097432, 4.702786756798750467, -4.076424873512913827 ) ) ;
#5146 = ORIENTED_EDGE ( 'NONE', *, *, #4375, .F. ) ;
#5147 = ORIENTED_EDGE ( 'NONE', *, *, #4641, .F. ) ;
#5148 = ORIENTED_EDGE ( 'NONE', *, *, #1509, .T. ) ;
#5149 = CARTESIAN_POINT ( 'NONE',  ( -3.817837745199988753, 3.171185908251295871, 27.64237181650256048 ) ) ;
#5150 = DIRECTION ( 'NONE',  ( 1.000000000000000000, 0.000000000000000000, 0.000000000000000000 ) ) ;
#5151 = CARTESIAN_POINT ( 'NONE',  ( 16.77107586804995876, 5.973880218110622309, 14.02687205746559762 ) ) ;
#5152 = FACE_OUTER_BOUND ( 'NONE', #2631, .T. ) ;
#5153 = ORIENTED_EDGE ( 'NONE', *, *, #3082, .F. ) ;
#5154 =( BOUNDED_CURVE ( )  B_SPLINE_CURVE ( 3, ( #2810, #5624, #4056, #5128 ),
 .UNSPECIFIED., .F., .T. ) 
 B_SPLINE_CURVE_WITH_KNOTS ( ( 4, 4 ),
 ( 3.141592653589793116, 3.855465701977927040 ),
 .UNSPECIFIED. ) 
 CURVE ( )  GEOMETRIC_REPRESENTATION_ITEM ( )  RATIONAL_B_SPLINE_CURVE ( ( 1.000000000000000000, 0.9579810759616602667, 0.9579810759616602667, 1.000000000000000000 ) ) 
 REPRESENTATION_ITEM ( '' )  );
#5155 = ORIENTED_EDGE ( 'NONE', *, *, #3662, .F. ) ;
#5156 = CARTESIAN_POINT ( 'NONE',  ( 4.222018874249267029, 2.646094447055912902, -26.59218889411182829 ) ) ;
#5157 = CARTESIAN_POINT ( 'NONE',  ( 10.19795791041532596, 4.004316704202501853, -2.990805478917445637 ) ) ;
#5158 = CARTESIAN_POINT ( 'NONE',  ( 10.81411707019200108, 4.209896778478511514, 26.52600142245041326 ) ) ;
#5159 = ORIENTED_EDGE ( 'NONE', *, *, #4261, .F. ) ;
#5160 = B_SPLINE_CURVE_WITH_KNOTS ( 'NONE', 3,
 ( #2753, #1297, #5072, #3654, #4514, #1267, #1233, #5597, #768, #6054, #830, #5993, #278, #1831, #5941, #5046, #3117, #2199, #1704, #3592, #4085, #2660, #3208, #6025, #5967, #334, #1733, #3621, #5502, #3150, #3715, #802 ),
 .UNSPECIFIED., .F., .F.,
 ( 4, 2, 2, 2, 2, 2, 2, 2, 2, 2, 2, 2, 2, 2, 2, 4 ),
 ( 0.008599999882349799660, 0.009137376578536882468, 0.009674753274723963542, 0.01021212997091104635, 0.01074950666709812916, 0.01128688336328521197, 0.01182426005947229478, 0.01236163675565937585, 0.01289901345184645866, 0.01343639014803354147, 0.01397376684422062254, 0.01451114354040770535, 0.01504852023659478816, 0.01558589693278187097, 0.01612327362896895377, 0.01719802702134312286 ),
 .UNSPECIFIED. ) ;
#5161 = CARTESIAN_POINT ( 'NONE',  ( 44.47687577975150930, 6.781249999999999112, -14.37179176155499327 ) ) ;
#5162 = CARTESIAN_POINT ( 'NONE',  ( 50.89432957107288757, 4.398845855716134956, -1.831935292267161897 ) ) ;
#5163 = DIRECTION ( 'NONE',  ( -0.000000000000000000, -1.000000000000000000, -0.000000000000000000 ) ) ;
#5164 = EDGE_CURVE ( 'NONE', #3871, #3585, #5226, .T. ) ;
#5165 = ADVANCED_FACE ( 'NONE', ( #4643 ), #399, .F. ) ;
#5166 = EDGE_LOOP ( 'NONE', ( #909, #5656, #4987, #4162 ) ) ;
#5167 = LINE ( 'NONE', #5051, #867 ) ;
#5168 = CARTESIAN_POINT ( 'NONE',  ( -24.53200000000000003, 0.5000000000000000000, 0.000000000000000000 ) ) ;
#5169 = DIRECTION ( 'NONE',  ( 0.4434499507830292342, -0.06720741200790039671, 0.8937758695118868113 ) ) ;
#5170 = CARTESIAN_POINT ( 'NONE',  ( 4.115629991912845398, 2.808478088226707747, -26.91695617645341798 ) ) ;
#5171 = EDGE_CURVE ( 'NONE', #1879, #3255, #5134, .T. ) ;
#5172 = CARTESIAN_POINT ( 'NONE',  ( 10.83431289962088329, 4.122615247376559822, -2.750331014957357212 ) ) ;
#5173 = ORIENTED_EDGE ( 'NONE', *, *, #2221, .F. ) ;
#5174 = VERTEX_POINT ( 'NONE', #428 ) ;
#5175 = ORIENTED_EDGE ( 'NONE', *, *, #3439, .T. ) ;
#5176 = CARTESIAN_POINT ( 'NONE',  ( 18.02104173965216560, 6.344428569336565182, 12.93724824088647019 ) ) ;
#5177 = CARTESIAN_POINT ( 'NONE',  ( -50.64052720365523896, 4.539580463300074697, 1.801119478971553223 ) ) ;
#5178 = DIRECTION ( 'NONE',  ( -1.000000000000000000, -0.000000000000000000, 0.000000000000000000 ) ) ;
#5179 = ORIENTED_EDGE ( 'NONE', *, *, #1124, .F. ) ;
#5180 = EDGE_CURVE ( 'NONE', #4535, #4380, #1977, .T. ) ;
#5181 = EDGE_LOOP ( 'NONE', ( #3732, #3083, #4951, #3006, #2971, #5487 ) ) ;
#5182 = CARTESIAN_POINT ( 'NONE',  ( -24.53200000000000003, 0.000000000000000000, -19.88359213500125477 ) ) ;
#5183 = DIRECTION ( 'NONE',  ( -0.000000000000000000, 1.000000000000000000, -0.000000000000000000 ) ) ;
#5184 = CARTESIAN_POINT ( 'NONE',  ( -15.37844157474071416, 5.822027116541678815, -25.35786151208342787 ) ) ;
#5185 = CARTESIAN_POINT ( 'NONE',  ( 50.64052720365300786, 4.539580463301075675, 1.801119478994300804 ) ) ;
#5186 = VERTEX_POINT ( 'NONE', #2008 ) ;
#5187 = DIRECTION ( 'NONE',  ( 0.000000000000000000, -1.000000000000000000, 0.000000000000000000 ) ) ;
#5188 = CARTESIAN_POINT ( 'NONE',  ( 24.53200000000000003, 3.603966959366335043, 25.15383195248298520 ) ) ;
#5189 = DIRECTION ( 'NONE',  ( 1.000000000000000000, 0.000000000000000000, 0.000000000000000000 ) ) ;
#5190 = CARTESIAN_POINT ( 'NONE',  ( -6.304913975651281532, 3.466416116280725213, 26.56563213639081411 ) ) ;
#5191 = VERTEX_POINT ( 'NONE', #642 ) ;
#5192 = LINE ( 'NONE', #957, #1168 ) ;
#5193 = ADVANCED_FACE ( 'NONE', ( #2068 ), #89, .F. ) ;
#5194 = DIRECTION ( 'NONE',  ( -0.1880434555326724877, 0.000000000000000000, 0.9821607092687691942 ) ) ;
#5195 = FACE_OUTER_BOUND ( 'NONE', #5059, .T. ) ;
#5196 = CARTESIAN_POINT ( 'NONE',  ( -15.78268771445451613, 6.038972148486474900, 16.20767305370052824 ) ) ;
#5197 = EDGE_CURVE ( 'NONE', #3765, #4652, #4941, .T. ) ;
#5198 = CARTESIAN_POINT ( 'NONE',  ( -42.84269126023932017, 7.613376327135835453, 16.35535969866635497 ) ) ;
#5199 = VECTOR ( 'NONE', #4301, 1000.000000000000000 ) ;
#5200 = EDGE_LOOP ( 'NONE', ( #4254, #1476, #5281, #2770 ) ) ;
#5201 = ORIENTED_EDGE ( 'NONE', *, *, #145, .F. ) ;
#5202 = CARTESIAN_POINT ( 'NONE',  ( 15.89981215290000094, 6.086221019769064711, 17.10248773028764191 ) ) ;
#5203 = AXIS2_PLACEMENT_3D ( 'NONE', #4944, #5979, #753 ) ;
#5204 = CARTESIAN_POINT ( 'NONE',  ( 29.08127497500226966, 4.517048617007904276, -1.220580408917283366 ) ) ;
#5205 = DIRECTION ( 'NONE',  ( -1.000000000000000000, -0.000000000000000000, 0.000000000000000000 ) ) ;
#5206 = CARTESIAN_POINT ( 'NONE',  ( 2.234980408443919215E-15, 2.949999999999999734, -15.50000000000000000 ) ) ;
#5207 = VECTOR ( 'NONE', #3062, 999.9999999999998863 ) ;
#5208 = ORIENTED_EDGE ( 'NONE', *, *, #4413, .F. ) ;
#5209 = ORIENTED_EDGE ( 'NONE', *, *, #3103, .F. ) ;
#5210 = CARTESIAN_POINT ( 'NONE',  ( -19.03200000000000003, 0.000000000000000000, -4.000000000000000000 ) ) ;
#5211 = CARTESIAN_POINT ( 'NONE',  ( -4.049987642158390244, 3.193409495701914125, 26.41872908515204088 ) ) ;
#5212 = LINE ( 'NONE', #4231, #3244 ) ;
#5213 = AXIS2_PLACEMENT_3D ( 'NONE', #3251, #5163, #5602 ) ;
#5214 = CARTESIAN_POINT ( 'NONE',  ( -4.000000000000000000, 0.1576606101263197113, 21.24999999999999645 ) ) ;
#5215 = VERTEX_POINT ( 'NONE', #543 ) ;
#5216 = CIRCLE ( 'NONE', #2658, 0.3000000000000002109 ) ;
#5217 = EDGE_CURVE ( 'NONE', #5215, #3679, #5826, .T. ) ;
#5218 = CARTESIAN_POINT ( 'NONE',  ( 15.38025627675572160, 5.822837755296962570, -25.35735139316592424 ) ) ;
#5219 = CARTESIAN_POINT ( 'NONE',  ( -50.98776450410241523, 4.348984355342291330, -0.6102623151324580997 ) ) ;
#5220 = CARTESIAN_POINT ( 'NONE',  ( 48.36557699933389642, 5.530833601061140747, 9.151935396215487017 ) ) ;
#5221 = AXIS2_PLACEMENT_3D ( 'NONE', #3333, #2841, #1412 ) ;
#5222 = CARTESIAN_POINT ( 'NONE',  ( -8.539323948060927094, 3.851300803829771802, 26.47797395960579436 ) ) ;
#5223 = CARTESIAN_POINT ( 'NONE',  ( 49.94430885161403921, 4.930484616240919493, -5.954495273676397638 ) ) ;
#5224 =( BOUNDED_SURFACE ( )  B_SPLINE_SURFACE ( 3, 2, ( 
 ( #1188, #3915, #2517 ),
 ( #5417, #3541, #4936 ),
 ( #2118, #4036, #202 ),
 ( #3454, #257, #4404 ),
 ( #4007, #5884, #5361 ),
 ( #5798, #1651, #2985 ),
 ( #636, #4377, #3071 ),
 ( #3575, #1620, #1562 ),
 ( #2146, #2092, #4964 ),
 ( #5388, #719, #5333 ),
 ( #5920, #2608, #4495 ),
 ( #1683, #606, #3979 ) ),
 .UNSPECIFIED., .F., .F., .T. ) 
 B_SPLINE_SURFACE_WITH_KNOTS ( ( 4, 2, 2, 2, 2, 4 ),
 ( 3, 3 ),
 ( 0.07265606051583443914, 0.07728261516364431927, 0.08190916981145418552, 0.08653572445926405177, 0.08884900178316898489, 0.09116227910707393189 ),
 ( 0.000000000000000000, 1.000000000000000000 ),
 .UNSPECIFIED. ) 
 GEOMETRIC_REPRESENTATION_ITEM ( )  RATIONAL_B_SPLINE_SURFACE ( (
 ( 1.000000000000000000, 0.9633219246102013855, 1.000000000000000000),
 ( 1.000000000000000000, 0.9669183652013932928, 1.000000000000000000),
 ( 1.000000000000000000, 0.9702483351362269914, 1.000000000000000000),
 ( 1.000000000000000000, 0.9763523127736994933, 1.000000000000000000),
 ( 1.000000000000000000, 0.9791289922022126113, 1.000000000000000000),
 ( 1.000000000000000000, 0.9840493469971314244, 1.000000000000000000),
 ( 1.000000000000000000, 0.9861943720618937537, 1.000000000000000000),
 ( 1.000000000000000000, 0.9888693327874223948, 1.000000000000000000),
 ( 1.000000000000000000, 0.9896710586393782094, 1.000000000000000000),
 ( 1.000000000000000000, 0.9910751426957025156, 1.000000000000000000),
 ( 1.000000000000000000, 0.9916734721706994549, 1.000000000000000000),
 ( 1.000000000000000000, 0.9921466880375885422, 1.000000000000000000) ) ) 
 REPRESENTATION_ITEM ( '' )  SURFACE ( )  );
#5225 = B_SPLINE_CURVE_WITH_KNOTS ( 'NONE', 3,
 ( #6022, #2656, #5533, #5498, #3747, #3148, #2318, #1325 ),
 .UNSPECIFIED., .F., .F.,
 ( 4, 2, 2, 4 ),
 ( 0.000000000000000000, 0.001711044804098350944, 0.003422089608196701889, 0.006844179216393405513 ),
 .UNSPECIFIED. ) ;
#5226 = CIRCLE ( 'NONE', #1579, 0.3000000000000002109 ) ;
#5227 = VERTEX_POINT ( 'NONE', #1570 ) ;
#5228 = CARTESIAN_POINT ( 'NONE',  ( 10.92569913414129879, 4.427909660642566081, -26.22980700017710021 ) ) ;
#5229 = CARTESIAN_POINT ( 'NONE',  ( -28.53200000000000358, 4.870577163833599954, 5.500000000000000888 ) ) ;
#5230 = CARTESIAN_POINT ( 'NONE',  ( -15.89981215290000449, 6.086221019769070040, 17.10248773028765612 ) ) ;
#5231 = CARTESIAN_POINT ( 'NONE',  ( -8.524438276572237072, 3.586317834839240604, -3.137613836505121157 ) ) ;
#5232 = LINE ( 'NONE', #4776, #5199 ) ;
#5233 = AXIS2_PLACEMENT_3D ( 'NONE', #4166, #3705, #3172 ) ;
#5234 = ORIENTED_EDGE ( 'NONE', *, *, #2603, .T. ) ;
#5235 = ORIENTED_EDGE ( 'NONE', *, *, #2464, .F. ) ;
#5236 = LINE ( 'NONE', #692, #669 ) ;
#5237 = CARTESIAN_POINT ( 'NONE',  ( 28.99094385458894862, 4.527099263428774556, -1.517074175318028795 ) ) ;
#5238 = CARTESIAN_POINT ( 'NONE',  ( -1.595759759163774882, 0.000000000000000000, 19.88359213500125122 ) ) ;
#5239 = PLANE ( 'NONE',  #1755 ) ;
#5240 = EDGE_CURVE ( 'NONE', #1567, #2332, #4848, .T. ) ;
#5241 = ADVANCED_FACE ( 'NONE', ( #3395 ), #3215, .T. ) ;
#5242 = ORIENTED_EDGE ( 'NONE', *, *, #1023, .T. ) ;
#5243 = VERTEX_POINT ( 'NONE', #1940 ) ;
#5244 = CARTESIAN_POINT ( 'NONE',  ( -38.70557107504664884, 7.858975779269959716, 19.69367050583469947 ) ) ;
#5245 = EDGE_CURVE ( 'NONE', #2006, #5681, #4824, .T. ) ;
#5246 = CARTESIAN_POINT ( 'NONE',  ( -22.40906153952976254, 8.000000000008038015, 24.17565324044268493 ) ) ;
#5247 = CARTESIAN_POINT ( 'NONE',  ( -4.003094702784972370, 3.188215215909620426, 27.56701710825974416 ) ) ;
#5248 = CARTESIAN_POINT ( 'NONE',  ( 11.13147215521723865, 4.137840216488612555, -2.454256448540561131 ) ) ;
#5249 = CARTESIAN_POINT ( 'NONE',  ( -23.45207879912828375, 7.062500000003638867, -14.26739617976172703 ) ) ;
#5250 = ADVANCED_FACE ( 'NONE', ( #2468 ), #4352, .T. ) ;
#5251 = B_SPLINE_CURVE_WITH_KNOTS ( 'NONE', 3,
 ( #5601, #2411, #1415, #1445, #5137, #3307, #952, #1948, #898, #494, #2787, #4676, #985, #550 ),
 .UNSPECIFIED., .F., .F.,
 ( 4, 2, 2, 2, 2, 2, 4 ),
 ( 0.000000000000000000, 0.003598216142797588425, 0.005397324214196383071, 0.007196432285595176850, 0.01079464842839276788, 0.01259375649979156686, 0.01439286457119036411 ),
 .UNSPECIFIED. ) ;
#5252 = ORIENTED_EDGE ( 'NONE', *, *, #2981, .F. ) ;
#5253 = CARTESIAN_POINT ( 'NONE',  ( -15.93265870626041014, 6.092642537668909952, -17.17506161120207508 ) ) ;
#5254 = DIRECTION ( 'NONE',  ( -0.000000000000000000, 1.000000000000000000, -0.000000000000000000 ) ) ;
#5255 = CARTESIAN_POINT ( 'NONE',  ( 50.48790271917775385, 4.685584361702511025, 3.908229742262019357 ) ) ;
#5256 = CARTESIAN_POINT ( 'NONE',  ( 50.89432957107288757, 4.398845855716134956, -1.831935292267161897 ) ) ;
#5257 = CARTESIAN_POINT ( 'NONE',  ( 24.53200000000000003, 8.000000000000000000, 0.000000000000000000 ) ) ;
#5258 = B_SPLINE_CURVE_WITH_KNOTS ( 'NONE', 3,
 ( #381, #1281, #6037, #5082, #784, #840, #2766, #2731 ),
 .UNSPECIFIED., .F., .F.,
 ( 4, 2, 2, 4 ),
 ( 0.004121567982753124998, 0.007511957104545810039, 0.009207151665442152993, 0.01090234622633849508 ),
 .UNSPECIFIED. ) ;
#5259 = ORIENTED_EDGE ( 'NONE', *, *, #5992, .T. ) ;
#5260 = CARTESIAN_POINT ( 'NONE',  ( -24.53200000000000003, 2.262326172866462759, 0.000000000000000000 ) ) ;
#5261 = CARTESIAN_POINT ( 'NONE',  ( 18.14852496435344165, 4.894394278355067129, 6.139902527140337796 ) ) ;
#5262 =( BOUNDED_SURFACE ( )  B_SPLINE_SURFACE ( 3, 2, ( 
 ( #5070, #2592, #2256 ),
 ( #4575, #3682, #3588 ),
 ( #4484, #2224, #1295 ),
 ( #6021, #243, #332 ),
 ( #4052, #4508, #5468 ),
 ( #1799, #5438, #5532 ),
 ( #3086, #5904, #5938 ),
 ( #828, #4977, #4110 ) ),
 .UNSPECIFIED., .F., .F., .T. ) 
 B_SPLINE_SURFACE_WITH_KNOTS ( ( 4, 2, 2, 4 ),
 ( 3, 3 ),
 ( 0.004529535057498096026, 0.006267083354437387108, 0.008004631651376678189, 0.01147972824525526035 ),
 ( 0.000000000000000000, 0.9155901931318235487 ),
 .UNSPECIFIED. ) 
 GEOMETRIC_REPRESENTATION_ITEM ( )  RATIONAL_B_SPLINE_SURFACE ( (
 ( 1.000000000000000000, 0.7004068992201051280, 0.9494228084482618790),
 ( 1.000000000000000000, 0.7370406468304419034, 0.9556073035695540341),
 ( 1.000000000000000000, 0.7684276331960631090, 0.9609060424841464609),
 ( 1.000000000000000000, 0.8236885367055445384, 0.9702351668693389719),
 ( 1.000000000000000000, 0.8475833878228715701, 0.9742690864052536703),
 ( 1.000000000000000000, 0.9104818428575425227, 0.9848875792888200920),
 ( 1.000000000000000000, 0.9407179681090919177, 0.9899920302746707534),
 ( 1.000000000000000000, 0.9620582722688683086, 0.9935946921799405640) ) ) 
 REPRESENTATION_ITEM ( '' )  SURFACE ( )  );
#5263 = CARTESIAN_POINT ( 'NONE',  ( -24.53200000000000003, 8.000000000000000000, 24.17565324045341058 ) ) ;
#5264 = CARTESIAN_POINT ( 'NONE',  ( 3.391943055953360542, 2.881469632109887602, 16.37732371582831803 ) ) ;
#5265 = PLANE ( 'NONE',  #2247 ) ;
#5266 = EDGE_LOOP ( 'NONE', ( #5267, #152, #1531, #146 ) ) ;
#5267 = ORIENTED_EDGE ( 'NONE', *, *, #1254, .F. ) ;
#5268 = CARTESIAN_POINT ( 'NONE',  ( 16.02589588898875306, 6.121970623155868374, 16.10769408949957082 ) ) ;
#5269 = CARTESIAN_POINT ( 'NONE',  ( 25.14838421402980728, 4.766725547339119018, -4.669472355327490831 ) ) ;
#5270 = CARTESIAN_POINT ( 'NONE',  ( -11.29749686032210221, 4.529076594601723293, 26.17148966787082998 ) ) ;
#5271 = DIRECTION ( 'NONE',  ( 8.095376221225092411E-15, 0.000000000000000000, -1.000000000000000000 ) ) ;
#5272 = CARTESIAN_POINT ( 'NONE',  ( 15.25770635702693667, 4.909924711346679516, -5.805299189064361265 ) ) ;
#5273 = ORIENTED_EDGE ( 'NONE', *, *, #486, .F. ) ;
#5274 = ORIENTED_EDGE ( 'NONE', *, *, #4149, .F. ) ;
#5275 = CARTESIAN_POINT ( 'NONE',  ( 23.45207879911717086, 7.858975779269961492, 24.26377495386449468 ) ) ;
#5276 = CARTESIAN_POINT ( 'NONE',  ( -19.32271941017242156, 7.458305445717240190, 24.51414156552156243 ) ) ;
#5277 = CARTESIAN_POINT ( 'NONE',  ( -11.19112207227902189, 4.334693325230197125, 26.46599104686570314 ) ) ;
#5278 = ADVANCED_FACE ( 'NONE', ( #5838 ), #3262, .T. ) ;
#5279 = CARTESIAN_POINT ( 'NONE',  ( 50.98775707154005943, 4.348988381435909822, 0.6104581359954640574 ) ) ;
#5280 = ADVANCED_FACE ( 'NONE', ( #5367 ), #1136, .F. ) ;
#5281 = ORIENTED_EDGE ( 'NONE', *, *, #4391, .F. ) ;
#5282 = CARTESIAN_POINT ( 'NONE',  ( -19.36551286862790633, 7.541960009147562261, -15.71945785202269974 ) ) ;
#5283 = CARTESIAN_POINT ( 'NONE',  ( 0.8282481067405769171, 2.999264338937355667, -5.406174582877788737 ) ) ;
#5284 = CARTESIAN_POINT ( 'NONE',  ( 49.33093654004949968, 5.203808455688059276, 7.641955436952957648 ) ) ;
#5285 = CARTESIAN_POINT ( 'NONE',  ( -5.514737210915567900, 2.852294201625477754, -26.77411351951740315 ) ) ;
#5286 = DIRECTION ( 'NONE',  ( 0.000000000000000000, -1.000000000000000000, 0.000000000000000000 ) ) ;
#5287 = ORIENTED_EDGE ( 'NONE', *, *, #459, .F. ) ;
#5288 = CARTESIAN_POINT ( 'NONE',  ( -50.68807954655751047, 4.594593848823534721, 3.041349049783029557 ) ) ;
#5289 = LINE ( 'NONE', #4242, #3663 ) ;
#5290 = CARTESIAN_POINT ( 'NONE',  ( -18.58698895241470339, 6.666229881328381346, 14.54718417216812654 ) ) ;
#5291 = CARTESIAN_POINT ( 'NONE',  ( -5.352660227944254778, 3.005218812964759234, 16.33702793087659799 ) ) ;
#5292 = CARTESIAN_POINT ( 'NONE',  ( 16.63599881740902120, 6.383785812721646025, -18.35044386179704290 ) ) ;
#5293 = ORIENTED_EDGE ( 'NONE', *, *, #2127, .T. ) ;
#5294 = CIRCLE ( 'NONE', #750, 1.500000000000000444 ) ;
#5295 = ADVANCED_FACE ( 'NONE', ( #1221 ), #2680, .T. ) ;
#5296 = ORIENTED_EDGE ( 'NONE', *, *, #859, .T. ) ;
#5297 = CARTESIAN_POINT ( 'NONE',  ( -24.53200000000000003, 8.000000000000000000, 0.000000000000000000 ) ) ;
#5298 = CARTESIAN_POINT ( 'NONE',  ( -11.37724389698322014, 4.239870076445976466, 26.17148966787082642 ) ) ;
#5299 = DIRECTION ( 'NONE',  ( 0.000000000000000000, 0.000000000000000000, -1.000000000000000000 ) ) ;
#5300 = EDGE_CURVE ( 'NONE', #3606, #3300, #392, .T. ) ;
#5301 = AXIS2_PLACEMENT_3D ( 'NONE', #2756, #5047, #309 ) ;
#5302 = LINE ( 'NONE', #1067, #3324 ) ;
#5303 = ORIENTED_EDGE ( 'NONE', *, *, #4372, .F. ) ;
#5304 = AXIS2_PLACEMENT_3D ( 'NONE', #562, #4215, #3877 ) ;
#5305 = ORIENTED_EDGE ( 'NONE', *, *, #4986, .F. ) ;
#5306 = CARTESIAN_POINT ( 'NONE',  ( 40.88307785912527947, 7.858975781534586424, 18.12651484555661696 ) ) ;
#5307 = CARTESIAN_POINT ( 'NONE',  ( 5.817072295949929004E-15, 2.431671842700018793, -26.16334368540004007 ) ) ;
#5308 = CARTESIAN_POINT ( 'NONE',  ( -10.81411707019198154, 4.209896778478510626, 26.52600142245041326 ) ) ;
#5309 = CARTESIAN_POINT ( 'NONE',  ( 10.24013712763358974, 2.262326174291849679, -25.82465234858370451 ) ) ;
#5310 = CARTESIAN_POINT ( 'NONE',  ( -49.61046360430329827, 4.997099827860576937, -6.468674052772476202 ) ) ;
#5311 = CIRCLE ( 'NONE', #3645, 0.7500000000000006661 ) ;
#5312 = ORIENTED_EDGE ( 'NONE', *, *, #2258, .T. ) ;
#5313 = CIRCLE ( 'NONE', #5404, 4.500000000000001776 ) ;
#5314 = DIRECTION ( 'NONE',  ( 8.659560562354931626E-17, 0.7071067811865476838, -0.7071067811865474617 ) ) ;
#5315 = CARTESIAN_POINT ( 'NONE',  ( -6.853802939512833703, 3.521425268705488776, -4.203427749150240977 ) ) ;
#5316 = CARTESIAN_POINT ( 'NONE',  ( 24.53200000000000003, 0.6334368540004994275, 22.56687370800099401 ) ) ;
#5317 = CARTESIAN_POINT ( 'NONE',  ( -10.75961796135497117, 4.384539331415972185, -26.44888184441957435 ) ) ;
#5318 = LINE ( 'NONE', #2767, #3152 ) ;
#5319 = CONICAL_SURFACE ( 'NONE', #2360, 2.749999999999999112, 0.7853981633974479459 ) ;
#5320 = VERTEX_POINT ( 'NONE', #5428 ) ;
#5321 = EDGE_LOOP ( 'NONE', ( #5867, #2343, #6047, #4557, #2331 ) ) ;
#5322 = DIRECTION ( 'NONE',  ( 0.000000000000000000, -1.000000000000000000, 0.000000000000000000 ) ) ;
#5323 = AXIS2_PLACEMENT_3D ( 'NONE', #3584, #2312, #5461 ) ;
#5324 = DIRECTION ( 'NONE',  ( -1.000000000000000000, 0.000000000000000000, 0.000000000000000000 ) ) ;
#5325 = CARTESIAN_POINT ( 'NONE',  ( -16.55065704291995132, 6.328874195147156989, 16.72558351172985525 ) ) ;
#5326 = CARTESIAN_POINT ( 'NONE',  ( 1.361244996033181165, 3.016375651672722036, 17.39191656590308099 ) ) ;
#5327 = CARTESIAN_POINT ( 'NONE',  ( 0.000000000000000000, 8.000000000000000000, -24.00936052501757700 ) ) ;
#5328 = EDGE_LOOP ( 'NONE', ( #3926, #751 ) ) ;
#5329 = VECTOR ( 'NONE', #423, 1000.000000000000000 ) ;
#5330 = ORIENTED_EDGE ( 'NONE', *, *, #1782, .F. ) ;
#5331 = DIRECTION ( 'NONE',  ( 0.000000000000000000, -0.000000000000000000, -1.000000000000000000 ) ) ;
#5332 = CARTESIAN_POINT ( 'NONE',  ( 24.53200000000000003, 4.770281120538044206, -4.700000000000000178 ) ) ;
#5333 = CARTESIAN_POINT ( 'NONE',  ( 14.16996834318117315, 4.699444237365478116, -4.073193222151900272 ) ) ;
#5334 = VECTOR ( 'NONE', #1289, 1000.000000000000000 ) ;
#5335 = CARTESIAN_POINT ( 'NONE',  ( 24.53200000000000003, 0.000000000000000000, -21.29999999999999005 ) ) ;
#5336 = CARTESIAN_POINT ( 'NONE',  ( -28.72850036041558752, 4.870577163833597290, -5.500000000000002665 ) ) ;
#5337 = ORIENTED_EDGE ( 'NONE', *, *, #3660, .T. ) ;
#5338 = AXIS2_PLACEMENT_3D ( 'NONE', #2884, #526, #4773 ) ;
#5339 = ORIENTED_EDGE ( 'NONE', *, *, #2285, .F. ) ;
#5340 = CARTESIAN_POINT ( 'NONE',  ( 19.32271941017359751, 7.458305445717553717, 24.51414156551984291 ) ) ;
#5341 = CARTESIAN_POINT ( 'NONE',  ( -22.40178450369969099, 8.000000000000000000, 24.00936052501399942 ) ) ;
#5342 = CARTESIAN_POINT ( 'NONE',  ( 0.000000000000000000, 6.000000000000000000, 19.88359213500125122 ) ) ;
#5343 = CARTESIAN_POINT ( 'NONE',  ( 4.078575790232559228, 2.626446581899998911, 26.55289316380000386 ) ) ;
#5344 = ORIENTED_EDGE ( 'NONE', *, *, #2536, .T. ) ;
#5345 = CARTESIAN_POINT ( 'NONE',  ( 50.95739903452623309, 4.365692457123888204, 1.223177649064749684 ) ) ;
#5346 = CARTESIAN_POINT ( 'NONE',  ( -1.767273966958773368, 3.001519446489917975, -5.405274321905866763 ) ) ;
#5347 = CARTESIAN_POINT ( 'NONE',  ( 2.540100790081095151E-15, 2.999999999999994227, -15.49999999999999822 ) ) ;
#5348 = LINE ( 'NONE', #219, #1952 ) ;
#5349 = ORIENTED_EDGE ( 'NONE', *, *, #1159, .T. ) ;
#5350 = CARTESIAN_POINT ( 'NONE',  ( -2.998810203267197938, 3.105928380222773288, 20.15848956454779284 ) ) ;
#5351 = DIRECTION ( 'NONE',  ( 1.000000000000000000, -0.000000000000000000, 0.000000000000000000 ) ) ;
#5352 = CARTESIAN_POINT ( 'NONE',  ( -18.83205447595999260, 6.633946626437450256, 14.10998854979837169 ) ) ;
#5353 = CARTESIAN_POINT ( 'NONE',  ( -10.91957943813588727, 4.421757278854083317, -4.742902725463185476 ) ) ;
#5354 = ADVANCED_FACE ( 'NONE', ( #702 ), #791, .T. ) ;
#5355 = EDGE_CURVE ( 'NONE', #4416, #1070, #4913, .T. ) ;
#5356 = ORIENTED_EDGE ( 'NONE', *, *, #2144, .F. ) ;
#5357 = ADVANCED_FACE ( 'NONE', ( #298 ), #4971, .T. ) ;
#5358 = ORIENTED_EDGE ( 'NONE', *, *, #5617, .F. ) ;
#5359 = CARTESIAN_POINT ( 'NONE',  ( 15.48699527997420589, 5.700923087222524721, 25.61227594093035620 ) ) ;
#5360 = CARTESIAN_POINT ( 'NONE',  ( 6.901141260237126041, 3.527898082382734390, -5.193552834867674939 ) ) ;
#5361 = CARTESIAN_POINT ( 'NONE',  ( 18.78976564945139671, 5.707320263495980761, -9.921942313837329053 ) ) ;
#5362 = DIRECTION ( 'NONE',  ( 0.000000000000000000, -1.000000000000000000, 0.000000000000000000 ) ) ;
#5363 = CARTESIAN_POINT ( 'NONE',  ( 49.13729401303639577, 5.202020745851157812, -7.575563856891164072 ) ) ;
#5364 = VERTEX_POINT ( 'NONE', #3018 ) ;
#5365 = ORIENTED_EDGE ( 'NONE', *, *, #3277, .F. ) ;
#5366 = DIRECTION ( 'NONE',  ( 0.6862820268981604244, 0.2531020542551498664, -0.6818770634713973156 ) ) ;
#5367 = FACE_OUTER_BOUND ( 'NONE', #2641, .T. ) ;
#5368 = DIRECTION ( 'NONE',  ( 0.000000000000000000, 1.000000000000000000, -0.000000000000000000 ) ) ;
#5369 = CARTESIAN_POINT ( 'NONE',  ( -50.42250514678612916, 4.715235600946375172, -4.206165993002396242 ) ) ;
#5370 = B_SPLINE_CURVE_WITH_KNOTS ( 'NONE', 3,
 ( #3497, #682, #2044, #2593 ),
 .UNSPECIFIED., .F., .F.,
 ( 4, 4 ),
 ( 0.003658051325520369611, 0.008746699657942766382 ),
 .UNSPECIFIED. ) ;
#5371 = EDGE_CURVE ( 'NONE', #6009, #4875, #3856, .T. ) ;
#5372 = ORIENTED_EDGE ( 'NONE', *, *, #3053, .F. ) ;
#5373 = CARTESIAN_POINT ( 'NONE',  ( 6.899665826127772128, 3.527676862427093329, -5.193642446663487178 ) ) ;
#5374 = DIRECTION ( 'NONE',  ( 0.000000000000000000, 0.000000000000000000, 1.000000000000000000 ) ) ;
#5375 = CARTESIAN_POINT ( 'NONE',  ( -6.369538684340373180, 3.012301423768941167, -26.82300683564187693 ) ) ;
#5376 = ADVANCED_FACE ( 'NONE', ( #728 ), #5590, .T. ) ;
#5377 = CARTESIAN_POINT ( 'NONE',  ( 44.68328546888272257, 6.940225779269961315, 14.52052555676732837 ) ) ;
#5378 = CARTESIAN_POINT ( 'NONE',  ( 19.79990631387987321, -1.735525525702949823, 13.03092967944592573 ) ) ;
#5379 = CARTESIAN_POINT ( 'NONE',  ( -17.04996927952730346, 6.397802246195429809, 15.31947448095174025 ) ) ;
#5380 = DIRECTION ( 'NONE',  ( 0.6862820268981578709, -0.2531020542551485897, -0.6818770634714002021 ) ) ;
#5381 = CARTESIAN_POINT ( 'NONE',  ( -50.90134847157987252, 4.499983924566710591, -0.6055331212334932323 ) ) ;
#5382 = VERTEX_POINT ( 'NONE', #3517 ) ;
#5383 = EDGE_CURVE ( 'NONE', #5681, #5174, #5727, .T. ) ;
#5384 = AXIS2_PLACEMENT_3D ( 'NONE', #673, #2558, #212 ) ;
#5385 = ORIENTED_EDGE ( 'NONE', *, *, #3180, .F. ) ;
#5386 = CARTESIAN_POINT ( 'NONE',  ( -21.39356588312663732, 7.750477680433866645, -24.33157209056760806 ) ) ;
#5387 = CARTESIAN_POINT ( 'NONE',  ( 24.53200000000000003, 0.6334368540005033132, 0.000000000000000000 ) ) ;
#5388 = CARTESIAN_POINT ( 'NONE',  ( 10.47345486233074219, 4.310043387208168930, -5.563385864388178170 ) ) ;
#5389 = DIRECTION ( 'NONE',  ( 1.000000000000000000, -0.000000000000000000, -0.000000000000000000 ) ) ;
#5390 = CYLINDRICAL_SURFACE ( 'NONE', #3656, 0.3000000000000016542 ) ;
#5391 = VECTOR ( 'NONE', #3724, 1000.000000000000000 ) ;
#5392 = EDGE_LOOP ( 'NONE', ( #1393, #68 ) ) ;
#5393 = ORIENTED_EDGE ( 'NONE', *, *, #1955, .F. ) ;
#5394 = AXIS2_PLACEMENT_3D ( 'NONE', #1833, #4264, #4236 ) ;
#5395 = CARTESIAN_POINT ( 'NONE',  ( 11.32446113086582251, 4.536511837366301592, 26.33988084398392715 ) ) ;
#5396 = CARTESIAN_POINT ( 'NONE',  ( -8.539252046937793494, 3.851286371947012288, 26.47797908668446354 ) ) ;
#5397 = CARTESIAN_POINT ( 'NONE',  ( -46.07971994444741171, 6.460218039060387163, -12.56397784929788486 ) ) ;
#5398 = CIRCLE ( 'NONE', #268, 0.2999999999999997669 ) ;
#5399 = ORIENTED_EDGE ( 'NONE', *, *, #2445, .T. ) ;
#5400 = CARTESIAN_POINT ( 'NONE',  ( -14.17193566635595658, 4.699811854167183611, -4.076772558625025411 ) ) ;
#5401 = CIRCLE ( 'NONE', #4828, 1.600000000000000755 ) ;
#5402 = CARTESIAN_POINT ( 'NONE',  ( -24.53200000000000003, -5.000000000000000000, 4.250000000000008882 ) ) ;
#5403 = CARTESIAN_POINT ( 'NONE',  ( -10.81411707019201174, 4.209896778478520396, -26.52600142245040971 ) ) ;
#5404 = AXIS2_PLACEMENT_3D ( 'NONE', #5760, #5322, #3311 ) ;
#5405 = ADVANCED_FACE ( 'NONE', ( #5931 ), #5032, .T. ) ;
#5406 = CARTESIAN_POINT ( 'NONE',  ( -4.078575790220690500, 2.626446581901023869, 26.55289316380205378 ) ) ;
#5407 = CARTESIAN_POINT ( 'NONE',  ( 7.679737697606294086E-14, 2.999999999999993783, -27.29999999999998650 ) ) ;
#5408 = CARTESIAN_POINT ( 'NONE',  ( -18.08602704283909901, 6.163874344535114069, 11.72473796015378866 ) ) ;
#5409 = CARTESIAN_POINT ( 'NONE',  ( -10.29892779071722053, 4.266735681471802266, -4.888966574700754464 ) ) ;
#5410 = AXIS2_PLACEMENT_3D ( 'NONE', #2233, #431, #403 ) ;
#5411 = DIRECTION ( 'NONE',  ( 0.000000000000000000, -1.000000000000000000, 0.000000000000000000 ) ) ;
#5412 = ORIENTED_EDGE ( 'NONE', *, *, #1629, .T. ) ;
#5413 = CIRCLE ( 'NONE', #2758, 5.000000000000000000 ) ;
#5414 = EDGE_LOOP ( 'NONE', ( #4679, #2351, #1902, #4128 ) ) ;
#5415 = DIRECTION ( 'NONE',  ( 1.000000000000000000, -0.000000000000000000, -0.000000000000000000 ) ) ;
#5416 = CARTESIAN_POINT ( 'NONE',  ( 15.23167323521171745, 4.606394024676025545, 3.217540958079473601 ) ) ;
#5417 = CARTESIAN_POINT ( 'NONE',  ( 16.63088857837864509, 6.381503036942167917, -18.34212330168089622 ) ) ;
#5418 = CARTESIAN_POINT ( 'NONE',  ( 18.39630743689930270, 7.000531048280046242, -24.80019075656814209 ) ) ;
#5419 = ADVANCED_FACE ( 'NONE', ( #2216 ), #755, .T. ) ;
#5420 = CARTESIAN_POINT ( 'NONE',  ( 24.53200000000000003, 8.000000000000000000, 0.000000000000000000 ) ) ;
#5421 = LINE ( 'NONE', #4940, #2859 ) ;
#5422 = VECTOR ( 'NONE', #3167, 1000.000000000000000 ) ;
#5423 =( BOUNDED_CURVE ( )  B_SPLINE_CURVE ( 3, ( #1411, #4199, #5184, #6082 ),
 .UNSPECIFIED., .F., .T. ) 
 B_SPLINE_CURVE_WITH_KNOTS ( ( 4, 4 ),
 ( 3.410650663176935105, 3.561704131732271073 ),
 .UNSPECIFIED. ) 
 CURVE ( )  GEOMETRIC_REPRESENTATION_ITEM ( )  RATIONAL_B_SPLINE_CURVE ( ( 1.000000000000000000, 0.9980994744895197446, 0.9980994744895197446, 1.000000000000000000 ) ) 
 REPRESENTATION_ITEM ( '' )  );
#5424 = ORIENTED_EDGE ( 'NONE', *, *, #3923, .T. ) ;
#5425 = ORIENTED_EDGE ( 'NONE', *, *, #3377, .F. ) ;
#5426 = DIRECTION ( 'NONE',  ( -0.000000000000000000, 1.000000000000000000, -0.000000000000000000 ) ) ;
#5427 = AXIS2_PLACEMENT_3D ( 'NONE', #1187, #3070, #171 ) ;
#5428 = CARTESIAN_POINT ( 'NONE',  ( -50.64052720365523896, 4.539580463300074697, 1.801119478971553223 ) ) ;
#5429 = CARTESIAN_POINT ( 'NONE',  ( -9.560131107882153145, 4.070640477489187781, 26.65220103710244004 ) ) ;
#5430 = EDGE_CURVE ( 'NONE', #1599, #5320, #1405, .T. ) ;
#5431 = CARTESIAN_POINT ( 'NONE',  ( -48.07311099061548987, 5.653513370593183929, -9.670799586219093413 ) ) ;
#5432 = EDGE_CURVE ( 'NONE', #375, #5119, #1381, .T. ) ;
#5433 = ORIENTED_EDGE ( 'NONE', *, *, #5813, .F. ) ;
#5434 = EDGE_CURVE ( 'NONE', #5841, #1435, #10, .T. ) ;
#5435 = CARTESIAN_POINT ( 'NONE',  ( 2.522382559199782381, 3.074917958534892914, 18.37593527685477923 ) ) ;
#5436 = DIRECTION ( 'NONE',  ( -0.000000000000000000, -1.000000000000000000, 0.000000000000000000 ) ) ;
#5437 = ADVANCED_FACE ( 'NONE', ( #1875 ), #1756, .F. ) ;
#5438 = CARTESIAN_POINT ( 'NONE',  ( -6.437428057963182404, 2.735321876238383521, 26.77064375247592665 ) ) ;
#5439 = CARTESIAN_POINT ( 'NONE',  ( -1.595759759163774882, 0.000000000000000000, 19.88359213500125122 ) ) ;
#5440 = CARTESIAN_POINT ( 'NONE',  ( -0.2696568382362784511, 3.000648125130779942, 22.99085791970555448 ) ) ;
#5441 = CARTESIAN_POINT ( 'NONE',  ( 6.915965706824335868, 3.128003125312488031, -26.82659284150461332 ) ) ;
#5442 = DIRECTION ( 'NONE',  ( -0.000000000000000000, 1.000000000000000000, -0.000000000000000000 ) ) ;
#5443 = DIRECTION ( 'NONE',  ( 0.000000000000000000, -1.000000000000000000, 0.000000000000000000 ) ) ;
#5444 = PLANE ( 'NONE',  #563 ) ;
#5445 = ORIENTED_EDGE ( 'NONE', *, *, #4203, .F. ) ;
#5446 = B_SPLINE_CURVE_WITH_KNOTS ( 'NONE', 3,
 ( #2095, #175, #667, #4907, #3044, #1130, #608, #3457, #2582, #5859 ),
 .UNSPECIFIED., .F., .F.,
 ( 4, 2, 2, 2, 4 ),
 ( 0.002974864652930554916, 0.003446258928162217443, 0.003917653203393879971, 0.004389047478625542065, 0.004860441753857205026 ),
 .UNSPECIFIED. ) ;
#5447 = ORIENTED_EDGE ( 'NONE', *, *, #3878, .T. ) ;
#5448 = CARTESIAN_POINT ( 'NONE',  ( -17.33414519934746778, 6.695652173913047456, -24.80810656615383536 ) ) ;
#5449 = CARTESIAN_POINT ( 'NONE',  ( 16.49992192823323123, 5.470395395247543924, 11.94244139953827144 ) ) ;
#5450 = CARTESIAN_POINT ( 'NONE',  ( -17.33414519934745712, 6.695652173913043015, 19.48717526990506599 ) ) ;
#5451 = CARTESIAN_POINT ( 'NONE',  ( 21.39356588312583085, 7.750477680431929528, -24.33157209056881598 ) ) ;
#5452 = CARTESIAN_POINT ( 'NONE',  ( 24.53200000000000003, 7.858975779269959716, -24.26377495386450533 ) ) ;
#5453 = LINE ( 'NONE', #2275, #4544 ) ;
#5454 = EDGE_LOOP ( 'NONE', ( #3369, #2096, #5750, #5744 ) ) ;
#5455 = B_SPLINE_CURVE_WITH_KNOTS ( 'NONE', 3,
 ( #5332, #2459, #5269, #1905, #1099, #3323, #4306, #4752, #5708, #1430, #3790, #1462, #3355, #5237, #5204, #2922, #3816, #1027, #1000, #970, #80, #2984, #48, #141, #5677, #2862, #1065, #2891, #4781, #2398, #2491, #1932, #535, #4851 ),
 .UNSPECIFIED., .F., .F.,
 ( 4, 2, 2, 2, 2, 2, 2, 2, 2, 2, 2, 2, 2, 2, 2, 2, 4 ),
 ( 0.000000000000000000, 0.0009191512446149190281, 0.001838302489229838056, 0.002757453733844757084, 0.003676604978459675245, 0.004595756223074592972, 0.005514907467689511567, 0.006434058712304429294, 0.007353209956919347888, 0.008272361201534265615, 0.009191512446149184209, 0.01011066369076410454, 0.01102981493537902313, 0.01194896617999394173, 0.01286811742460886032, 0.01378726866922378065, 0.01470641991383869751 ),
 .UNSPECIFIED. ) ;
#5456 = ORIENTED_EDGE ( 'NONE', *, *, #275, .F. ) ;
#5457 = CARTESIAN_POINT ( 'NONE',  ( 4.000000000000000000, 2.000000000000000000, 22.75000000000000000 ) ) ;
#5458 = DIRECTION ( 'NONE',  ( 0.000000000000000000, 0.000000000000000000, -1.000000000000000000 ) ) ;
#5459 = CARTESIAN_POINT ( 'NONE',  ( -5.419341578705814122, 3.345762109792750127, 27.22726684142148201 ) ) ;
#5460 =( BOUNDED_SURFACE ( )  B_SPLINE_SURFACE ( 3, 2, ( 
 ( #597, #1122, #1643 ),
 ( #4899, #659, #2542 ),
 ( #4431, #2086, #5853 ),
 ( #3503, #5381, #833 ),
 ( #3092, #5508, #3690 ),
 ( #4650, #4117, #5571 ) ),
 .UNSPECIFIED., .F., .F., .T. ) 
 B_SPLINE_SURFACE_WITH_KNOTS ( ( 4, 2, 4 ),
 ( 3, 3 ),
 ( 8.673617379884035472E-19, 0.001815462763366025448, 0.003630925526732050029 ),
 ( 0.000000000000000000, 1.000000000000000000 ),
 .UNSPECIFIED. ) 
 GEOMETRIC_REPRESENTATION_ITEM ( )  RATIONAL_B_SPLINE_SURFACE ( (
 ( 1.000000000000000000, 0.8737348221099832113, 1.000000000000000000),
 ( 1.000000000000000000, 0.8679897231571118699, 1.000000000000000000),
 ( 1.000000000000000000, 0.8650740516016810489, 1.000000000000000000),
 ( 1.000000000000000000, 0.8650671052415142004, 1.000000000000000000),
 ( 1.000000000000000000, 0.8679874946015087023, 1.000000000000000000),
 ( 1.000000000000000000, 0.8737348221101315371, 1.000000000000000000) ) ) 
 REPRESENTATION_ITEM ( '' )  SURFACE ( )  );
#5461 = DIRECTION ( 'NONE',  ( 0.000000000000000000, 0.000000000000000000, -1.000000000000000000 ) ) ;
#5462 = B_SPLINE_CURVE_WITH_KNOTS ( 'NONE', 3,
 ( #4706, #4807, #4270, #929, #3444, #3906 ),
 .UNSPECIFIED., .F., .F.,
 ( 4, 2, 4 ),
 ( 0.000000000000000000, 0.001805529866997808560, 0.003611059733995617121 ),
 .UNSPECIFIED. ) ;
#5463 = ORIENTED_EDGE ( 'NONE', *, *, #459, .T. ) ;
#5464 = ADVANCED_FACE ( 'NONE', ( #4133 ), #2804, .T. ) ;
#5465 = VERTEX_POINT ( 'NONE', #1791 ) ;
#5466 = CARTESIAN_POINT ( 'NONE',  ( -10.67243063978144413, 4.361186249917117230, -6.210195946504098785 ) ) ;
#5467 = ADVANCED_FACE ( 'NONE', ( #5653 ), #1376, .F. ) ;
#5468 = CARTESIAN_POINT ( 'NONE',  ( -8.126335722960492447, 3.639285080904810510, 26.81377342533236430 ) ) ;
#5469 = DIRECTION ( 'NONE',  ( -0.000000000000000000, -1.000000000000000000, 0.000000000000000000 ) ) ;
#5470 = CARTESIAN_POINT ( 'NONE',  ( 4.491074535256852407, 0.6334368540006025672, 22.56687370800127823 ) ) ;
#5471 = PLANE ( 'NONE',  #2760 ) ;
#5472 = B_SPLINE_CURVE_WITH_KNOTS ( 'NONE', 3,
 ( #489, #3744, #1474, #3397, #3829, #5660, #3775, #3864 ),
 .UNSPECIFIED., .F., .F.,
 ( 4, 2, 2, 4 ),
 ( 0.004121567982659971215, 0.007511957104452714369, 0.009207151665349086814, 0.01090234622624546013 ),
 .UNSPECIFIED. ) ;
#5473 = DIRECTION ( 'NONE',  ( 0.000000000000000000, -1.000000000000000000, 0.000000000000000000 ) ) ;
#5474 = APPLICATION_PROTOCOL_DEFINITION ( 'international standard', 'config_control_design', 1994, #1537 ) ;
#5475 = CARTESIAN_POINT ( 'NONE',  ( 48.36250694045666165, 5.532126201300631152, 9.157578980925851653 ) ) ;
#5476 = CARTESIAN_POINT ( 'NONE',  ( -14.74932916320076615, 4.532298785672037589, 2.064923076846027605 ) ) ;
#5477 = CARTESIAN_POINT ( 'NONE',  ( 24.53200000000000003, -0.4999999999999995559, 0.000000000000000000 ) ) ;
#5478 = ORIENTED_EDGE ( 'NONE', *, *, #5043, .F. ) ;
#5479 = VERTEX_POINT ( 'NONE', #4689 ) ;
#5480 = DIRECTION ( 'NONE',  ( 0.000000000000000000, 0.000000000000000000, -1.000000000000000000 ) ) ;
#5481 = CARTESIAN_POINT ( 'NONE',  ( -3.489959023901517021, 3.108501092169045243, -5.362792251686253842 ) ) ;
#5482 = CARTESIAN_POINT ( 'NONE',  ( -24.53200000000000003, -5.000000000000000000, -4.250000000000008882 ) ) ;
#5483 = CARTESIAN_POINT ( 'NONE',  ( 10.81411707019197799, 2.911098954979768116, -27.12219790995953161 ) ) ;
#5484 = CARTESIAN_POINT ( 'NONE',  ( 20.07139265296466846, 4.526919790387360365, -1.512566440468575468 ) ) ;
#5485 = CARTESIAN_POINT ( 'NONE',  ( 10.24013712763425055, 2.262326174291849679, 25.82465234858370451 ) ) ;
#5486 = EDGE_CURVE ( 'NONE', #3606, #3770, #2220, .T. ) ;
#5487 = ORIENTED_EDGE ( 'NONE', *, *, #858, .T. ) ;
#5488 = ORIENTED_EDGE ( 'NONE', *, *, #4549, .F. ) ;
#5489 = CARTESIAN_POINT ( 'NONE',  ( -48.30854590397067483, 5.520811455278982649, -9.838360864241728621 ) ) ;
#5490 = CARTESIAN_POINT ( 'NONE',  ( -28.53200000000000358, 0.000000000000000000, -4.000000000000000000 ) ) ;
#5491 = CARTESIAN_POINT ( 'NONE',  ( 16.49992192823320636, 5.470395395247527048, 11.94244139953828032 ) ) ;
#5492 = CARTESIAN_POINT ( 'NONE',  ( -19.10819749787691180, 4.745622827158577195, -4.482082046291641753 ) ) ;
#5493 = ORIENTED_EDGE ( 'NONE', *, *, #855, .T. ) ;
#5494 = VECTOR ( 'NONE', #5254, 1000.000000000000000 ) ;
#5495 = CARTESIAN_POINT ( 'NONE',  ( 6.865563259593275625, 3.554379439246610151, -26.55274636011898082 ) ) ;
#5496 = CARTESIAN_POINT ( 'NONE',  ( -51.83200000000000074, 7.062499999999999112, 14.26739617975193042 ) ) ;
#5497 = CARTESIAN_POINT ( 'NONE',  ( -50.89432957107290179, 4.398845855716134956, 1.831935292267019566 ) ) ;
#5498 = CARTESIAN_POINT ( 'NONE',  ( 8.545259757435896830, 2.315365169595287931, 25.93073033919058545 ) ) ;
#5499 = AXIS2_PLACEMENT_3D ( 'NONE', #4438, #5389, #3916 ) ;
#5500 = CIRCLE ( 'NONE', #79, 24.00936052501757700 ) ;
#5501 = LINE ( 'NONE', #5210, #3254 ) ;
#5502 = CARTESIAN_POINT ( 'NONE',  ( 1.220571968282926800, 3.017208553635853274, -15.77921592794286099 ) ) ;
#5503 = CARTESIAN_POINT ( 'NONE',  ( -10.46783806999063060, 4.066706488410536835, -2.944177739773440994 ) ) ;
#5504 = CALENDAR_DATE ( 2025, 16, 11 ) ;
#5505 = CARTESIAN_POINT ( 'NONE',  ( -16.85022489649616517, 6.479481943913778963, 18.69924966933835364 ) ) ;
#5506 = CARTESIAN_POINT ( 'NONE',  ( -14.37934565069236292, 4.530163177643665939, -1.940456289565693604 ) ) ;
#5507 = EDGE_CURVE ( 'NONE', #2457, #1435, #1880, .T. ) ;
#5508 = CARTESIAN_POINT ( 'NONE',  ( -50.87081493098498441, 4.513340271616716137, -1.209768105446204167 ) ) ;
#5509 = VECTOR ( 'NONE', #5426, 1000.000000000000000 ) ;
#5510 = ADVANCED_FACE ( 'NONE', ( #911 ), #4054, .T. ) ;
#5511 = VERTEX_POINT ( 'NONE', #5586 ) ;
#5512 = CARTESIAN_POINT ( 'NONE',  ( -47.46579218820991031, 5.906900022488650315, 10.69284771365848918 ) ) ;
#5513 = CIRCLE ( 'NONE', #4425, 0.2999999999999985456 ) ;
#5514 = CARTESIAN_POINT ( 'NONE',  ( 1.023403502042997681, 0.1551524257112658345, 21.24889839051591522 ) ) ;
#5515 = DIRECTION ( 'NONE',  ( -0.000000000000000000, 1.000000000000000000, -0.000000000000000000 ) ) ;
#5516 = DIRECTION ( 'NONE',  ( 1.000000000000000000, 0.000000000000000000, -4.625929269271486900E-16 ) ) ;
#5517 = CARTESIAN_POINT ( 'NONE',  ( -44.63274191430753035, 7.113677662846304095, -14.40527287363994802 ) ) ;
#5518 = CARTESIAN_POINT ( 'NONE',  ( 8.087521856747606819, 2.742306259133422408, 26.78461251826662703 ) ) ;
#5519 = VERTEX_POINT ( 'NONE', #1343 ) ;
#5520 = AXIS2_PLACEMENT_3D ( 'NONE', #3659, #5541, #3185 ) ;
#5521 = EDGE_LOOP ( 'NONE', ( #2308, #58, #4592, #5086 ) ) ;
#5522 = ORIENTED_EDGE ( 'NONE', *, *, #1773, .T. ) ;
#5523 = CARTESIAN_POINT ( 'NONE',  ( 16.95423830546468480, 6.378998040969799277, 15.42744618027904480 ) ) ;
#5524 = CARTESIAN_POINT ( 'NONE',  ( 0.000000000000000000, 7.858975779269959716, 24.26377495386450533 ) ) ;
#5525 = CARTESIAN_POINT ( 'NONE',  ( -4.761930771831614173, 0.4052940700424629283, 22.05672480746691733 ) ) ;
#5526 = VECTOR ( 'NONE', #2895, 1000.000000000000000 ) ;
#5527 = CARTESIAN_POINT ( 'NONE',  ( 4.758823466481062248, 0.3479182066258719730, 21.90266005408115646 ) ) ;
#5528 = ORIENTED_EDGE ( 'NONE', *, *, #3051, .F. ) ;
#5529 = CIRCLE ( 'NONE', #2564, 26.42590409671763396 ) ;
#5530 = CARTESIAN_POINT ( 'NONE',  ( 2.364576677641247580E-13, 2.875499914012058511, 17.00000000000000000 ) ) ;
#5531 = FACE_OUTER_BOUND ( 'NONE', #2980, .T. ) ;
#5532 = CARTESIAN_POINT ( 'NONE',  ( -6.468199745584128024, 3.371831738553088709, 26.96976033093573832 ) ) ;
#5533 = CARTESIAN_POINT ( 'NONE',  ( 9.675019119797841682, 2.274867381812561096, 25.84973476362512912 ) ) ;
#5534 = AXIS2_PLACEMENT_3D ( 'NONE', #6004, #1779, #6095 ) ;
#5535 = APPROVAL_PERSON_ORGANIZATION ( #1299, #1991, #5103 ) ;
#5536 = CYLINDRICAL_SURFACE ( 'NONE', #1673, 1.599999999999997202 ) ;
#5537 = B_SPLINE_CURVE_WITH_KNOTS ( 'NONE', 3,
 ( #5011, #736, #1357, #2294 ),
 .UNSPECIFIED., .F., .F.,
 ( 4, 4 ),
 ( 0.000000000000000000, 0.007947983980026341808 ),
 .UNSPECIFIED. ) ;
#5538 = CARTESIAN_POINT ( 'NONE',  ( -13.50108330271289070, 4.628318685964339707, -3.245803753122201929 ) ) ;
#5539 = PERSON_AND_ORGANIZATION ( #2293, #1479 ) ;
#5540 = FACE_OUTER_BOUND ( 'NONE', #1689, .T. ) ;
#5541 = DIRECTION ( 'NONE',  ( 0.000000000000000000, 1.000000000000000000, -0.000000000000000000 ) ) ;
#5542 = CYLINDRICAL_SURFACE ( 'NONE', #4024, 0.3000000000000016542 ) ;
#5543 = VERTEX_POINT ( 'NONE', #3230 ) ;
#5544 = CARTESIAN_POINT ( 'NONE',  ( 11.19112207227954592, 4.334693325230375649, -26.46599104686561077 ) ) ;
#5545 = EDGE_CURVE ( 'NONE', #408, #1283, #4192, .T. ) ;
#5546 = CARTESIAN_POINT ( 'NONE',  ( -6.912112208757560161, 3.127165585630393263, -26.82658836719513218 ) ) ;
#5547 = CARTESIAN_POINT ( 'NONE',  ( 24.53200000000000003, 0.000000000000000000, -15.10000000000000142 ) ) ;
#5548 = CARTESIAN_POINT ( 'NONE',  ( -11.00282133165271858, 4.271494412252015316, 26.49880081501304829 ) ) ;
#5549 = EDGE_CURVE ( 'NONE', #1720, #3535, #6074, .T. ) ;
#5550 = CARTESIAN_POINT ( 'NONE',  ( 22.45119250825741730, 4.718142165832570178, 4.225392242224372374 ) ) ;
#5551 = CARTESIAN_POINT ( 'NONE',  ( 40.71162677449739675, 8.000000000000000000, -17.90480742226426258 ) ) ;
#5552 = ORIENTED_EDGE ( 'NONE', *, *, #4608, .F. ) ;
#5553 = ORIENTED_EDGE ( 'NONE', *, *, #5818, .F. ) ;
#5554 = ORIENTED_EDGE ( 'NONE', *, *, #5092, .T. ) ;
#5555 = CARTESIAN_POINT ( 'NONE',  ( 16.77107586267912964, 5.973880215659570503, 14.02687205786771152 ) ) ;
#5556 = CARTESIAN_POINT ( 'NONE',  ( -16.77119641919334470, 5.973572061470549421, 14.02513106191816128 ) ) ;
#5557 = DIRECTION ( 'NONE',  ( 0.000000000000000000, 0.000000000000000000, 1.000000000000000000 ) ) ;
#5558 = CARTESIAN_POINT ( 'NONE',  ( -19.39997598979767801, 4.804620369587773610, -4.989094034357963281 ) ) ;
#5559 = ORIENTED_EDGE ( 'NONE', *, *, #2562, .T. ) ;
#5560 = CARTESIAN_POINT ( 'NONE',  ( 4.515810981208034924, 3.240216565743459398, -27.41117018691535989 ) ) ;
#5561 = CARTESIAN_POINT ( 'NONE',  ( -20.14245145422336236, 4.864083433202408102, 5.451849158714773935 ) ) ;
#5562 = DIRECTION ( 'NONE',  ( 0.000000000000000000, 0.000000000000000000, 1.000000000000000000 ) ) ;
#5563 = CARTESIAN_POINT ( 'NONE',  ( 50.95740655539641040, 4.365688503487302086, -1.223105057903354664 ) ) ;
#5564 = EDGE_CURVE ( 'NONE', #3710, #2940, #3247, .T. ) ;
#5565 = EDGE_CURVE ( 'NONE', #1103, #777, #5455, .T. ) ;
#5566 = CARTESIAN_POINT ( 'NONE',  ( -24.53200000000000003, -3.500000000000000000, -4.250000000000008882 ) ) ;
#5567 = CARTESIAN_POINT ( 'NONE',  ( -10.33547944814226582, 4.038665779621866569, -2.978741508125737791 ) ) ;
#5568 = PERSON_AND_ORGANIZATION ( #2293, #1479 ) ;
#5569 = CYLINDRICAL_SURFACE ( 'NONE', #461, 1.350000000000004086 ) ;
#5570 = DIRECTION ( 'NONE',  ( 0.000000000000000000, 0.000000000000000000, 1.000000000000000000 ) ) ;
#5571 = CARTESIAN_POINT ( 'NONE',  ( -50.89432957107126043, 4.398845855716991160, -1.831935292282802497 ) ) ;
#5572 = EDGE_CURVE ( 'NONE', #4543, #1568, #696, .T. ) ;
#5573 = ORIENTED_EDGE ( 'NONE', *, *, #6024, .F. ) ;
#5574 = CARTESIAN_POINT ( 'NONE',  ( -5.352660227952932281, 3.005218812954701502, 16.33702793082988336 ) ) ;
#5575 = CARTESIAN_POINT ( 'NONE',  ( -16.44602886330359226, 6.306568911163808799, 16.82802542087511810 ) ) ;
#5576 = CYLINDRICAL_SURFACE ( 'NONE', #1345, 15.00000000000000000 ) ;
#5577 = CARTESIAN_POINT ( 'NONE',  ( -2.703582031687395304, 3.064518795251256922, -26.15912805083257453 ) ) ;
#5578 = CARTESIAN_POINT ( 'NONE',  ( -42.65273862696591323, 7.748974577513865647, -16.11681328717313377 ) ) ;
#5579 = CARTESIAN_POINT ( 'NONE',  ( -24.53200000000000003, -4.000000000000000000, 0.000000000000000000 ) ) ;
#5580 = B_SPLINE_CURVE_WITH_KNOTS ( 'NONE', 3,
 ( #2741, #3643, #1344, #848 ),
 .UNSPECIFIED., .F., .F.,
 ( 4, 4 ),
 ( 1.734723475976807094E-18, 0.005753918890583242796 ),
 .UNSPECIFIED. ) ;
#5581 = ORIENTED_EDGE ( 'NONE', *, *, #18, .T. ) ;
#5582 = EDGE_CURVE ( 'NONE', #1945, #1492, #2426, .T. ) ;
#5583 = ORIENTED_EDGE ( 'NONE', *, *, #894, .T. ) ;
#5584 = ORIENTED_EDGE ( 'NONE', *, *, #5572, .T. ) ;
#5585 = CARTESIAN_POINT ( 'NONE',  ( 17.66786439176440027, 6.616115822524101908, 15.77011669827273543 ) ) ;
#5586 = CARTESIAN_POINT ( 'NONE',  ( 2.522382559199782381, 3.074917958534892914, 18.37593527685477923 ) ) ;
#5587 = CARTESIAN_POINT ( 'NONE',  ( -23.45207879911715310, 7.858975779269959716, 24.26377495386450533 ) ) ;
#5588 = DIRECTION ( 'NONE',  ( 0.000000000000000000, 0.000000000000000000, -1.000000000000000000 ) ) ;
#5589 = ORIENTED_EDGE ( 'NONE', *, *, #1179, .T. ) ;
#5590 =( BOUNDED_SURFACE ( )  B_SPLINE_SURFACE ( 3, 2, ( 
 ( #322, #5395, #5960 ),
 ( #1165, #4501, #2124 ),
 ( #5895, #4445, #792 ),
 ( #3609, #5864, #1626 ) ),
 .UNSPECIFIED., .F., .F., .T. ) 
 B_SPLINE_SURFACE_WITH_KNOTS ( ( 4, 4 ),
 ( 3, 3 ),
 ( 0.2690580095871422661, 0.4201114781424780675 ),
 ( 0.000000000000000000, 1.000000000000000000 ),
 .UNSPECIFIED. ) 
 GEOMETRIC_REPRESENTATION_ITEM ( )  RATIONAL_B_SPLINE_SURFACE ( (
 ( 1.000000000000000000, 0.8691529452217081619, 1.000000000000000000),
 ( 1.000000000000000000, 0.8671129388643267211, 1.000000000000000000),
 ( 1.000000000000000000, 0.8645062998508765695, 1.000000000000000000),
 ( 1.000000000000000000, 0.8613475861151880242, 1.000000000000000000) ) ) 
 REPRESENTATION_ITEM ( '' )  SURFACE ( )  );
#5591 = CARTESIAN_POINT ( 'NONE',  ( -1.676607305758149202, 3.032820261418534891, -16.06281309449142825 ) ) ;
#5592 = CARTESIAN_POINT ( 'NONE',  ( 4.049987642158390244, 3.193409495701916789, -26.41872908515204443 ) ) ;
#5593 = B_SPLINE_CURVE_WITH_KNOTS ( 'NONE', 3,
 ( #5822, #3688, #2626, #2719, #2263, #4581, #5475, #4116, #5014, #248, #5074, #771, #337, #6028 ),
 .UNSPECIFIED., .F., .F.,
 ( 4, 2, 2, 2, 2, 2, 4 ),
 ( 0.000000000000000000, 0.003598216142795761761, 0.005397324214193649147, 0.007196432285591536533, 0.01079464842838729136, 0.01259375649978516920, 0.01439286457118304705 ),
 .UNSPECIFIED. ) ;
#5594 = DIRECTION ( 'NONE',  ( 0.000000000000000000, 0.000000000000000000, 1.000000000000000000 ) ) ;
#5595 = CARTESIAN_POINT ( 'NONE',  ( 6.865618760795667797, 3.554388446618634401, -26.55274483823318121 ) ) ;
#5596 = CIRCLE ( 'NONE', #5008, 7.999999999999999112 ) ;
#5597 = CARTESIAN_POINT ( 'NONE',  ( 1.677842360212215223, 3.032865376205270636, -20.43634322948059534 ) ) ;
#5598 = CARTESIAN_POINT ( 'NONE',  ( -12.52192847098746853, 4.618463168948625075, -3.939207547887731753 ) ) ;
#5599 = COORDINATED_UNIVERSAL_TIME_OFFSET ( 8, 0, .AHEAD. ) ;
#5600 = AXIS2_PLACEMENT_3D ( 'NONE', #2647, #4446, #149 ) ;
#5601 = CARTESIAN_POINT ( 'NONE',  ( -44.47687577975150930, 7.062499999999999112, -14.26739617975193042 ) ) ;
#5602 = DIRECTION ( 'NONE',  ( 0.000000000000000000, 0.000000000000000000, -1.000000000000000000 ) ) ;
#5603 = CYLINDRICAL_SURFACE ( 'NONE', #4821, 41.00000000000000000 ) ;
#5604 = AXIS2_PLACEMENT_3D ( 'NONE', #3627, #4583, #4179 ) ;
#5605 = ORIENTED_EDGE ( 'NONE', *, *, #6073, .F. ) ;
#5606 = CARTESIAN_POINT ( 'NONE',  ( 0.6833888013181584897, 2.750156960073401713, 16.42151468286222737 ) ) ;
#5607 = DIRECTION ( 'NONE',  ( -0.000000000000000000, 0.000000000000000000, -1.000000000000000000 ) ) ;
#5608 = DIRECTION ( 'NONE',  ( -0.9615867488098240878, -0.2511081369197010749, -0.1108856532021569169 ) ) ;
#5609 = CARTESIAN_POINT ( 'NONE',  ( 5.817072295949929004E-15, 2.999999999999994671, -26.02917960675005205 ) ) ;
#5610 = AXIS2_PLACEMENT_3D ( 'NONE', #2576, #2545, #778 ) ;
#5611 = CARTESIAN_POINT ( 'NONE',  ( -2.522382559215405440, 3.074917958535816620, 18.37593527685438843 ) ) ;
#5612 = ORIENTED_EDGE ( 'NONE', *, *, #1175, .F. ) ;
#5613 = ORIENTED_EDGE ( 'NONE', *, *, #223, .F. ) ;
#5614 = CIRCLE ( 'NONE', #2749, 25.82465234573292534 ) ;
#5615 = EDGE_LOOP ( 'NONE', ( #179, #2513, #4747, #3944 ) ) ;
#5616 = CARTESIAN_POINT ( 'NONE',  ( 16.71962884187773213, 6.383962008670975408, 16.60835833948990725 ) ) ;
#5617 = EDGE_CURVE ( 'NONE', #6001, #85, #1251, .T. ) ;
#5618 = CARTESIAN_POINT ( 'NONE',  ( 2.234980408443919215E-15, 4.450000000000000178, -16.89999999999999503 ) ) ;
#5619 = CARTESIAN_POINT ( 'NONE',  ( 15.89804011867954792, 5.866765307098809501, 15.30522085840942914 ) ) ;
#5620 = CARTESIAN_POINT ( 'NONE',  ( 19.81568246631105623, 5.974311186041658672, -10.93187287182474066 ) ) ;
#5621 = CIRCLE ( 'NONE', #5126, 6.000000000000001776 ) ;
#5622 = APPROVAL ( #3657, 'UNSPECIFIED' ) ;
#5623 = VERTEX_POINT ( 'NONE', #3854 ) ;
#5624 = CARTESIAN_POINT ( 'NONE',  ( 3.817634452169319736, 0.7250000000000025313, 22.75000000000000000 ) ) ;
#5625 = AXIS2_PLACEMENT_3D ( 'NONE', #300, #5090, #5588 ) ;
#5626 = CARTESIAN_POINT ( 'NONE',  ( 3.817837745199962995, 3.171185908251293206, -27.64237181650264930 ) ) ;
#5627 = CARTESIAN_POINT ( 'NONE',  ( 2.234980408443919215E-15, 2.949999999999999734, -18.25000000000000000 ) ) ;
#5628 = EDGE_CURVE ( 'NONE', #1244, #4492, #2668, .T. ) ;
#5629 = CARTESIAN_POINT ( 'NONE',  ( 13.85910157286882516, 4.055635452376941785, 3.641610472156211031 ) ) ;
#5630 = DIRECTION ( 'NONE',  ( 0.2658234555370091456, -0.9640217271858366743, 0.000000000000000000 ) ) ;
#5631 = EDGE_CURVE ( 'NONE', #5804, #3473, #3261, .T. ) ;
#5632 = EDGE_CURVE ( 'NONE', #3598, #1558, #4880, .T. ) ;
#5633 = AXIS2_PLACEMENT_3D ( 'NONE', #102, #5286, #129 ) ;
#5634 = ORIENTED_EDGE ( 'NONE', *, *, #5180, .T. ) ;
#5635 =( BOUNDED_CURVE ( )  B_SPLINE_CURVE ( 3, ( #5863, #4538, #4970, #4443 ),
 .UNSPECIFIED., .F., .T. ) 
 B_SPLINE_CURVE_WITH_KNOTS ( ( 4, 4 ),
 ( 3.141592653589793116, 3.561704131732270628 ),
 .UNSPECIFIED. ) 
 CURVE ( )  GEOMETRIC_REPRESENTATION_ITEM ( )  RATIONAL_B_SPLINE_CURVE ( ( 1.000000000000000000, 0.9853461958957675515, 0.9853461958957675515, 1.000000000000000000 ) ) 
 REPRESENTATION_ITEM ( '' )  );
#5636 = EDGE_CURVE ( 'NONE', #4424, #5841, #5044, .T. ) ;
#5637 = CARTESIAN_POINT ( 'NONE',  ( -16.22953960074609014, 5.109667833434412998, -7.115383408314905012 ) ) ;
#5638 = VECTOR ( 'NONE', #664, 1000.000000000000000 ) ;
#5639 = CARTESIAN_POINT ( 'NONE',  ( 44.68328546888272257, 6.940225779269962203, -14.52052555676733014 ) ) ;
#5640 = CARTESIAN_POINT ( 'NONE',  ( 24.53200000000000003, -3.000000000000000000, 6.158312395177701681 ) ) ;
#5641 = CARTESIAN_POINT ( 'NONE',  ( 9.561881526212507865, 4.071098551929807741, 26.65190433222055688 ) ) ;
#5642 = EDGE_LOOP ( 'NONE', ( #1786, #3701, #2584, #4282 ) ) ;
#5643 = CARTESIAN_POINT ( 'NONE',  ( -45.46461454529692503, 6.803126274896953873, 13.57761945141496085 ) ) ;
#5644 = DIRECTION ( 'NONE',  ( 0.000000000000000000, 0.000000000000000000, -1.000000000000000000 ) ) ;
#5645 = DIRECTION ( 'NONE',  ( -0.9615867488098280846, -0.2511081369197006308, 0.1108856532021239433 ) ) ;
#5646 = CARTESIAN_POINT ( 'NONE',  ( -21.33592495465523697, 7.999999999999998224, -24.00936052501757700 ) ) ;
#5647 = CARTESIAN_POINT ( 'NONE',  ( -44.68328546888272257, 6.940225779269962203, 14.52052555676733014 ) ) ;
#5648 = EDGE_CURVE ( 'NONE', #5465, #5320, #1185, .T. ) ;
#5649 = ORIENTED_EDGE ( 'NONE', *, *, #3973, .F. ) ;
#5650 = ORIENTED_EDGE ( 'NONE', *, *, #4948, .F. ) ;
#5651 = ORIENTED_EDGE ( 'NONE', *, *, #818, .T. ) ;
#5652 = CARTESIAN_POINT ( 'NONE',  ( -1.352047474645321712, 2.999999999999779288, 26.02917960675002362 ) ) ;
#5653 = FACE_OUTER_BOUND ( 'NONE', #4537, .T. ) ;
#5654 = CARTESIAN_POINT ( 'NONE',  ( -24.53200000000000003, 0.5000000000000000000, 0.000000000000000000 ) ) ;
#5655 = DIRECTION ( 'NONE',  ( -0.000000000000000000, 1.000000000000000000, -0.000000000000000000 ) ) ;
#5656 = ORIENTED_EDGE ( 'NONE', *, *, #86, .T. ) ;
#5657 = EDGE_LOOP ( 'NONE', ( #4313, #4686, #5208, #349 ) ) ;
#5658 = LINE ( 'NONE', #3591, #2467 ) ;
#5659 = CYLINDRICAL_SURFACE ( 'NONE', #3730, 1.350000000000004086 ) ;
#5660 = CARTESIAN_POINT ( 'NONE',  ( -9.675019119795852163, 2.274867381812604616, 25.84973476362521083 ) ) ;
#5661 = CARTESIAN_POINT ( 'NONE',  ( -13.75702203405440827, 5.271699455387999222, 17.46252528484041733 ) ) ;
#5662 = ORIENTED_EDGE ( 'NONE', *, *, #4452, .T. ) ;
#5663 = EDGE_CURVE ( 'NONE', #1658, #2828, #4646, .T. ) ;
#5664 = DIRECTION ( 'NONE',  ( -0.000000000000000000, -0.000000000000000000, 1.000000000000000000 ) ) ;
#5665 = DIRECTION ( 'NONE',  ( 0.000000000000000000, 0.000000000000000000, -1.000000000000000000 ) ) ;
#5666 = LINE ( 'NONE', #5316, #965 ) ;
#5667 = CARTESIAN_POINT ( 'NONE',  ( 5.176036152483234787, 3.315419233435361601, 26.54119226153694200 ) ) ;
#5668 =( BOUNDED_CURVE ( )  B_SPLINE_CURVE ( 3, ( #5609, #2273, #5577, #4244 ),
 .UNSPECIFIED., .F., .T. ) 
 B_SPLINE_CURVE_WITH_KNOTS ( ( 4, 4 ),
 ( 0.000000000000000000, 0.09543864527874229564 ),
 .UNSPECIFIED. ) 
 CURVE ( )  GEOMETRIC_REPRESENTATION_ITEM ( )  RATIONAL_B_SPLINE_CURVE ( ( 1.000000000000000000, 0.9992410994418507997, 0.9992410994418507997, 1.000000000000000000 ) ) 
 REPRESENTATION_ITEM ( '' )  );
#5669 = ORIENTED_EDGE ( 'NONE', *, *, #5565, .F. ) ;
#5670 = CARTESIAN_POINT ( 'NONE',  ( -49.38286243825935173, 5.065053867746871497, 7.700539279549084348 ) ) ;
#5671 = CARTESIAN_POINT ( 'NONE',  ( -29.28933400592791614, 4.845169463410016419, 5.309473772256908752 ) ) ;
#5672 = CARTESIAN_POINT ( 'NONE',  ( 24.53200000000000003, 3.603966959366334155, -25.15383195248298520 ) ) ;
#5673 = DIRECTION ( 'NONE',  ( 0.000000000000000000, 0.8944271909999164105, -0.4472135954999569285 ) ) ;
#5674 = ORIENTED_EDGE ( 'NONE', *, *, #3973, .T. ) ;
#5675 = EDGE_LOOP ( 'NONE', ( #2776, #341, #5649, #5712 ) ) ;
#5676 = CARTESIAN_POINT ( 'NONE',  ( 16.55048582345236596, 6.328813233901661839, 16.72568978605799117 ) ) ;
#5677 = CARTESIAN_POINT ( 'NONE',  ( 28.07512013404328144, 4.617046062517906613, 3.103629346376137299 ) ) ;
#5678 = CARTESIAN_POINT ( 'NONE',  ( 24.53200000000000003, -3.000000000000000000, 0.000000000000000000 ) ) ;
#5679 = EDGE_CURVE ( 'NONE', #3859, #789, #2577, .T. ) ;
#5680 = CARTESIAN_POINT ( 'NONE',  ( 0.000000000000000000, 4.450000000000000178, 20.00000000000000000 ) ) ;
#5681 = VERTEX_POINT ( 'NONE', #4990 ) ;
#5682 = EDGE_CURVE ( 'NONE', #3352, #5037, #4494, .T. ) ;
#5683 = ORIENTED_EDGE ( 'NONE', *, *, #5990, .T. ) ;
#5684 = DIRECTION ( 'NONE',  ( -0.000000000000000000, 1.000000000000000000, -0.000000000000000000 ) ) ;
#5685 = CARTESIAN_POINT ( 'NONE',  ( -2.472186778704061005, 3.071907233178536423, -19.46789300316568117 ) ) ;
#5686 = DIRECTION ( 'NONE',  ( 1.000000000000000000, -0.000000000000000000, -0.000000000000000000 ) ) ;
#5687 = CARTESIAN_POINT ( 'NONE',  ( -4.808560961114737076, 3.210842658046590081, 18.32153601598410830 ) ) ;
#5688 = DIRECTION ( 'NONE',  ( -0.6862820268981615346, 0.2531020542551474239, -0.6818770634713969825 ) ) ;
#5689 = DIRECTION ( 'NONE',  ( 0.000000000000000000, -1.000000000000000000, 0.000000000000000000 ) ) ;
#5690 = CARTESIAN_POINT ( 'NONE',  ( -0.4408414727109781217, 0.2363785610107237978, 21.55361461665672351 ) ) ;
#5691 = CIRCLE ( 'NONE', #455, 6.500000000000000000 ) ;
#5692 = DIRECTION ( 'NONE',  ( 0.000000000000000000, -1.000000000000000000, 0.000000000000000000 ) ) ;
#5693 = FACE_OUTER_BOUND ( 'NONE', #4129, .T. ) ;
#5694 = VECTOR ( 'NONE', #1201, 1000.000000000000000 ) ;
#5695 = ORIENTED_EDGE ( 'NONE', *, *, #1179, .F. ) ;
#5696 = CARTESIAN_POINT ( 'NONE',  ( -20.53200000000000003, 0.000000000000000000, 4.000000000000000000 ) ) ;
#5697 = ADVANCED_FACE ( 'NONE', ( #3011 ), #4436, .F. ) ;
#5698 = CARTESIAN_POINT ( 'NONE',  ( -29.45637092798568801, 4.830522217410909036, 5.197409239745081067 ) ) ;
#5699 = CARTESIAN_POINT ( 'NONE',  ( -15.74393164159705627, 5.805963950947805152, 15.33540644190635938 ) ) ;
#5700 = CARTESIAN_POINT ( 'NONE',  ( 0.6833888013196761646, 2.750156960074774837, 16.42151468286756710 ) ) ;
#5701 = CARTESIAN_POINT ( 'NONE',  ( -24.53200000000000003, 0.5000000000000000000, 0.000000000000000000 ) ) ;
#5702 = AXIS2_PLACEMENT_3D ( 'NONE', #571, #3358, #2428 ) ;
#5703 = ORIENTED_EDGE ( 'NONE', *, *, #852, .T. ) ;
#5704 = ADVANCED_FACE ( 'NONE', ( #3129 ), #4724, .T. ) ;
#5705 = EDGE_CURVE ( 'NONE', #6009, #5623, #1981, .T. ) ;
#5706 = ORIENTED_EDGE ( 'NONE', *, *, #2292, .T. ) ;
#5707 = CARTESIAN_POINT ( 'NONE',  ( -10.81411707019198154, 4.209896778478510626, 26.52600142245041326 ) ) ;
#5708 = CARTESIAN_POINT ( 'NONE',  ( 27.63947400002014021, 4.652481125392705863, -3.539414610081586865 ) ) ;
#5709 = DIRECTION ( 'NONE',  ( 0.000000000000000000, 0.000000000000000000, 1.000000000000000000 ) ) ;
#5710 = CYLINDRICAL_SURFACE ( 'NONE', #684, 1.599999999999997202 ) ;
#5711 = VECTOR ( 'NONE', #2565, 1000.000000000000000 ) ;
#5712 = ORIENTED_EDGE ( 'NONE', *, *, #90, .T. ) ;
#5713 = VERTEX_POINT ( 'NONE', #3096 ) ;
#5714 = CARTESIAN_POINT ( 'NONE',  ( 38.65409518678680456, 8.000000000000001776, 19.62214659862620891 ) ) ;
#5715 = CARTESIAN_POINT ( 'NONE',  ( -1.361605608091575714, 2.431671842690570795, -26.16334368538114674 ) ) ;
#5716 = CARTESIAN_POINT ( 'NONE',  ( -28.53200000000000358, 4.870577163833599954, -5.500000000000000000 ) ) ;
#5717 = CARTESIAN_POINT ( 'NONE',  ( -19.07115858279928489, 4.735558864881523000, 4.392407627999769915 ) ) ;
#5718 = CIRCLE ( 'NONE', #4327, 2.100000000000000977 ) ;
#5719 = CARTESIAN_POINT ( 'NONE',  ( -11.56199233042258356, 4.586772880835492394, 17.75556715847160305 ) ) ;
#5720 = AXIS2_PLACEMENT_3D ( 'NONE', #3511, #4379, #3917 ) ;
#5721 = CARTESIAN_POINT ( 'NONE',  ( -14.05446418640017114, 5.328537825427092756, -8.383070288642780810 ) ) ;
#5722 = CARTESIAN_POINT ( 'NONE',  ( 49.38314174393055822, 5.064933420054861024, -7.699890188996476148 ) ) ;
#5723 = CARTESIAN_POINT ( 'NONE',  ( 45.46293881355036604, 6.803751852435262926, 13.57928668408593964 ) ) ;
#5724 = AXIS2_PLACEMENT_3D ( 'NONE', #2434, #1505, #5775 ) ;
#5725 = CARTESIAN_POINT ( 'NONE',  ( 6.299034145797508977, 3.465572433145623688, 26.56562045435381947 ) ) ;
#5726 = CARTESIAN_POINT ( 'NONE',  ( 44.47687577975090534, 7.062500000000225597, -14.26739617975251839 ) ) ;
#5727 = CIRCLE ( 'NONE', #3060, 15.00000000000000000 ) ;
#5728 = ORIENTED_EDGE ( 'NONE', *, *, #1108, .T. ) ;
#5729 = LINE ( 'NONE', #1486, #184 ) ;
#5730 = CARTESIAN_POINT ( 'NONE',  ( -24.53200000000000003, 8.000000000000000000, 0.000000000000000000 ) ) ;
#5731 = DIRECTION ( 'NONE',  ( 1.000000000000000000, -0.000000000000000000, -0.000000000000000000 ) ) ;
#5732 = CARTESIAN_POINT ( 'NONE',  ( 10.78760982008333791, 4.303080131678592934, 17.87576868102371463 ) ) ;
#5733 = LINE ( 'NONE', #3940, #3132 ) ;
#5734 = PRODUCT_DEFINITION_FORMATION_WITH_SPECIFIED_SOURCE ( 'ANY', '', #1331, .NOT_KNOWN. ) ;
#5735 = VERTEX_POINT ( 'NONE', #3946 ) ;
#5736 = EDGE_CURVE ( 'NONE', #5543, #2733, #690, .T. ) ;
#5737 = ORIENTED_EDGE ( 'NONE', *, *, #3803, .F. ) ;
#5738 = CARTESIAN_POINT ( 'NONE',  ( -11.04255264453637864, 4.137045071998396217, -2.560421641976300844 ) ) ;
#5739 = EDGE_CURVE ( 'NONE', #5735, #3765, #365, .T. ) ;
#5740 = CARTESIAN_POINT ( 'NONE',  ( -40.71590516472935661, 8.000000000000000000, 17.90166541909781017 ) ) ;
#5741 = CARTESIAN_POINT ( 'NONE',  ( -6.915965706824325210, 3.128003125312485810, 26.82659284150460977 ) ) ;
#5742 = CARTESIAN_POINT ( 'NONE',  ( 17.33414519934747844, 6.695652173913040350, 24.80810656615383891 ) ) ;
#5743 = CARTESIAN_POINT ( 'NONE',  ( 17.33414519934747133, 6.695652173913041239, 19.48717526990507309 ) ) ;
#5744 = ORIENTED_EDGE ( 'NONE', *, *, #5739, .F. ) ;
#5745 = ORIENTED_EDGE ( 'NONE', *, *, #3948, .T. ) ;
#5746 = DIRECTION ( 'NONE',  ( -0.000000000000000000, 1.000000000000000000, -0.000000000000000000 ) ) ;
#5747 = CARTESIAN_POINT ( 'NONE',  ( -4.515810981207715180, 3.240216565744177046, 27.41117018691735296 ) ) ;
#5748 = CARTESIAN_POINT ( 'NONE',  ( -13.45671669227145806, 4.972248537989833572, 26.06760233426219742 ) ) ;
#5749 = LINE ( 'NONE', #1980, #487 ) ;
#5750 = ORIENTED_EDGE ( 'NONE', *, *, #5197, .F. ) ;
#5751 = DIRECTION ( 'NONE',  ( 1.000000000000000000, 0.000000000000000000, 0.000000000000000000 ) ) ;
#5752 = EDGE_CURVE ( 'NONE', #777, #2115, #693, .T. ) ;
#5753 = CARTESIAN_POINT ( 'NONE',  ( 0.4994194473410840662, 2.883688430281091009, 17.03134448559048764 ) ) ;
#5754 = CARTESIAN_POINT ( 'NONE',  ( -1.544707714795933828, 0.02412981807712000909, 20.43101800914512012 ) ) ;
#5755 = CARTESIAN_POINT ( 'NONE',  ( -4.190847561168420832, 3.206893941611400844, -26.44588832365806041 ) ) ;
#5756 = CARTESIAN_POINT ( 'NONE',  ( 45.52780799820072843, 6.631363129828155678, -13.67864592759720743 ) ) ;
#5757 = ADVANCED_FACE ( 'NONE', ( #3285 ), #2671, .F. ) ;
#5758 = ORIENTED_EDGE ( 'NONE', *, *, #4335, .T. ) ;
#5759 = ORIENTED_EDGE ( 'NONE', *, *, #2226, .T. ) ;
#5760 = CARTESIAN_POINT ( 'NONE',  ( 24.53200000000000003, -0.5000000000000000000, 0.000000000000000000 ) ) ;
#5761 = LINE ( 'NONE', #3783, #984 ) ;
#5762 = CARTESIAN_POINT ( 'NONE',  ( -16.67164582422805807, 6.033981794156119349, 14.51403568969426061 ) ) ;
#5763 = CARTESIAN_POINT ( 'NONE',  ( -1.749947751593536216, 2.751504549955701151, -3.421061934949608307 ) ) ;
#5764 = CARTESIAN_POINT ( 'NONE',  ( -21.33592495465524763, 7.999999999999998224, 24.00936052501756279 ) ) ;
#5765 = ORIENTED_EDGE ( 'NONE', *, *, #800, .F. ) ;
#5766 = EDGE_LOOP ( 'NONE', ( #2835, #2949 ) ) ;
#5767 = CARTESIAN_POINT ( 'NONE',  ( -11.29145458698674354, 4.131459028094691455, -2.224358302666400000 ) ) ;
#5768 = CARTESIAN_POINT ( 'NONE',  ( -51.83200000000000074, 7.062499999999999112, -14.26739617975193042 ) ) ;
#5769 = CARTESIAN_POINT ( 'NONE',  ( -20.53200000000000003, 0.000000000000000000, 5.499999999999999112 ) ) ;
#5770 = CARTESIAN_POINT ( 'NONE',  ( -3.238092127627593797, 0.4054720015273138300, 22.05718566858950069 ) ) ;
#5771 = CARTESIAN_POINT ( 'NONE',  ( 45.31277978188816036, 6.756456433507477932, -13.44289047185331576 ) ) ;
#5772 = ORIENTED_EDGE ( 'NONE', *, *, #2981, .T. ) ;
#5773 = ORIENTED_EDGE ( 'NONE', *, *, #5888, .T. ) ;
#5774 = CARTESIAN_POINT ( 'NONE',  ( 44.68328546888211861, 6.940225779270182471, 14.52052555676793411 ) ) ;
#5775 = DIRECTION ( 'NONE',  ( 0.000000000000000000, 0.000000000000000000, -1.000000000000000000 ) ) ;
#5776 = CARTESIAN_POINT ( 'NONE',  ( -4.000000000000000000, 0.7250000000000025313, 22.75000000000000000 ) ) ;
#5777 = CARTESIAN_POINT ( 'NONE',  ( 10.81411707019199042, 2.262326172866460539, -25.82465234573292534 ) ) ;
#5778 = CARTESIAN_POINT ( 'NONE',  ( -28.53200000000000358, 4.870577163833599954, 5.500000000000000888 ) ) ;
#5779 = ORIENTED_EDGE ( 'NONE', *, *, #1318, .F. ) ;
#5780 = CARTESIAN_POINT ( 'NONE',  ( 42.65611503887043909, 7.747703937052983214, 16.11339008071696810 ) ) ;
#5781 = CARTESIAN_POINT ( 'NONE',  ( 0.8216492603404492723, 2.999276061639122304, -4.398243721080651092 ) ) ;
#5782 = CARTESIAN_POINT ( 'NONE',  ( 48.23544255630712030, 5.675557350165812309, 9.761801280091695787 ) ) ;
#5783 = CARTESIAN_POINT ( 'NONE',  ( -10.81411707019201351, 4.209896778478517732, -26.52600142245041326 ) ) ;
#5784 = CARTESIAN_POINT ( 'NONE',  ( 44.68328546888211861, 6.940225779270187800, -14.52052555676793055 ) ) ;
#5785 = VERTEX_POINT ( 'NONE', #5052 ) ;
#5786 = CARTESIAN_POINT ( 'NONE',  ( -24.53200000000000003, 0.000000000000000000, -15.09999999999999964 ) ) ;
#5787 = CARTESIAN_POINT ( 'NONE',  ( -50.45236996541539298, 4.702393571847489184, 4.230330896521064865 ) ) ;
#5788 = AXIS2_PLACEMENT_3D ( 'NONE', #1317, #822, #3610 ) ;
#5789 = CARTESIAN_POINT ( 'NONE',  ( 24.53200000000000003, 0.000000000000000000, -7.900000000000000355 ) ) ;
#5790 = CARTESIAN_POINT ( 'NONE',  ( -19.66254311208967920, 6.216128190311132506, 11.79738273375700430 ) ) ;
#5791 = CARTESIAN_POINT ( 'NONE',  ( -10.73102311926870733, 4.371405999188836766, 17.84540049124028371 ) ) ;
#5792 = CARTESIAN_POINT ( 'NONE',  ( 2.343994650578320016, 3.064283222052524458, 21.89123981724053536 ) ) ;
#5793 = VERTEX_POINT ( 'NONE', #4681 ) ;
#5794 = CIRCLE ( 'NONE', #5003, 41.00000000000000000 ) ;
#5795 = ORIENTED_EDGE ( 'NONE', *, *, #5679, .F. ) ;
#5796 = CARTESIAN_POINT ( 'NONE',  ( 16.22183977065549954, 6.212568566659660618, 16.93154478784347816 ) ) ;
#5797 = DIRECTION ( 'NONE',  ( -0.2658234555370612151, -0.9640217271858222414, 0.000000000000000000 ) ) ;
#5798 = CARTESIAN_POINT ( 'NONE',  ( 12.60532500038497794, 4.906756522443272317, -11.02030715397652472 ) ) ;
#5799 = B_SPLINE_CURVE_WITH_KNOTS ( 'NONE', 3,
 ( #4597, #355, #4103, #5525, #1290, #2249, #6015, #3201, #4664, #4631 ),
 .UNSPECIFIED., .F., .F.,
 ( 4, 2, 2, 2, 4 ),
 ( 0.002974864652930554916, 0.003446258928162217010, 0.003917653203393879104, 0.004389047478625541197, 0.004860441753857203291 ),
 .UNSPECIFIED. ) ;
#5800 = CYLINDRICAL_SURFACE ( 'NONE', #1060, 5.000000000000000000 ) ;
#5801 = DIRECTION ( 'NONE',  ( 0.000000000000000000, 0.000000000000000000, -1.000000000000000000 ) ) ;
#5802 = VERTEX_POINT ( 'NONE', #4094 ) ;
#5803 = CIRCLE ( 'NONE', #951, 0.3000000000000016542 ) ;
#5804 = VERTEX_POINT ( 'NONE', #436 ) ;
#5805 = CARTESIAN_POINT ( 'NONE',  ( 42.84379120463321300, 7.612974048330536370, 16.35426319875093171 ) ) ;
#5806 = CARTESIAN_POINT ( 'NONE',  ( -19.29716976106882953, 7.451291161062052915, 24.34537443486107122 ) ) ;
#5807 = CARTESIAN_POINT ( 'NONE',  ( 21.37824803154449071, 7.858975779269961492, -24.26377495386450178 ) ) ;
#5808 = CARTESIAN_POINT ( 'NONE',  ( 8.601686398771008157, 3.539583679945225825, 26.76690194682091217 ) ) ;
#5809 = AXIS2_PLACEMENT_3D ( 'NONE', #1721, #3105, #4998 ) ;
#5810 = VERTEX_POINT ( 'NONE', #2301 ) ;
#5811 = EDGE_CURVE ( 'NONE', #1935, #1720, #1288, .T. ) ;
#5812 = CARTESIAN_POINT ( 'NONE',  ( -10.47490897076385608, 4.310414512549171739, -5.568274714204568099 ) ) ;
#5813 = EDGE_CURVE ( 'NONE', #5030, #5019, #886, .T. ) ;
#5814 = CARTESIAN_POINT ( 'NONE',  ( -3.453407034831611711, 2.857234926347261172, -3.385728330867731728 ) ) ;
#5815 = DIRECTION ( 'NONE',  ( -0.000000000000000000, 1.000000000000000000, -0.000000000000000000 ) ) ;
#5816 = CARTESIAN_POINT ( 'NONE',  ( -4.367305549848601309, 2.666936066693783580, -26.62314749861100083 ) ) ;
#5817 = CIRCLE ( 'NONE', #3647, 0.2999999999999981015 ) ;
#5818 = EDGE_CURVE ( 'NONE', #3679, #2305, #892, .T. ) ;
#5819 = ORIENTED_EDGE ( 'NONE', *, *, #3320, .F. ) ;
#5820 = CARTESIAN_POINT ( 'NONE',  ( -2.660652469790162122, 3.083326920314916286, 18.60758308861374744 ) ) ;
#5821 = VECTOR ( 'NONE', #2197, 1000.000000000000000 ) ;
#5822 = CARTESIAN_POINT ( 'NONE',  ( 44.47687577975150930, 7.062499999999999112, 14.26739617975193042 ) ) ;
#5823 = CARTESIAN_POINT ( 'NONE',  ( -16.58882947278707576, 4.979246532806687497, 6.690011702543216643 ) ) ;
#5824 = DIRECTION ( 'NONE',  ( 0.000000000000000000, -1.000000000000000000, 0.000000000000000000 ) ) ;
#5825 = ORIENTED_EDGE ( 'NONE', *, *, #548, .T. ) ;
#5826 = CIRCLE ( 'NONE', #1378, 0.2999999999999986566 ) ;
#5827 = VERTEX_POINT ( 'NONE', #6034 ) ;
#5828 = FACE_OUTER_BOUND ( 'NONE', #1132, .T. ) ;
#5829 = CARTESIAN_POINT ( 'NONE',  ( -1.769467604808967032, 3.001586323385649457, -5.405247624000979023 ) ) ;
#5830 = CARTESIAN_POINT ( 'NONE',  ( -40.88121540750976379, 8.014584818365440455, 18.00805555201967678 ) ) ;
#5831 = EDGE_CURVE ( 'NONE', #4593, #3679, #1555, .T. ) ;
#5832 = FACE_OUTER_BOUND ( 'NONE', #1549, .T. ) ;
#5833 = CARTESIAN_POINT ( 'NONE',  ( -29.95560287539332123, 4.745688586769080786, -4.482680457774696592 ) ) ;
#5834 = EDGE_LOOP ( 'NONE', ( #6011, #5252 ) ) ;
#5835 = CC_DESIGN_APPROVAL ( #5622, ( #4328 ) ) ;
#5836 = EDGE_LOOP ( 'NONE', ( #5584, #1510, #5528, #1224 ) ) ;
#5837 = CARTESIAN_POINT ( 'NONE',  ( 22.40178450370103036, 8.000000000000001776, 24.00936052501399942 ) ) ;
#5838 = FACE_OUTER_BOUND ( 'NONE', #2807, .T. ) ;
#5839 = PLANE ( 'NONE',  #651 ) ;
#5840 = CARTESIAN_POINT ( 'NONE',  ( -48.52859979718076744, 5.550376605773148952, -9.237692884192673759 ) ) ;
#5841 = VERTEX_POINT ( 'NONE', #5112 ) ;
#5842 = EDGE_CURVE ( 'NONE', #2089, #6079, #1679, .T. ) ;
#5843 = CARTESIAN_POINT ( 'NONE',  ( -12.05348714748233618, 4.703254440303711092, -4.175653946067461320 ) ) ;
#5844 = CARTESIAN_POINT ( 'NONE',  ( -10.21941582766653767, 4.246875794570233786, -3.926036099299403670 ) ) ;
#5845 = LINE ( 'NONE', #1228, #1366 ) ;
#5846 = CARTESIAN_POINT ( 'NONE',  ( -4.184711849739682243, 3.205931234397420670, -27.50567993711609205 ) ) ;
#5847 = ADVANCED_FACE ( 'NONE', ( #1866 ), #1811, .T. ) ;
#5848 = EDGE_CURVE ( 'NONE', #5827, #4416, #4356, .T. ) ;
#5849 = CARTESIAN_POINT ( 'NONE',  ( -1.303093570922440492, 3.019362497823483871, 22.71533465397118334 ) ) ;
#5850 = CARTESIAN_POINT ( 'NONE',  ( 15.37844157474074258, 5.822027116541685920, 25.35786151208342432 ) ) ;
#5851 = CARTESIAN_POINT ( 'NONE',  ( -16.69543862277588531, 6.027235035838948818, 14.43424927761904186 ) ) ;
#5852 = FACE_OUTER_BOUND ( 'NONE', #52, .T. ) ;
#5853 = CARTESIAN_POINT ( 'NONE',  ( -50.98768360909685526, 4.349028174552119097, 0.6126509634997581166 ) ) ;
#5854 = ORIENTED_EDGE ( 'NONE', *, *, #4908, .F. ) ;
#5855 = ORIENTED_EDGE ( 'NONE', *, *, #2871, .T. ) ;
#5856 = DIRECTION ( 'NONE',  ( -0.9953252084755909168, 0.000000000000000000, 0.09658017070300331519 ) ) ;
#5857 = DIRECTION ( 'NONE',  ( -0.000000000000000000, -1.000000000000000000, -0.000000000000000000 ) ) ;
#5858 = CARTESIAN_POINT ( 'NONE',  ( -10.24004137986397467, 2.262326174290594238, -25.82465234858119274 ) ) ;
#5859 = CARTESIAN_POINT ( 'NONE',  ( 4.000000000000000000, 0.1576606101263197113, 21.24999999999999645 ) ) ;
#5860 =( BOUNDED_SURFACE ( )  B_SPLINE_SURFACE ( 3, 2, ( 
 ( #478, #1402, #3199 ),
 ( #1874, #3766, #4250 ),
 ( #3675, #4221, #3292 ),
 ( #352, #5176, #5087 ),
 ( #2246, #1789, #1845 ),
 ( #5555, #2803, #3227 ),
 ( #4629, #936, #4688 ),
 ( #2706, #2280, #444 ),
 ( #2830, #1287, #4715 ),
 ( #2335, #5122, #387 ),
 ( #6043, #2369, #21 ),
 ( #4165, #1820, #5585 ),
 ( #1904, #5523, #1315 ),
 ( #1342, #880, #2772 ),
 ( #418, #2309, #4191 ),
 ( #6072, #3733, #5616 ),
 ( #1375, #3266, #5676 ),
 ( #1967, #5268, #5796 ),
 ( #112, #4342, #4276 ),
 ( #2425, #2029, #5202 ) ),
 .UNSPECIFIED., .F., .F., .T. ) 
 B_SPLINE_SURFACE_WITH_KNOTS ( ( 4, 2, 2, 2, 2, 2, 2, 2, 2, 4 ),
 ( 3, 3 ),
 ( 0.000000000000000000, 0.001200171983300654319, 0.002400343966601308637, 0.003000429958251635797, 0.003300472954076799376, 0.003600515949901962956, 0.003900558945727126536, 0.004200601941552290115, 0.004500644937377453261, 0.004800687933202617275 ),
 ( 0.000000000000000000, 1.000000000000000000 ),
 .UNSPECIFIED. ) 
 GEOMETRIC_REPRESENTATION_ITEM ( )  RATIONAL_B_SPLINE_SURFACE ( (
 ( 1.000000000000000000, 0.9758300207388416192, 1.000000000000000000),
 ( 1.000000000000000000, 0.9781321165784293559, 1.000000000000000000),
 ( 1.000000000000000000, 0.9804865469115671139, 1.000000000000000000),
 ( 1.000000000000000000, 0.9851855933643465235, 1.000000000000000000),
 ( 1.000000000000000000, 0.9875578506059734529, 1.000000000000000000),
 ( 1.000000000000000000, 0.9908117971726270179, 1.000000000000000000),
 ( 1.000000000000000000, 0.9918506350540950978, 1.000000000000000000),
 ( 1.000000000000000000, 0.9931915294864636090, 1.000000000000000000),
 ( 1.000000000000000000, 0.9936038121039009186, 1.000000000000000000),
 ( 1.000000000000000000, 0.9943320515115535718, 1.000000000000000000),
 ( 1.000000000000000000, 0.9946507198410355910, 1.000000000000000000),
 ( 1.000000000000000000, 0.9951277356987867639, 1.000000000000000000),
 ( 1.000000000000000000, 0.9952892843289219416, 1.000000000000000000),
 ( 1.000000000000000000, 0.9954262933945500214, 1.000000000000000000),
 ( 1.000000000000000000, 0.9953989869129992174, 1.000000000000000000),
 ( 1.000000000000000000, 0.9951656031379677581, 1.000000000000000000),
 ( 1.000000000000000000, 0.9949564865026970795, 1.000000000000000000),
 ( 1.000000000000000000, 0.9944091958012358790, 1.000000000000000000),
 ( 1.000000000000000000, 0.9940698039790019092, 1.000000000000000000),
 ( 1.000000000000000000, 0.9936803846721171674, 1.000000000000000000) ) ) 
 REPRESENTATION_ITEM ( '' )  SURFACE ( )  );
#5861 = ORIENTED_EDGE ( 'NONE', *, *, #3436, .F. ) ;
#5862 = ORIENTED_EDGE ( 'NONE', *, *, #996, .F. ) ;
#5863 = CARTESIAN_POINT ( 'NONE',  ( 23.45207879911716731, 7.858975779269959716, 24.26377495386450533 ) ) ;
#5864 = CARTESIAN_POINT ( 'NONE',  ( 17.37404300804795909, 6.713474774933149369, 24.97956342405592522 ) ) ;
#5865 = CARTESIAN_POINT ( 'NONE',  ( 11.11216608618826385, 4.477972697865470586, 26.20364833374361524 ) ) ;
#5866 = CARTESIAN_POINT ( 'NONE',  ( -47.35041835271795918, 5.914176693207147117, -11.35093923871078303 ) ) ;
#5867 = ORIENTED_EDGE ( 'NONE', *, *, #4748, .F. ) ;
#5868 = CARTESIAN_POINT ( 'NONE',  ( -12.29021186147816458, 4.771838889122391514, -4.809598457489004275 ) ) ;
#5869 = CARTESIAN_POINT ( 'NONE',  ( -10.29892779071916387, 4.266735681472505703, -4.888966574700669199 ) ) ;
#5870 = DIRECTION ( 'NONE',  ( 0.000000000000000000, 0.000000000000000000, -1.000000000000000000 ) ) ;
#5871 = CARTESIAN_POINT ( 'NONE',  ( -6.935867425934766572, 3.132399710373579005, -26.82651768422073602 ) ) ;
#5872 = EDGE_CURVE ( 'NONE', #4099, #3300, #884, .T. ) ;
#5873 = CARTESIAN_POINT ( 'NONE',  ( -0.5351602415231757615, 3.003162139869155922, 22.95491952888160370 ) ) ;
#5874 = CARTESIAN_POINT ( 'NONE',  ( 10.81411707019200641, 4.209896778478517732, -26.52600142245040971 ) ) ;
#5875 = CARTESIAN_POINT ( 'NONE',  ( -18.02097928498327661, 6.344504124893251884, 12.93781807092841518 ) ) ;
#5876 = CARTESIAN_POINT ( 'NONE',  ( -12.66077057650725379, 4.628245456158578186, -3.855796635669707317 ) ) ;
#5877 = FACE_OUTER_BOUND ( 'NONE', #815, .T. ) ;
#5878 = ORIENTED_EDGE ( 'NONE', *, *, #3312, .F. ) ;
#5879 = EDGE_CURVE ( 'NONE', #2704, #5050, #2868, .T. ) ;
#5880 = ORIENTED_EDGE ( 'NONE', *, *, #5064, .T. ) ;
#5881 = CARTESIAN_POINT ( 'NONE',  ( -18.32277340711539537, 7.133944440653522179, -24.71682481653638064 ) ) ;
#5882 = EDGE_CURVE ( 'NONE', #5174, #4731, #5289, .T. ) ;
#5883 = CARTESIAN_POINT ( 'NONE',  ( 1.695049238541193715, 3.024856115777841303, -5.395972640574108858 ) ) ;
#5884 = CARTESIAN_POINT ( 'NONE',  ( 16.23582097710034233, 6.137326063024119094, -11.66236532104895929 ) ) ;
#5885 = CARTESIAN_POINT ( 'NONE',  ( 21.35155541545287150, 7.889287654247416626, -24.07715766172269056 ) ) ;
#5886 = CARTESIAN_POINT ( 'NONE',  ( -10.31470739908735190, 2.848376105206074538, -26.99675221041464823 ) ) ;
#5887 = DIRECTION ( 'NONE',  ( -0.2423277127230815953, -0.9701944545535187148, 0.000000000000000000 ) ) ;
#5888 = EDGE_CURVE ( 'NONE', #1567, #2745, #5761, .T. ) ;
#5889 = AXIS2_PLACEMENT_3D ( 'NONE', #6096, #2855, #437 ) ;
#5890 = ORIENTED_EDGE ( 'NONE', *, *, #1711, .T. ) ;
#5891 = EDGE_CURVE ( 'NONE', #4380, #4961, #5934, .T. ) ;
#5892 = EDGE_LOOP ( 'NONE', ( #2554, #4704, #4894, #4902, #4771, #4320, #4220 ) ) ;
#5893 = FACE_OUTER_BOUND ( 'NONE', #1524, .T. ) ;
#5894 = CIRCLE ( 'NONE', #3818, 15.00000000000000000 ) ;
#5895 = CARTESIAN_POINT ( 'NONE',  ( 15.48882298469669117, 5.701739534376141449, 25.61176576812660599 ) ) ;
#5896 = CARTESIAN_POINT ( 'NONE',  ( -9.643847878574966614, 4.093167859144321241, 26.37866746040544541 ) ) ;
#5897 =( BOUNDED_SURFACE ( )  B_SPLINE_SURFACE ( 3, 2, ( 
 ( #2418, #1896, #132 ),
 ( #5228, #2482, #2852 ),
 ( #4269, #1451, #3873 ),
 ( #3905, #4241, #1989 ) ),
 .UNSPECIFIED., .F., .F., .T. ) 
 B_SPLINE_SURFACE_WITH_KNOTS ( ( 4, 4 ),
 ( 3, 3 ),
 ( -1.084202172485504434E-17, 0.0005885349685734543373 ),
 ( 0.000000000000000000, 1.000000000000000000 ),
 .UNSPECIFIED. ) 
 GEOMETRIC_REPRESENTATION_ITEM ( )  RATIONAL_B_SPLINE_SURFACE ( (
 ( 1.000000000000000000, 0.8339203616122514706, 1.000000000000000000),
 ( 1.000000000000000000, 0.8456924473307090295, 1.000000000000000000),
 ( 1.000000000000000000, 0.8574438339207002269, 1.000000000000000000),
 ( 1.000000000000000000, 0.8691529452217060525, 1.000000000000000000) ) ) 
 REPRESENTATION_ITEM ( '' )  SURFACE ( )  );
#5898 = CARTESIAN_POINT ( 'NONE',  ( -50.32196021132370589, 4.682288810897750508, -3.873280029096967780 ) ) ;
#5899 = AXIS2_PLACEMENT_3D ( 'NONE', #2031, #82, #5562 ) ;
#5900 = ORIENTED_EDGE ( 'NONE', *, *, #3053, .T. ) ;
#5901 = ORIENTED_EDGE ( 'NONE', *, *, #3055, .F. ) ;
#5902 = CARTESIAN_POINT ( 'NONE',  ( -51.83200000000000074, 4.870577163833599954, -5.500000000000000000 ) ) ;
#5903 = CIRCLE ( 'NONE', #2941, 1.500000000000001332 ) ;
#5904 = CARTESIAN_POINT ( 'NONE',  ( -5.276075970023250683, 2.764440578087709710, 26.82888115617910429 ) ) ;
#5905 = CARTESIAN_POINT ( 'NONE',  ( 44.47687577975150930, 7.062499999999999112, 14.26739617975193042 ) ) ;
#5906 = AXIS2_PLACEMENT_3D ( 'NONE', #5696, #1923, #2022 ) ;
#5907 = CARTESIAN_POINT ( 'NONE',  ( -23.45207879911715310, 7.858975779269959716, 24.26377495386450533 ) ) ;
#5908 = CARTESIAN_POINT ( 'NONE',  ( 4.357633266981173925, 2.664670010556950075, -26.62934002111390797 ) ) ;
#5909 = CARTESIAN_POINT ( 'NONE',  ( -51.83200000000000074, -6.999999999999999112, 19.48717526990507309 ) ) ;
#5910 = CARTESIAN_POINT ( 'NONE',  ( -19.03014696678654616, 5.324469680849782449, 8.540274166060786598 ) ) ;
#5911 = CIRCLE ( 'NONE', #4433, 3.000000000000000000 ) ;
#5912 = FACE_OUTER_BOUND ( 'NONE', #3378, .T. ) ;
#5913 = ORIENTED_EDGE ( 'NONE', *, *, #2522, .T. ) ;
#5914 = B_SPLINE_CURVE_WITH_KNOTS ( 'NONE', 3,
 ( #2442, #585, #5690, #986, #4768, #2477, #4324, #99, #3868, #5754, #4053, #218, #2504, #5439 ),
 .UNSPECIFIED., .F., .F.,
 ( 4, 2, 2, 2, 2, 2, 4 ),
 ( 0.002632380249134308806, 0.003289918152985011994, 0.003618687104910364022, 0.003947456056835715182, 0.004604993960686424442, 0.004933762912611779940, 0.005262531864537134570 ),
 .UNSPECIFIED. ) ;
#5915 = CIRCLE ( 'NONE', #4841, 19.88359213500125477 ) ;
#5916 = CC_DESIGN_PERSON_AND_ORGANIZATION_ASSIGNMENT ( #863, #2262, ( #5734 ) ) ;
#5917 = ORIENTED_EDGE ( 'NONE', *, *, #3354, .F. ) ;
#5918 = CARTESIAN_POINT ( 'NONE',  ( 13.45671669227192346, 4.972248537989997885, 26.06760233426209084 ) ) ;
#5919 = CARTESIAN_POINT ( 'NONE',  ( 12.49533702063265928, 3.991447689597174886, 0.2930471612502725254 ) ) ;
#5920 = CARTESIAN_POINT ( 'NONE',  ( 10.27111743698941737, 4.259455572648118249, -4.832444956784738288 ) ) ;
#5921 = CARTESIAN_POINT ( 'NONE',  ( 19.79990631387985900, 5.976397009105690827, 10.90343095627108561 ) ) ;
#5922 = CARTESIAN_POINT ( 'NONE',  ( -8.531950754505437828, 2.315938205759131563, -25.93187641151826384 ) ) ;
#5923 = CARTESIAN_POINT ( 'NONE',  ( 6.275599971371235597, 2.445340366097059626, 26.19068073219412085 ) ) ;
#5924 = CIRCLE ( 'NONE', #2864, 3.000000000000000000 ) ;
#5925 = ADVANCED_FACE ( 'NONE', ( #559 ), #1095, .T. ) ;
#5926 = VERTEX_POINT ( 'NONE', #2822 ) ;
#5927 = EDGE_CURVE ( 'NONE', #12, #5928, #3267, .T. ) ;
#5928 = VERTEX_POINT ( 'NONE', #2450 ) ;
#5929 = DIRECTION ( 'NONE',  ( 0.000000000000000000, -1.000000000000000000, 0.000000000000000000 ) ) ;
#5930 = AXIS2_PLACEMENT_3D ( 'NONE', #4102, #1722, #3490 ) ;
#5931 = FACE_OUTER_BOUND ( 'NONE', #103, .T. ) ;
#5932 = CARTESIAN_POINT ( 'NONE',  ( 11.00282133165263332, 4.271494412252414108, 26.49880081501287421 ) ) ;
#5933 = CARTESIAN_POINT ( 'NONE',  ( -19.07995928520529105, 4.735457589068719386, -4.388780191093319516 ) ) ;
#5934 = CIRCLE ( 'NONE', #2382, 26.42590409671763396 ) ;
#5935 = VERTEX_POINT ( 'NONE', #4842 ) ;
#5936 = CARTESIAN_POINT ( 'NONE',  ( -23.45207879913826332, -6.999999999990567545, -19.48717526993046789 ) ) ;
#5937 = CARTESIAN_POINT ( 'NONE',  ( -10.47126431804991853, 4.309780574473515813, -5.553489719771387279 ) ) ;
#5938 = CARTESIAN_POINT ( 'NONE',  ( -5.331490578814086945, 3.237496370112924460, 27.06122013477748212 ) ) ;
#5939 = CARTESIAN_POINT ( 'NONE',  ( -20.53200000000000003, 0.000000000000000000, -5.500000000000000000 ) ) ;
#5940 = DIRECTION ( 'NONE',  ( 0.000000000000000000, 0.7071067811865476838, 0.7071067811865474617 ) ) ;
#5941 = CARTESIAN_POINT ( 'NONE',  ( 2.661798422670750064, 3.083422303765118944, -18.96375676489696716 ) ) ;
#5942 = CARTESIAN_POINT ( 'NONE',  ( -0.1339927674473486430, 2.999999999999993783, 23.00000000000000711 ) ) ;
#5943 = DIRECTION ( 'NONE',  ( -0.000000000000000000, -1.000000000000000000, -0.000000000000000000 ) ) ;
#5944 = EDGE_CURVE ( 'NONE', #917, #4593, #4055, .T. ) ;
#5945 = DIRECTION ( 'NONE',  ( -0.7691273432445252523, 0.000000000000000000, -0.6390955561366532534 ) ) ;
#5946 = CARTESIAN_POINT ( 'NONE',  ( -18.16535957433488235, 4.901129344949725741, 6.183726625177903280 ) ) ;
#5947 = DIRECTION ( 'NONE',  ( 1.000000000000000000, -0.000000000000000000, -0.000000000000000000 ) ) ;
#5948 = VERTEX_POINT ( 'NONE', #4742 ) ;
#5949 = EDGE_CURVE ( 'NONE', #5382, #691, #5462, .T. ) ;
#5950 = ORIENTED_EDGE ( 'NONE', *, *, #4838, .T. ) ;
#5951 = DIRECTION ( 'NONE',  ( -0.000000000000000000, 1.000000000000000000, -0.000000000000000000 ) ) ;
#5952 = CARTESIAN_POINT ( 'NONE',  ( 13.70700975189191517, 4.615423434942684366, -3.074312784341583615 ) ) ;
#5953 = CARTESIAN_POINT ( 'NONE',  ( -15.49858987239477059, 5.915643479618775125, 16.44770169231562207 ) ) ;
#5954 = CARTESIAN_POINT ( 'NONE',  ( 18.32277340711360836, 7.133944440653699814, -24.71682481653758856 ) ) ;
#5955 = CARTESIAN_POINT ( 'NONE',  ( 23.92010464652035751, 4.766814030580055928, 4.670249929350578810 ) ) ;
#5956 = CARTESIAN_POINT ( 'NONE',  ( 44.63274191430751614, 7.113677662846304095, -14.40527287363994446 ) ) ;
#5957 = ORIENTED_EDGE ( 'NONE', *, *, #4202, .T. ) ;
#5958 = ORIENTED_EDGE ( 'NONE', *, *, #2740, .F. ) ;
#5959 = CARTESIAN_POINT ( 'NONE',  ( -49.41293383174206610, 5.053670982568837289, -7.696569776568745525 ) ) ;
#5960 = CARTESIAN_POINT ( 'NONE',  ( 11.29749686032285716, 4.529076594601919581, 26.17148966787070563 ) ) ;
#5961 = CARTESIAN_POINT ( 'NONE',  ( 4.662075241036621520, 0.2537736947978836977, 21.61666660260274497 ) ) ;
#5962 = VERTEX_POINT ( 'NONE', #5789 ) ;
#5963 = CARTESIAN_POINT ( 'NONE',  ( 0.000000000000000000, 6.000000000000000000, -19.88359213500125477 ) ) ;
#5964 = CARTESIAN_POINT ( 'NONE',  ( -24.53200000000000003, 7.700000000000000178, 0.000000000000000000 ) ) ;
#5965 = FACE_OUTER_BOUND ( 'NONE', #1973, .T. ) ;
#5966 = DIRECTION ( 'NONE',  ( 1.000000000000000000, -0.000000000000000000, 0.000000000000000000 ) ) ;
#5967 = CARTESIAN_POINT ( 'NONE',  ( 2.072686539004515272, 3.050381912072587021, -16.43377894114392035 ) ) ;
#5968 = CARTESIAN_POINT ( 'NONE',  ( 13.45477254571539660, 4.971712450752286294, -26.06793731874689257 ) ) ;
#5969 = CARTESIAN_POINT ( 'NONE',  ( -15.42341466599275002, 5.839715857150192591, 25.52554859272681043 ) ) ;
#5970 = CARTESIAN_POINT ( 'NONE',  ( 50.64052720365301496, 4.539580463301070345, 1.801119478994255507 ) ) ;
#5971 = CARTESIAN_POINT ( 'NONE',  ( 38.55695607195518448, 8.000000000000000000, -19.48717526990507309 ) ) ;
#5972 = ORIENTED_EDGE ( 'NONE', *, *, #4796, .T. ) ;
#5973 = CARTESIAN_POINT ( 'NONE',  ( 4.000000000000000000, 0.7250000000000025313, 22.75000000000000000 ) ) ;
#5974 = DIRECTION ( 'NONE',  ( 0.000000000000000000, 0.000000000000000000, 1.000000000000000000 ) ) ;
#5975 = CARTESIAN_POINT ( 'NONE',  ( -22.20260683753092934, 6.653856697139054255, 13.16647862227853238 ) ) ;
#5976 = CARTESIAN_POINT ( 'NONE',  ( 13.50127297337678733, 4.628306808720766163, -3.245645800399993064 ) ) ;
#5977 = ORIENTED_EDGE ( 'NONE', *, *, #5888, .F. ) ;
#5978 = EDGE_LOOP ( 'NONE', ( #3699, #1501, #5522, #2506 ) ) ;
#5979 = DIRECTION ( 'NONE',  ( -0.000000000000000000, 1.000000000000000000, -0.000000000000000000 ) ) ;
#5980 = CARTESIAN_POINT ( 'NONE',  ( 24.53200000000000003, 7.700000000000000178, 0.000000000000000000 ) ) ;
#5981 = CARTESIAN_POINT ( 'NONE',  ( 15.82166894068875251, 5.837323756701308319, 15.32357532960467950 ) ) ;
#5982 = CIRCLE ( 'NONE', #655, 0.2999999999999999889 ) ;
#5983 = CARTESIAN_POINT ( 'NONE',  ( 4.159558175678076175, 0.1576606101263197113, 21.25000000000000000 ) ) ;
#5984 = ORIENTED_EDGE ( 'NONE', *, *, #5736, .T. ) ;
#5985 = DIRECTION ( 'NONE',  ( 0.000000000000000000, -0.4472135954999568730, -0.8944271909999162995 ) ) ;
#5986 = PLANE ( 'NONE',  #2162 ) ;
#5987 = FACE_OUTER_BOUND ( 'NONE', #1332, .T. ) ;
#5988 = CARTESIAN_POINT ( 'NONE',  ( -24.53200000000000003, 8.000000000000000000, -24.00936052501757700 ) ) ;
#5989 = AXIS2_PLACEMENT_3D ( 'NONE', #2177, #339, #1239 ) ;
#5990 = EDGE_CURVE ( 'NONE', #662, #3710, #76, .T. ) ;
#5991 = VECTOR ( 'NONE', #3387, 1000.000000000000000 ) ;
#5992 = EDGE_CURVE ( 'NONE', #2988, #4190, #1183, .T. ) ;
#5993 = CARTESIAN_POINT ( 'NONE',  ( 2.386032145142054084, 3.066913098765868373, -19.62901088512871794 ) ) ;
#5994 = CARTESIAN_POINT ( 'NONE',  ( -11.93364375771733954, 4.528514702195248098, -3.087067814092735674 ) ) ;
#5995 = DATE_AND_TIME ( #4115, #4856 ) ;
#5996 = LINE ( 'NONE', #3154, #4023 ) ;
#5997 = DIRECTION ( 'NONE',  ( 1.000000000000000000, 0.000000000000000000, 0.000000000000000000 ) ) ;
#5998 = CYLINDRICAL_SURFACE ( 'NONE', #2048, 4.700000000000000178 ) ;
#5999 = ADVANCED_FACE ( 'NONE', ( #991 ), #498, .T. ) ;
#6000 = CIRCLE ( 'NONE', #3336, 0.3000000000000016542 ) ;
#6001 = VERTEX_POINT ( 'NONE', #2135 ) ;
#6002 = CARTESIAN_POINT ( 'NONE',  ( -44.47687577975150930, 7.062499999999999112, 14.26739617975193042 ) ) ;
#6003 = AXIS2_PLACEMENT_3D ( 'NONE', #4978, #5469, #3589 ) ;
#6004 = CARTESIAN_POINT ( 'NONE',  ( 4.078575790220685171, 2.894774739200989266, -26.41872908515204443 ) ) ;
#6005 = CARTESIAN_POINT ( 'NONE',  ( -24.53200000000000003, -3.500000000000000000, 0.000000000000000000 ) ) ;
#6006 = CARTESIAN_POINT ( 'NONE',  ( -10.81411707019198154, 4.209896778478510626, 26.52600142245041326 ) ) ;
#6007 = CARTESIAN_POINT ( 'NONE',  ( 21.65899313148522864, 4.669881589217537154, -3.732462822602939934 ) ) ;
#6008 = CARTESIAN_POINT ( 'NONE',  ( 17.45650387134286774, 6.580714909704743931, -25.06252099500076724 ) ) ;
#6009 = VERTEX_POINT ( 'NONE', #2509 ) ;
#6010 = AXIS2_PLACEMENT_3D ( 'NONE', #2286, #5125, #883 ) ;
#6011 = ORIENTED_EDGE ( 'NONE', *, *, #2630, .F. ) ;
#6012 = EDGE_LOOP ( 'NONE', ( #639, #2544, #1582, #4407 ) ) ;
#6013 = EDGE_CURVE ( 'NONE', #3579, #5227, #1178, .T. ) ;
#6014 = CARTESIAN_POINT ( 'NONE',  ( -50.72737727789046858, 4.499984020824252084, -0.6000554868355599814 ) ) ;
#6015 = CARTESIAN_POINT ( 'NONE',  ( -4.568514596360527591, 0.2173072687912916134, 21.48656144574458082 ) ) ;
#6016 = CARTESIAN_POINT ( 'NONE',  ( -19.60951875765402619, 4.830750402076071204, -5.199237187310388641 ) ) ;
#6017 = ORIENTED_EDGE ( 'NONE', *, *, #4565, .T. ) ;
#6018 = AXIS2_PLACEMENT_3D ( 'NONE', #5579, #1217, #347 ) ;
#6019 = DIRECTION ( 'NONE',  ( 0.6145424040403648647, -0.2745199406657816699, -0.7395785528347511573 ) ) ;
#6020 = FACE_OUTER_BOUND ( 'NONE', #1469, .T. ) ;
#6021 = CARTESIAN_POINT ( 'NONE',  ( -8.531965301887330710, 2.315937440329447039, 25.93187488065889568 ) ) ;
#6022 = CARTESIAN_POINT ( 'NONE',  ( 10.81411707019200108, 2.262326172866460094, 25.82465234573292179 ) ) ;
#6023 = AXIS2_PLACEMENT_3D ( 'NONE', #1968, #635, #605 ) ;
#6024 = EDGE_CURVE ( 'NONE', #4275, #1371, #4059, .T. ) ;
#6025 = CARTESIAN_POINT ( 'NONE',  ( 2.188705329185859583, 3.056278252350951519, -16.57539189847270578 ) ) ;
#6026 = CYLINDRICAL_SURFACE ( 'NONE', #1959, 7.900000000000000355 ) ;
#6027 = APPROVAL_DATE_TIME ( #4647, #1991 ) ;
#6028 = CARTESIAN_POINT ( 'NONE',  ( 50.64052720365300786, 4.539580463301078339, 1.801119478994312573 ) ) ;
#6029 = CARTESIAN_POINT ( 'NONE',  ( 19.79990631387985900, 5.976397009105690827, 10.90343095627108561 ) ) ;
#6030 = EDGE_CURVE ( 'NONE', #6079, #1450, #2075, .T. ) ;
#6031 = CARTESIAN_POINT ( 'NONE',  ( -50.58146325216701911, 4.566151681482098823, 2.405392686298342131 ) ) ;
#6032 = ORIENTED_EDGE ( 'NONE', *, *, #1585, .T. ) ;
#6033 = CARTESIAN_POINT ( 'NONE',  ( -13.22303684695914683, 4.858566912383310843, 15.68689900173534113 ) ) ;
#6034 = CARTESIAN_POINT ( 'NONE',  ( 1.595759759163774882, 0.000000000000000000, 19.88359213500125122 ) ) ;
#6035 = FACE_OUTER_BOUND ( 'NONE', #4373, .T. ) ;
#6036 = DIRECTION ( 'NONE',  ( -1.000000000000000000, 0.000000000000000000, 0.000000000000000000 ) ) ;
#6037 = CARTESIAN_POINT ( 'NONE',  ( 6.302290609541226551, 2.443490002417815887, -26.18698000483562893 ) ) ;
#6038 = CARTESIAN_POINT ( 'NONE',  ( 11.37724389698395200, 4.398845855716135844, -26.42590409671763041 ) ) ;
#6039 = B_SPLINE_CURVE_WITH_KNOTS ( 'NONE', 3,
 ( #5158, #2161, #3080, #5808, #4385, #3554, #1573, #240, #3020, #4972, #150, #5343 ),
 .UNSPECIFIED., .F., .F.,
 ( 4, 2, 2, 2, 2, 4 ),
 ( 0.000000000000000000, 0.001743176874537561002, 0.003486353749075122004, 0.005229530623612682790, 0.006101119060881461664, 0.006972707498150240539 ),
 .UNSPECIFIED. ) ;
#6040 = ORIENTED_EDGE ( 'NONE', *, *, #2919, .T. ) ;
#6041 = VERTEX_POINT ( 'NONE', #2111 ) ;
#6042 = EDGE_LOOP ( 'NONE', ( #2734, #5695, #5356, #3263 ) ) ;
#6043 = CARTESIAN_POINT ( 'NONE',  ( 16.57565861441697308, 6.042043159594586044, 14.74547729229853488 ) ) ;
#6044 = CARTESIAN_POINT ( 'NONE',  ( -11.11217310533942637, 4.477974633356104128, 26.20364711997734020 ) ) ;
#6045 = CARTESIAN_POINT ( 'NONE',  ( 16.44522290376779594, 6.031755581023174884, 14.96088126518767147 ) ) ;
#6046 = CARTESIAN_POINT ( 'NONE',  ( -19.18308188132504455, 4.765966791443494444, -4.663352525825565920 ) ) ;
#6047 = ORIENTED_EDGE ( 'NONE', *, *, #1347, .T. ) ;
#6048 = CARTESIAN_POINT ( 'NONE',  ( -1.219741248649831578, 3.017180214711756125, -15.77871970914465294 ) ) ;
#6049 = CARTESIAN_POINT ( 'NONE',  ( -20.33476623772710568, 4.869247898343346925, 5.490205654330025276 ) ) ;
#6050 = CARTESIAN_POINT ( 'NONE',  ( -23.45207879911715310, 7.700000000000000178, -24.00936052501757700 ) ) ;
#6051 = DIRECTION ( 'NONE',  ( -1.000000000000000000, -5.195302278414075038E-16, -1.039060455682817966E-15 ) ) ;
#6052 = ADVANCED_BREP_SHAPE_REPRESENTATION ( 'EN02-PALM_TOP', ( #458, #4950 ), #2674 ) ;
#6053 =( BOUNDED_SURFACE ( )  B_SPLINE_SURFACE ( 3, 2, ( 
 ( #1975, #4760, #5275 ),
 ( #5837, #1503, #4351 ),
 ( #513, #3489, #3890 ),
 ( #88, #5340, #1106 ),
 ( #3461, #2403, #3423 ),
 ( #2466, #542, #1532 ) ),
 .UNSPECIFIED., .F., .F., .T. ) 
 B_SPLINE_SURFACE_WITH_KNOTS ( ( 4, 2, 4 ),
 ( 3, 3 ),
 ( 3.141592653589793116, 3.351648392661032094, 3.561704131732271073 ),
 ( 0.000000000000000000, 1.000000000000000000 ),
 .UNSPECIFIED. ) 
 GEOMETRIC_REPRESENTATION_ITEM ( )  RATIONAL_B_SPLINE_SURFACE ( (
 ( 1.000000000000000000, 0.8746197071393944089, 1.000000000000000000),
 ( 1.000000000000000000, 0.8746204484144105562, 1.000000000000000000),
 ( 1.000000000000000000, 0.8735038294427109884, 1.000000000000000000),
 ( 1.000000000000000000, 0.8690639681476727274, 1.000000000000000000),
 ( 1.000000000000000000, 0.8657407066269796614, 1.000000000000000000),
 ( 1.000000000000000000, 0.8613475861151880242, 1.000000000000000000) ) ) 
 REPRESENTATION_ITEM ( '' )  SURFACE ( )  );
#6054 = CARTESIAN_POINT ( 'NONE',  ( 2.070030290927448391, 3.050252085493413201, -20.06923311253104814 ) ) ;
#6055 = CARTESIAN_POINT ( 'NONE',  ( -24.53200000000000003, -4.000000000000000000, 0.000000000000000000 ) ) ;
#6056 = DIRECTION ( 'NONE',  ( 1.000000000000000000, 0.000000000000000000, 0.000000000000000000 ) ) ;
#6057 = CARTESIAN_POINT ( 'NONE',  ( 50.36846716472607000, 4.633966001124457890, -4.840027817328105719 ) ) ;
#6058 = FACE_OUTER_BOUND ( 'NONE', #4687, .T. ) ;
#6059 = DIRECTION ( 'NONE',  ( -0.000000000000000000, 1.000000000000000000, -0.000000000000000000 ) ) ;
#6060 = ADVANCED_FACE ( 'NONE', ( #1706 ), #328, .T. ) ;
#6061 = ORIENTED_EDGE ( 'NONE', *, *, #4311, .T. ) ;
#6062 = CARTESIAN_POINT ( 'NONE',  ( -9.312254153806231116, 3.787677360490004919, 16.06675499860143930 ) ) ;
#6063 = CARTESIAN_POINT ( 'NONE',  ( 0.8412701003597332639, 0.1884788003652976551, 21.37840218124176062 ) ) ;
#6064 = DIRECTION ( 'NONE',  ( 0.000000000000000000, 1.000000000000000000, -0.000000000000000000 ) ) ;
#6065 = CARTESIAN_POINT ( 'NONE',  ( -11.37724389698320060, 4.398845855715871167, 26.42590409671779739 ) ) ;
#6066 = CARTESIAN_POINT ( 'NONE',  ( 24.22520090349234678, 4.770281120538047759, 4.700000000000000178 ) ) ;
#6067 = ORIENTED_EDGE ( 'NONE', *, *, #4910, .T. ) ;
#6068 = B_SPLINE_CURVE_WITH_KNOTS ( 'NONE', 3,
 ( #4590, #6066, #5955, #346, #3669, #5550, #5026, #1841, #3193, #3604, #2240, #2675, #906, #317, #1370, #4623, #3260, #4562, #5055, #2799, #5484, #813, #4656, #414, #1248, #4125, #6007, #5145, #1308, #4684, #2274, #2185, #2304, #3133 ),
 .UNSPECIFIED., .F., .F.,
 ( 4, 2, 2, 2, 2, 2, 2, 2, 2, 2, 2, 2, 2, 2, 2, 2, 4 ),
 ( 0.01470641991383869751, 0.01562535295814410086, 0.01654428600244950073, 0.01746321904675490408, 0.01838215209106030396, 0.01930108513536570730, 0.02022001817967111065, 0.02113895122397651399, 0.02205788426828191387, 0.02297681731258731375, 0.02389575035689271709, 0.02481468340119812044, 0.02573361644550352378, 0.02665254948980892366, 0.02757148253411432701, 0.02849041557841972688, 0.02940934862272513023 ),
 .UNSPECIFIED. ) ;
#6069 = ORIENTED_EDGE ( 'NONE', *, *, #354, .T. ) ;
#6070 = EDGE_CURVE ( 'NONE', #3710, #3326, #1484, .T. ) ;
#6071 = ORIENTED_EDGE ( 'NONE', *, *, #4641, .T. ) ;
#6072 = CARTESIAN_POINT ( 'NONE',  ( 16.12142630923764131, 5.945506905703714651, 15.21691925307240112 ) ) ;
#6073 = EDGE_CURVE ( 'NONE', #3412, #4481, #3063, .T. ) ;
#6074 = LINE ( 'NONE', #5618, #4246 ) ;
#6075 = CARTESIAN_POINT ( 'NONE',  ( -4.000000000000000000, 0.7250000000000025313, 22.75000000000000000 ) ) ;
#6076 = ADVANCED_FACE ( 'NONE', ( #1640 ), #2974, .T. ) ;
#6077 = CARTESIAN_POINT ( 'NONE',  ( 13.82798366782173360, 4.637163789169485462, -3.363432740340923655 ) ) ;
#6078 = EDGE_CURVE ( 'NONE', #2771, #1468, #923, .T. ) ;
#6079 = VERTEX_POINT ( 'NONE', #1119 ) ;
#6080 = CARTESIAN_POINT ( 'NONE',  ( 0.000000000000000000, 8.000000000000000000, 24.00936052501757700 ) ) ;
#6081 = CARTESIAN_POINT ( 'NONE',  ( -2.471946740283152977, 3.071893776373574525, -17.03177965080223544 ) ) ;
#6082 = CARTESIAN_POINT ( 'NONE',  ( -17.33414519934746423, 6.695652173913040350, -24.80810656615383891 ) ) ;
#6083 = CARTESIAN_POINT ( 'NONE',  ( -3.315054508492204732, 0.5231048250676783029, 22.33856089605597006 ) ) ;
#6084 = CARTESIAN_POINT ( 'NONE',  ( 6.858941846776418494, 3.553289692707657377, 26.55294521497233262 ) ) ;
#6085 = CARTESIAN_POINT ( 'NONE',  ( -11.29145459296597842, 4.131459030832159485, -2.224358306654246942 ) ) ;
#6086 = B_SPLINE_CURVE_WITH_KNOTS ( 'NONE', 3,
 ( #5095, #853, #2747, #393, #4171, #6048, #3711, #5591, #888, #424, #2315, #4198, #6081, #121, #1941, #1410, #4761, #1911, #3828, #614, #1883, #5685, #3796, #2009, #1009, #3893, #2405, #55, #945, #2498, #3774, #2470, #4316, #3396 ),
 .UNSPECIFIED., .F., .F.,
 ( 4, 2, 2, 2, 2, 2, 2, 2, 2, 2, 2, 2, 2, 2, 2, 2, 4 ),
 ( 3.100334926005730165E-19, 0.0005374999926468628040, 0.001074999985293725174, 0.001612499977940587545, 0.002149999970587450349, 0.002687499963234312936, 0.003224999955881175089, 0.003762499948528037676, 0.004299999941174899830, 0.004837499933821762417, 0.005374999926468625004, 0.005912499919115487591, 0.006449999911762349311, 0.006987499904409211898, 0.007524999897056074485, 0.008062499889702937073, 0.008599999882349799660 ),
 .UNSPECIFIED. ) ;
#6087 = TOROIDAL_SURFACE ( 'NONE', #4510, 24.00936052501757700, 0.2999999999999999889 ) ;
#6088 = DATE_AND_TIME ( #4205, #1590 ) ;
#6089 = LINE ( 'NONE', #61, #5494 ) ;
#6090 = CARTESIAN_POINT ( 'NONE',  ( -28.53200000000000358, 0.000000000000000000, 5.500000000000000000 ) ) ;
#6091 = CARTESIAN_POINT ( 'NONE',  ( 4.517854449888949908, 3.240435135275940404, 27.41064543852812463 ) ) ;
#6092 =( BOUNDED_SURFACE ( )  B_SPLINE_SURFACE ( 3, 2, ( 
 ( #2319, #4204, #2661 ),
 ( #308, #4086, #5968 ),
 ( #5218, #493, #2814 ),
 ( #1388, #2934, #3777 ) ),
 .UNSPECIFIED., .F., .F., .T. ) 
 B_SPLINE_SURFACE_WITH_KNOTS ( ( 4, 4 ),
 ( 3, 3 ),
 ( 3.410650663176935105, 3.561704131732271073 ),
 ( 0.000000000000000000, 1.000000000000000000 ),
 .UNSPECIFIED. ) 
 GEOMETRIC_REPRESENTATION_ITEM ( )  RATIONAL_B_SPLINE_SURFACE ( (
 ( 1.000000000000000000, 0.8691529452217076068, 1.000000000000000000),
 ( 1.000000000000000000, 0.8671129388643303848, 1.000000000000000000),
 ( 1.000000000000000000, 0.8645062998508740160, 1.000000000000000000),
 ( 1.000000000000000000, 0.8613475861151880242, 1.000000000000000000) ) ) 
 REPRESENTATION_ITEM ( '' )  SURFACE ( )  );
#6093 = VERTEX_POINT ( 'NONE', #4427 ) ;
#6094 = CARTESIAN_POINT ( 'NONE',  ( -48.08521655728149113, 5.649723228095282046, 9.701714875431440177 ) ) ;
#6095 = DIRECTION ( 'NONE',  ( 0.1880434555342696823, 0.000000000000000000, 0.9821607092684634388 ) ) ;
#6096 = CARTESIAN_POINT ( 'NONE',  ( -24.53200000000000003, 0.000000000000000000, 0.000000000000000000 ) ) ;
#6097 = FACE_OUTER_BOUND ( 'NONE', #2401, .T. ) ;
#6098 = CIRCLE ( 'NONE', #5809, 15.10000000000000142 ) ;
#6099 = CARTESIAN_POINT ( 'NONE',  ( 11.11662548656970095, 4.478987292081942684, -7.502210965317243740 ) ) ;
#6100 = ORIENTED_EDGE ( 'NONE', *, *, #3242, .T. ) ;
#6101 = ORIENTED_EDGE ( 'NONE', *, *, #1773, .F. ) ;
#6102 = AXIS2_PLACEMENT_3D ( 'NONE', #1365, #3189, #3256 ) ;
#6103 = ORIENTED_EDGE ( 'NONE', *, *, #1814, .F. ) ;
#6104 = CARTESIAN_POINT ( 'NONE',  ( 1.352047474658825577, 3.000000000000208722, 26.02917960675002362 ) ) ;
#6105 = DIRECTION ( 'NONE',  ( 0.000000000000000000, 0.000000000000000000, 1.000000000000000000 ) ) ;
#6106 = CARTESIAN_POINT ( 'NONE',  ( -15.37844157474049744, 5.822027116541582004, 25.35786151208348826 ) ) ;
#6107 = CARTESIAN_POINT ( 'NONE',  ( 13.70700975189192405, 4.615423434942687031, -3.074312784341601823 ) ) ;
#6108 = VECTOR ( 'NONE', #372, 1000.000000000000000 ) ;
#6109 = EDGE_CURVE ( 'NONE', #4625, #2402, #4765, .T. ) ;
#6110 = ADVANCED_FACE ( 'NONE', ( #4926 ), #3061, .T. ) ;
#6111 = ORIENTED_EDGE ( 'NONE', *, *, #1499, .T. ) ;
#6112 = ORIENTED_EDGE ( 'NONE', *, *, #674, .T. ) ;
#6113 = CARTESIAN_POINT ( 'NONE',  ( 24.53200000000000003, 0.000000000000000000, 0.000000000000000000 ) ) ;
#6114 = CIRCLE ( 'NONE', #3458, 0.3000000000000018208 ) ;
#6115 = CARTESIAN_POINT ( 'NONE',  ( 5.228550115486082284, 2.802243272199797186, -26.75051808683858923 ) ) ;
#6116 = CARTESIAN_POINT ( 'NONE',  ( 10.46620283935864215, 4.066415340681546198, -2.944854148672651384 ) ) ;
ENDSEC;
END-ISO-10303-21;
